,Function,cyclomatic_complexity,javadoc_length,tokens,LOC
0,"public class MBTOBYTE {
/**
     * Converts MB to bytes.
     * 
     * @param mbytes The MB to convert.
     * @return The converted result.
     */

    private static long mbTobyte(final long mbytes)
    {
        final int MB_TO_BYTE = 1048576;
        return mbytes * MB_TO_BYTE;
    }
}",1.0,1,4,2
1,"public class DISTANCESQ {
/**
     * Returns the square of the distance between two points.
     *
     * @param x1 the X coordinate of the first specified point
     * @param y1 the Y coordinate of the first specified point
     * @param x2 the X coordinate of the second specified point
     * @param y2 the Y coordinate of the second specified point
     * @return the square of the distance between the two
     * sets of specified coordinates.
     * @since 1.2
     */
    public static double distanceSq(double x1, double y1,
                                    double x2, double y2)
    {
        x1 -= x2;
        y1 -= y2;
        return (x1 * x1 + y1 * y1);
    }
}",1.0,2,13,3
2,"public class DISTANCE {
/**
     * Returns the distance between two points.
     *
     * @param x1 the X coordinate of the first specified point
     * @param y1 the Y coordinate of the first specified point
     * @param x2 the X coordinate of the second specified point
     * @param y2 the Y coordinate of the second specified point
     * @return the distance between the two sets of specified
     * coordinates.
     * @since 1.2
     */
    public static double distance(double x1, double y1,
                                  double x2, double y2)
    {
        x1 -= x2;
        y1 -= y2;
        return Math.sqrt(x1 * x1 + y1 * y1);
    }
}",1.0,2,7,3
3,"public class MINSET {
/**
     * Returns the lower of the two value supplied, ignoring values less than 
     * 0 unless both are less than zero.
     */
    private long minSet(long value1, long value2)
    {
        if (value1 < 0)
        {
            return value2;
        }
        else if (value2 < 0)
        {
            return value1;
        }
        return Math.min(value1, value2);
    }
}",3.0,2,19,5
4,"public class MAXSET {
/**
     * Returns the higher (common denominator) of the two value supplied.
     * If either value is less than 0, -1 is returned.
     */
    private long maxSet(long value1, long value2)
    {
        if (value1 < 0 || value2 < 0)
        {
            return -1;
        }
        return Math.max(value1, value2);
    }
}",3.0,2,20,3
5,"public class LOOKFORSELECTABLEPOSITION {
/**
     * Find a position that can be selected (i.e., is not a separator).
     *
     * @param position The starting position to look at.
     * @param lookDown Whether to look down for other positions.
     * @return The next selectable position starting at position and then searching either up or
     *         down. Returns {@link #INVALID_POSITION} if nothing can be found.
     */
    int lookForSelectablePosition(int position, boolean lookDown) {
        return position;
    }
}",1.0,2,21,2
6,"public class TRUNCATE {
/**
		 * Sets the RGB between 0 and 255
		 *
		 * @param a
		 * @return
		 */
		private static int truncate(int a) {
			if (a < 0)
				return 0;
			else if (a > 255)
				return 255;
			else
				return a;
		}
}",3.0,1,7,3
7,"public class GETVALIDINTERVAL {
/**
	 * method to calculate an appropriate interval for flicker lines
	 * 
	 * @param a_value
	 * @return
	 */
	private static int getValidInterval(int a_value){
		if(a_value < 0) return 0;
		if(a_value > 255) return 255;
		return a_value;
	}
}",3.0,1,9,3
8,"public class GETALTITUDE {
/**
     * Computes the Altitude in meters from the atmospheric pressure and the
     * pressure at sea level.
     * <p>
     * Typically the atmospheric pressure is read from a
     * {@link Sensor#TYPE_PRESSURE} sensor. The pressure at sea level must be
     * known, usually it can be retrieved from airport databases in the
     * vicinity. If unknown, you can use {@link #PRESSURE_STANDARD_ATMOSPHERE}
     * as an approximation, but absolute altitudes won't be accurate.
     * </p>
     * <p>
     * To calculate altitude differences, you must calculate the difference
     * between the altitudes at both points. If you don't know the altitude
     * as sea level, you can use {@link #PRESSURE_STANDARD_ATMOSPHERE} instead,
     * which will give good results considering the range of pressure typically
     * involved.
     * </p>
     * <p>
     * <code><ul>
     *  float altitude_difference =
     *      getAltitude(SensorManager.PRESSURE_STANDARD_ATMOSPHERE, pressure_at_point2)
     *      - getAltitude(SensorManager.PRESSURE_STANDARD_ATMOSPHERE, pressure_at_point1);
     * </ul></code>
     * </p>
     *
     * @param p0 pressure at sea level
     * @param p atmospheric pressure
     * @return Altitude in meters
     */
   public static float getAltitude(float p0, float p) {
        final float coef = 1.0f / 5.255f;
        return 44330.0f * (1.0f - (float)Math.pow(p/p0, coef));
    }
}",1.0,23,119,2
9,"public class SETPSRTPROGRAMTYPE {
/**
    *  Set the Program Type to be used for Continuously transmit
    *  RDS/RBDS Program Service information and RDS/RBDS RadioText
    *  information.
    *  <p>
    *  This is a function to set the Program Type to be used while
    *  transmitting Program Service and Radio Text Information.
    *  <p>
    *  Included in the Program Service information is an RDS/RBDS program type (PTY), and
    *  one or more Program Service strings. The program type (PTY)
    *  is used to describe the content being transmitted and follows
    *  the RDS/RBDS program types described in the RDS/RBDS
    *  specifications.
    *  <p>
    *  Included in the RadioText information is an RDS/RBDS program type (PTY),
    *  and a single string of up to 64 characters. The program type (PTY) is used
    *  to describe the content being transmitted and follows the RDS/RBDS program
    *  types described in the RDS/RBDS specifications.
    *
    *  Note: If the PS or RT transmission is currently active, the
    *  PTY change will take effect when the current transmission is
    *  complete. Typically  setPSRTProgramType should be called
    *  before {@link #setPSInfo} or {@link #setRTInfo} is started.
    *
    *  @param pty the program type to use in the program Service
    *             information and Radio Text information.
    *
    *  @return true if the driver was updated to use the new
    *             Program Type, false if the driver could not be
    *             updated.
    *
    *  @see #setPSInfo
    *  @see #setRTInfo
    *
    */
   public boolean setPSRTProgramType(int pty){
      boolean bStatus = false;

      return bStatus;
   }
}",1.0,28,202,2
10,"public class TRANSMITRDSGROUPCONTROL {
/**
    *  Pause/Resume RDS/RBDS group transmission, or stop and clear
    *  all RDS groups.
    *  <p>
    *  This is a function used to used to pause/resume RDS/RBDS
    *  group transmission, or stop and clear all RDS groups. This
    *  function can be used with to control continuous and
    *  non-continuous RDS/RBDS group transmissions.
    *  <p>
    *  @param ctrlCmd The Tx RDS group control.
    *
    *  @return true if RDS Group Control command was
    *             successfully sent to the driver, false if RDS
    *             Group Control command could not be sent to the
    *             driver.
    *
    *  @see #transmitRdsGroups
    */
   public boolean transmitRdsGroupControl(int ctrlCmd){
      boolean bStatus = false;

      return bStatus;
   }
}",1.0,14,81,2
11,"public class ISWHITESPACE {
/**
         * Check if c is whitespace.
         * @param c character to test
         * @return true if c is a whitespace character
         */
        private boolean isWhitespace(char c) {
            switch(c) {
            case ' ':
            case '\t':
            case '\f':
            case '\n':
            case '\r':
            case 11: /* VT */
                return true;
            default:
                return false;
            }
        }
}",2.0,1,5,10
12,"public class DECODEHEXDIGIT {
/**
     * Convert a character that represents a hexidecimal digit into an integer.
     * If the character is not a hexidecimal digit, then -1 is returned.
     * Both upper case and lower case hex digits are allowed.
     * @param c the hexidecimal digit.
     * @return the integer value of the hexidecimal digit.
     */

    protected int decodeHexDigit(char c) {
        if (c >= '0' && c <= '9') {
            return c - '0';
        }
        else if (c >= 'A' && c <= 'F') {
            return c - 'A' + 10;
        }
        else if (c >= 'a' && c <= 'f') {
            return c - 'a' + 10;
        }
        else {
            return -1;
        }
    }
}",7.0,3,33,8
13,"public class SECTORTOBLOCK {
/**
     * Return the first block of a given sector.
     * <p>Does not cause any RF activity and does not block.
     *
     * @param sectorIndex index of sector to lookup, starting from 0
     * @return block index of first block in sector
     */
    public int sectorToBlock(int sectorIndex) {
        if (sectorIndex < 32) {
            return sectorIndex * 4;
        } else {
            return 32 * 4 + (sectorIndex - 32) * 16;
        }
    }
}",2.0,2,18,4
14,"public class ISGRAPHIC {
/**
     * Returns whether this character is a printable character.
     */
    public static boolean isGraphic(char c) {
        int gc = Character.getType(c);
        return     gc != Character.CONTROL
                && gc != Character.FORMAT
                && gc != Character.SURROGATE
                && gc != Character.UNASSIGNED
                && gc != Character.LINE_SEPARATOR
                && gc != Character.PARAGRAPH_SEPARATOR
                && gc != Character.SPACE_SEPARATOR;
    }
}",7.0,1,8,8
15,"public class GETWEIGHTEDDISTANCEFOR {
/**
     * Fudge-factor opportunity: how to calculate distance given major and minor
     * axis distances.  Warning: this fudge factor is finely tuned, be sure to
     * run all focus tests if you dare tweak it.
     */
    int getWeightedDistanceFor(int majorAxisDistance, int minorAxisDistance) {
        return 13 * majorAxisDistance * majorAxisDistance
                + minorAxisDistance * minorAxisDistance;
    }
}",1.0,3,31,2
16,"public class GETTOPSELECTIONPIXEL {
/**
     * Calculate the top-most pixel we can draw the selection into
     *
     * @param childrenTop Top pixel were children can be drawn
     * @param fadingEdgeLength Length of the fading edge in pixels, if present
     * @param rowStart The start of the row that will contain the selection
     * @return The top-most pixel we can draw the selection into
     */
    private int getTopSelectionPixel(int childrenTop, int fadingEdgeLength, int rowStart) {
        // first pixel we can draw the selection into
        int topSelectionPixel = childrenTop;
        if (rowStart > 0) {
            topSelectionPixel += fadingEdgeLength;
        }
        return topSelectionPixel;
    }
}",2.0,1,10,4
17,"public class MEASURENULLCHILD {
/**
     * <p>Returns the size (width or height) that should be occupied by a null
     * child.</p>
     *
     * @param childIndex the index of the null child
     * @return the width or height of the child depending on the orientation
     */
    int measureNullChild(int childIndex) {
        return 0;
    }
}",1.0,2,14,2
18,"public class GETTOPSELECTIONPIXEL {
/**
     * Calculate the top-most pixel we can draw the selection into
     *
     * @param childrenTop Top pixel were children can be drawn
     * @param fadingEdgeLength Length of the fading edge in pixels, if present
     * @param selectedPosition The position that will be selected
     * @return The top-most pixel we can draw the selection into
     */
    private int getTopSelectionPixel(int childrenTop, int fadingEdgeLength, int selectedPosition) {
        // first pixel we can draw the selection into
        int topSelectionPixel = childrenTop;
        if (selectedPosition > 0) {
            topSelectionPixel += fadingEdgeLength;
        }
        return topSelectionPixel;
    }
}",2.0,1,10,4
19,"public class ROUND {
/**
     * Fast round from float to int. This is faster than Math.round()
     * thought it may return slightly different results. It does not try to
     * handle (in any meaningful way) NaN or infinities.
     */
    public static int round(float x) {
        long lx = (long)(x * (65536 * 256f));
        return (int)((lx + 0x800000) >> 24);
    }
}",1.0,3,31,2
20,"public class ISTOKENCHARACTER {
/**
     * Check TOKEN data defined in RFC2616.
     * @param ch checking data
     * @return true when ch is TOKEN, false when ch is not TOKEN
     */
    protected static boolean isTokenCharacter(int ch) {
        /**
         * Token      = 1*<any CHAR except CTLs or separators>
         * separators = ""(""(40) | "")""(41) | ""<""(60) | "">""(62) | ""@""(64)
         *            | "",""(44) | "";""(59) | "":""(58) | ""\""(92) | <"">(34)
         *            | ""/""(47) | ""[""(91) | ""]""(93) | ""?""(63) | ""=""(61)
         *            | ""{""(123) | ""}""(125) | SP(32) | HT(9)
         * CHAR       = <any US-ASCII character (octets 0 - 127)>
         * CTL        = <any US-ASCII control character
         *            (octets 0 - 31) and DEL (127)>
         * SP         = <US-ASCII SP, space (32)>
         * HT         = <US-ASCII HT, horizontal-tab (9)>
         */
        if((ch < 33) || (ch > 126)) {
            return false;
        }

        switch(ch) {
            case '""': /* '""' */
            case '(': /* '(' */
            case ')': /* ')' */
            case ',': /* ',' */
            case '/': /* '/' */
            case ':': /* ':' */
            case ';': /* ';' */
            case '<': /* '<' */
            case '=': /* '=' */
            case '>': /* '>' */
            case '?': /* '?' */
            case '@': /* '@' */
            case '[': /* '[' */
            case '\\': /* '\' */
            case ']': /* ']' */
            case '{': /* '{' */
            case '}': /* '}' */
                return false;
        }

        return true;
    }
}",4.0,1,6,29
21,"public class ISTEXT {
/**
     * Check TEXT data defined in RFC2616.
     * @param ch checking data
     * @return true when ch is TEXT, false when ch is not TEXT
     */
    protected static boolean isText(int ch) {
        /**
         * TEXT = <any OCTET except CTLs,
         *      but including LWS>
         * CTL  = <any US-ASCII control character
         *      (octets 0 - 31) and DEL (127)>
         * LWS  = [CRLF] 1*( SP | HT )
         * CRLF = CR LF
         * CR   = <US-ASCII CR, carriage return (13)>
         * LF   = <US-ASCII LF, linefeed (10)>
         */
        if(((ch >= 32) && (ch <= 126)) || ((ch >= 128) && (ch <= 255))) {
            return true;
        }

        switch(ch) {
            case '\t': /* '\t' */
            case '\n': /* '\n' */
            case '\r': /* '\r' */
                return true;
        }

        return false;
    }
}",6.0,1,6,13
22,"public class ISPUNCTUATION {
/** Determines whether the given character is punctuation. */
  private static boolean isPunctuation(char ch) {
    switch (ch) {
      case '.': case ',': case '""': case ':': case ';':
      case '?': case '!': case '(': case ')':
        return true;

      default:
        return false;
    }
  }
}",2.0,1,9,13
23,"public class ISFORMATCHAR {
/**
   * Determines whether the given character is the beginning or end of a
   * section with special formatting.
   */
  private static boolean isFormatChar(char ch) {
    switch (ch) {
      case '*': case '_': case '^':
        return true;

      default:
        return false;
    }
  }
}",2.0,2,16,7
24,"public class HUE {
/**
     * Returns the hue component of a color int.
     * 
     * @return A value between 0.0f and 1.0f
     * 
     * @hide Pending API council
     */
    public static float hue(int color) {
        int r = (color >> 16) & 0xFF;
        int g = (color >> 8) & 0xFF;
        int b = color & 0xFF;

        int V = Math.max(b, Math.max(r, g));
        int temp = Math.min(b, Math.min(r, g));

        float H;

        if (V == temp) {
            H = 0;
        } else {
            final float vtemp = (float) (V - temp);
            final float cr = (V - r) / vtemp;
            final float cg = (V - g) / vtemp;
            final float cb = (V - b) / vtemp;

            if (r == V) {
                H = cb - cg;
            } else if (g == V) {
                H = 2 + cr - cb;
            } else {
                H = 4 + cg - cr;
            }

            H /= 6.f;
            if (H < 0) {
                H++;
            }
        }

        return H;
    }
}",5.0,1,8,23
25,"public class SATURATION {
/**
     * Returns the saturation component of a color int.
     * 
     * @return A value between 0.0f and 1.0f
     * 
     * @hide Pending API council
     */
    public static float saturation(int color) {
        int r = (color >> 16) & 0xFF;
        int g = (color >> 8) & 0xFF;
        int b = color & 0xFF;


        int V = Math.max(b, Math.max(r, g));
        int temp = Math.min(b, Math.min(r, g));

        float S;

        if (V == temp) {
            S = 0;
        } else {
            S = (V - temp) / (float) V;
        }

        return S;
    }
}",2.0,1,8,11
26,"public class BRIGHTNESS {
/**
     * Returns the brightness component of a color int.
     * 
     * @return A value between 0.0f and 1.0f
     * 
     * @hide Pending API council
     */
    public static float brightness(int color) {
        int r = (color >> 16) & 0xFF;
        int g = (color >> 8) & 0xFF;
        int b = color & 0xFF;

        int V = Math.max(b, Math.max(r, g));

        return (V / 255.f);
    }
}",1.0,1,8,5
27,"public class TRYGETISODIGIT {
/**
     * Returns interger corresponding to the input if input ""ch"" is
     * ISO-LATIN characters 0-9.
     * Returns -1 otherwise
     */
    private static int tryGetISODigit(char ch) {
        if ('0' <= ch && ch <= '9') {
            return ch - '0';
        } else {
            return -1;
        }
    }
}",3.0,3,16,4
28,"public class GETMASK {
/**
     * Calculate bit mask for a given number of bits. The mask should enable to
     * make a bitwise and to the given number of bits.
     * @param numOfBits number of bits to calculate mask for.
     * @return bit mask
     */
    private static int getMask(int numOfBits) {
        int mask = 0x00;

        switch (numOfBits) {
        case 1:
            mask = 0x01;
            break;
        case 2:
            mask = 0x03;
            break;
        case 3:
            mask = 0x07;
            break;
        case 4:
            mask = 0x0F;
            break;
        case 5:
            mask = 0x1F;
            break;
        case 6:
            mask = 0x3F;
            break;
        case 7:
            mask = 0x7F;
            break;
        case 8:
            mask = 0xFF;
            break;
        }
        return mask;
    }
}",2.0,2,24,27
29,"public class NANOSTOMICROS {
/**
     * Converts nanoseconds to microseconds.
     *
     * @throws RuntimeException if overflow occurs
     */
    private static int nanosToMicros(long nanos) {
        long micros = nanos / 1000;
        int microsInt = (int) micros;
        if (microsInt != micros) {
            throw new RuntimeException(""Integer overflow: "" + nanos);
        }
        return microsInt;
    }
}",2.0,1,4,5
30,"public class UNSIGNEDLEB128SIZE {
/**
     * Gets the number of bytes in the unsigned LEB128 encoding of the
     * given value.
     *
     * @param value the value in question
     * @return its write size, in bytes
     */
    public static int unsignedLeb128Size(int value) {
        // TODO: This could be much cleverer.

        int remaining = value >>> 7;
        int count = 0;

        while (remaining != 0) {
            value = remaining;
            remaining >>>= 7;
            count++;
        }

        return count + 1;
    }
}",2.0,2,14,7
31,"public class SIGNEDLEB128SIZE {
/**
     * Gets the number of bytes in the signed LEB128 encoding of the
     * given value.
     *
     * @param value the value in question
     * @return its write size, in bytes
     */
    public static int signedLeb128Size(int value) {
        // TODO: This could be much cleverer.

        int remaining = value >> 7;
        int count = 0;
        boolean hasMore = true;
        int end = ((value & Integer.MIN_VALUE) == 0) ? 0 : -1;

        while (hasMore) {
            hasMore = (remaining != end)
                || ((remaining & 1) != ((value >> 6) & 1));

            value = remaining;
            remaining >>= 7;
            count++;
        }

        return count;
    }
}",3.0,2,14,10
32,"public class COMPARE {
/**
   * Compares the given {@code long} values.
   * 
   * @see Comparable
   * @see Comparator
   */
  public static int compare(long l1, long l2) {
    if (l1 < l2) {
      return -1;
    } else if (l2 < l1) {
      return 1;
    }
    return 0;
  }
}",3.0,1,6,5
33,"public class NEXTPOWOFTWO {
/**
   * Returns the closest power of two value that's greater or 
   * equal to the given argument.
   */
  public static int nextPowOfTwo(int expected) {
    int value = 1;
    while (value < expected) {
      value <<= 1;
    }
    return value;
  }
}",2.0,2,15,4
34,"public class ISVALIDTOKENCHAR {
/**
     * This function returns TRUE if the character is a valid token character.
     *
     *     token          = 1*<any CHAR except CTLs or separators>
     *
     *      separators     = ""("" | "")"" | ""<"" | "">"" | ""@""
     *                     | "","" | "";"" | "":"" | ""\"" | <"">
     *                     | ""/"" | ""["" | ""]"" | ""?"" | ""=""
     *                     | ""{"" | ""}"" | SP | HT
     *
     *      CTL            = <any US-ASCII control character
     *                       (octets 0 - 31) and DEL (127)>
     *
     *      CHAR           = <any US-ASCII character (octets 0 - 127)>
     *
     * @param c  character to be tested
     *
     * @return Returns TRUE if the character is a valid token character.
     */
    boolean isValidTokenChar(
        char c)
    {
        if ( ( (c >= '\u0000') && (c <='\u0020') ) ||
             ( (c >= '\u003a') && (c <= '\u0040') ) ||
             ( (c >= '\u005b') && (c <= '\u005d') ) ||
             ('\u002c' == c) ||
             ('\u0025' == c) ||
             ('\u0028' == c) ||
             ('\u0029' == c) ||
             ('\u007b' == c) ||
             ('\u007d' == c) ||
             ('\u007f' == c) )
            return false;

        return true;
    }
}",14.0,9,81,12
35,"public class ISWHITESPACE {
/**
     * This function returns TRUE if the character is linear white space (LWS).
     *         LWS = [CRLF] 1*( SP | HT )
     * @param c  Input charcter to be tested
     *
     * @return Returns TRUE if the character is linear white space (LWS)
     */
    boolean isWhiteSpace(
        char c)
    {
        if ( ('\t' == c) ||  // HORIZONTAL TABULATION.
             ('\n' == c) ||  // LINE FEED.
             ('\r' == c) ||  // CARRIAGE RETURN.
             ('\u0020' == c) )
            return true;

        return false;
    }
}",5.0,2,20,9
36,"public class ISVALIDTOKENCHAR {
/**
     * This function returns TRUE if the character is a valid token character.
     *
     *     token          = 1*<any CHAR except CTLs or separators>
     *
     *      separators     = ""("" | "")"" | ""<"" | "">"" | ""@""
     *                     | "","" | "";"" | "":"" | ""\"" | <"">
     *                     | ""/"" | ""["" | ""]"" | ""?"" | ""=""
     *                     | ""{"" | ""}"" | SP | HT
     *
     *      CTL            = <any US-ASCII control character
     *                       (octets 0 - 31) and DEL (127)>
     *
     *      CHAR           = <any US-ASCII character (octets 0 - 127)>
     *
     * @param c  character to be validated
     *
     * @return True if character is valid Token character else it returns 
     * false
     */
    boolean isValidTokenChar(
        char c)
    {
        if ( ( (c >= '\u0000') && (c <='\u0020') ) ||
             ( (c >= '\u003a') && (c <= '\u0040') ) ||
             ( (c >= '\u005b') && (c <= '\u005d') ) ||
             ('\u002c' == c) ||
             ('\u0025' == c) ||
             ('\u0028' == c) ||
             ('\u0029' == c) ||
             ('\u007b' == c) ||
             ('\u007d' == c) ||
             ('\u007f' == c) )
            return false;

        return true;
    }
}",14.0,10,82,12
37,"public class ISWHITESPACE {
/**
     * This function returns TRUE if the character is linear white space (LWS).
     *         LWS = [CRLF] 1*( SP | HT )
     *
     * @param c  character to be validated
     *
     * @return True if character is liner whitespace else it returns false
     */
    boolean isWhiteSpace(
        char c)
    {
        if ( ('\t' == c) || // HORIZONTAL TABULATION.
             ('\n' == c) || // LINE FEED.
             ('\r' == c) || // CARRIAGE RETURN.
             ('\u0020' == c) )
            return true;

        return false;
    }
}",5.0,2,20,9
38,"public class CONVERTDIGIT {
/**
     * [Private] Convert the specified value (0 .. 15) to the corresponding hexadecimal digit.
     *
     * @param value Value to be converted
     */
    private static char convertDigit(int value) {

        value &= 0x0f;
        if (value >= 10)
            return ((char)(value - 10 + 'a'));
        else
            return ((char)(value + '0'));

    }
}",2.0,1,13,3
39,"public class COMPARE {
/**
     * @return the value 0 if thatLong is a long numerically equal to thisLong; a value less than 0
     *         if thatLong is a long numerically greater than thisLong; and a value greater than 0
     *         if thatLong is a long numerically less than thisLong (unsigned comparison).
     */
    private static int compare(long thisLong, long thatLong) {
        // To avoid infinite recursion, do not instantiate UnsignedLong in this method, which may be called during UnsignedLong instantiation.

        if (thisLong == thatLong) {
            return 0;
        } else {
            boolean isLessThan; // This is less than that.

            // Prepare the most significant half of the data for comparison.
            // The shift distance can be any number from 1 to 32 inclusive (1 is probably fastest).
            // A shift distance of one is sufficient to move the significant data off of the sign bit, allowing for a signed comparison of positive numbers (i.e. an unsigned comparison).
            long thisHalfLong = (thisLong & 0xffffffff00000000L) >>> 1;
            long thatHalfLong = (thatLong & 0xffffffff00000000L) >>> 1;

            if (thisHalfLong == thatHalfLong) {
                // We must also look at the least significant half of the data.

                // Prepare the least significant half of the data for comparison.
                thisHalfLong = (thisLong & 0x00000000ffffffffL);
                thatHalfLong = (thatLong & 0x00000000ffffffffL);

                // We already know that the data is not equal.
                isLessThan = thisHalfLong < thatHalfLong;
            } else {
                // The answer is in the most significant half of the data.
                isLessThan = thisHalfLong < thatHalfLong;
            }

            if (isLessThan) {
                return -1; // Returns a negative integer as this object is less than than the specified object.
            } else {
                return 1; // Returns a positive integer as this object is greater than than the specified object.
            }
        }
    }
}",4.0,2,26,16
40,"public class ISPUNCTUATION {
/**
     * Is this an XML punctuation character?
     */
    private static boolean isPunctuation(char c) {
        return '-' == c
                || '.' == c
                || ':' == c
                || '\u00B7' == c
                || '\u0387' == c
                || '-' == c
                || '\u06DD' == c
                || '\u06DE' == c;
    }
}",8.0,1,6,8
41,"public class DEHEXCHAR {
/**
     * Get the hex value of a character (base16).
     * @param c A character between '0' and '9' or between 'A' and 'F' or
     * between 'a' and 'f'.
     * @return  An int between 0 and 15, or -1 if c was not a hex digit.
     */
    public static int dehexchar(char c) {
        if (c >= '0' && c <= '9') {
            return c - '0';
        }
        if (c >= 'A' && c <= 'F') {
            return c - ('A' - 10);
        }
        if (c >= 'a' && c <= 'f') {
            return c - ('a' - 10);
        }
        return -1;
    }
}",7.0,2,12,7
42,"public class CHARTOUPPER {
/**
	 * To transfer the char from lower case to upper case.
	 * 
	 * @param c
	 *            the char to be transferred.
	 * @return the upper case of the char.
	 */
	public static char charToUpper(char c)
	{
		if ((int) c >= (int) 'a' && (int) c <= (int) 'z')
		{
			c -= (int) 'a' - (int) 'A';
		}
		return c;
	}
}",3.0,2,15,3
43,"public class LIMITNUMBER {
/**
	 * To limit a double number within a given range. If the number exceeds the
	 * range, then the boundary value would be taken.
	 * 
	 * @param number
	 *            The number to be limited.
	 * @param lower
	 *            The lower boundary.
	 * @param higher
	 *            The higher boundary.
	 * @return The limited number.
	 */
	public static double limitNumber(double number, double lower, double higher)
	{
		if (lower > higher)
		{
			double temp = lower;
			lower = higher;
			higher = temp;
		}

		return Math.max(lower, Math.min(higher, number));
	}
}",2.0,5,33,5
44,"public class LIMITNUMBER {
/**
	 * To limit a float number within a given range. If the number exceeds the
	 * range, then the boundary value would be taken.
	 * 
	 * @param number
	 *            The number to be limited.
	 * @param lower
	 *            The lower boundary.
	 * @param higher
	 *            The higher boundary.
	 * @return The limited number.
	 */
	public static float limitNumber(float number, float lower, float higher)
	{
		if (lower > higher)
		{
			float temp = lower;
			lower = higher;
			higher = temp;
		}

		return Math.max(lower, Math.min(higher, number));
	}
}",2.0,5,33,5
45,"public class LIMITNUMBER {
/**
	 * To limit a int number within a given range. If the number exceeds the
	 * range, then the boundary value would be taken.
	 * 
	 * @param number
	 *            The number to be limited.
	 * @param lower
	 *            The lower boundary.
	 * @param higher
	 *            The higher boundary.
	 * @return The limited number.
	 */
	public static int limitNumber(int number, int lower, int higher)
	{
		if (lower > higher)
		{
			int temp = lower;
			lower = higher;
			higher = temp;
		}

		return Math.max(lower, Math.min(higher, number));
	}
}",2.0,5,33,5
46,"public class XTOTILEX {
/**
     * Converts a pixel's X coordinate into a horizontal tile index
     * relative to a given tile grid layout specified by its X offset
     * and tile width.
     */
    public static int XToTileX(int x, int tileGridXOffset, int tileWidth) {
        x -= tileGridXOffset;
        if (x < 0) {
            x += 1 - tileWidth; // Force round to -infinity
        }
        return x/tileWidth;
    }
}",2.0,3,25,4
47,"public class YTOTILEY {
/**
     * Converts a pixel's Y coordinate into a vertical tile index
     * relative to a given tile grid layout specified by its Y offset
     * and tile height.
     */
    public static int YToTileY(int y, int tileGridYOffset, int tileHeight) {
        y -= tileGridYOffset;
        if (y < 0) {
            y += 1 - tileHeight; // Force round to -infinity
        }
        return y/tileHeight;
    }
}",2.0,3,25,4
48,"public class GETGIFPALETTESIZE {
/**
     * According do GIF specification size of clor table (palette here) 
     * must be in range from 2 to 256 and must be power of 2.
     */
    private static int getGifPaletteSize(int x) {
        if (x <= 2) {
            return 2;
        }
        x = x - 1;
        x = x | (x >> 1);
        x = x | (x >> 2);
        x = x | (x >> 4);
        x = x | (x >> 8);
        x = x | (x >> 16);
        return x + 1;
    }
}",2.0,2,24,9
49,"public class XTOTILEX {
/**
     * Converts a pixel's X coordinate into a horizontal tile index
     * relative to a given tile grid layout specified by its X offset
     * and tile width.
     *
     * <p> If <code>tileWidth < 0</code>, the results of this method
     * are undefined.  If <code>tileWidth == 0</code>, an
     * <code>ArithmeticException</code> will be thrown.
     *
     * @throws ArithmeticException  If <code>tileWidth == 0</code>.
     */
    public static int XToTileX(int x, int tileGridXOffset, int tileWidth) {
        x -= tileGridXOffset;
        if (x < 0) {
            x += 1 - tileWidth;		// force round to -infinity (ceiling)
        }
        return x/tileWidth;
    }
}",2.0,6,46,4
50,"public class YTOTILEY {
/**
     * Converts a pixel's Y coordinate into a vertical tile index
     * relative to a given tile grid layout specified by its Y offset
     * and tile height.
     *
     * <p> If <code>tileHeight < 0</code>, the results of this method
     * are undefined.  If <code>tileHeight == 0</code>, an
     * <code>ArithmeticException</code> will be thrown.
     *
     * @throws ArithmeticException  If <code>tileHeight == 0</code>.
     */
    public static int YToTileY(int y, int tileGridYOffset, int tileHeight) {
        y -= tileGridYOffset;
        if (y < 0) {
            y += 1 - tileHeight;	 // force round to -infinity (ceiling)
        }
        return y/tileHeight;
    }
}",2.0,6,46,4
51,"public class GETFIXEDPOINT {
/**
     * Returns the position of the fixed point in the specified component
     * (i.e. the number of fractional bits), which is always 0 for this
     * ImgReader.
     *
     * @param c The index of the component.
     *
     * @return The position of the fixed-point (i.e. the number of fractional
     * bits). Always 0 for this ImgReader.
     * */
    public int getFixedPoint(int c) {
        // Check component index
        if (c != 0)
            throw new IllegalArgumentException();
        return 0;
    }
}",2.0,4,30,2
52,"public class ISORIGSIGNED {
/**
     * Returns true if the data read was originally signed in the specified
     * component, false if not. This method returns always false since PGM
     * data is always unsigned.
     *
     * @param c The index of the component, from 0 to N-1.
     *
     * @return always false, since PGM data is always unsigned.
     * */
    public boolean isOrigSigned(int c) {
        // Check component index
        if (c != 0)
            throw new IllegalArgumentException();
        return false;
    }
}",2.0,3,27,2
53,"public class LOG2 {
/**
     * Method that calculates the floor of the log, base 2,
     * of 'x'. The calculation is performed in integer arithmetic,
     * therefore, it is exact.
     *
     * @param x The value to calculate log2 on.
     *
     * @return floor(log(x)/log(2)), calculated in an exact way.
     * */
    public static int log2(int x) {
        int y,v;
        // No log of 0 or negative
        if (x <= 0) {
            throw new IllegalArgumentException(""""+x+"" <= 0"");
        }
        // Calculate log2 (it's actually floor log2)
        v = x;
        y = -1;
        while (v>0) {
            v >>=1;
            y++;
        }
        return y;
    }
}",3.0,3,23,9
54,"public class ISSAMEASFULLWT {
/**
     * Returns true if the wavelet filter computes or uses the
     * same ""inner"" subband coefficient as the full frame wavelet transform,
     * and false otherwise. In particular, for block based transforms with
     * reduced overlap, this method should return false. The term ""inner""
     * indicates that this applies only with respect to the coefficient that
     * are not affected by image boundaries processings such as symmetric
     * extension, since there is not reference method for this.
     *
     * <P>The result depends on the length of the allowed overlap when
     * compared to the overlap required by the wavelet filter. It also
     * depends on how overlap processing is implemented in the wavelet
     * filter.
     *
     * @param tailOvrlp This is the number of samples in the input
     * signal before the first sample to filter that can be used for
     * overlap.
     *
     * @param headOvrlp This is the number of samples in the input
     * signal after the last sample to filter that can be used for
     * overlap.
     *
     * @param inLen This is the lenght of the input signal to filter.The
     * required number of samples in the input signal after the last sample
     * depends on the length of the input signal.
     *
     * @return true if both overlaps are greater than 2, and correct
     * processing is applied in the analyze() method.
     * */
    public boolean isSameAsFullWT(int tailOvrlp, int headOvrlp, int inLen) {

        //If the input signal has even length.
        if( inLen % 2 == 0) {
            if( tailOvrlp >= 4 && headOvrlp >= 3 ) return true;
            else return false;
        }
        //Else if the input signal has odd length.
        else {
            if( tailOvrlp >= 4 && headOvrlp >= 4 ) return true;
            else return false;
        }
    }
}",6.0,18,156,6
55,"public class ISSAMEASFULLWT {
/**
     * Returns true if the wavelet filter computes or uses the same ""inner""
     * subband coefficient as the full frame wavelet transform, and false
     * otherwise. In particular, for block based transforms with reduced
     * overlap, this method should return false. The term ""inner"" indicates
     * that this applies only with respect to the coefficient that are not
     * affected by image boundaries processings such as symmetric extension,
     * since there is not reference method for this.
     *
     * <P>The result depends on the length of the allowed overlap when
     * compared to the overlap required by the wavelet filter. It also depends
     * on how overlap processing is implemented in the wavelet filter.
     *
     * @param tailOvrlp This is the number of samples in the input signal
     * before the first sample to filter that can be used for overlap.
     *
     * @param headOvrlp This is the number of samples in the input signal
     * after the last sample to filter that can be used for overlap.
     *
     * @param inLen This is the lenght of the input signal to filter.The
     * required number of samples in the input signal after the last sample
     * depends on the length of the input signal.
     *
     * @return true if both overlaps are greater than 2, and correct
     * processing is applied in the analyze() method.
     * */
    public boolean isSameAsFullWT(int tailOvrlp, int headOvrlp, int inLen) {

        //If the input signal has even length.
        if( inLen % 2 == 0) {
            if( tailOvrlp >= 2 && headOvrlp >= 1 ) return true;
            else return false;
        }
        //Else if the input signal has odd length.
        else {
            if( tailOvrlp >= 2 && headOvrlp >= 2 ) return true;
            else return false;
        }
    }
}",6.0,15,154,6
56,"public class ISSAMEASFULLWT {
/**
     * Returns true if the wavelet filter computes or uses the
     * same ""inner"" subband coefficient as the full frame wavelet transform,
     * and false otherwise. In particular, for block based transforms with 
     * reduced overlap, this method should return false. The term ""inner""
     * indicates that this applies only with respect to the coefficient that 
     * are not affected by image boundaries processings such as symmetric
     * extension, since there is not reference method for this.
     *
     * <P>The result depends on the length of the allowed overlap when
     * compared to the overlap required by the wavelet filter. It also
     * depends on how overlap processing is implemented in the wavelet
     * filter.
     *
     * @param tailOvrlp This is the number of samples in the input
     * signal before the first sample to filter that can be used for
     * overlap.
     *
     * @param headOvrlp This is the number of samples in the input
     * signal after the last sample to filter that can be used for
     * overlap.
     *
     * @param inLen This is the lenght of the input signal to filter.The
     * required number of samples in the input signal after the last sample
     * depends on the length of the input signal.
     *
     * @return true if both overlaps are greater than 2, and correct 
     * processing is applied in the analyze() method.
     *
     *
     *
     */
    public boolean isSameAsFullWT(int tailOvrlp, int headOvrlp, int inLen) {
        
        //If the input signal has even length.
        if(inLen % 2 == 0) {
            if(tailOvrlp >= 2 && headOvrlp >= 1) return true;
            else return false;
        }
        //Else if the input signal has odd length.
        else {
            if(tailOvrlp >= 2 && headOvrlp >= 2) return true;
            else return false;
        }
    }
}",6.0,18,156,6
57,"public class ISSAMEASFULLWT {
/**
     * Returns true if the wavelet filter computes or uses the same ""inner""
     * subband coefficient as the full frame wavelet transform, and false
     * otherwise. In particular, for block based transforms with reduced
     * overlap, this method should return false. The term ""inner"" indicates
     * that this applies only with respect to the coefficient that are not
     * affected by image boundaries processings such as symmetric extension,
     * since there is not reference method for this.
     *
     * <P>The result depends on the length of the allowed overlap when
     * compared to the overlap required by the wavelet filter. It also depends
     * on how overlap processing is implemented in the wavelet filter.
     *
     * @param tailOvrlp This is the number of samples in the input signal
     * before the first sample to filter that can be used for overlap.
     *
     * @param headOvrlp This is the number of samples in the input signal
     * after the last sample to filter that can be used for overlap.
     *
     * @param inLen This is the lenght of the input signal to filter.The
     * required number of samples in the input signal after the last sample
     * depends on the length of the input signal.
     *
     * @return true if both overlaps are greater than 2, and correct
     * processing is applied in the analyze() method.
     * */
    public boolean isSameAsFullWT(int tailOvrlp, int headOvrlp, int inLen) {

        //If the input signal has even length.
        if(inLen % 2 == 0) {
            if(tailOvrlp >= 2 && headOvrlp >= 1) return true;
            else return false;
        }
        //Else if the input signal has odd length.
        else {
            if(tailOvrlp >= 2 && headOvrlp >= 2) return true;
            else return false;
        }
    }
}",6.0,15,154,6
58,"public class ISINTERNALDATEFORMAT {
/**
     * Given a format ID this will check whether the format represents
     *  an internal excel date format or not.
     * @see #isADateFormat(int, java.lang.String)  
     */
    public static boolean isInternalDateFormat(int format) {
      boolean retval =false;

            switch(format) {
                // Internal Date Formats as described on page 427 in
                // Microsoft Excel Dev's Kit...
                case 0x0e:
                case 0x0f:
                case 0x10:
                case 0x11:
                case 0x12:
                case 0x13:
                case 0x14:
                case 0x15:
                case 0x16:
                case 0x2d:
                case 0x2e:
                case 0x2f:
                    retval = true;
                    break;
                    
                default:
                    retval = false;
                    break;
            }
       return retval;
    }
}",2.0,2,18,20
59,"public class DAYSINPRIORYEARS {
/**
     * Return the number of days in prior years since 1900
     *
     * @return    days  number of days in years prior to yr.
     * @param     yr    a year (1900 < yr < 4000)
     * @exception IllegalArgumentException if year is outside of range.
     */

    private static int daysInPriorYears(int yr)
    {
        if (yr < 1900) {
            throw new IllegalArgumentException(
                ""'year' must be 1900 or greater"");
        }
        
        int yr1  = yr - 1;
        int leapDays =   yr1 / 4   // plus julian leap days in prior years
                       - yr1 / 100 // minus prior century years
                       + yr1 / 400 // plus years divisible by 400 
                       - 460;      // leap days in previous 1900 years
        
        return 365 * (yr - 1900) + leapDays;
    }
}",2.0,1,10,9
60,"public class DECODENUMBER {
/**
     * Do the dirty work of decoding; made a private static method to
     * facilitate testing the algorithm
     */

    public static double decodeNumber(int number)
    {
        long raw_number = number;

        // mask off the two low-order bits, 'cause they're not part of
        // the number
        raw_number = raw_number >> 2;
        double rvalue = 0;

        if ((number & 0x02) == 0x02)
        {
            // ok, it's just a plain ol' int; we can handle this
            // trivially by casting
            rvalue = ( double ) (raw_number);
        }
        else
        {

            // also trivial, but not as obvious ... left shift the
            // bits high and use that clever static method in Double
            // to convert the resulting bit image to a double
            rvalue = Double.longBitsToDouble(raw_number << 34);
        }
        if ((number & 0x01) == 0x01)
        {

            // low-order bit says divide by 100, and so we do. Why?
            // 'cause that's what the algorithm says. Can't fight city
            // hall, especially if it's the city of Redmond
            rvalue /= 100;
        }

        return rvalue;
    }
}",3.0,2,16,10
61,"public class USESAN {
/**
   * tests if this word should have an ""a"" or an ""an""
   * before it. char c is the first character of the word.
   */
  public static boolean usesAn(char c) {
    boolean result = false;
    switch(c) {
      case 'a':
      case 'A':
      case 'e':
      case 'E':
      case 'i':
      case 'I':
      case 'o':
      case 'O':
      case 'h':
      case 'H':
        result = true;
        break;
      default:
        result = false;
        break;
    }
    return result;
  }
}",2.0,2,22,18
62,"public class DIGITS {
/** Computes the given value's number of digits. */
  private static int digits(int value) {
    int digits = 0;
    while (value > 0) {
      value /= 10;
      digits++;
    }
    return digits;
  }
}",2.0,1,9,5
63,"public class NUMINSERIES {
/** returns the number of of elements in a series given from, to, and by values */
  private int numInSeries(int from, int to, int by)
  {
    if (by < 1)
      throw new IllegalArgumentException(""numInSeries passed a stepBy value < 1"");

    // could calc this but simple loop suffices for our purposes
    int count = 0;
    for (int i = from; i <= to; i += by)
        count++;
    return count;
  }
}",3.0,1,17,4
64,"public class EFFECTIVEC {
/** calculate the effective size C of an image given various params */
  private int effectiveC(int sizeC, int rgb, int lutLen, boolean indexed, boolean falseColor)
  {
    int effC = sizeC;

    if (indexed)  // this is from Melissa
    {
      if (falseColor)
        effC /= rgb;
      else // not falseColor
        effC *= lutLen;
    }

    return effC;
  }
}",3.0,1,13,6
65,"public class GETBYTESPERPIXEL {
/**
   * Retrieves how many bytes per pixel the current plane or section has.
   * @return the number of bytes per pixel.
   */
  public static int getBytesPerPixel(int type) {
    switch(type) {
    case 0:
    case 1:
      return 1;  // INT8 or UINT8
    case 2:
    case 3:
      return 2;  // INT16 or UINT16
    case 4:
    case 5:
    case 6:
      return 4;  // INT32, UINT32 or FLOAT
    case 7:
      return 8;  // DOUBLE
    }
    throw new RuntimeException(""Unknown type with id: '"" + type + ""'"");
  }
}",2.0,1,12,14
66,"public class GETMILLISFROMTICKS {
/**
   * Converts from two-word tick representation to milliseconds.
   * Mainly useful in conjunction with COBOL date conversion.
   */
  public static long getMillisFromTicks(long hi, long lo) {
    long ticks = ((hi << 32) | lo);
    return ticks / 10000; // 100 ns = 0.0001 ms
  }
}",1.0,2,15,2
67,"public class CANFITINMEMORY {
/** Returns true if a byte buffer of the given size will fit in memory. */
  public static boolean canFitInMemory(long bufferSize) {
    Runtime r = Runtime.getRuntime();
    long mem = r.freeMemory() / 2;
    return bufferSize < mem && bufferSize <= Integer.MAX_VALUE;
  }
}",2.0,1,16,3
68,"public class CHECKDOUBLEPRECISE {
/**
	 * Checks a double value is double precise. If value is 2.1, then return
	 * true; if value is 2.1000000001 or 2.099999999999, then return false.
	 * 
	 * @param dValue
	 * @return if precise
	 */
	public static boolean checkDoublePrecise( double dValue )
	{
		if ( dValue - (int) dValue == 0 )
		{
			return true;
		}
		String sValue = String.valueOf( dValue );
		if ( sValue.length( ) < 8 )
		{
			return true;
		}
		int iPoint = sValue.indexOf( '.' );
		int iZero = sValue.lastIndexOf( ""00000000"" ); //$NON-NLS-1$
		if ( iZero >= iPoint )
		{
			return false;
		}
		int iNine = sValue.lastIndexOf( ""99999999"" ); //$NON-NLS-1$
		if ( iNine >= iPoint )
		{
			return false;
		}
		return true;
	}
}",5.0,2,23,13
69,"public class ISVALIDPROCEEDING {
/**
	 * Test whether the char immediately before the candidate ""row"" key is
	 * valid.
	 * 
	 * @param operator
	 * @return
	 */
	private static boolean isValidProceeding( char operator )
	{
		if ( ( operator >= 'A' && operator <= 'Z' )
				|| ( operator >= 'a' && operator <= 'z' ) || operator == '_' )
			return false;

		return true;
	}
}",6.0,2,12,4
70,"public class PERCENT {
/**
	 * @param denom
	 *            the denominator
	 * @param num
	 *            the numerator
	 * @param valueIfZero
	 * 			  The percent value to return if the numerator is zero. The default is null.
	 * @return the percentage of two numbers
	 */
	static double percent(double denom, double num, double valueIfZero)
	{
		if(num == 0d)
		{
			return valueIfZero;
		}
		if(denom == 0d)
		{
			throw ( new IllegalArgumentException(
					""There exists illegal parameter:"" + denom) );
		}
		
		return ( num / denom ) * 100;
	}
}",3.0,3,18,5
71,"public class ISWITHININTERVAL {
/**
	 * Determin whether two values are in speficied interval. Please notice,
	 * such a calculation approach only applies to asc order. If desc order
	 * needs to be used too, the intervalValue must be conversed in the start.
	 * 
	 * @param startValue
	 * @param intervalValue
	 * @param currValue
	 * @param prevValue
	 * @return true in interval
	 */
	static boolean isWithinInterval( double startValue, double intervalValue,
			double currValue, double prevValue )
	{
		assert intervalValue != 0;

		boolean isSame = false;
		double curr = ( currValue - startValue ) / intervalValue;
		double prev = ( prevValue - startValue ) / intervalValue;

		// When there is a start value, all the
		// values that less than that start value would enter
		// one group
		if ( curr < 0 && prev < 0 )
			return true;

		if ( curr < 0 || prev < 0 )
			return false;

		int currDiv = (int) ( curr );
		int prevDiv = (int) ( prev );
		if ( currDiv == prevDiv )
		{
			isSame = true;
		}
		return isSame;
	}
}",6.0,3,35,12
72,"public class NEEDPRECALCULATEFORGROUPFILTERSORT {
/**
	 * Indicate whether need to pre calculate the aggregations.
	 * @param needGroupFiltering
	 * @param needGroupSorting
	 * @return
	 */
	private boolean needPreCalculateForGroupFilterSort(
			boolean needGroupFiltering, boolean needGroupSorting )
	{
		return needGroupFiltering || needGroupSorting;
	}
}",2.0,1,8,2
73,"public class PERCENT {
/**
	 * @param denom
	 *            is the denominator
	 * @param num
	 *            is the numerator
	 * @return the percentage of two numbers
	 */
	public static double percent( double denom, double num )
	{

		if ( num == 0 )
			return 0;
		assert ( denom != 0d );
		return ( num / denom ) * 100;
	}
}",2.0,2,6,3
74,"public class GETLIGHTERFONTWEIGHT {
/**
		 * Returns a lighter font-weight.
		 */
		public float getLighterFontWeight( float f )
		{
			// Round f to nearest 100...
			int weight = ( (int) ( ( f + 50 ) / 100 ) ) * 100;
			switch ( weight )
			{
				case 100 :
					return 100;
				case 200 :
					return 100;
				case 300 :
					return 200;
				case 400 :
					return 300;
				case 500 :
					return 400;
				case 600 :
					return 400;
				case 700 :
					return 400;
				case 800 :
					return 400;
				case 900 :
					return 400;
				default :
					throw new IllegalArgumentException( ""Bad Font Weight: "" + f ); //$NON-NLS-1$
			}
		}
}",2.0,1,4,22
75,"public class GETBOLDERFONTWEIGHT {
/**
		 * Returns a bolder font-weight.
		 */
		public float getBolderFontWeight( float f )
		{
			// Round f to nearest 100...
			int weight = ( (int) ( ( f + 50 ) / 100 ) ) * 100;
			switch ( weight )
			{
				case 100 :
					return 600;
				case 200 :
					return 600;
				case 300 :
					return 600;
				case 400 :
					return 600;
				case 500 :
					return 600;
				case 600 :
					return 700;
				case 700 :
					return 800;
				case 800 :
					return 900;
				case 900 :
					return 900;
				default :
					throw new IllegalArgumentException( ""Bad Font Weight: "" + f ); //$NON-NLS-1$
			}
		}
}",2.0,1,4,22
76,"public class ISVALIDCODEPOINT {
/**
	 * In <a href=""http://www.w3.org/TR/REC-xml/"">XML specification 1.0 </a>
	 * section 2.2 Character, the valid characters in XML should be limited to:
	 * 
	 * Any Unicode character, excluding the surrogate blocks, FFFE, and FFFF.
	 * 
	 * Char ::= #x9 | #xA | #xD | [#x20-#xD7FF] | [#xE000-#xFFFD] |
	 * [#x10000-#x10FFFF]
	 * 
	 */
	protected static boolean isValidCodePoint( int ch )
	{
		if ( ch == 0x09 || ch == 0x0A || ch == 0x0D
				|| ( ch >= 0x20 && ch <= 0xD7FF )
				|| ( ch >= 0xE000 && ch <= 0xFFFD )
				|| ( ch >= 0x10000 && ch <= 0x10FFFF ) )
		{
			return true;
		}
		return false;
	}
}",10.0,5,41,8
77,"public class ISBOLDFONT {
/**
	 * Checks if the font is bold
	 * 
	 * @param value
	 *            the CSSValue
	 * @return true if the font is bold false if not
	 */
	public static boolean isBoldFont( int fontWeight )
	{
		if ( fontWeight > 400 )
		{
			return true;
		}
		return false;
	}
}",2.0,2,8,3
78,"public class ADJUSTPOSITION {
/**
	 * Adjusts position of destination index. The range is from zero to count-1.
	 * 
	 * @param destIndex
	 *            index of destination
	 * @param count
	 *            count of row.
	 * @return position after adjusting.
	 */

	protected int adjustPosition( int destIndex, int count )
	{
		if ( destIndex < 0 )
			destIndex = 0;
		if ( destIndex > count - 1 )
			destIndex = count - 1;
		return destIndex;
	}
}",3.0,3,18,3
79,"public class FORMRGB {
/**
	 * Calculates the integer color value given its red, blue, green values. If
	 * any color factor is over 0xFF, it will be clipped to 0xFF; if any color
	 * factor is below 0, it will be increased to 0.
	 * 
	 * 
	 * @param r
	 *            red value.
	 * @param g
	 *            green value.
	 * @param b
	 *            blue value.
	 * @return the integer color value of the given color factors.
	 */

	public static int formRGB( int r, int g, int b )
	{
		// clip to 0 ~ 0xFF

		r = r > 0xFF ? 0xFF : r < 0 ? 0 : r;
		g = g > 0xFF ? 0xFF : g < 0 ? 0 : g;
		b = b > 0xFF ? 0xFF : b < 0 ? 0 : b;

		return ( r << 16 ) + ( g << 8 ) + b;
	}
}",1.0,6,43,4
80,"public class JUDGETYPE {
/**
	 * If type is false mean EmptyList ,then return 1, else return 3.
	 * 
	 * @param type
	 *            mark of size of rules is zero or not
	 * 
	 * @return the integer flag
	 */

	private int judgeType( boolean type )
	{
		if ( type )
			return 3;

		return 1;
	}
}",2.0,2,21,2
81,"public class COMPARESTRING {
/**
	 * Compares the two times.
	 * 
	 * @param checktimes
	 *            the times that the string display.
	 * @param countstring
	 *            the golden times.
	 * @return true if two times are same.
	 * @throws Exception
	 *             if any exception
	 */
	private boolean compareString( int checktimes, int countstring )
	{
		boolean same = true;
		StringBuffer errorText = new StringBuffer( );
		try
		{
			if ( checktimes == countstring )
				same = true;
			else
				same = false;
		}
		catch ( Exception e )
		{
			errorText.append( e.toString( ) );
		}
		return same;

	}
}",3.0,4,16,8
82,"public class GETBOLDERFONTWEIGHT {
/**
	 * Gets the bolder font weight of given font sweight.
	 * 
	 * @param curWeight
	 *            The given font weight.
	 * @return The bolder font weight value
	 */
	public static int getBolderFontWeight( int curWeight )
	{
		int weight = curWeight + 100;
		if ( weight > 900 )
		{
			weight = 900;
		}
		return weight;
	}
}",2.0,2,13,4
83,"public class GETLIGHTERFONTWEIGHT {
/**
	 * Gets the lighter font weight of a given font sweight.
	 * 
	 * @param curWeight
	 *            The given font weight.
	 * @return The lighter font weight value
	 */
	public static int getLighterFontWeight( int curWeight )
	{
		int weight = curWeight - 100;
		if ( weight < 100 )
		{
			weight = 100;
		}
		return weight;
	}
}",2.0,2,14,4
84,"public class INCHTOPOINT {
/**
	 * Converts inch to point.
	 */
	public static double inchToPoint( double inch )
	{
		double pt = inch * 72;
		return pt;
	}
}",1.0,1,4,2
85,"public class POINTTOINCH {
/**
	 * Converts point to inch.
	 */
	public static double pointToInch( double point )
	{
		double inch = point / 72;
		return inch;
	}
}",1.0,1,4,2
86,"public class GETGAP {
/**
	 * Calculate gap to avoid cross-line when drawing thick/double line.
	 */
	private static int getGap( int x, int y, int i )
	{
		if ( x == 0 )
		{
			return 0;
		}

		if ( i < 0 )
		{
			i = 0;
		}

		if ( i > x )
		{
			i = x;
		}

		return  y * i / x ;
	}
}",4.0,1,9,7
87,"public class BLEND {
/**
	 * Blends two primary color components based on the provided ratio.
	 * 
	 * @param v1
	 *            first component
	 * @param v2
	 *            second component
	 * @param ratio
	 *            percentage of the first component in the blend
	 * @return
	 */
	private static int blend( int v1, int v2, int ratio )
	{
		int b = ( ratio * v1 + ( 100 - ratio ) * v2 ) / 100;
		return Math.min( 255, b );
	}
}",1.0,4,22,2
88,"public class ISPOPBLOCK {
/**
     * Checks if a given blockID is a known pop block
     * @param blockID
     * @return true if blockID is known pop block
     */
    private boolean isPopBlock(int blockID) {
        return blockID == 6 || blockID == 26 || blockID == 27 || blockID == 28 || blockID == 37 || blockID == 38 || blockID == 39 ||
                blockID == 40 || blockID == 50 || blockID == 55 || blockID == 59 || blockID == 64 || blockID == 65 || blockID == 66 ||
                blockID == 69 || blockID == 71 || blockID == 75 || blockID == 76 || blockID == 77 || blockID == 81 || blockID == 83 ||
                blockID == 93 || blockID == 94 || blockID == 31 || blockID == 32 || blockID == 96 || blockID == 111 || blockID == 115;
    }
}",28.0,1,10,28
89,"public class CHECKSUMPUSHBYTE {
/** CRC check taken from Zephyr PDF's */
	public static int ChecksumPushByte(int currentChecksum, int newByte) {

		currentChecksum = (currentChecksum ^ newByte);

		for (int bit = 0; bit < 8; bit++) {

			if ((currentChecksum & 1) == 1)
				currentChecksum = ((currentChecksum >> 1) ^ 0x8C);

			else
				currentChecksum = (currentChecksum >> 1);
		}

		return currentChecksum;
	}
}",3.0,1,8,5
90,"public class CONVERTTEMPO {
/**
     * converts<br>
     * 1 - MPQ-Tempo to BPM tempo<br>
     * 2 - BPM tempo to MPQ tempo<br>
     */
    public static double convertTempo(double tempo) {
        if (tempo <= 0) {
            tempo = 1;
        }
        return ((double) 60000000l) / tempo;
    }
}",2.0,3,14,3
91,"public class LENGTH {
/**
	 * Compute the length of the line from (x0,y0) to (x1,y1)
	 * 
	 * @param x0, y0  First line end point.
	 * @param x1, y1  Second line end point.
	 * @return        Length of line from (x0,y0) to (x1,y1).
	 */
	public static double length (double x0, double y0, double x1, double y1)
	{
		double dx = x1 - x0;
		double dy = y1 - y0;

		return Math.sqrt (dx*dx + dy*dy);
	}
}",1.0,1,10,3
92,"public class COMPUTEANGLEOFLINEBETWEENTWOPOINTS {
/**
     * Determines the angle of a straight line drawn between point one and two. The number returned, which is a double in degrees, tells us how much we have to rotate a horizontal line clockwise for it to match the line between the two points.
     * If you prefer to deal with angles using radians instead of degrees, just change the last line to: ""return Math.atan2(yDiff, xDiff);""
     */
    public static double computeAngleOfLineBetweenTwoPoints(double x0, double y0, double x1, double y1)
    {
        double xDiff = x1 - x0;
        double yDiff = y1 - y0;
        //return Math.toDegrees(Math.atan2(yDiff, xDiff));
        return Math.atan2(yDiff, xDiff);
    }
}",1.0,2,65,4
93,"public class UTILIZATION {
/**
     * Calculate the utilization percentage.
     */
    public static int utilization(long obsoleteSize, long totalSize) {
        if (totalSize != 0) {
            return (int) (((totalSize - obsoleteSize) * 100) / totalSize);
        } else {
            return 0;
        }
    }
}",2.0,1,4,4
94,"public class COMPAREBOOL {
/**
	 * Compare two boolean parameters. Consider comparison b1 - b2 with True = 1
	 * and False = 0;
	 * 
	 * @param b1
	 *            first boolean
	 * @param b2
	 *            second boolean
	 * @return b1 - b2, where True = 1, False = 0;
	 */
	private int compareBool(boolean b1, boolean b2) {
		if (b1 == b2)
			return 0; // Both equal
		if (b1)
			return 1; // b1 = true, b2 = false
		return -1; // b1 = false, b2 = true;
	}
}",3.0,4,21,3
95,"public class ISPUNCTUATION {
/**
	 * Check if a character is a punctuation symbol: full stops (.), periods
	 * (,), exclamation marks, question marks, [semi]colons, and the different
	 * forms of brackets are all counted as punctuation.
	 * @param c char to check
	 * @return true or false
	 */
	public static boolean isPunctuation(char c) {
		return (c == '.' || c == ',' || c == '!' || c == '?' || c == ':'
				|| c == ';' || c == '[' || c == ']' || c == '(' || c == ')'
				|| c == '{' || c == '}');
	}
}",12.0,3,29,2
96,"public class MAX {
/**
   * Returns the minimum of three int values.
   *
   * @return The minimum of three int values.
   */
  public static int max(int a, int b, int c) {
    int ma;
    ma = a;
    if (b > ma) {
      ma = b;
    }
    if (c > ma) {
      ma = c;
    }
    return ma;
  }
}",3.0,1,7,7
97,"public class LGAMMA {
/**
   * @return an approximation of the log of the Gamma function * of x.  Laczos Approximation
   * Reference: Numerical Recipes in C
   * http://www.library.cornell.edu/nr/cbookcpdf.html
   * from www.cs.berkeley.edu/~milch/blog/versions/blog-0.1.3/blog/distrib
   */
  public static double lgamma(double x) {
    double[] cof = {76.18009172947146, -86.50532032941677,
      24.01409824083091,-1.231739572450155,
      0.1208650973866179e-2,-0.5395239384953e-5};
    double y, ser, tmp;
    y = x;
    tmp = x + 5.5;
    tmp -= ((x + 0.5) * Math.log(tmp));
    ser = 1.000000000190015;
    for (int j = 0; j < 6; j += 1) {
      y += 1;
      ser += (cof[j] / y);
    }
    return (-tmp + Math.log(2.5066282746310005*ser / x));
  }
}",2.0,3,8,17
98,"public class MIN {
/**
   * Returns the minimum of three int values.
   */
  public static int min(int a, int b, int c) {
    int mi;

    mi = a;
    if (b < mi) {
      mi = b;
    }
    if (c < mi) {
      mi = c;
    }
    return mi;

  }
}",3.0,1,7,7
99,"public class NCHOOSEK {
/**
   * Computes n choose k in an efficient way.  Works with
   * k == 0 or k == n but undefined if k < 0 or k > n
   *
   * @return fact(n) / fact(k) * fact(n-k)
   */
  public static int nChooseK(int n, int k) {
    k = Math.min(k, n - k);
    if (k == 0) {
      return 1;
    }
    int accum = n;
    for (int i = 1; i < k; i++) {
      accum *= (n - i);
      accum /= i;
    }
    return accum / k;
  }
}",3.0,2,27,8
100,"public class POW {
/**
   * Returns an approximation to Math.pow(a,b) that is ~27x faster
   * with a margin of error possibly around ~10%.  From
   * http://martin.ankerl.com/2007/10/04/optimized-pow-approximation-for-java-and-c-c/
   */
  public static double pow(final double a, final double b) {
    final int x = (int) (Double.doubleToLongBits(a) >> 32);
    final int y = (int) (b * (x - 1072632447) + 1072632447);
    return Double.longBitsToDouble(((long) y) << 32);
  }
}",1.0,3,19,3
101,"public class INTPOW {
/**
   * Exponentiation like we learned in grade school:
   * multiply b by itself e times.  Uses power of two trick.
   * e must be nonnegative!!!  no checking!!!  For e &lt;= 0,
   * the exponent is treated as 0, and 1 is returned.  0^0 also
   * returns 1.
   *
   * @param b base
   * @param e exponent
   * @return b^e
   */
  public static int intPow(int b, int e) {
    int result = 1;
    int currPow = b;
    while (e > 0) {
      if ((e & 1) != 0) { result *= currPow; }
      currPow = currPow * currPow;
      e >>= 1;
    }
    return result;
  }
}",3.0,5,42,8
102,"public class INTPOW {
/**
   * Exponentiation like we learned in grade school:
   * multiply b by itself e times.  Uses power of two trick.
   * e must be nonnegative!!!  no checking!!!
   *
   * @param b base
   * @param e exponent
   * @return b^e
   */
  public static float intPow(float b, int e) {
    float result = 1.0f;
    float currPow = b;
    while (e > 0) {
      if ((e & 1) != 0) { result *= currPow; }
      currPow = currPow * currPow;
      e >>= 1;
    }
    return result;
  }
}",3.0,3,24,8
103,"public class INTPOW {
/**
   * Exponentiation like we learned in grade school:
   * multiply b by itself e times.  Uses power of two trick.
   * e must be nonnegative!!!  no checking!!!
   * @param b base
   * @param e exponent
   * @return b^e
   */
  public static double intPow(double b, int e) {
    double result = 1.0;
    double currPow = b;
     while (e > 0) {
      if ((e & 1) != 0) { result *= currPow; }
      currPow = currPow * currPow;
      e >>= 1;
    }
    return result;
  }
}",3.0,3,24,8
104,"public class HYPERGEOMETRIC {
/**
   * Find a hypergeometric distribution.  This uses exact math, trying
   * fairly hard to avoid numeric overflow by interleaving
   * multiplications and divisions.
   * (To do: make it even better at avoiding overflow, by using loops
   * that will do either a multiple or divide based on the size of the
   * intermediate result.)
   *
   * @param k The number of black balls drawn
   * @param n The total number of balls
   * @param r The number of black balls
   * @param m The number of balls drawn
   * @return The hypergeometric value
   */
  public static double hypergeometric(int k, int n, int r, int m) {
    if (k < 0 || r > n || m > n || n <= 0 || m < 0 || r < 0) {
      throw new IllegalArgumentException(""Invalid hypergeometric"");
    }

    // exploit symmetry of problem
    if (m > n / 2) {
      m = n - m;
      k = r - k;
    }
    if (r > n / 2) {
      r = n - r;
      k = m - k;
    }
    if (m > r) {
      int temp = m;
      m = r;
      r = temp;
    }
    // now we have that k <= m <= r <= n/2

    if (k < (m + r) - n || k > m) {
      return 0.0;
    }

    // Do limit cases explicitly
    // It's unclear whether this is a good idea.  I put it in fearing
    // numerical errors when the numbers seemed off, but actually there
    // was a bug in the Fisher's exact routine.
    if (r == n) {
      if (k == m) {
        return 1.0;
      } else {
        return 0.0;
      }
    } else if (r == n - 1) {
      if (k == m) {
        return (n - m) / (double) n;
      } else if (k == m - 1) {
        return m / (double) n;
      } else {
        return 0.0;
      }
    } else if (m == 1) {
      if (k == 0) {
        return (n - r) / (double) n;
      } else if (k == 1) {
        return r / (double) n;
      } else {
        return 0.0;
      }
    } else if (m == 0) {
      if (k == 0) {
        return 1.0;
      } else {
        return 0.0;
      }
    } else if (k == 0) {
      double ans = 1.0;
      for (int m0 = 0; m0 < m; m0++) {
        ans *= ((n - r) - m0);
        ans /= (n - m0);
      }
      return ans;
    }

    double ans = 1.0;
    // do (n-r)x...x((n-r)-((m-k)-1))/n x...x (n-((m-k-1)))
    // leaving rest of denominator to get to multimply by (n-(m-1))
    // that's k things which goes into next loop
    for (int nr = n - r, n0 = n; nr > (n - r) - (m - k); nr--, n0--) {
      // System.out.println(""Multiplying by "" + nr);
      ans *= nr;
      // System.out.println(""Dividing by "" + n0);
      ans /= n0;
    }
    // System.out.println(""Done phase 1"");
    for (int k0 = 0; k0 < k; k0++) {
      ans *= (m - k0);
      // System.out.println(""Multiplying by "" + (m-k0));
      ans /= ((n - (m - k0)) + 1);
      // System.out.println(""Dividing by "" + ((n-(m+k0)+1)));
      ans *= (r - k0);
      // System.out.println(""Multiplying by "" + (r-k0));
      ans /= (k0 + 1);
      // System.out.println(""Dividing by "" + (k0+1));
    }
    return ans;
  }
}",26.0,6,48,54
105,"public class EXACTBINOMIAL {
/**
   * Find a one tailed exact binomial test probability.  Finds the chance
   * of this or a higher result
   *
   * @param k number of successes
   * @param n Number of trials
   * @param p Probability of a success
   */
  public static double exactBinomial(int k, int n, double p) {
    double total = 0.0;
    for (int m = k; m <= n; m++) {
      double nChooseM = 1.0;
      for (int r = 1; r <= m; r++) {
        nChooseM *= (n - r) + 1;
        nChooseM /= r;
      }
      // System.out.println(n + "" choose "" + m + "" is "" + nChooseM);
      // System.out.println(""prob contribution is "" +
      //	       (nChooseM * Math.pow(p, m) * Math.pow(1.0-p, n - m)));
      total += nChooseM * Math.pow(p, m) * Math.pow(1.0 - p, n - m);
    }
    return total;
  }
}",3.0,2,17,8
106,"public class CHISQUARE2BY2 {
/**
   * Find a 2x2 chi-square value.
   * Note: could do this more neatly using simplified formula for 2x2 case.
   *
   * @param k The number of black balls drawn
   * @param n The total number of balls
   * @param r The number of black balls
   * @param m The number of balls drawn
   * @return The Fisher's exact p-value
   */
  public static double chiSquare2by2(int k, int n, int r, int m) {
    int[][] cg = {{k, r - k}, {m - k, n - (k + (r - k) + (m - k))}};
    int[] cgr = {r, n - r};
    int[] cgc = {m, n - m};
    double total = 0.0;
    for (int i = 0; i < 2; i++) {
      for (int j = 0; j < 2; j++) {
        double exp = (double) cgr[i] * cgc[j] / n;
        total += (cg[i][j] - exp) * (cg[i][j] - exp) / exp;
      }
    }
    return total;
  }
}",3.0,2,17,9
107,"public class SIGMOID {
/**
   * Compute the sigmoid function with mean zero.
   * Care is taken to compute an accurate answer without
   * numerical overflow. (Added by rajatr)
   *
   * @param x Point to compute sigmoid at.
   * @return Value of the sigmoid, given by 1/(1+exp(-x))
   */
  public static double sigmoid(double x) {
    if (x<0) {
      double num = Math.exp(x);
      return num / (1.0 + num);
    }
    else {
      double den = 1.0 + Math.exp(-x);
      return 1.0 / den;
    }
  }
}",2.0,3,21,6
108,"public class FACTORIAL {
/**
   * Uses floating point so that it can represent the really big numbers that come up.
   * @param x Argumet to take factorial of
   * @return Factorial of argument
   */
  public static double factorial(int x) {
    double result = 1.0;
    for (int i=x; i>1; i--) {
      result *= i;
    }
    return result;
  }
}",2.0,1,15,4
109,"public class BEFORESAVE {
/**
	 * 	Before Save
	 *	@param newRecord new
	 *	@return true
	 */
	protected boolean beforeSave (boolean newRecord)
	{
		/*if (getAD_Org_ID() != 0)
			setAD_Org_ID(0);*/
		return true;
	}
}",1.0,3,7,3
110,"public class FLOATALPHATOINTALPHA {
/**
	 * Converts a float value between 0f and 1f to an int value
	 * between 0 and 255
	 * @param alpha value between 0f and 1f
	 * @return int value between 0 and 255
	 */
	public static int floatAlphaToIntAlpha(float alpha) {
		if(alpha < 0f || alpha > 1f) {
			throw new IllegalArgumentException(""alpha must be between 0f and 1f. value: "" + alpha);
		}
		return (int) (255 * alpha);
	}
}",3.0,2,16,3
111,"public class COMPILE {
/**
     * Return true or false whether this encoding/format can encode the specified character or not.
     * <p>
     * This method will return true for the following character range: <br />
     * <code>
     *   <nobr>\b | \f | \t | \r | \n | "" | \ | / | [#x20-#xD7FF] | [#xE000-#xFFFD]</nobr>
     * </code>
     * </p>
     *
     * @see <a href=""http://www.w3.org/TR/REC-xml#charsets"">W3C XML 1.0 </a>
     * @see <a href=""http://json.org/"">JSON.org</a>
     */
    public boolean compile(char c) {
        if ((c == '\b') || (c == '\f') | (c == '\t') || (c == '\n') || (c == '\r') || (c == '""') || (c == '\\') || (c == '/')
            || (c == ']') || // ] - to avoid conflicts in CDATA
            (c == '<') || // - escape HTML markup characters
            (c == '>') || // - HTML
            (c == '&') || // - HTML
            (c == '-') || // - HTML comments
            (c < 0x20) || // See <http://www.w3.org/TR/REC-xml#charsets>
            ((c > 0xd7ff) && (c < 0xe000)) || (c > 0xfffd) || (c > 0xff)) {
            return false;
        }

        return true;
    }
}",18.0,7,49,24
112,"public class SAFENEGATE {
/**
     * Negates the input throwing an exception if it can't negate it.
     * 
     * @param value  the value to negate
     * @return the negated value
     * @throws ArithmeticException if the value is Integer.MIN_VALUE
     * @since 1.1
     */
    public static int safeNegate(int value) {
        if (value == Integer.MIN_VALUE) {
            throw new ArithmeticException(""Integer.MIN_VALUE cannot be negated"");
        }
        return -value;
    }
}",2.0,1,11,3
113,"public class SAFEADD {
/**
     * Add two values throwing an exception if overflow occurs.
     * 
     * @param val1  the first value
     * @param val2  the second value
     * @return the new total
     * @throws ArithmeticException if the value is too big or too small
     */
    public static int safeAdd(int val1, int val2) {
        int sum = val1 + val2;
        // If there is a sign change, but the two values have the same sign...
        if ((val1 ^ sum) < 0 && (val1 ^ val2) >= 0) {
            throw new ArithmeticException
                (""The calculation caused an overflow: "" + val1 + "" + "" + val2);
        }
        return sum;
    }
}",3.0,1,9,4
114,"public class SAFEADD {
/**
     * Add two values throwing an exception if overflow occurs.
     * 
     * @param val1  the first value
     * @param val2  the second value
     * @return the new total
     * @throws ArithmeticException if the value is too big or too small
     */
    public static long safeAdd(long val1, long val2) {
        long sum = val1 + val2;
        // If there is a sign change, but the two values have the same sign...
        if ((val1 ^ sum) < 0 && (val1 ^ val2) >= 0) {
            throw new ArithmeticException
                (""The calculation caused an overflow: "" + val1 + "" + "" + val2);
        }
        return sum;
    }
}",3.0,1,9,4
115,"public class SAFESUBTRACT {
/**
     * Subtracts two values throwing an exception if overflow occurs.
     * 
     * @param val1  the first value, to be taken away from
     * @param val2  the second value, the amount to take away
     * @return the new total
     * @throws ArithmeticException if the value is too big or too small
     */
    public static long safeSubtract(long val1, long val2) {
        long diff = val1 - val2;
        // If there is a sign change, but the two values have different signs...
        if ((val1 ^ diff) < 0 && (val1 ^ val2) < 0) {
            throw new ArithmeticException
                (""The calculation caused an overflow: "" + val1 + "" - "" + val2);
        }
        return diff;
    }
}",3.0,1,9,4
116,"public class SAFEMULTIPLY {
/**
     * Multiply two values throwing an exception if overflow occurs.
     * 
     * @param val1  the first value
     * @param val2  the second value
     * @return the new total
     * @throws ArithmeticException if the value is too big or too small
     * @since 1.2
     */
    public static int safeMultiply(int val1, int val2) {
        long total = (long) val1 * (long) val2;
        if (total < Integer.MIN_VALUE || total > Integer.MAX_VALUE) {
            throw new ArithmeticException
                (""The calculation caused an overflow: "" + val1 + "" * "" + val2);
        }
        return (int) total;
    }
}",3.0,1,9,4
117,"public class SAFEMULTIPLY {
/**
     * Multiply two values throwing an exception if overflow occurs.
     * 
     * @param val1  the first value
     * @param scalar  the second value
     * @return the new total
     * @throws ArithmeticException if the value is too big or too small
     * @since 1.2
     */
    public static long safeMultiply(long val1, int scalar) {
        switch (scalar) {
        case -1:
            return -val1;
        case 0:
            return 0L;
        case 1:
            return val1;
        }
        long total = val1 * scalar;
        if (total / scalar != val1) {
            throw new ArithmeticException
                (""The calculation caused an overflow: "" + val1 + "" * "" + scalar);
        }
        return total;
    }
}",3.0,1,9,11
118,"public class SAFEMULTIPLY {
/**
     * Multiply two values throwing an exception if overflow occurs.
     * 
     * @param val1  the first value
     * @param val2  the second value
     * @return the new total
     * @throws ArithmeticException if the value is too big or too small
     */
    public static long safeMultiply(long val1, long val2) {
        if (val2 == 1) {
            return val1;
        }
        if (val2 == 0) {
            return 0;
        }
        long total = val1 * val2;
        if (total / val2 != val1) {
            throw new ArithmeticException
                (""The calculation caused an overflow: "" + val1 + "" * "" + val2);
        }
        return total;
    }
}",4.0,1,9,8
119,"public class SAFETOINT {
/**
     * Casts to an int throwing an exception if overflow occurs.
     * 
     * @param value  the value
     * @return the value as an int
     * @throws ArithmeticException if the value is too big or too small
     */
    public static int safeToInt(long value) {
        if (Integer.MIN_VALUE <= value && value <= Integer.MAX_VALUE) {
            return (int) value;
        }
        throw new ArithmeticException(""Value cannot fit in an int: "" + value);
    }
}",3.0,1,10,3
120,"public class GETWRAPPEDVALUE {
/**
     * Utility method that ensures the given value lies within the field's
     * legal value range.
     * 
     * @param value  the value to fit into the wrapped value range
     * @param minValue the wrap range minimum value.
     * @param maxValue the wrap range maximum value.  This must be
     *  greater than minValue (checked by the method).
     * @return the wrapped value
     * @throws IllegalArgumentException if minValue is greater
     *  than or equal to maxValue
     */
    public static int getWrappedValue(int value, int minValue, int maxValue) {
        if (minValue >= maxValue) {
            throw new IllegalArgumentException(""MIN > MAX"");
        }

        int wrapRange = maxValue - minValue + 1;
        value -= minValue;

        if (value >= 0) {
            return (value % wrapRange) + minValue;
        }

        int remByRange = (-value) % wrapRange;

        if (remByRange == 0) {
            return 0 + minValue;
        }
        return (wrapRange - remByRange) + minValue;
    }
}",4.0,4,26,10
121,"public class DIV {
/**
     * Divide with round-negative behavior.
     *
     * @param divisor must be positive
     */
    static long div(long dividend, long divisor) {
        if (divisor < 0) {
            throw new IllegalArgumentException(""divisor must be positive: "" + divisor);
        }
        if (dividend >= 0) {
            return dividend / divisor;
        } else {
            return (dividend + 1) / divisor - 1;
        }
    }
}",3.0,1,4,6
122,"public class MOD {
/**
     * Modulus with round-negative behavior, result is always positive.
     *
     * @param divisor must be positive
     */
    static long mod(long dividend, long divisor) {
        if (divisor < 0) {
            throw new IllegalArgumentException(""divisor must be positive: "" + divisor);
        }
        if (dividend >= 0) {
            return dividend % divisor;
        } else {
            return (dividend + 1) % divisor - 1 + divisor;
        }
    }
}",3.0,1,8,6
123,"public class ISMIN {
/**
   * Internal method that returns the min between last_index and x if x is not
   * equal to -1.
   * 
   * @param last_index last_index value
   * @param x value to compare with last_index
   * @return x if (x <last_index and x!=-1) else last_index
   */
  private int isMin(int last_index, int x)
  {
    if (x == -1)
      return last_index;
    if (last_index <= x)
      return last_index;
    else
      return x;
  }
}",3.0,2,17,3
124,"public class ZETASTATIC {
/**
	 * Compute the zeta constant needed for the distribution. Do this
	 * incrementally for a distribution that has n items now but used to have st
	 * items. Use the zipfian constant theta. Remember the new value of n so
	 * that if we change the itemcount, we'll know to recompute zeta.
	 * 
	 * @param st
	 *            The number of items used to compute the last initialsum
	 * @param n
	 *            The number of items to compute zeta over.
	 * @param theta
	 *            The zipfian constant.
	 * @param initialsum
	 *            The value of zeta we are computing incrementally from.
	 */
	static double zetastatic(long st, long n, double theta, double initialsum) {
		double sum = initialsum;
		for (long i = st; i < n; i++) {

			sum += 1 / (Math.pow(i + 1, theta));
		}

		// System.out.println(""countforzeta=""+countforzeta);

		return sum;
	}
}",2.0,8,78,4
125,"public class REHASH {
/**
     * Applies a supplemental hash function to a given hash code, which defends
     * against poor quality hash functions. This is critical when the concurrent
     * hash map uses power-of-two length hash tables, that otherwise encounter
     * collisions for hash codes that do not differ in lower or upper bits.
     * 
     * @param h
     *        hash code
     */
    private static int rehash(int h) {
        // Spread bits to regularize both segment and index locations,
        // using variant of single-word Wang/Jenkins hash.
        h += (h << 15) ^ 0xffffcd7d;
        h ^= (h >>> 10);
        h += (h << 3);
        h ^= (h >>> 6);
        h += (h << 2) + (h << 14);
        return h ^ (h >>> 16);
    }
}",1.0,5,48,6
126,"public class SPRAWDZ {
/**
        * Sprawdzenie poprawnosci danych poczatkowych.
        * Waga musi byc dodatnia. Opor, predkosc poczatkowa, wysokosc poczatkowa
        * nie moga byc ujemne. Kat poczatkowy (w stopniach) musi byc 
        * w przedziale (0, 90)
        * 
        * @return True jak poprawne, inaczej false
        */
        public static boolean sprawdz(double v0, double h0, double kat, double waga, 
                double opor, double krok, int ileKrokow)
        {
            if (waga <= 0) return false;
            if (krok <= Math.pow(10, -8) && ileKrokow <= 0) return false;
            if (opor < 0) return false;
            if (v0 < 0) return false;
            if (h0 < 0) return false;
            if (kat < 0 || kat > 90) return false;
            
            
            return true;
        }
}",9.0,4,27,8
127,"public class MIN {
/**
     * Our own little min method, to avoid loading java.lang.Math if we've run out of file descriptors and we're trying
     * to print a stack trace.
     */
    private int min(int a, int b) {
        if (a < b)
            return a;
        return b;
    }
}",2.0,2,24,2
128,"public class DEHEXCHAR {
/**
     * Get the hex value of a character (base16).
     * 
     * @param c A character between '0' and '9' or between 'A' and 'F' or between 'a' and 'f'.
     * @return An int between 0 and 15, or -1 if c was not a hex digit.
     */
    public static int dehexchar(char c) {
        if (c >= '0' && c <= '9') {
            return c - '0';
        }
        if (c >= 'A' && c <= 'F') {
            return c - ('A' - 10);
        }
        if (c >= 'a' && c <= 'f') {
            return c - ('a' - 10);
        }
        return -1;
    }
}",7.0,1,8,7
129,"public class ISVALIDBYTE {
/** Check if a number is a valid .byte
	 *  @param num the value to validate
	 *  @return true if num is a valid .byte, else false
	 */
	private boolean isValidByte(long num)
	{
		if (num>255||num<-127)
			return false;

		return true;

	}
}",3.0,2,16,2
130,"public class TOSRGB {
/**
	 * Input is assumed to be scaled 0-1
	 */
	public double toSRGB(double v)
		{
		double a=0.055;
		if(v<0.0031308)
			return 12.92*v;
		else
			return (1+a)*Math.pow(v,1/2.4)-a;
		}
}",2.0,1,7,3
131,"public class TOXYZ {
/**
	 * Input is assumed to be scaled 0-1
	 */
	public double toXYZ(double v)
		{
		double a=0.055;
		if(v<0.04045)
			return v/12.92;
		else
			return Math.pow((v+a)/a,2.4);
		}
}",2.0,1,7,3
132,"public class POVXAXIS {
/** Convert from JInput strange pov to a real axis: X */
	public double povXaxis(double in)
		{
		if(in==0.125 || in==0.875 || in==1) return -1;
		else if(in==0.375 || in==0.25 || in==0.625) return 1;
		return 0;
		}
}",7.0,1,12,3
133,"public class POVYAXIS {
/** Convert from JInput strange pov to a real axis: Y */
	public double povYaxis(double in)
		{
		if(in==0.125 || in==0.25 || in==0.375) return -1;
		else if(in==0.625 || in==0.75 || in==0.825) return 1;
		return 0;
		}
}",7.0,1,12,3
134,"public class SUITABLEPOWER2 {
/**
	 * Round to best 2^
	 */
	public static int suitablePower2(int s)
		{
//		return 128;
		if(s>380) return 512;
		else if(s>192) return 256;
		else if(s>96) return 128;
		else if(s>48) return 64;
		else if(s>24) return 32;
		else if(s>12) return 16;
		else if(s>6) return 8;
		else return 4;
		}
}",8.0,1,4,8
135,"public class SUITABLEPOWER2 {
/**
	 * Round to best 2^
	 */
	private static int suitablePower2(int s)
		{
		//An option to restrict max texture size would be good
//		if(true)return 256;
		
		if(s>380) return 512;
		else if(s>192) return 256;
		else if(s>96) return 128;
		else if(s>48) return 64;
		else if(s>24) return 32;
		else if(s>12) return 16;
		else if(s>6) return 8;
		else return 4;
		}
}",8.0,1,4,8
136,"public class CEILPOWER2 {
/**
	 * Ceil to nearest 2^
	 */
	public static int ceilPower2(int s)
		{
		if(s>1024)
			{
			double log2=Math.log(2);
			double x=Math.ceil(Math.log(s)/log2);
			int v=(int)Math.exp(Math.log(2)*x);
			System.out.println(""ceilpow2 ""+s+"" => ""+v);
			return v;
			}
		else if(s>512) return 1024;
		else if(s>256) return 512;
		else if(s>128) return 256;
		else if(s>64) return 128;
		else if(s>32) return 64;
		else if(s>16) return 32;
		else if(s>8) return 16;
		else if(s>4) return 8;
		else return 4;
		}
}",10.0,1,4,15
137,"public class ISINSIDETRIANGLE {
/**
	 * Check if the point p is inside the triangle
	 */
	private static boolean isInsideTriangle(double Ax, double Ay,
      double Bx, double By,
      double Cx, double Cy,
      double Px, double Py)

		{
		double ax, ay, bx, by, cx, cy, apx, apy, bpx, bpy, cpx, cpy;
		double cCROSSap, bCROSScp, aCROSSbp;
		
		ax = Cx - Bx;  ay = Cy - By;
		bx = Ax - Cx;  by = Ay - Cy;
		cx = Bx - Ax;  cy = By - Ay;
		apx= Px - Ax;  apy= Py - Ay;
		bpx= Px - Bx;  bpy= Py - By;
		cpx= Px - Cx;  cpy= Py - Cy;
		
		aCROSSbp = ax*bpy - ay*bpx;
		cCROSSap = cx*apy - cy*apx;
		bCROSScp = bx*cpy - by*cpx;
		
		return ((aCROSSbp >= 0.0f) && (bCROSScp >= 0.0f) && (cCROSSap >= 0.0f));
		}
}",3.0,1,9,19
138,"public class TRIANGLEAREAUSINGSIDES {
/**
	 * Calculate area of triangle given lengths of sides.
	 * Uses Heron's formula.
	 */
	public static double triangleAreaUsingSides(double a, double b, double c)
		{
		double s=(a+b+c)/2;
		return Math.sqrt(s*(s-a)*(s-b)*(s-c));
		}
}",1.0,2,11,2
139,"public class INTERPOLATELINEAR {
/**
	 * Linear interpolation: Given (x1,y1) and (x2,y2), find y in (x,y)
	 */
	public static double interpolateLinear(double x1, double y1, double x2, double y2, double x)
		{
		double s=(x-x1)/(x2-x1);
		return s*y2+(1.0-s)*y1;
		}
}",1.0,1,10,2
140,"public class UNBIASEDVARIANCE {
/**
	 * Calculate unbiased sample variance
	 * @param sum		Sum X
	 * @param sum2	Sum X^2
	 * @param n			Number of samples
	 */
	public static double unbiasedVariance(double sum, double sum2, int n)
		{
		int n1=n-1;
		return sum2/n1 - sum*sum/(n1*n);
		}
}",1.0,1,4,2
141,"public class TOINT {
/**
	 * Turn boolean into 1 or 0
	 */
	public static int toInt(boolean b)
		{
		if(b)
			return 1;
		else
			return 0;
		}
}",2.0,1,6,2
142,"public class RATIOABOVE1 {
/**
	 * Return largest value of a/b and b/a, which has to be >=1 
	 */
	public static double ratioAbove1(double a, double b)
		{
		if(a<b)
			return b/a;
		else
			return a/b;
		}
}",2.0,1,12,2
143,"public class CLAMP {
/**
	 * Clamp value within limits i.e. return value, changed to closest limit if outside
	 */
	public static double clamp(double value, double min, double max)
		{
		if(value<min)
			return min;
		else if(value>max)
			return max;
		else
			return value;
		}
}",3.0,1,13,3
144,"public class MAXALLINT {
/**
	 * Get the maximum of a list
	 */
	public static int maxAllint(int... v)
		{
		int r=v[0];
		for(int i=1;i<v.length;i++)
			if(v[i]>r)
				r=v[i];
		return r;
		}
}",3.0,1,6,3
145,"public class MINALLINT {
/**
	 * Get the minimum of a list
	 */
	public static int minAllInt(int... v)
		{
		int r=v[0];
		for(int i=1;i<v.length;i++)
			if(v[i]<r)
				r=v[i];
		return r;
		}
}",3.0,1,6,3
146,"public class MAXALL {
/**
	 * Get the maximum of a list
	 */
	public static double maxAll(double... v)
		{
		double r=v[0];
		for(int i=1;i<v.length;i++)
			if(v[i]>r)
				r=v[i];
		return r;
		}
}",3.0,1,6,3
147,"public class MINALL {
/**
	 * Get the minimum of a list
	 */
	public static double minAll(double... v)
		{
		double r=v[0];
		for(int i=1;i<v.length;i++)
			if(v[i]<r)
				r=v[i];
		return r;
		}
}",3.0,1,6,3
148,"public class GETNEIGHBOR {
/**
	 * Return the value of the circular neighbor in the corresponding position
	 * neigh to pixel
	 */
	public static int getNeighbor(int pixel, int neigh, int w)
		{
		switch (neigh)
			{
			case 0:
				return pixel-w;
			case 1:
				return pixel-w+1;
			case 2:
				return pixel+1;
			case 3:
				return pixel+w+1;
			case 4:
				return pixel+w;
			case 5:
				return pixel+w-1;
			case 6:
				return pixel-1;
			case 7:
				return pixel-w-1;
			default:
				return -1;
			}

		}
}",2.0,2,14,19
149,"public class ISCIRCULARNEIGHBOR {
/**
	 * True if neighbor is a circular neighbor of position in a image of width w
	 */
	public static boolean isCircularNeighbor(int neighbor, int position, int w)
		{
		int diff = neighbor-position;
		int[] neigh =
			{ w, -w, 1, -1, w-1, w+1, -w-1, -w+1 };

		for (int i = 0; i<8; i++)
			{
			if (diff==neigh[i])
				return true;
			}
		return false;
		}
}",3.0,1,15,5
150,"public class CALCNEWNRREADSIZE {
/**
	 * if totalNrRead < 0 then totalNrRead is returned, if (nrRead + totalNrRead) < Integer.MAX_VALUE then nrRead + totalNrRead is returned, -1 otherwise.
	 * @param nrRead
	 * @param totalNrNread
	 * @return
	 */
	protected static int calcNewNrReadSize(int nrRead, int totalNrNread) {
		if (totalNrNread < 0) {
			return totalNrNread;
		}
		if (totalNrNread > (Integer.MAX_VALUE - nrRead)) {
			return -1;
		} else {
			return (totalNrNread + nrRead);
		}
	}
}",3.0,1,22,6
151,"public class REHASH {
/**
     * Applies a supplemental hash function to a given hash code, which defends
     * against poor quality hash functions. This is critical when the concurrent
     * hash map uses power-of-two length hash tables, that otherwise encounter
     * collisions for hash codes that do not differ in lower or upper bits.
     *
     * @param h
     *        hash code
     */
    private static int rehash(int h) {
        // Spread bits to regularize both segment and index locations,
        // using variant of single-word Wang/Jenkins hash.
        h += (h << 15) ^ 0xffffcd7d;
        h ^= (h >>> 10);
        h += (h << 3);
        h ^= (h >>> 6);
        h += (h << 2) + (h << 14);
        return h ^ (h >>> 16);
    }
}",1.0,5,48,6
152,"public class GET2FOLD {
/**
     * Get the closest greater power of 2 to the fold number
     * 
     * @param fold The target number
     * @return The power of 2
     */
    private int get2Fold(int fold) {
        int ret = 2;
        while (ret < fold) {
            ret *= 2;
        }
        return ret;
    }
}",2.0,1,11,4
153,"public class EXECUTEKEYSHORTCUT {
/********************************************************************
	//               Protected methods
	//********************************************************************

	protected void checkLogin(){
		SecurityControllerAsync securityService = ControllerFactory.getSecurityController();
		securityService.checkLogin(getJsInfoModel(), new LoginAsync());

		
	}


	/**
	 * This method will be override by subclass if it want to have owned shortcut key in Web Page Body scope.
	 * @param keyCode
	 * @param modifier
	 * @return false, this will stop other key event handle, includes system level handle, such F1, Ctrl-A etc.
	 */
	protected boolean executeKeyShortcut(boolean ctrlKey, boolean altKey,
		      boolean shiftKey, boolean metaKey, int keyCode){
		return true;
	}
}",1.0,5,33,5
154,"public class CONTAINATTRIBUTES {
/********************************************************************
	//               set / get method
	//********************************************************************
	public Set<PageLink> getLinks() {
		return links;
	}

	public void setLinks(Set<PageLink> links) {
		this.links = links;
	}

	public PageProgress getPageProgress() {
		return pageProgress;
	}

	public void setPageProgress(PageProgress pageProgress) {
		this.pageProgress = pageProgress;
	}
	public List<PageTag> getTags() {
		return tags;
	}

	public void setTags(List<PageTag> tags) {
		this.tags = tags;
	}

	public boolean isRemoved() {
		return removed !=REMOVE_FLAG_NO?true:false;
	}
	public int getRemoved() {
		return removed;
	}

	public void setRemoved(int removed) {
		this.removed = removed;
	}
	/**
	 * @return
	 */
	public boolean containAttributes(int typeNewHome) {
		
		return false;
	}
}",1.0,19,68,2
155,"public class INT2CHAR {
/**
     * Convert an integer to the respective character representation.
     * Used to generate Word Shape Type II.
     * @param n The number.
     * @return The respective character.
     */
    private char Int2Char(int n) {
        if (n == 0) {
            return '*';
        }
        if (n == 1) {
            return 'a';
        }
        if (n == 2) {
            return '#';
        }

        return ' ';
    }
}",4.0,2,15,7
156,"public class ISRUSSIANLETTER {
/**
     * Checks if letter belongs to russian alphabet.
     *
     * @param letter The letter itself.
     * @return True if letter is russian, false — otherwise.
     */
    private static boolean isRussianLetter(char letter) {
        if ((letter >= 0x0410) && (letter <= 0x044F)) {
            return true;
        } else {
            return false;
        }
    }
}",3.0,1,7,4
157,"public class ISRUSSIANLETTER {
/**
     * Checks if letter belongs to russian alphabet.
     * @param letter The letter itself.
     * @return True if letter is russian, false — otherwise.
     */
    private static boolean isRussianLetter (char letter) {
        if ((letter >= 0x0410) && (letter <= 0x044F)) {
            return true;
        } else {
            return false;
        }
    }
}",3.0,1,7,4
158,"public class NORMALISEINDEX {
/**
     * This converts a possibly negative index to a real index into the array.
     *
     * @param i    the unnormalised index
     * @param size the array size
     * @return the normalised index
     */
    protected static int normaliseIndex(int i, int size) {
        int temp = i;
        if (i < 0) {
            i += size;
        }
        if (i < 0) {
            throw new ArrayIndexOutOfBoundsException(""Negative array index ["" + temp + ""] too large for array size "" + size);
        }
        return i;
    }
}",3.0,1,13,7
159,"public class ISNUMERICTYPESPECIFIER {
/**
    *  Returns true if the specified character is a valid type specifier
    *  for a numeric value.
    */

    public static boolean isNumericTypeSpecifier( char c, boolean isDecimal )
    {
        if( isDecimal )
        {
            switch( c )
            {
                case 'G':
                case 'g':
                case 'D':
                case 'd':
                case 'F':
                case 'f':
                    return true;
            }
        }
        else
        {
            switch( c )
            {
                case 'G':
                case 'g':
                case 'I':
                case 'i':
                case 'L':
                case 'l':
                    return true;
            }
        }

        return false;
    }
}",4.0,2,15,19
160,"public class GCD {
/**
   * Determines the greatest common divisor (GCD) of two integers.
   * 
   *  @param m the first integer
   *  @param n the second integer
   *  
   *  @return the greatest common divisor of m and n
   */
  public static int gcd(int m, int n) {
    if (m == 0 && n == 0)
      return 0;
    if (m < n) {
      int t = m;
      m = n;
      n = t;
    }
    int r = m % n;
    if (r == 0) {
      return n;
    } else {
      return gcd(n, r);
    }
  }
}",5.0,4,28,10
161,"public class NEXTRAND {
/** Marsaglia, 2003. */
  long nextRand(long x) {
    x ^= (x << 13);
    x ^= (x >>> 7);
    return (x ^= (x << 17));
  }
}",1.0,1,4,4
162,"public class GETVINTSIZE {
/**
   * Get the encoded length if an integer is stored in a variable-length format
   * @return the encoded length 
   */
  public static int getVIntSize(long i) {
    if (i >= -112 && i <= 127) {
      return 1;
    }
      
    if (i < 0) {
      i ^= -1L; // take one's complement'
    }
    // find the number of bytes with non-leading zeros
    int dataBits = Long.SIZE - Long.numberOfLeadingZeros(i);
    // find the number of data bytes + length byte
    return (dataBits + 7) / 8 + 1;
  }
}",4.0,1,13,6
163,"public class GETMAXDEPTH {
/**
   * Deepest recursion before giving up and doing a heapsort.
   * Returns 2 * ceil(log(n)).
   */
  protected static int getMaxDepth(int x) {
    if (x <= 0)
      throw new IllegalArgumentException(""Undefined for "" + x);
    return (32 - Integer.numberOfLeadingZeros(x - 1)) << 2;
  }
}",2.0,2,13,2
164,"public class GETPASSFACTOR {
/**
     * Determine the number of segments to merge in a given pass. Assuming more
     * than factor segments, the first pass should attempt to bring the total
     * number of segments - 1 to be divisible by the factor - 1 (each pass
     * takes X segments and produces 1) to minimize the number of merges.
     */
    private int getPassFactor(int factor, int passNo, int numSegments) {
      if (passNo > 1 || numSegments <= factor || factor == 1) 
        return factor;
      int mod = (numSegments - 1) % (factor - 1);
      if (mod == 0)
        return factor;
      return mod + 1;
    }
}",5.0,4,52,4
165,"public class GETCLOSESTPOWEROF2 {
/**
   * Return the exponent of the power of two closest to the given
   * positive value, or zero if value leq 0.
   * This follows the observation that the msb of a given value is
   * also the closest power of two, unless the bit following it is
   * set.
   */
  private static int getClosestPowerOf2(int value) {
    if (value <= 0)
      throw new IllegalArgumentException(""Undefined for "" + value);
    final int hob = Integer.highestOneBit(value);
    return Integer.numberOfTrailingZeros(hob) +
      (((hob >>> 1) & value) == 0 ? 0 : 1);
  }
}",2.0,5,45,3
166,"public class NUMBERDIGITS {
/**
   * Calculate how many digits are in the 10-based integer.
   * 
   * @param value
   * @return
   */
  private static int numberDigits(int value) {
    int digits = 0;
    while ((value = value / 10) > 0) {
      digits++;
    }
    return digits;
  }
}",2.0,1,9,4
167,"public class WITHINTOLERANCE {
/**
     * Calculate if the error in expected and observed values is within tolerance
     *
     * @param expectedValue  expected value of experiment
     * @param observedValue  observed value of experiment
     * @param tolerance      per cent tolerance for error, represented as a int
     */
    private boolean withinTolerance(long expectedValue,
                                    long observedValue,
                                    int tolerance) {
        double diff = 1.0 * Math.abs(observedValue - expectedValue);
        double thrs = expectedValue * (tolerance/100);
        return diff > thrs;
    }
}",1.0,1,12,3
168,"public class SETVALUERANGE {
/**
   * Forces the value passed in to be between the range passed in
   *
   * @param val the value to constrain
   * @param min the minimum acceptable value
   * @param max the maximum acceptable value
   * @return the constrained value
   */
  private int setValueRange(int val, int min, int max)
  {
    val = Math.max(val, min);
    val = Math.min(val, max);
    return val;
  }
}",1.0,1,12,3
169,"public class GETDOUBLE {
/**
   * Converts excel's internal RK format into a double value
   *
   * @param rk the rk number in bits
   * @return the double representation
   */
  public static double getDouble(int rk)
  {
    if ((rk & 0x02) != 0)
    {
      int intval = rk >> 2;

      double value = intval;
      if ((rk & 0x01) != 0)
      {
        value /= 100;
      }

      return value;
    }
    else
    {
      long valbits = (rk & 0xfffffffc);
      valbits <<= 32;
      double value = Double.longBitsToDouble(valbits);

      if ((rk & 0x01) != 0)
      {
        value /= 100;
      }

      return value;
    }
  }
}",4.0,1,9,13
170,"public class ROTLEFT15BIT {
/**
   * Rotate the value by 15 bits.  Thanks to Michael for this
   *
   * @param val
   * @param rotate
   * @return int
   */
  private int rotLeft15Bit(int val, int rotate)
  {
    val = val &0x7FFF;

    for(; rotate > 0; rotate--) 
    {
      if((val & 0x4000) != 0) 
      {
        val = ((val << 1) & 0x7FFF) + 1;
      }
      else
      {
        val = (val << 1) & 0x7FFF;
      }
    }

    return val;
  }
}",3.0,1,11,7
171,"public class TILESPACK1A {
/******************** Task 1 ********************/
	public static long tilesPack1a(int n) {
		// stop at 0 or 1 tiles - there's only one option for that to happen
		if (n < 2) {
			return 1;
		}
		
		// sum the options to place a single tile and a double tile
		return tilesPack1a(n-1) + tilesPack1a(n-2);
	}
}",2.0,1,4,3
172,"public class CLAMP {
/**
	 * Clamp val to be &gt;= min and &lt; max.
	 */
	private static int clamp(int val, int min, int max) {
		if (val < min) {
			return min;
		} else if (val >= max) {
			return max - 1;
		} else {
			return val;
		}
	}
}",3.0,1,9,6
173,"public class X {
/**
     * Scale d by m, checking for overflow.
     * This has a short name to make above code more readable.
     */
    static long x(long d, long m, long over) {
        if (d >  over) return Long.MAX_VALUE;
        if (d < -over) return Long.MIN_VALUE;
        return d * m;
    }
}",3.0,2,18,3
174,"public class ISGOODHTTPSTATUS {
/** Determines whether the specifed HTTP status code is generally ""good"" */
    public boolean isGoodHttpStatus(int status) {
        if ((400 <= status) && (status <= 417)) {
            return false;
        }
        if ((500 <= status) && (status <= 505)) {
            return false;
        }
        return true;
    }
}",5.0,1,12,5
175,"public class CHARLENGTH {
/**
     * Finds the visual length of the character on the screen.
     * @param x
     * @return
     */
    public static int charLength(char x)
    {
        if (""i.:,;|!"".indexOf(x) != -1)
        {
            return 2;
        }
        else if (""l'"".indexOf(x) != -1)
        {
            return 3;
        }
        else if (""tI[]"".indexOf(x) != -1)
        {
            return 4;
        }
        else if (""fk{}<>\""*()"".indexOf(x) != -1)
        {
            return 5;
        }
        else if (""abcdeghjmnopqrsuvwxyzABCDEFGHJKLMNOPQRSTUVWXYZ1234567890\\/#?$%-=_+&^"".indexOf(x) != -1)
        {
            return 6;
        }
        else if (""@~"".indexOf(x) != -1)
        {
            return 7;
        }
        else if (x == ' ')
        {
            return 4;
        }
        else
        {
            return -1;
        }
    }
}",8.0,1,10,17
176,"public class ISFILENAMECHARACTER {
/**
     * Returns whether we may want to use this character as part of a file name.
     *
     * This basically only accepts ascii letters and numbers, and rejects everything else.
     */
    private static boolean isFileNameCharacter(int codePoint) {
        if (codePoint >= 0x30 && codePoint <= 0x39) return true; // Digit
        if (codePoint >= 0x41 && codePoint <= 0x5A) return true; // Uppercase
        if (codePoint >= 0x61 && codePoint <= 0x7A) return true; // Lowercase
        return codePoint == '_'; // Underscore
    }
}",7.0,2,27,4
177,"public class EQUALSIGNORECASE {
/**
     * Returns true if a and b are equal ignoring the case of the character.
     * @param a first character to check
     * @param b second character to check
     * @return {@code true} if a and b are equal, {@code false} otherwise.
     */
    public static boolean equalsIgnoreCase(char a, char b) {
        // Some language, such as Turkish, need testing both cases.
        return a == b
                || Character.toLowerCase(a) == Character.toLowerCase(b)
                || Character.toUpperCase(a) == Character.toUpperCase(b);
    }
}",3.0,1,14,3
178,"public class SETMARGINS {
/**
 * Sets the margins.
 * <P>
 * This does nothing. Has to be overridden if needed.
 *
 * @param marginLeft    the margin on the left
 * @param marginRight   the margin on the right
 * @param marginTop   the margin on the top
 * @param marginBottom  the margin on the bottom
 * @return  <CODE>false</CODE>
 */

    public boolean setMargins(float marginLeft, float marginRight, float marginTop, float marginBottom) {
        return false;
    }
}",1.0,3,13,2
179,"public class GETCORRESPONDINGSYMBOL {
/**
     * Looks for the corresponding symbol in the font Symbol.
     *
     * @param	c	the original ASCII-char
     * @return	the corresponding symbol in font Symbol
     */
    public static char getCorrespondingSymbol(char c) {
        switch(c) {
            case 913:
                return 'A'; // ALFA
            case 914:
                return 'B'; // BETA
            case 915:
                return 'G'; // GAMMA
            case 916:
                return 'D'; // DELTA
            case 917:
                return 'E'; // EPSILON
            case 918:
                return 'Z'; // ZETA
            case 919:
                return 'H'; // ETA
            case 920:
                return 'Q'; // THETA
            case 921:
                return 'I'; // IOTA
            case 922:
                return 'K'; // KAPPA
            case 923:
                return 'L'; // LAMBDA
            case 924:
                return 'M'; // MU
            case 925:
                return 'N'; // NU
            case 926:
                return 'X'; // XI
            case 927:
                return 'O'; // OMICRON
            case 928:
                return 'P'; // PI
            case 929:
                return 'R'; // RHO
            case 931:
                return 'S'; // SIGMA
            case 932:
                return 'T'; // TAU
            case 933:
                return 'U'; // UPSILON
            case 934:
                return 'F'; // PHI
            case 935:
                return 'C'; // CHI
            case 936:
                return 'Y'; // PSI
            case 937:
                return 'W'; // OMEGA
            case 945:
                return 'a'; // alfa
            case 946:
                return 'b'; // beta
            case 947:
                return 'g'; // gamma
            case 948:
                return 'd'; // delta
            case 949:
                return 'e'; // epsilon
            case 950:
                return 'z'; // zeta
            case 951:
                return 'h'; // eta
            case 952:
                return 'q'; // theta
            case 953:
                return 'i'; // iota
            case 954:
                return 'k'; // kappa
            case 955:
                return 'l'; // lambda
            case 956:
                return 'm'; // mu
            case 957:
                return 'n'; // nu
            case 958:
                return 'x'; // xi
            case 959:
                return 'o'; // omicron
            case 960:
                return 'p'; // pi
            case 961:
                return 'r'; // rho
            case 962:
                return 'V'; // sigma
            case 963:
                return 's'; // sigma
            case 964:
                return 't'; // tau
            case 965:
                return 'u'; // upsilon
            case 966:
                return 'f'; // phi
            case 967:
                return 'c'; // chi
            case 968:
                return 'y'; // psi
            case 969:
                return 'w'; // omega
                default:
                    return ' ';
        }
    }
}",2.0,1,9,101
180,"public class ISCTRLWS {
/**
     * Return true is c is a C0 or C1 control character, Unicode
     * defined whitespace, or BOM.
     */
    public static boolean isCtrlWS( final char c )
    {
        switch( c ) {

            /* C0 control characters (not allowed in XML) */
        case 0x0000: // NUL
        case 0x0001:
        case 0x0002:
        case 0x0003:
        case 0x0004:
        case 0x0005:
        case 0x0006:
        case 0x0007: // BEL
        case 0x0008: // BS
        case 0x0009: // HT
        case 0x000A: // LF
        case 0x000B: // VT
        case 0x000C: // FF
        case 0x000D: // CR
        case 0x000E: // SO
        case 0x000F: // SI
        case 0x0010: // DLE
        case 0x0011: // DC1
        case 0x0012: // DC2
        case 0x0013: // DC3
        case 0x0014: // DC4
        case 0x0015: // NAK
        case 0x0016: // SYN
        case 0x0017: // ETB
        case 0x0018: // CAN
        case 0x0019: // EM
        case 0x001A: // SUB
        case 0x001B: // ESC
        case 0x001C: // FS
        case 0x001D: // GS
        case 0x001E: // RS
        case 0x001F: // US
        case 0x0020: // SPACE

        case 0x007F: // DEL

            /* C1 control characters (not allowed in XML 1.0) */
        case 0x0080:
        case 0x0081:
        case 0x0082:
        case 0x0083:
        case 0x0084:
        case 0x0085: // NEL ~CR+LF
        case 0x0086:
        case 0x0087:
        case 0x0088:
        case 0x0089:
        case 0x008A:
        case 0x008B:
        case 0x008C:
        case 0x008D:
        case 0x008E:
        case 0x008F:
        case 0x0090:
        case 0x0091:
        case 0x0092:
        case 0x0093:
        case 0x0094:
        case 0x0095:
        case 0x0096:
        case 0x0097:
        case 0x0098:
        case 0x0099:
        case 0x009A:
        case 0x009B:
        case 0x009C:
        case 0x009D:
        case 0x009E:
        case 0x009F:

        case 0x00A0: // NBSP

        case 0x1680: // OGHAM SPACE MARK
        case 0x180E: // MONGOLIAN VOWEL SEPARATOR

        case 0x2000: // EN QUAD
        case 0x2001: // EM QUAD
        case 0x2002: // EN SPACE
        case 0x2003: // EM SPACE
        case 0x2004: // THREE-PER-EM SPACE
        case 0x2005: // FOUR-PER-EM SPACE
        case 0x2006: // SIX-PER-EM SPACE
        case 0x2007: // FIGURE SPACE
        case 0x2008: // PUNCTUATION SPACE
        case 0x2009: // THIN SPACE
        case 0x200A: // HAIR SPACE
        case 0x200B: // ZERO WIDTH SPACE
            //FIXME: Zero widths, joiner, etc. should be removed instead of
            //replaced?

        case 0x2028: // LINE SEPARATOR
        case 0x2029: // PARAGRAPH SEPARATOR

        case 0x202F: // NARROW NO-BREAK SPACE

        case 0x205F: // MEDIUM MATHEMATICAL SPACE
        case 0x2060: // WORD JOINER

        case 0x3000: // IDEOGRAPHIC SPACE

        case 0xFEFF: // BOM
        case 0xFFFE: // Bad BOM: (not assigned)
        case 0xFFFF: // Not assigned (invalid Unicode)
            return true;
        }
        return false;
    }
}",2.0,2,16,95
181,"public class ISHTMLWS {
/**
     * Return true if character is a recognized whitespace in HTML 4, and still
     * XML safe.
     */
    public static boolean isHTMLWS( final char c )
    {
        switch( c ) {
        case 0x0009: // HT
        case 0x000A: // LF
        case 0x000D: // CR
        case 0x0020: // SPACE
        case 0x200B: // ZERO WIDTH SPACE
            return true;
        }
        return false;
    }
}",2.0,2,15,8
182,"public class ISUPTODATE {
/**
     * Compare two timestamps for being up to date using
     * the specified granularity.
     *
     * @param sourceTime  timestamp of source file.
     * @param destTime    timestamp of dest file.
     * @param granularity os/filesys granularity.
     * @return true if the dest file is considered up to date.
     */
    public boolean isUpToDate(long sourceTime, long destTime, long granularity)
    {
        if (destTime == -1)
        {
            return false;
        }
        return destTime >= sourceTime + granularity;
    }
}",2.0,2,12,3
183,"public class COMPUTEBINARYLOG {
/**
     * Computes floor(log_2(n)) + 1
     */
    private int computeBinaryLog(int n)
    {
        assert n >= 0;

        int result = 0;
        while (n > 0) {
            n >>= 1;
            ++result;
        }

        return result;
    }
}",2.0,1,4,6
184,"public class PREPARESETTINGS {
/**
     * Its only job is to accept lots of setting flags as arguments and create a single integer
     * that represents all those settings. <b>Note</b>, that it doesn't set {@link #settingFlags settingFlags} at all,
     * it will simply return the combined setting flags. You can pass the output of this method to {@link #isSettingSet(int) isSettingSet}
     * to check for multiple settings at one call, or pass this value to constructors. 
     * @param flags The settings as arguments.
     * @return The settings ORed together. 
     */
    public static int prepareSettings(int... flags) {
	int settings = 0;
	for (int flag : flags) {
	    settings = settings | flag;
	}
	return settings;
    }
}",2.0,4,66,4
185,"public class TO_SIX_BIT {
/**
     * Returns the transposed and split code of a 24-bit code
     * into a 4-byte code, each having 6 bits.
     */
    private static int to_six_bit(int num) {
        return (((num << 26) & 0xfc000000) | ((num << 12) & 0xfc0000) |
                ((num >> 2) & 0xfc00) | ((num >> 16) & 0xfc));
    }
}",1.0,2,18,4
186,"public class TO_SIX_BIT {
/**
     * Returns the transposed and split code of two 24-bit code
     * into two 4-byte code, each having 6 bits.
     */
    private static long to_six_bit(long num) {
        return (((num << 26) & 0xfc000000fc000000L) | ((num << 12) & 0xfc000000fc0000L) |
                ((num >> 2) & 0xfc000000fc00L) | ((num >> 16) & 0xfc000000fcL));
    }
}",1.0,2,18,4
187,"public class PROFILESPEED_BRAVO {
/**
         * Profiles based on generic distance measurement to wall and the distance to travel.
         * Speed/Distance follows the following profile:
         * |
         * |
         * |     _________
         * |    /         \ 
         * |   /           \
         * |__/             \__
         * |               
         * ------------------------------
         * 
         * NOTE: Possible issues include negative differences in case a sensor measures a greater
         *       distance than actually exists.
         * 
         * @param distToFinish Distance from the robot to the Fender
         * @param totalDistToTravel Total distance for the robot to travel
         * @param direction 1 for forward, -1 for backward
         * @return The speed at which to drive the motors, from -1.0 to 1.0
         */
        public static double profileSpeed_Bravo(double distToFinish, double totalDistToTravel, int direction) {
            return 0;

        }
}",1.0,12,49,2
188,"public class BINARYSIZE {
/**
     * Write to buffer (starting at index) the given number using a set of bytes
     * as required by the max possible value for the number
     * 
     * @param max
     *            The number to write
     * @return The number of bytes needed
     */
    protected static int binarySize(int max) {
        // 1 byte (2^8)
        if (max < 256) {
            return 1;
        }

        // 2 bytes (2^16)
        if (max < 65536) {
            return 2;
        }

        // 3 bytes (2^24)
        if (max < 16777216) {
            return 3;
        }

        // 4 bytes (2^32)
        return 4;
    }
}",4.0,3,28,7
189,"public class GETU32 {
/**
     * Returns an unsigned 32-bit value from little-endian ordered bytes.
     *
     * @param b1 first byte value
     * @param b2 second byte value
     * @param b3 third byte value
     * @param b4 fourth byte value
     * @return an unsigned 32-bit value as a long
     */
    public static long getU32(int b1, int b2, int b3, int b4) {
        return ((b1 & 0xFF) | ((b2 & 0xFF) << 8) | ((b3 & 0xFF) << 16) | ((b4 & 0xFF) << 24)) & 0x00000000FFFFFFFFL;
    }
}",1.0,1,9,2
190,"public class DIGITVALUE {
/**
     * Interpret a character as a digit (in any base up to 36) and return the numeric value. This is
     * like {@code Character.digit()} but we don't accept non-ASCII digits.
     */
    private static int digitValue(char c) {
        if (('0' <= c) && (c <= '9')) {
            return c - '0';
        } else if (('a' <= c) && (c <= 'z')) {
            return c - 'a' + 10;
        } else {
            return c - 'A' + 10;
        }
    }
}",5.0,2,28,6
191,"public class COLORCOMPONENTABSOLUTE {
/**
     * Defines a simple function for a color.
     * 
     * @param value
     * @param bLeft under this value, the color is 0
     * @param bRight up to this value, the color is 0
     * @param tLeft from this value until @link tRight, the color is 1
     * @param tRight from @link tLeft until this value, the color is 1
     * 
     * Between bLeft and tLeft, as well as tRight and bRight, the output value is a linear
     * interpolation between 0 and 1.
     * 
     * <code>
     *                      tLeft       tRight
     *                        /-----------\
     *                       /             \ 
     *                      /               \
     *              -------|-----------------|--------
     *                    bLeft            bRight  
     * </code>
     * 
     * @return color influence.
     */
    private float colorComponentAbsolute( float value, float bLeft, float bRight, float tLeft, float tRight ){
        float output = 0;
        // a gauche ou a droite du creneau
        if( (value < bLeft) || (value >= bRight) ){
            output = 0;
        }
        // sur le plateau haut
        else if( (value >= tLeft) && (value < tRight) ){
            output = 1;
        }
        // sur la pente gauche du creneau
        else if( (value >= bLeft) && (value < tLeft) ){
            output = (value-bLeft)/(tLeft-bLeft);
        }
        // sur la pente droite du creneau
        else if( (value >= tRight) && (value < bRight) ){
            output = (value-bRight)/(tRight-bRight);
        }
        return output;
    }
}",9.0,11,40,11
192,"public class COMPARISON {
/** Return the opposite of closest distance, so that closest distance is sorted after farest distance.*/
	protected int comparison(double dist1, double dist2){
		if(dist1 == dist2)
			return 0;
		else if(dist1 < dist2)
			return 1;//*Math.max((int)Math.abs(dist1-dist2),1);
		else
			return -1;//*Math.max((int)Math.abs(dist1-dist2),1);
	}
}",3.0,1,16,3
193,"public class COMPUTEFIELDOFVIEW {
/** Compute the field of View, in order to occupy the entire screen in PERSPECTIVE mode.*/
	protected double computeFieldOfView(double size, double distance){
	    double radtheta;
	    double degtheta; 
	    radtheta = 2.0 * Math.atan2(size/2.0, distance);
	    degtheta = (180.0 * radtheta) / Math.PI;
	    return degtheta;
	}
}",1.0,1,16,5
194,"public class CLAMP {
/** Clamps argument between min and max values. */
  public static float clamp(float val, float min, float max) {
    if (val < min) return min;
    if (val > max) return max;
    return val;
  }
}",3.0,1,9,3
195,"public class CLAMP {
/** Clamps argument between min and max values. */
  public static int clamp(int val, int min, int max) {
    if (val < min) return min;
    if (val > max) return max;
    return val;
  }
}",3.0,1,9,3
196,"public class DISTANCE {
/**
	 * returns the (approximate) distance between the two positions on earth
	 * given by (lat1, lon1) and (lat2, lon2)
	 * 
	 * @param lat1
	 * @param lon1
	 * @param lat2
	 * @param lon2
	 * @return
	 */
	public static double distance(double lat1, double lon1, double lat2, double lon2) {
		// earth radius
		final double radius = 6378140;
		
		// scale factor between root-squared-lat-lon distance and distance in meters
		double latScaleFactor = 2 * Math.PI * radius / 360;
		double lonScaleFactor = 2 * Math.PI * (radius * Math.cos(Math.toRadians(lat1))) / 360;
		
		return Math.sqrt(
				Math.pow((lat1 - lat2) * latScaleFactor, 2) + 
				Math.pow((lon1 - lon2) * lonScaleFactor, 2));
	}
}",1.0,2,17,5
197,"public class GETNEXTSQUARENUMBERABOVE {
/**
	 * Calculates i.e. the increase of zoomlevel needed when the visible latitude needs to be bigger by <code>factor</code>.  
	 * 
	 * Assert.assertEquals(1, getNextSquareNumberAbove(1.1f));
	 * Assert.assertEquals(2, getNextSquareNumberAbove(2.1f));
	 * Assert.assertEquals(2, getNextSquareNumberAbove(3.9f));
	 * Assert.assertEquals(3, getNextSquareNumberAbove(4.1f));
	 * Assert.assertEquals(3, getNextSquareNumberAbove(7.9f));
	 * Assert.assertEquals(4, getNextSquareNumberAbove(8.1f));
	 * Assert.assertEquals(5, getNextSquareNumberAbove(16.1f));
	 * 
	 * Assert.assertEquals(-1, - getNextSquareNumberAbove(1 / 0.4f) + 1);
	 * Assert.assertEquals(-2, - getNextSquareNumberAbove(1 / 0.24f) + 1);
	 * 
	 * @param factor
	 * @return
	 */
	public static int getNextSquareNumberAbove(final float factor){
		int out = 0;
		int cur = 1;
		int i = 1;
		while(true){
			if(cur > factor)
				return out;
			
			out = i;
			cur *= 2;
			i++;
		}
	}
}",3.0,10,45,8
198,"public class ROUNDTO {
/**
	 * (Based on round() in PHP)
	 * @param number - the number to round
	 * @param numPlaces - how many digits after decimal point to leave intact
	 * @return the value of {@code number} rounded to specified number of digits after the decimal point.
	 */
	public static float roundTo(float number, int numPlaces)
	{
		if (numPlaces <= 1)
			return Math.round(number);
		
		float exponent = (float) Math.pow(10, numPlaces);
		
		return Math.round(number * exponent) / exponent;
	}
}",2.0,1,5,3
199,"public class HASH1 {
/**
   * 32-bit FNV Hash Function
   * 
   * @param c input character
   * @return hashcode
   */
  public long hash1(char c) {
    final long p = 1099511628211L;
    long hash = 0xcbf29ce484222325L;
    hash = (hash ^ (c & 0x00FF)) * p;
    hash = (hash ^ (c >> 8)) * p;
    hash += hash << 13;
    hash ^= hash >> 7;
    hash += hash << 3;
    hash ^= hash >> 17;
    hash += hash << 5;
    return hash;
  }
}",1.0,1,4,10
200,"public class HASH2 {
/**
   * djb2 hash algorithm，this algorithm (k=33) was first reported by dan
   * bernstein many years ago in comp.lang.c. another version of this algorithm
   * (now favored by bernstein) uses xor: hash(i) = hash(i - 1) * 33 ^ str[i];
   * the magic of number 33 (why it works better than many other constants,
   * prime or not) has never been adequately explained.
   * 
   * @param c character
   * @return hashcode
   */
  public int hash2(char c) {
    int hash = 5381;

    /* hash 33 + c */
    hash = ((hash << 5) + hash) + c & 0x00FF;
    hash = ((hash << 5) + hash) + c >> 8;

    return hash;
  }
}",1.0,5,57,5
201,"public class VINTSIZE {
/** Number of bytes to represent an unsigned int as a vint. */
  private static int vIntSize(int x) {
    if ((x & (0xffffffff << (7*1))) == 0 ) {
      return 1;
    }
    if ((x & (0xffffffff << (7*2))) == 0 ) {
      return 2;
    }
    if ((x & (0xffffffff << (7*3))) == 0 ) {
      return 3;
    }
    if ((x & (0xffffffff << (7*4))) == 0 ) {
      return 4;
    }
    return 5;
  }
}",5.0,1,13,9
202,"public class POP {
/** Returns the number of bits set in the long */
  public static int pop(long x) {
  /* Hacker's Delight 32 bit pop function:
   * http://www.hackersdelight.org/HDcode/newCode/pop_arrayHS.cc
   *
  int pop(unsigned x) {
     x = x - ((x >> 1) & 0x55555555);
     x = (x & 0x33333333) + ((x >> 2) & 0x33333333);
     x = (x + (x >> 4)) & 0x0F0F0F0F;
     x = x + (x >> 8);
     x = x + (x >> 16);
     return x & 0x0000003F;
    }
  ***/

    // 64 bit java version of the C function from above
    x = x - ((x >>> 1) & 0x5555555555555555L);
    x = (x & 0x3333333333333333L) + ((x >>>2 ) & 0x3333333333333333L);
    x = (x + (x >>> 4)) & 0x0F0F0F0F0F0F0F0FL;
    x = x + (x >>> 8);
    x = x + (x >>> 16);
    x = x + (x >>> 32);
    return ((int)x) & 0x7F;
  }
}",1.0,1,11,18
203,"public class NTZ3 {
/** returns 0 based index of first set bit
   * <br/> This is an alternate implementation of ntz()
   */
  public static int ntz3(long x) {
   // another implementation taken from Hackers Delight, extended to 64 bits
   // and converted to Java.
   // Many 32 bit ntz algorithms are at http://www.hackersdelight.org/HDcode/ntz.cc
   int n = 1;

   // do the first step as a long, all others as ints.
   int y = (int)x;
   if (y==0) {n+=32; y = (int)(x>>>32); }
   if ((y & 0x0000FFFF) == 0) { n+=16; y>>>=16; }
   if ((y & 0x000000FF) == 0) { n+=8; y>>>=8; }
   if ((y & 0x0000000F) == 0) { n+=4; y>>>=4; }
   if ((y & 0x00000003) == 0) { n+=2; y>>>=2; }
   return n - (y & 1);
  }
}",6.0,1,8,18
204,"public class NEXTHIGHESTPOWEROFTWO {
/** returns the next highest power of two, or the current value if it's already a power of two or zero*/
  public static int nextHighestPowerOfTwo(int v) {
    v--;
    v |= v >> 1;
    v |= v >> 2;
    v |= v >> 4;
    v |= v >> 8;
    v |= v >> 16;
    v++;
    return v;
  }
}",1.0,1,21,8
205,"public class NEXTHIGHESTPOWEROFTWO {
/** returns the next highest power of two, or the current value if it's already a power of two or zero*/
   public static long nextHighestPowerOfTwo(long v) {
    v--;
    v |= v >> 1;
    v |= v >> 2;
    v |= v >> 4;
    v |= v >> 8;
    v |= v >> 16;
    v |= v >> 32;
    v++;
    return v;
  }
}",1.0,1,21,9
206,"public class BITS2WORDS {
/** returns the number of 64 bit words it would take to hold numBits */
  public static int bits2words(int numBits) {
    int numLong = numBits >>> 6;
    if ((numBits & 63) != 0) {
      numLong++;
    }
    return numLong;
  }
}",2.0,1,15,4
207,"public class LOG {
/**
   * Returns {@code x <= 0 ? 0 : Math.floor(Math.log(x) / Math.log(base))}
   * @param base must be {@code > 1}
   */
  public static int log(long x, int base) {
    if (base <= 1) {
      throw new IllegalArgumentException(""base must be > 1"");
    }
    int ret = 0;
    while (x >= base) {
      x /= base;
      ret++;
    }
    return ret;
  }
}",3.0,1,11,7
208,"public class DOUBLETOSORTABLELONG {
/**
   * Converts a <code>double</code> value to a sortable signed <code>long</code>.
   * The value is converted by getting their IEEE 754 floating-point &quot;double format&quot;
   * bit layout and then some bits are swapped, to be able to compare the result as long.
   * By this the precision is not reduced, but the value can easily used as a long.
   * The sort order (including {@link Double#NaN}) is defined by
   * {@link Double#compareTo}; {@code NaN} is greater than positive infinity.
   * @see #sortableLongToDouble
   */
  public static long doubleToSortableLong(double val) {
    long f = Double.doubleToLongBits(val);
    if (f<0) f ^= 0x7fffffffffffffffL;
    return f;
  }
}",2.0,6,72,3
209,"public class SORTABLELONGTODOUBLE {
/**
   * Converts a sortable <code>long</code> back to a <code>double</code>.
   * @see #doubleToSortableLong
   */
  public static double sortableLongToDouble(long val) {
    if (val<0) val ^= 0x7fffffffffffffffL;
    return Double.longBitsToDouble(val);
  }
}",2.0,1,8,2
210,"public class FLOATTOSORTABLEINT {
/**
   * Converts a <code>float</code> value to a sortable signed <code>int</code>.
   * The value is converted by getting their IEEE 754 floating-point &quot;float format&quot;
   * bit layout and then some bits are swapped, to be able to compare the result as int.
   * By this the precision is not reduced, but the value can easily used as an int.
   * The sort order (including {@link Float#NaN}) is defined by
   * {@link Float#compareTo}; {@code NaN} is greater than positive infinity.
   * @see #sortableIntToFloat
   */
  public static int floatToSortableInt(float val) {
    int f = Float.floatToIntBits(val);
    if (f<0) f ^= 0x7fffffff;
    return f;
  }
}",2.0,6,72,3
211,"public class SORTABLEINTTOFLOAT {
/**
   * Converts a sortable <code>int</code> back to a <code>float</code>.
   * @see #floatToSortableInt
   */
  public static float sortableIntToFloat(int val) {
    if (val<0) val ^= 0x7fffffff;
    return Float.intBitsToFloat(val);
  }
}",2.0,1,8,2
212,"public class BITSREQUIRED {
/** Returns how many bits are required to hold values up
   *  to and including maxValue
   * @param maxValue the maximum value that should be representable.
   * @return the amount of bits needed to represent values from 0 to maxValue.
   * @lucene.internal
   */
  public static int bitsRequired(long maxValue) {
    if (maxValue < 0) {
      throw new IllegalArgumentException(""maxValue must be non-negative (got: "" + maxValue + "")"");
    }
    return Math.max(1, 64 - Long.numberOfLeadingZeros(maxValue));
  }
}",2.0,1,4,3
213,"public class BYTESNEEDED {
/**
   * Returns the number of bytes needed to encode {@code number}.
   * @param number The number whose encoded length is needed.
   * @return The number of bytes needed to encode {@code number}.
   */
  public static int bytesNeeded(int number) {
    if ((number & ~0x7F) == 0) {
      return 1;
    } else if ((number & ~0x3FFF) == 0) {
      return 2;
    } else if ((number & ~0x1FFFFF) == 0) {
      return 3;
    } else if ((number & ~0xFFFFFFF) == 0) {
      return 4;
    } else {
      return 5;
    }
  }
}",5.0,1,10,10
214,"public class ENCODEWEIGHT {
/** weight -> cost */
  private static int encodeWeight(long value) {
    if (value < 0 || value > Integer.MAX_VALUE) {
      throw new UnsupportedOperationException(""cannot encode value: "" + value);
    }
    return Integer.MAX_VALUE - (int)value;
  }
}",3.0,1,5,3
215,"public class ENCODEWEIGHT {
/** weight -> cost */
  private static int encodeWeight(long value) {
    if (value < Integer.MIN_VALUE || value > Integer.MAX_VALUE) {
      throw new UnsupportedOperationException(""cannot encode value: "" + value);
    }
    return (int)value;
  }
}",3.0,1,5,3
216,"public class CONVERTAMOUNT {
/**
   * Performs a currency conversion & unit conversion.
   *
   * @param exchangeRate         Exchange rate to apply.
   * @param sourceFractionDigits The fraction digits of the source.
   * @param sourceAmount         The source amount.
   * @param targetFractionDigits The fraction digits of the target.
   * @return The converted indexable units after the exchange rate and currency fraction digits are applied.
   */
  public static long convertAmount(final double exchangeRate, final int sourceFractionDigits, final long sourceAmount, final int targetFractionDigits) {
    int digitDelta = targetFractionDigits - sourceFractionDigits;
    double value = ((double) sourceAmount * exchangeRate);

    if (digitDelta != 0) {
      if (digitDelta < 0) {
        for (int i = 0; i < -digitDelta; i++) {
          value *= 0.1;
        }
      } else {
        for (int i = 0; i < digitDelta; i++) {
          value *= 10.0;
        }
      }
    }

    return (long) value;
  }
}",5.0,1,7,14
217,"public class GETMAX {
/**
   * Returns offset + len if len equals zero or higher. Otherwise returns max.
   *
   * @param offset The offset
   * @param len    The number of documents to return
   * @param max    The number of document to return if len < 0 or if offset + len < 0
   * @return offset + len if len equals zero or higher. Otherwise returns max
   */
  int getMax(int offset, int len, int max) {
    int v = len < 0 ? max : offset + len;
    if (v < 0 || v > max) v = max;
    return v;
  }
}",3.0,1,13,4
218,"public class SECONDSTOTICKS {
/**
     * Returns the number of ticks a timer torch (and perhaps delay torch) should wait
     * before reverting.  Not using system clock, because lag will throw off calculations.
     * @param seconds number of seconds in 0.0
     * @return the number of ticks in the given number of seconds.
     */
    public static long secondsToTicks(double seconds){
        double t = seconds * 20; //20 ticks per second, in an ideal world.
        return Math.round(t);
    }
}",1.0,2,26,2
219,"public class BINROOT {
/**
     * Bin root - a binary search for a square root.
     * I wrote this purely to check my recollection
     * of how this kind of search can be used to invert
     * functions.
     */

    private static double binRoot(double x) {
        double eps = 0.0001; // accuracy
        // do a binary search for it
        // find the square root of x using a binary search
        double lower = 0.0;
        double upper = x;
        double mid = 0.0;


        for (int i = 0; i < 100; i++) {
            mid = (lower + upper) / 2;
            // each time, if mid is too big
            // fix lower to mid
            // else fix upper to mid

            double cur = mid * mid;
            if (Math.abs(x - cur) < eps) {
                // System.out.println(""Converged to "" + cur + "" in "" + i + "" iterations"");
                return mid;
            }

            if (cur < x) // mid too small
                lower = mid;
            else // mid too big
                upper = mid;
        }
        return mid;
    }
}",4.0,4,30,14
220,"public class VOCALTRACTCOMPENSATION {
/**
     * Compensation of the vocal tract influence
     * @param freq
     * @param formant
     * @param bandWidth
     * @return
     */   
    public double vocalTractCompensation(double freq, double formant, double bandWidth){
      double num, denom, aux, val;     
      aux = Math.pow((bandWidth/2), 2.0);
      num = Math.pow(formant, 2.0) + aux;
      denom = Math.sqrt( ( Math.pow((freq-formant), 2.0) + aux )*( Math.pow((freq+formant), 2.0) + aux) );
      val = (num/denom);
      if(val > 0.0)
        return (20 * Math.log10(val));
      else{
        System.out.println(""vocalTractCompensation: warning value < 0.0"");
        return 0.0;
      }      
    }
}",2.0,1,6,11
221,"public class ISLETTERORMODIFIER {
/**
     * Determine whether the given codepoint is either a letter or
     * a modifier according to the Unicode standard. More precisely,
     * this returns true if codepoint belongs to one of the following categories
     * as defined at http://unicode.org/Public/UNIDATA/UCD.html#General_Category_Values:
     * <ul>
     * <li>Lu   Letter, Uppercase</li>
     * <li>Ll  Letter, Lowercase</li>
     * <li>Lt  Letter, Titlecase</li>
     * <li>Lm  Letter, Modifier</li>
     * <li>Lo  Letter, Other</li>
     * <li>Mn  Mark, Nonspacing</li>
     * <li>Mc  Mark, Spacing Combining</li>
     * <li>Me  Mark, Enclosing</li>
     * </ul>
     * Whether a given character is associated with this category can be looked up
     * at http://unicode.org/Public/UNIDATA/UnicodeData.txt
     * @param codePoint the unicode codepoint as determined e.g. by String.codePointAt().
     * @return true if the above condition is met, false otherwise
     */
    public static boolean isLetterOrModifier(int codePoint)
    {
        int type = Character.getType(codePoint);
        return type == Character.UPPERCASE_LETTER
            || type == Character.LOWERCASE_LETTER
            || type == Character.TITLECASE_LETTER
            || type == Character.MODIFIER_LETTER
            || type == Character.OTHER_LETTER
            || type == Character.NON_SPACING_MARK
            || type == Character.COMBINING_SPACING_MARK
            || type == Character.ENCLOSING_MARK;
    }
}",8.0,16,77,9
222,"public class HYPOT {
/** sqrt(a^2 + b^2) without under/overflow. **/



   public static double hypot(double a, double b) {

      double r;

      if (Math.abs(a) > Math.abs(b)) {

         r = b/a;

         r = Math.abs(a)*Math.sqrt(1+r*r);

      } else if (b != 0) {

         r = a/b;

         r = Math.abs(b)*Math.sqrt(1+r*r);

      } else {

         r = 0.0;

      }

      return r;

   }
}",3.0,1,7,10
223,"public class BANDWIDTH2KERNELLENGTH {
/**
     * Convert from normalisedTransitionBandwidth to filter kernel length,
     * using the approximate formula l = 4/bw. 
     * @param normalisedTransitionBandwidth
     * @return the corresponding filter kernel length (guaranteed to be an odd number).
     */
    protected static int bandwidth2kernelLength(double normalisedTransitionBandwidth)
    {
        int l = (int) (4/normalisedTransitionBandwidth);
        // kernel length must be odd:
        if (l%2==0) l++;
        return l;
    }
}",2.0,2,14,3
224,"public class BYTESWAP {
/**
     * Byte swapping for int values.
     * 
     * @param val
     * @return
     */
    private static int byteswap( int val ) {
        return( ( (val & 0xff000000) >>> 24)
                 + ( (val & 0x00ff0000) >>> 8)
                 + ( (val & 0x0000ff00) << 8)
                 + ( (val & 0x000000ff) << 24) );
     }
}",1.0,1,5,4
225,"public class HZ2BARK {
/**
     * Since there is no asinh in Math, here it is used its definition:
     * asinh(x) = ln( x + sqrt(x^2+1) )
     * This function is used in fft2barkmx()
     */
    public static double hz2bark(double freqInHz)
    {
        // if should be: return 6 * asinh(f/600);
        double f = freqInHz/600;
        return 6 * Math.log( f + Math.sqrt((f*f)+1) );
    }
}",1.0,3,26,2
226,"public class HEXDIGITPOSTFIX {
/**
     * Hex digit postfix.
     * 
     * @param ch
     *        the ch
     * @return true, if successful
     */
    public boolean hexDigitPostfix(char ch) {
        switch (ch) {
            case 'A':
            case 'B':
            case 'C':
            case 'D':
            case 'E':
            case 'F':
            case 'a':
            case 'b':
            case 'c':
            case 'd':
            case 'e':
            case 'f':
                return true;
            default:
                return false;
        }
    }
}",2.0,2,5,16
227,"public class GETSKYCOLORBYTEMP {
/**
     * takes temperature, returns color
     */
    public int getSkyColorByTemp(float par1)
    {
        par1 /= 3F;

        if (par1 < -1F)
        {
            par1 = -1F;
        }

        if (par1 > 1.0F)
        {
            par1 = 1.0F;
        }

        return java.awt.Color.getHSBColor(0.6222222F - par1 * 0.05F, 0.5F + par1 * 0.1F, 1.0F).getRGB();
    }
}",3.0,1,4,6
228,"public class GETBLOCKTEXTUREFROMSIDEANDMETADATA {
/**
     * From the specified side and block metadata retrieves the blocks texture. Args: side, metadata
     */
    public int getBlockTextureFromSideAndMetadata(int par1, int par2)
    {
        if (par1 == 1)
        {
            return 138;
        }

        return par1 != 0 ? 154 : 155;
    }
}",2.0,1,14,3
229,"public class GETFLUIDHEIGHTPERCENT {
/**
     * Returns the percentage of the fluid block that is air, based on the given flow decay of the fluid.
     */
    public static float getFluidHeightPercent(int par0)
    {
        if (par0 >= 8)
        {
            par0 = 0;
        }

        float f = (float)(par0 + 1) / 9F;
        return f;
    }
}",2.0,1,19,4
230,"public class GETBLOCKTEXTUREFROMSIDEANDMETADATA {
/**
     * From the specified side and block metadata retrieves the blocks texture. Args: side, metadata
     */
    public int getBlockTextureFromSideAndMetadata(int par1, int par2)
    {
        if (par1 == 1)
        {
            return 0;
        }

        return par1 != 0 ? 3 : 2;
    }
}",2.0,1,14,3
231,"public class GETBLOCKTEXTUREFROMSIDEANDMETADATA {
/**
     * From the specified side and block metadata retrieves the blocks texture. Args: side, metadata
     */
    public int getBlockTextureFromSideAndMetadata(int par1, int par2)
    {
        if (par1 == 1)
        {
            return 21;
        }

        if (par1 == 0)
        {
            return 21;
        }

        if (par2 == 1)
        {
            return 116;
        }

        if (par2 == 2)
        {
            return 117;
        }

        return par2 != 3 ? 20 : 153;
    }
}",5.0,1,14,9
232,"public class GETBLOCKTEXTUREFROMSIDEANDMETADATA {
/**
     * From the specified side and block metadata retrieves the blocks texture. Args: side, metadata
     */
    public int getBlockTextureFromSideAndMetadata(int par1, int par2)
    {
        if (par1 == 1)
        {
            return 78;
        }

        return par1 != 0 ? 77 : 2;
    }
}",2.0,1,14,3
233,"public class GETBLOCKTEXTUREFROMSIDEANDMETADATA {
/**
     * From the specified side and block metadata retrieves the blocks texture. Args: side, metadata
     */
    public int getBlockTextureFromSideAndMetadata(int par1, int par2)
    {
        if (par1 == 1 || par1 == 0 && (par2 == 1 || par2 == 2))
        {
            return 176;
        }

        if (par1 == 0)
        {
            return 208;
        }

        if (par2 == 1)
        {
            return 229;
        }

        return par2 != 2 ? 192 : 230;
    }
}",7.0,1,14,7
234,"public class GETRENDERCOLOR {
/**
     * Returns the color this block should be rendered. Used by leaves.
     */
    public int getRenderColor(int par1)
    {
        int i = par1 * 32;
        int j = 255 - par1 * 8;
        int k = par1 * 4;
        return i << 16 | j << 8 | k;
    }
}",1.0,1,11,4
235,"public class GETBLOCKTEXTUREFROMSIDEANDMETADATA {
/**
     * From the specified side and block metadata retrieves the blocks texture. Args: side, metadata
     */
    public int getBlockTextureFromSideAndMetadata(int par1, int par2)
    {
        switch (par2)
        {
            default:
                return 54;

            case 1:
                return 100;

            case 2:
                return 101;

            case 3:
                return 213;
        }
    }
}",2.0,1,14,9
236,"public class GETBLOCKTEXTUREFROMSIDEANDMETADATA {
/**
     * From the specified side and block metadata retrieves the blocks texture. Args: side, metadata
     */
    public int getBlockTextureFromSideAndMetadata(int par1, int par2)
    {
        switch (par2)
        {
            default:
                return 4;

            case 1:
                return 198;

            case 2:
                return 214;

            case 3:
                return 199;
        }
    }
}",2.0,1,14,9
237,"public class CHUNKXZ2INT {
/**
     * converts a chunk coordinate pair to an integer (suitable for hashing)
     */
    public static long chunkXZ2Int(int par0, int par1)
    {
        long l = par0;
        long l1 = par1;
        return l & 0xffffffffL | (l1 & 0xffffffffL) << 32;
    }
}",1.0,1,11,3
238,"public class SIMPLIFYANGLE {
/**
     * Simplifies the value of a number by adding/subtracting 180 to the point that the number is between -180 and 180.
     */
    private float simplifyAngle(double par1)
    {
        for (; par1 >= 180D; par1 -= 360D) { }

        for (; par1 < -180D; par1 += 360D) { }

        return (float)par1;
    }
}",3.0,1,20,3
239,"public class UPDATEROTATION {
/**
     * Arguments: current rotation, intended rotation, max increment.
     */
    private float updateRotation(float par1, float par2, float par3)
    {
        float f;

        for (f = par2 - par1; f < -180F; f += 360F) { }

        for (; f >= 180F; f -= 360F) { }

        if (f > par3)
        {
            f = par3;
        }

        if (f < -par3)
        {
            f = -par3;
        }

        return par1 + f;
    }
}",5.0,1,7,8
240,"public class GETXPSPLIT {
/**
     * Get xp split rate (Is called until the xp drop code in EntityLiving.onEntityUpdate is complete)
     */
    public static int getXPSplit(int par0)
    {
        if (par0 >= 2477)
        {
            return 2477;
        }

        if (par0 >= 1237)
        {
            return 1237;
        }

        if (par0 >= 617)
        {
            return 617;
        }

        if (par0 >= 307)
        {
            return 307;
        }

        if (par0 >= 149)
        {
            return 149;
        }

        if (par0 >= 73)
        {
            return 73;
        }

        if (par0 >= 37)
        {
            return 37;
        }

        if (par0 >= 17)
        {
            return 17;
        }

        if (par0 >= 7)
        {
            return 7;
        }

        return par0 < 3 ? 1 : 3;
    }
}",10.0,1,15,19
241,"public class COMPUTEHASH {
/**
     * Makes the passed in integer suitable for hashing by a number of shifts
     */
    private static int computeHash(int par0)
    {
        par0 ^= par0 >>> 20 ^ par0 >>> 12;
        return par0 ^ par0 >>> 7 ^ par0 >>> 4;
    }
}",1.0,1,13,2
242,"public class FLOOR_FLOAT {
/**
     * Returns the greatest integer less than or equal to the float argument
     */
    public static int floor_float(float par0)
    {
        int i = (int)par0;
        return par0 >= (float)i ? i : i - 1;
    }
}",1.0,1,12,2
243,"public class FLOOR_DOUBLE {
/**
     * Returns the greatest integer less than or equal to the double argument
     */
    public static int floor_double(double par0)
    {
        int i = (int)par0;
        return par0 >= (double)i ? i : i - 1;
    }
}",1.0,1,12,2
244,"public class FLOOR_DOUBLE_LONG {
/**
     * Long version of floor_double
     */
    public static long floor_double_long(double par0)
    {
        long l = (long)par0;
        return par0 >= (double)l ? l : l - 1L;
    }
}",1.0,1,4,2
245,"public class CLAMP_INT {
/**
     * Returns the value of the first parameter, clamped to be within the lower and upper limits given by the second and
     * third parameters.
     */
    public static int clamp_int(int par0, int par1, int par2)
    {
        if (par0 < par1)
        {
            return par1;
        }

        if (par0 > par2)
        {
            return par2;
        }
        else
        {
            return par0;
        }
    }
}",3.0,2,23,6
246,"public class CLAMP_FLOAT {
/**
     * Returns the value of the first parameter, clamped to be within the lower and upper limits given by the second and
     * third parameters
     */
    public static float clamp_float(float par0, float par1, float par2)
    {
        if (par0 < par1)
        {
            return par1;
        }

        if (par0 > par2)
        {
            return par2;
        }
        else
        {
            return par0;
        }
    }
}",3.0,2,23,6
247,"public class ABS_MAX {
/**
     * Maximum of the absolute value of two numbers.
     */
    public static double abs_max(double par0, double par2)
    {
        if (par0 < 0.0D)
        {
            par0 = -par0;
        }

        if (par2 < 0.0D)
        {
            par2 = -par2;
        }

        return par0 <= par2 ? par2 : par0;
    }
}",3.0,1,8,5
248,"public class BUCKETINT {
/**
     * Buckets an integer with specifed bucket sizes.  Args: i, bucketSize
     */
    public static int bucketInt(int par0, int par1)
    {
        if (par0 < 0)
        {
            return -((-par0 - 1) / par1) - 1;
        }
        else
        {
            return par0 / par1;
        }
    }
}",2.0,1,10,4
249,"public class UPDATEROTATIONS {
/**
     * Updates the rotations in the parameters for rotations greater than 180 degrees or less than -180 degrees. It adds
     * or subtracts 360 degrees, so that the appearance is the same, although the numbers are then simplified to range
     * -180 to 180
     */
    private float updateRotations(double par1)
    {
        for (; par1 >= 180D; par1 -= 360D) { }

        for (; par1 < -180D; par1 += 360D) { }

        return (float)par1;
    }
}",3.0,3,41,3
250,"public class COUNTSETFLAGS {
/**
     * Count the number of bits in an integer set to ON.
     */
    private static int countSetFlags(int par0)
    {
        int i;

        for (i = 0; par0 > 0; i++)
        {
            par0 &= par0 - 1;
        }

        return i;
    }
}",2.0,1,11,4
251,"public class GETAOBRIGHTNESS {
/**
     * Get ambient occlusion brightness
     */
    private int getAoBrightness(int par1, int par2, int par3, int par4)
    {
        if (par1 == 0)
        {
            par1 = par4;
        }

        if (par2 == 0)
        {
            par2 = par4;
        }

        if (par3 == 0)
        {
            par3 = par4;
        }

        return par1 + par2 + par3 + par4 >> 2 & 0xff00ff;
    }
}",4.0,1,4,7
252,"public class RENDERITEMIN3D {
/**
     * Checks to see if the item's render type indicates that it should be rendered as a regular block or not.
     */
    public static boolean renderItemIn3d(int par0)
    {
        if (par0 == 0)
        {
            return true;
        }

        if (par0 == 13)
        {
            return true;
        }

        if (par0 == 10)
        {
            return true;
        }

        if (par0 == 11)
        {
            return true;
        }

        if (par0 == 27)
        {
            return true;
        }

        if (par0 == 22)
        {
            return true;
        }

        if (par0 == 21)
        {
            return true;
        }

        return par0 == 16;
    }
}",8.0,1,20,15
253,"public class ALPHABLEND {
/**
     * Uses the alpha of the two colors passed in to determine the contributions of each color.  If either of them has
     * an alpha greater than 0 then the returned alpha is 255 otherwise its zero if they are both zero. Args: color1,
     * color2
     */
    private int alphaBlend(int par1, int par2)
    {
        int i = (par1 & 0xff000000) >> 24 & 0xff;
        int j = (par2 & 0xff000000) >> 24 & 0xff;
        char c = '\377';

        if (i + j < 255)
        {
            c = '\0';
            i = 1;
            j = 1;
        }
        else if (i > j)
        {
            i = 255;
            j = 1;
        }
        else
        {
            i = 1;
            j = 255;
        }

        int k = (par1 >> 16 & 0xff) * i;
        int l = (par1 >> 8 & 0xff) * i;
        int i1 = (par1 & 0xff) * i;
        int j1 = (par2 >> 16 & 0xff) * j;
        int k1 = (par2 >> 8 & 0xff) * j;
        int l1 = (par2 & 0xff) * j;
        int i2 = (k + j1) / (i + j);
        int j2 = (l + k1) / (i + j);
        int k2 = (i1 + l1) / (i + j);
        return c << 24 | i2 << 16 | j2 << 8 | k2;
    }
}",3.0,3,43,23
254,"public class CALCULATECELESTIALANGLE {
/**
     * Calculates the angle of sun and moon in the sky relative to a specified time (usually worldTime)
     */
    public float calculateCelestialAngle(long par1, float par3)
    {
        int i = (int)(par1 % 24000L);
        float f = ((float)i + par3) / 24000F - 0.25F;

        if (f < 0.0F)
        {
            f++;
        }

        if (f > 1.0F)
        {
            f--;
        }

        float f1 = f;
        f = 1.0F - (float)((Math.cos((double)f * Math.PI) + 1.0D) / 2D);
        f = f1 + (f - f1) / 3F;
        return f;
    }
}",3.0,1,17,10
255,"public class TOMAPUNIT {
/**
	 * A map unit is an integer value that is 1/(2^24) degrees of latitude or
	 * longitude.
	 *
	 * @param l The lat or long as decimal degrees.
	 * @return An integer value in map units.
	 */
	public static int toMapUnit(double l) {
		double DELTA = 360.0D / (1 << 24) / 2; //Correct rounding
		if (l > 0)
			return (int) ((l + DELTA) * (1 << 24)/360);
		else
			return (int) ((l - DELTA) * (1 << 24)/360);
	}
}",2.0,2,15,3
256,"public class ALPHAROUND4 {
/**
	 * Round alpha value to four bits.
	 * @param alpha The original alpha value eg 0xf0.
	 * @return Rounded alpha to four bits eg 0xe.
	 */
	static int alphaRound4(int alpha) {
		int top = (alpha >> 4) & 0xf;
		int low = alpha & 0xf;

		int diff = low-top;
		if (diff > 8)
			top++;
		else if (diff < -8)
			top--;
		return top;
	}
}",3.0,1,6,6
257,"public class ISPOINTONLINE {
/**
	 * Checks if a point is on a line.
	 * 
	 * @param x0 x value of first point in line
	 * @param y0 y value of first point in line
	 * @param x1 x value of second point in line
	 * @param y1 y value of second point in line
	 * @param xt x value of target point
	 * @param yt y value of target point
	 * @return return true if point is on the line, false if the point isn't on the line
	 */
	private static boolean isPointOnLine(int x0, int y0, int x1, int y1, int xt, int yt) {
		// this implementation avoids using doubles
		// apply transformation points to change target point to (0,0)
		x0 -= xt;
		y0 -= yt;
		x1 -= xt;
		y1 -= yt;

		// ensure that x0 is smaller than x1 so that we can just check to see if the line intersects the y axis easily
		if (x0 > x1) {
			int xtemp = x0;
			int ytemp = y0;
			x0 = x1;
			y0 = y1;
			x1 = xtemp;
			y1 = ytemp;
		}

		// if a point is on the edge of shape (on a line), it's considered outside the shape
		// special case if line is on y-axis
		if (x0 == 0 && x1 == 0) {
			// ensure that y0 is smaller than y1 so that we can just check if the line intersects the x axis
			if (y0 > y1) {
				int ytemp = y0;
				y0 = y1;
				y1 = ytemp;
			}
			// test to see if we have a vertical line touches x-axis
			if (y0 <= 0 && y1 >= 0)
				return true;
			// checks if point is on the line, see comments in contain() for derivation of similar 
			// formula - left as an exercise to the reader ;)
		} else if ((x0 <= 0 && x1 >= 0) && (y0 * (x1 - x0)) == ((y1 - y0) * x0)) {
			return true;
		}
		return false;
	}
}",10.0,1,8,20
258,"public class CHARFLAGS {
/**
	 * The flags that describe the kind of character. Known ones
	 * are letter and digit. There may be others.
	 * @param cval The actual character (unicode).
	 * @return The flags that apply to it.
	 */
	private int charFlags(char cval) {
		int flags = 0;
		if (Character.isLetter(cval) && (Character.getType(cval) & Character.MODIFIER_LETTER) == 0)
			flags = 1;
		if (Character.isDigit(cval))
			flags = 2;
		return flags;
	}
}",4.0,2,18,5
259,"public class SIGMOID {
/**
     * Computes a normalized sigmoid
     * @param x input value in the interval [0,1]
     */
    private double sigmoid(double x) {
        x = 12.0*x - 6.0;
        return (1.0 / (1.0 + Math.exp(-1.0 * x)));
    }
}",1.0,1,4,2
260,"public class ADDCHILD {
/**
     * Unsupported operation. Spanning trees should not be edited.
     * @see prefuse.data.Tree#addChild(int)
     */
    public int addChild(int parent) {
        throw new UnsupportedOperationException(
            ""Changes to tree structure not allowed for spanning trees."");
    }
}",1.0,1,8,2
261,"public class ADDCHILDEDGE {
/**
     * Unsupported operation. Spanning trees should not be edited.
     * @see prefuse.data.Tree#addChildEdge(int, int)
     */
    public int addChildEdge(int parent, int child) {
        throw new UnsupportedOperationException(
            ""Changes to tree structure not allowed for spanning trees."");
    }
}",1.0,1,8,2
262,"public class REMOVECHILD {
/**
     * Unsupported operation. Spanning trees should not be edited.
     * @see prefuse.data.Tree#removeChild(int)
     */
    public boolean removeChild(int node) {
        throw new UnsupportedOperationException(
            ""Changes to tree structure not allowed for spanning trees."");
    }
}",1.0,1,8,2
263,"public class REMOVECHILDEDGE {
/**
     * Unsupported operation. Spanning trees should not be edited.
     * @see prefuse.data.Tree#removeChildEdge(int)
     */
    public boolean removeChildEdge(int edge) {
        throw new UnsupportedOperationException(
            ""Changes to tree structure not allowed for spanning trees."");
    }
}",1.0,1,8,2
264,"public class ADDEDGE {
/**
     * Unsupported operation. Spanning trees should not be edited.
     * @see prefuse.data.Graph#addEdge(int, int)
     */
    public int addEdge(int s, int t) {
        throw new UnsupportedOperationException(
            ""Changes to graph structure not allowed for spanning trees."");
    }
}",1.0,1,8,2
265,"public class REMOVEEDGE {
/**
     * Unsupported operation. Spanning trees should not be edited.
     * @see prefuse.data.Graph#removeEdge(int)
     */
    public boolean removeEdge(int edge) {
        throw new UnsupportedOperationException(
            ""Changes to graph structure not allowed for spanning trees."");
    }
}",1.0,1,8,2
266,"public class REMOVENODE {
/**
     * Unsupported operation. Spanning trees should not be edited.
     * @see prefuse.data.Graph#removeNode(int)
     */
    public boolean removeNode(int node) {
        throw new UnsupportedOperationException(
            ""Changes to graph structure not allowed for spanning trees."");
    }
}",1.0,1,8,2
267,"public class RGBA {
/**
     * Get the color code for the given red, green, blue, and alpha values as
     * floating point numbers in the range 0-1.0.
     * @param r the red color component (in the range 0-1.0)
     * @param g the green color component (in the range 0-1.0)
     * @param b the blue color component (in the range 0-1.0)
     * @param a the alpha (transparency) component (in the range 0-1.0)
     * @return the integer color code
     */
    public static int rgba(float r, float g, float b, float a) {
        return ((((int) (a * 255 + 0.5)) & 0xFF) << 24)
                | ((((int) (r * 255 + 0.5)) & 0xFF) << 16)
                | ((((int) (g * 255 + 0.5)) & 0xFF) << 8)
                | (((int) (b * 255 + 0.5)) & 0xFF);
    }
}",1.0,2,21,4
268,"public class DESATURATE {
/**
     * Get a desaturated shade of an input color.
     * @param c a color code
     * @return a desaturated color code
     */
    public static int desaturate(int c) {
        int a = c & 0xff000000;
        float r = ((c & 0xff0000) >> 16);
        float g = ((c & 0x00ff00) >> 8);
        float b = (c & 0x0000ff);

        r *= 0.2125f; // red band weight
        g *= 0.7154f; // green band weight
        b *= 0.0721f; // blue band weight

        int gray = Math.min(((int) (r + g + b)), 0xff) & 0xff;
        return a | (gray << 16) | (gray << 8) | gray;
    }
}",1.0,1,8,9
269,"public class LINEARINTERP {
/**
     * Interpolates a value between a given minimum and maximum value using
     * a linear scale.
     * @param val the interpolation value, a fraction between 0 and 1.0.
     * @param min the minimum value of the interpolation range
     * @param max the maximum value of the interpolation range
     * @return the resulting interpolated value
     */
    public static double linearInterp(double val, double min, double max) {
        double denominator = (max-min);
        if ( denominator == 0 )
            return 0;
        return (val-min)/denominator;
    }
}",2.0,2,14,3
270,"public class ADJUSTCOLORCOMPONENT {
/**
     * Adjust an rgb color component.
     *
     * @param base the color, an RGB value 0-255
     * @param adjBright the amount to subtract if base > 128
     * @param adjDark the amount to add if base <=128
     */
    private static int adjustColorComponent(int base, int adjBright, int adjDark) {
        if (base > 128) {
            base -= adjBright;
        } else {
            base += adjDark;
        }

        if (base < 0) {
            base = 0;
        }

        if (base > 255) {
            base = 255;
        }

        return base;
    }
}",4.0,1,5,9
271,"public class EVAL {
/**
         * use Bernstein basis to evaluate 1D cubic Bezier curve (quicker and more
         * numerically stable than power basis) -- 1D control coordinates are
         * (0, p1, p2, 1), where p1 and p2 are in range [0,1], and there is no
         * ordering constraint on p1 and p2, i.e., p1 <= p2 does not have to be true
         * @param t is the paramaterized value in range [0,1]
         * @param p1 is 1st control point coordinate in range [0,1]
         * @param p2 is 2nd control point coordinate in range [0,1]
         * @return the value of the Bezier curve at parameter t
         */
        private float eval(float t, float p1, float p2) {
            // Use optimzied version of the normal Bernstein basis form of Bezier:
            // (3*(1-t)*(1-t)*t*p1)+(3*(1-t)*t*t*p2)+(t*t*t), since p0=0, p3=1
            // The above unoptimized version is best using -server, but since we are
            // probably doing client-side animation, this is faster.
            float compT = 1 - t;
            return t * (3 * compT * (compT * p1 + t * p2) + (t * t));
        }
}",1.0,4,54,2
272,"public class EVALDERIVATIVE {
/**
         * evaluate Bernstein basis derivative of 1D cubic Bezier curve, where 1D
         * control points are (0, p1, p2, 1), where p1 and p2 are in range [0,1], and
         * there is no ordering constraint on p1 and p2, i.e., p1 <= p2 does not have
         * to be true
         * @param t is the paramaterized value in range [0,1]
         * @param p1 is 1st control point coordinate in range [0,1]
         * @param p2 is 2nd control point coordinate in range [0,1]
         * @return the value of the Bezier curve at parameter t
         */
        private float evalDerivative(float t, float p1, float p2) {
            // use optimzed version of Berstein basis Bezier derivative:
            // (3*(1-t)*(1-t)*p1)+(6*(1-t)*t*(p2-p1))+(3*t*t*(1-p2)), since p0=0, p3=1
            // The above unoptimized version is best using -server, but since we are
            // probably doing client-side animation, this is faster.
            float compT = 1 - t;
            return 3 * (compT * (compT * p1 + 2 * t * (p2 - p1)) + t * t * (1 - p2));
        }
}",1.0,4,46,2
273,"public class EXTRACT {
/**
	 * Mask out and shift a bit substring.
	 * 
	 * @param bits
	 *            the bit string.
	 * @param lowest
	 *            the first bit of the substring within the string.
	 * @param size
	 *            the number of bits in the substring.
	 * @return the substring.
	 */
	public static int extract(int bits, int lowest, int size) {
		if (size == 32)
			return (bits >> lowest);
		else
			return ((bits >> lowest) & ((1 << size) - 1));
	}
}",2.0,4,26,2
274,"public class EXTRACT {
/**
	 * Mask out and shift a bit substring.
	 * 
	 * @param bits
	 *            the bit string.
	 * @param lowest
	 *            the first bit of the substring within the string.
	 * @param size
	 *            the number of bits in the substring.
	 * @return the substring.
	 */
	public static long extract(long bits, int lowest, int size) {
		if (size == 64)
			return (bits >> lowest);
		else
			return ((bits >> lowest) & ((1L << size) - 1));
	}
}",2.0,4,26,2
275,"public class POINTDELTA {
/**
     * Calculate how far the points would be apart, given the specified amount and whether the geometry is closed.
     *
     * @param amount the amount of points
     * @param closed whether the geometry is closed
     * @return the delta value between each point
     */
    protected double pointDelta(int amount, boolean closed) {
        double delta = 1;
        if (closed) {
            if (amount > 0) {
                delta = 1.0 / amount;
            }
        } else {
            // The delta value is divided by amount - 1, because we also want the last point (t=1.0)
            // If I wouldn't use amount - 1, I fall one point short of the end.
            // E.g. if amount = 4, I want point at t 0.0, 0.33, 0.66 and 1.0,
            // if amount = 2, I want point at t 0.0 and t 1.0
            if (amount > 2) {
                delta = 1.0 / (amount - 1.0);
            }
        }
        return delta;
    }
}",4.0,1,18,8
276,"public class LINELENGTH {
/**
     * Returns the length of the line.
     *
     * @param x0 X start coordinate
     * @param y0 Y start coordinate
     * @param x1 X end coordinate
     * @param y1 Y end coordinate
     * @return the length of the line
     */
    public static double lineLength(double x0, double y0, double x1, double y1) {
        x0 = Math.abs(x0 - x1);
        x0 *= x0;
        y0 = Math.abs(y0 - y1);
        y0 *= y0;
        return Math.sqrt(x0 + y0);
    }
}",1.0,1,6,5
277,"public class EXTRACT {
/**
	 * Get part of one integer as a new integer
	 * 
	 * @param bs
	 *            original integer
	 * @param low
	 *            the low bit position (inclusive), 0 base
	 * @param high
	 *            the hight bit position (exclusive), 0 base
	 * @return new integer
	 */
	public static int extract(int bs, int low, int high) {
		bs = bs >> low;
		int mask = 0;
		for (int i = 0; i < (high - low); i++) {
			mask += 1 << i;
		}
		return bs & mask;
	}
}",2.0,4,25,5
278,"public class EXTRACT {
/**
	 * Get part of one integer as a new integer
	 * 
	 * @param bs
	 *            original integer
	 * @param low
	 *            the low bit position (inclusive), 0 base
	 * @param hight
	 *            the hight bit position (exclusive), 0 base
	 * @return
	 */
	public static int extract(int bs, int low, int high) {
		bs = bs >> low;
		int mask = 0;
		for (int i = 0; i < (high - low); i++) {
			mask += 1 << i;
		}
		return bs &= mask;
	}
}",2.0,4,25,5
279,"public class GETANGLEFORVALUE {
/**
   * Returns the angle for a specific chart value.
   * 
   * @param value the chart value
   * @param minAngle the minimum chart angle value
   * @param maxAngle the maximum chart angle value
   * @param min the minimum chart value
   * @param max the maximum chart value
   * @return the angle
   */
  private double getAngleForValue(double value, double minAngle, double maxAngle, double min,
      double max) {
    double angleDiff = maxAngle - minAngle;
    double diff = max - min;
    return Math.toRadians(minAngle + (value - min) * angleDiff / diff);
  }
}",1.0,1,8,4
280,"public class ROUNDUP {
/**
   * Given a number, round up to the nearest power of ten times 1, 2, or 5. The
   * argument must be strictly positive.
   */
  private static double roundUp(final double val) {
    int exponent = (int) Math.floor(Math.log10(val));
    double rval = val * Math.pow(10, -exponent);
    if (rval > 5.0) {
      rval = 10.0;
    } else if (rval > 2.0) {
      rval = 5.0;
    } else if (rval > 1.0) {
      rval = 2.0;
    }
    rval *= Math.pow(10, exponent);
    return rval;
  }
}",4.0,2,22,10
281,"public class FITTOCOLOR {
/**
	 * Makes sure that an adjustment by this amount for this part of the color
	 * wont overflow (which will cause the overall color to change)
	 * 
	 * @param color
	 * @param change
	 * @return
	 */
	private static int fitToColor(int color, int change) {
		if(color + change < 0 || color + change > 255)
			return 255 - color;
		return change;
	}
}",3.0,2,24,2
282,"public class GETOPPOSITEDIRECTION {
/**
	 * Given the direction of the bond from ring1 to ring2, returns the opposite direction: from ring2 to ring1
	 * @param prevDir
	 * @return
	 */
	static int getOppositeDirection(int prevDir) {
		int dir;
		if (prevDir == 0) {
			dir = 4;
		}
		else if (Math.abs(prevDir) == 4){
			dir =0;
		}
		else if (Math.abs(prevDir) == 2){
			dir = 2 * -1 * Integer.signum(prevDir);
		}
		else if (Math.abs(prevDir) == 1){
			dir = 3 * -1 * Integer.signum(prevDir);
		}
		else {//prevDir will be +-3
			dir = 1 * -1 * Integer.signum(prevDir);
		}
		return dir;
	}
}",5.0,1,18,12
283,"public class COUNTDX {
/**
	 * Counts delta x distance between previous and next rings
	 * @param val
	 * @return
	 */
	private static float countDX (int val) {
		float dX = 0;
		if (Math.abs(val) == 1) {
			dX += 0.5f;
		}
		else if (Math.abs(val) == 3) {
			dX -= 0.5f;
		}
		else if (Math.abs(val) == 0) {
			dX += 1f;
		}
		else if (Math.abs(val) == 4) {
			dX -= 1f;
		}
		return dX;
	}
}",5.0,1,9,10
284,"public class COUNTDY {
/**
	 * Counts delta y distance (height) between previous and next rings
	 * @param val
	 * @return
	 */

	private static int countDY (int val) {
		int dY = 0;
		if (Math.abs(val) != 4) {
			if (val > 0) {
				dY = 1;
			}
			if (val < 0) {
				dY = -1;
			}
		}
		return dY;
	}
}",4.0,1,10,7
285,"public class GETAOBRIGHTNESS {
/**
     * Get ambient occlusion brightness
     */
    public int getAoBrightness(int par1, int par2, int par3, int par4)
    {
        if (par1 == 0)
        {
            par1 = par4;
        }

        if (par2 == 0)
        {
            par2 = par4;
        }

        if (par3 == 0)
        {
            par3 = par4;
        }

        return par1 + par2 + par3 + par4 >> 2 & 0xff00ff;
    }
}",4.0,1,4,7
286,"public class TRYGETISODIGIT {
/**
     * Returns integer corresponding to the input if input ""ch"" is
     * ISO-LATIN characters 0-9.
     * Returns -1 otherwise
     */
    private static int tryGetISODigit(char ch) {
        if ('0' <= ch && ch <= '9') {
            return ch - '0';
        } else {
            return -1;
        }
    }
}",3.0,3,16,4
287,"public class ISOPERATORCHAR {
/**
     * @return true if the given character is a valid character for an
     *         operator in the backend's parser
     */
    public static boolean isOperatorChar(char c) {
        /*
         * Extracted from operators defined by {self} and {op_chars}
         * in pgsql/src/backend/parser/scan.l.
         */
        return "",()[].;:+-*/%^<>=~!@#&|`?"".indexOf(c) != -1;
    }
}",1.0,1,5,5
288,"public class ISIDENTIFIERSTARTCHAR {
/**
     * Checks if a character is valid as the start of an identifier.
     * 
     * @param c the character to check
     * @return true if valid as first character of an identifier; false if not
     */
    public static boolean isIdentifierStartChar(char c) {
        /*
         * Extracted from {ident_start} and {ident_cont} in
         * pgsql/src/backend/parser/scan.l:
         * ident_start    [A-Za-z\200-\377_]
         * ident_cont     [A-Za-z\200-\377_0-9\$]
         */
        return (c >= 'a' && c <= 'z') || (c >= 'A' && c <= 'Z')
                || c == '_' || c > 127 ;
    }
}",6.0,1,12,7
289,"public class ISIDENTIFIERCONTCHAR {
/**
     * Checks if a character is valid as the second or later character of an
     * identifier.
     * 
     * @param c the character to check
     * @return true if valid as second or later character of an identifier; false if not
     */
    public static boolean isIdentifierContChar(char c) {
        return (c >= 'a' && c <= 'z') || (c >= 'A' && c <= 'Z')
                || c == '_' || c > 127
                || (c >= '0' && c <= '9')
                || c == '$';
    }
}",9.0,2,15,6
290,"public class ISDOLLARQUOTESTARTCHAR {
/**
     * Checks if a character is valid as the start of a dollar quoting tag.
     * 
     * @param c the character to check
     * @return true if valid as first character of a dollar quoting tag; false if not
     */
    public static boolean isDollarQuoteStartChar(char c) {
        /*
         * The allowed dollar quote start and continuation characters
         * must stay in sync with what the backend defines in
         * pgsql/src/backend/parser/scan.l
         */
        return (c >= 'a' && c <= 'z') || (c >= 'A' && c <= 'Z')
                || c == '_' || c > 127;
    }
}",6.0,1,14,6
291,"public class ISDOLLARQUOTECONTCHAR {
/**
     * Checks if a character is valid as the second or later character of a
     * dollar quoting tag.
     * 
     * @param c the character to check
     * @return true if valid as second or later character of a dollar quoting tag;
     *         false if not
     */
    public static boolean isDollarQuoteContChar(char c) {
        return (c >= 'a' && c <= 'z') || (c >= 'A' && c <= 'Z')
                || c == '_' || c > 127
                || (c >= '0' && c <= '9');
    }
}",8.0,3,20,5
292,"public class TOJAVASECS {
/**
     * Converts the given postgresql seconds to java seconds.
     * Reverse engineered by inserting varying dates to postgresql
     * and tuning the formula until the java dates matched.
     * See {@link #toPgSecs} for the reverse operation.
     * 
     * @param secs Postgresql seconds.
     * @return Java seconds.
     */
    private static long toJavaSecs(long secs) {
        // postgres epoc to java epoc
        secs += 946684800L;

        // Julian/Gregorian calendar cutoff point
        if (secs < -12219292800L) { // October 4, 1582 -> October 15, 1582
            secs += 86400 * 10;
            if (secs < -14825808000L) { // 1500-02-28 -> 1500-03-01
                int extraLeaps = (int) ((secs + 14825808000L) / 3155760000L);
                extraLeaps--;
                extraLeaps -= extraLeaps / 4;
                secs += extraLeaps * 86400L;
            }
        }
        return secs;
    }
}",3.0,4,32,9
293,"public class TOPGSECS {
/**
     * Converts the given java seconds to postgresql seconds.
     * See {@link #toJavaSecs} for the reverse operation.
     * The conversion is valid for any year 100 BC onwards.
     * 
     * @param secs Postgresql seconds.
     * @return Java seconds.
     */
     private static long toPgSecs(long secs) {
        // java epoc to postgres epoc
        secs -= 946684800L;

        // Julian/Greagorian calendar cutoff point
        if (secs < -13165977600L) { // October 15, 1582 -> October 4, 1582
            secs -= 86400 * 10;
            if (secs < -15773356800L) { // 1500-03-01 -> 1500-02-28
                int years = (int) ((secs + 15773356800L) / -3155823050L);
                years++;
                years -= years/4;
                secs += years * 86400;
            }
        }
        
        return secs;
    }
}",3.0,3,25,9
294,"public class COMPUTESLOWINSLOWOUT {
/**
     * Computes percent or linear interpolation to apply when taking
     * acceleration into account.
     * 
     * @param zeroToOne Percentage of activity completed
     * @return strength of acceleration
     */
    public float computeSlowInSlowOut(final float zeroToOne) {
        if (zeroToOne < 0.5f) {
            return 2.0f * zeroToOne * zeroToOne;
        }
        else {
            final float complement = 1.0f - zeroToOne;
            return 1.0f - 2.0f * complement * complement;
        }
    }
}",2.0,2,12,5
295,"public class CONTAINS {
/**
     * Returns whether the given coordinates are on the line defined by (x1,y1)
     * and (x2,y2) within the given distance.
     * 
     * @param x x component of point being tested
     * @param y y component of point being tested
     * @param x1 x component of start point of line segment
     * @param y1 y component of start point of line segment
     * @param x2 x component of end point of line segment
     * @param y2 y component of end point of line segment
     * @param min whether the point should be constrained to ""after"" the start
     *            of the segment
     * @param max whether the point should be constrained to ""before"" the end of
     *            the segment
     * @param distance distance from line acceptable as ""touching""
     * @return whether the point (x,y) is near enough to the given line
     */
    public static boolean contains(final double x, final double y, final double x1, final double y1, final double x2,
            final double y2, final boolean min, final boolean max, final double distance) {
        double dx = x2 - x1;
        double dy = y2 - y1;

        // If line is a point then bail out
        if (dx == 0 && dy == 0) {
            return false;
        }

        final double dx2 = dx * dx;
        final double dy2 = dy * dy;

        // distance along segment as a ratio or the (x1,y1)->(x2,y2) vector
        final double p;
        if (dx != 0) {
            p = ((x - x1) / dx + dy * (y - y1) / dx2) / (1 + dy2 / dx2);
        }
        else {
            p = ((y - y1) / dy + dx * (x - x1) / dy2) / (1 + dx2 / dy2);
        }

        // Point is not ""beside"" the segment and it's been disallowed, bail.
        if (min && p < 0 || max && p > 1.0) {
            return false;
        }

        dx = p * dx + x1 - x;
        dy = p * dy + y1 - y;

        final double len = dx * dx + dy * dy;
        return len < distance;
    }
}",8.0,4,23,26
296,"public class INTERSECTS {
/**
     * Returns true if the two segments defined by (x1,y1)->(x2,y2) and
     * (x3,y3)->(x4,y4) intersect. Optional fields allow for consideration of
     * extending the segments to infinity at either end.
     * 
     * @param x1 segment 1's start x component
     * @param y1 segment 1's start y component
     * @param x2 segment 1's end x component
     * @param y2 segment 1's end y component
     * @param x3 segment 2's start x component
     * @param y3 segment 2's start y component
     * @param x4 segment 2's end x component
     * @param y4 segment 2's end y component
     * @param min1 whether the second segment is acceptable if it passes
     *            ""before the start of the first segment""
     * @param max1 whether the second segment is acceptable if it passes
     *            ""after the end of the first segment""
     * @param min2 whether the first segment is acceptable if it passes
     *            ""before the start of the second segment""
     * @param max2 whether the first segment is acceptable if it passes
     *            ""after the start of the second segment""
     * @return true if line segments intersect
     */
    public static boolean intersects(final double x1, final double y1, final double x2, final double y2,
            final double x3, final double y3, final double x4, final double y4, final boolean min1, final boolean max1,
            final boolean min2, final boolean max2) {
        final double dx1 = x2 - x1, dy1 = y2 - y1, dx2 = x4 - x3, dy2 = y4 - y3;
        double d, p2, p1;

        if (dy1 != 0.0) {
            d = dx1 / dy1;
            p2 = (x3 - x1 + d * (y1 - y3)) / (d * dy2 - dx2);
            p1 = (dy2 * p2 + y3 - y1) / dy1;
        }
        else if (dy2 != 0.0) {
            d = dx2 / dy2;
            p1 = (x1 - x3 + d * (y3 - y1)) / (d * dy1 - dx1);
            p2 = (dy1 * p1 + y1 - y3) / dy2;
        }
        else if (dx1 != 0.0) {
            d = dy1 / dx1;
            p2 = (y3 - y1 + d * (x1 - x3)) / (d * dx2 - dy2);
            p1 = (dx2 * p2 + x3 - x1) / dx1;
        }
        else if (dx2 != 0.0) {
            d = dy2 / dx2;
            p1 = (y1 - y3 + d * (x3 - x1)) / (d * dx1 - dy1);
            p2 = (dx1 * p1 + x1 - x3) / dx2;
        }
        else {
            return false;
        }
        return (!min1 || p1 >= 0.0) && (!max1 || p1 <= 1.0) && (!min2 || p2 >= 0.0) && (!max2 || p2 <= 1.0);
    }
}",12.0,7,54,36
297,"public class GETFLUIDHEIGHTPERCENT {
/**
     * Returns the percentage of the fluid block that is air, based on the given flow decay of the fluid.
     */
    public static float getFluidHeightPercent(int par0)
    {
        if (par0 >= 8)
        {
            par0 = 0;
        }

        return (float)(par0 + 1) / 9.0F;
    }
}",2.0,1,19,3
298,"public class INVERTMETADATA {
/**
     * only used in ComponentScatteredFeatureJunglePyramid.addComponentParts""
     */
    public static int invertMetadata(int par0)
    {
        switch (par0)
        {
            case 0:
                return 0;
            case 1:
                return 5;
            case 2:
                return 4;
            case 3:
                return 3;
            case 4:
                return 2;
            case 5:
                return 1;
            default:
                return -1;
        }
    }
}",2.0,1,4,15
299,"public class GETBLOCKTEXTUREFROMSIDEANDMETADATA {
/**
     * From the specified side and block metadata retrieves the blocks texture. Args: side, metadata
     */
    public int getBlockTextureFromSideAndMetadata(int par1, int par2)
    {
        int var3 = par2 & 12;
        int var4 = par2 & 3;
        return var3 == 0 && (par1 == 1 || par1 == 0) ? 21 : (var3 == 4 && (par1 == 5 || par1 == 4) ? 21 : (var3 == 8 && (par1 == 2 || par1 == 3) ? 21 : (var4 == 1 ? 116 : (var4 == 2 ? 117 : (var4 == 3 ? 153 : 20)))));
    }
}",7.0,1,14,9
300,"public class GETBLOCKTEXTUREFROMSIDEANDMETADATA {
/**
     * From the specified side and block metadata retrieves the blocks texture. Args: side, metadata
     */
    public int getBlockTextureFromSideAndMetadata(int par1, int par2)
    {
        return par1 != 1 && (par1 != 0 || par2 != 1 && par2 != 2) ? (par1 == 0 ? 208 : (par2 == 1 ? 229 : (par2 == 2 ? 230 : 192))) : 176;
    }
}",4.0,1,14,3
301,"public class GETRENDERCOLOR {
/**
     * Returns the color this block should be rendered. Used by leaves.
     */
    public int getRenderColor(int par1)
    {
        int var2 = par1 * 32;
        int var3 = 255 - par1 * 8;
        int var4 = par1 * 4;
        return var2 << 16 | var3 << 8 | var4;
    }
}",1.0,1,11,4
302,"public class GETBLOCKTEXTUREFROMSIDEANDMETADATA {
/**
     * From the specified side and block metadata retrieves the blocks texture. Args: side, metadata
     */
    public int getBlockTextureFromSideAndMetadata(int par1, int par2)
    {
        switch (par2)
        {
            case 1:
                return 100;
            case 2:
                return 101;
            case 3:
                return 213;
            default:
                return 54;
        }
    }
}",2.0,1,14,9
303,"public class GETBLOCKTEXTUREFROMSIDEANDMETADATA {
/**
     * From the specified side and block metadata retrieves the blocks texture. Args: side, metadata
     */
    public int getBlockTextureFromSideAndMetadata(int par1, int par2)
    {
        switch (par2)
        {
            case 1:
                return 198;
            case 2:
                return 214;
            case 3:
                return 199;
            default:
                return 4;
        }
    }
}",2.0,1,14,9
304,"public class GETBLOCKTEXTUREFROMSIDEANDMETADATA {
/**
     * From the specified side and block metadata retrieves the blocks texture. Args: side, metadata
     */
    public int getBlockTextureFromSideAndMetadata(int par1, int par2)
    {
        switch (par2 & 7)
        {
            case 1:
                return 198;
            case 2:
                return 214;
            case 3:
                return 199;
            default:
                return 4;
        }
    }
}",2.0,1,14,9
305,"public class GETXPSPLIT {
/**
     * Get xp split rate (Is called until the xp drop code in EntityLiving.onEntityUpdate is complete)
     */
    public static int getXPSplit(int par0)
    {
        return par0 >= 2477 ? 2477 : (par0 >= 1237 ? 1237 : (par0 >= 617 ? 617 : (par0 >= 307 ? 307 : (par0 >= 149 ? 149 : (par0 >= 73 ? 73 : (par0 >= 37 ? 37 : (par0 >= 17 ? 17 : (par0 >= 7 ? 7 : (par0 >= 3 ? 3 : 1)))))))));
    }
}",1.0,1,15,15
306,"public class FLOOR_FLOAT {
/**
     * Returns the greatest integer less than or equal to the float argument
     */
    public static int floor_float(float par0)
    {
        int var1 = (int)par0;
        return par0 < (float)var1 ? var1 - 1 : var1;
    }
}",1.0,1,12,2
307,"public class FLOOR_DOUBLE {
/**
     * Returns the greatest integer less than or equal to the double argument
     */
    public static int floor_double(double par0)
    {
        int var2 = (int)par0;
        return par0 < (double)var2 ? var2 - 1 : var2;
    }
}",1.0,1,12,2
308,"public class FLOOR_DOUBLE_LONG {
/**
     * Long version of floor_double
     */
    public static long floor_double_long(double par0)
    {
        long var2 = (long)par0;
        return par0 < (double)var2 ? var2 - 1L : var2;
    }
}",1.0,1,4,2
309,"public class ABS_MAX {
/**
     * Maximum of the absolute value of two numbers.
     */
    public static double abs_max(double par0, double par2)
    {
        if (par0 < 0.0D)
        {
            par0 = -par0;
        }

        if (par2 < 0.0D)
        {
            par2 = -par2;
        }

        return par0 > par2 ? par0 : par2;
    }
}",3.0,1,8,5
310,"public class WRAPANGLETO180_FLOAT {
/**
     * the angle is reduced to an angle between -180 and +180 by mod, and a 360 check
     */
    public static float wrapAngleTo180_float(float par0)
    {
        par0 %= 360.0F;

        if (par0 >= 180.0F)
        {
            par0 -= 360.0F;
        }

        if (par0 < -180.0F)
        {
            par0 += 360.0F;
        }

        return par0;
    }
}",3.0,1,17,6
311,"public class WRAPANGLETO180_DOUBLE {
/**
     * the angle is reduced to an angle between -180 and +180 by mod, and a 360 check
     */
    public static double wrapAngleTo180_double(double par0)
    {
        par0 %= 360.0D;

        if (par0 >= 180.0D)
        {
            par0 -= 360.0D;
        }

        if (par0 < -180.0D)
        {
            par0 += 360.0D;
        }

        return par0;
    }
}",3.0,1,17,6
312,"public class COUNTSETFLAGS {
/**
     * Count the number of bits in an integer set to ON.
     */
    private static int countSetFlags(int par0)
    {
        int var1;

        for (var1 = 0; par0 > 0; ++var1)
        {
            par0 &= par0 - 1;
        }

        return var1;
    }
}",2.0,1,11,4
313,"public class CALCULATECELESTIALANGLE {
/**
     * Calculates the angle of sun and moon in the sky relative to a specified time (usually worldTime)
     */
    public float calculateCelestialAngle(long par1, float par3)
    {
        int var4 = (int)(par1 % 24000L);
        float var5 = ((float)var4 + par3) / 24000.0F - 0.25F;

        if (var5 < 0.0F)
        {
            ++var5;
        }

        if (var5 > 1.0F)
        {
            --var5;
        }

        float var6 = var5;
        var5 = 1.0F - (float)((Math.cos((double)var5 * Math.PI) + 1.0D) / 2.0D);
        var5 = var6 + (var5 - var6) / 3.0F;
        return var5;
    }
}",3.0,1,17,10
314,"public class UPDATEROTATIONS {
/**
     * Updates the rotations in the parameters for rotations greater than 180 degrees or less than -180 degrees. It adds
     * or subtracts 360 degrees, so that the appearance is the same, although the numbers are then simplified to range
     * -180 to 180
     */
    private float updateRotations(double par1)
    {
        while (par1 >= 180.0D)
        {
            par1 -= 360.0D;
        }

        while (par1 < -180.0D)
        {
            par1 += 360.0D;
        }

        return (float)par1;
    }
}",3.0,3,41,5
315,"public class GETAOBRIGHTNESS {
/**
     * Get ambient occlusion brightness
     */
    public int getAoBrightness(int par1, int par2, int par3, int par4)
    {
        if (par1 == 0)
        {
            par1 = par4;
        }

        if (par2 == 0)
        {
            par2 = par4;
        }

        if (par3 == 0)
        {
            par3 = par4;
        }

        return par1 + par2 + par3 + par4 >> 2 & 16711935;
    }
}",4.0,1,4,7
316,"public class INTERPOLATEROTATION {
/**
     * Returns a rotation angle that is inbetween two other rotation angles. par1 and par2 are the angles between which
     * to interpolate, par3 is probably a float between 0.0 and 1.0 that tells us where ""between"" the two angles we are.
     * Example: par1 = 30, par2 = 50, par3 = 0.5, then return = 40
     */
    private float interpolateRotation(float par1, float par2, float par3)
    {
        float var4;

        for (var4 = par2 - par1; var4 < -180.0F; var4 += 360.0F)
        {
            ;
        }

        while (var4 >= 180.0F)
        {
            var4 -= 360.0F;
        }

        return par1 + par3 * var4;
    }
}",3.0,3,54,6
317,"public class PARSENIBBLE {
/**
     * Converts a hex character into the corresponding nibble value.
     * 
     * @return the nibble value.
     * @throws NumberFormatException
     *             if <code>c</code> is not a valid hex character.
     */
    private long parseNibble(char c)
    {
        switch (c)
        {
            case '0' :
                return 0;
            case '1' :
                return 1;
            case '2' :
                return 2;
            case '3' :
                return 3;
            case '4' :
                return 4;
            case '5' :
                return 5;
            case '6' :
                return 6;
            case '7' :
                return 7;
            case '8' :
                return 8;
            case '9' :
                return 9;
            case 'a' :
            case 'A' :
                return 10;
            case 'b' :
            case 'B' :
                return 11;
            case 'c' :
            case 'C' :
                return 12;
            case 'd' :
            case 'D' :
                return 13;
            case 'e' :
            case 'E' :
                return 14;
            case 'f' :
            case 'F' :
                return 15;
            default :
                throw new NumberFormatException();
        }
    }
}",2.0,2,17,41
318,"public class GETCAP {
/**
   * Determine how many tasks of a given type we want to run on a TaskTracker. 
   * This cap is chosen based on how many tasks of that type are outstanding in
   * total, so that when the cluster is used below capacity, tasks are spread
   * out uniformly across the nodes rather than being clumped up on whichever
   * machines sent out heartbeats earliest.
   */
  int getCap(int totalRunnableTasks, int localMaxTasks, int totalSlots) {
    double load = ((double)totalRunnableTasks) / totalSlots;
    return (int) Math.ceil(localMaxTasks * Math.min(1.0, load));
  }
}",1.0,5,60,3
319,"public class UNSIGNEDLONGDIV {
/**
   * Divide x by m as if x is an unsigned 64-bit integer. Examples:
   * unsignedLongDiv(-1, 2) == Long.MAX_VALUE unsignedLongDiv(6, 3) == 2
   * unsignedLongDiv(0, 5) == 0
   * 
   * @param x
   *          is treated as unsigned
   * @param m
   *          is treated as signed
   */
  private long unsignedLongDiv(long x, int m) {
    if (x >= 0) {
      return x / m;
    }

    // Let uval be the value of the unsigned long with the same bits as x
    // Two's complement => x = uval - 2*MAX - 2
    // => uval = x + 2*MAX + 2
    // Now, use the fact: (a+b)/c = a/c + b/c + (a%c+b%c)/c
    return x / m + 2 * (Long.MAX_VALUE / m) + 2 / m
        + (x % m + 2 * (Long.MAX_VALUE % m) + 2 % m) / m;
  }
}",2.0,5,33,6
320,"public class DIGIT {
/**
   * Returns the digit represented by character b.
   *
   * @param b
   *          The ascii code of the character
   * @param radix
   *          The radix
   * @return -1 if it's invalid
   */
  public static int digit(int b, int radix) {
    int r = -1;
    if (b >= '0' && b <= '9') {
      r = b - '0';
    } else if (b >= 'A' && b <= 'Z') {
      r = b - 'A' + 10;
    } else if (b >= 'a' && b <= 'z') {
      r = b - 'a' + 10;
    }
    if (r >= radix) {
      r = -1;
    }
    return r;
  }
}",8.0,3,15,10
321,"public class TOCODEPOINT {
/**
     * Return the unicode code point represented by the high/low surrogate pair.
     * <p>
     * This is not a public API.
     * @param highSurrogate the high char of the high/low pair
     * @param lowSurrogate the low char of the high/low pair
     * @xsl.usage internal
     */
    static int toCodePoint(char highSurrogate, char lowSurrogate) {
        int codePoint =
            ((highSurrogate - 0xd800) << 10)
                + (lowSurrogate - 0xdc00)
                + 0x10000;
        return codePoint;
    }
}",1.0,3,18,2
322,"public class TOCODEPOINT {
/**
     * Return the unicode code point represented by the char.
     * A bit of a dummy method, since all it does is return the char,
     * but as an int value.
     * <p>
     * This is not a public API.
     * @param ch the char.
     * @xsl.usage internal
     */
    static int toCodePoint(char ch) {
        int codePoint = ch;
        return codePoint;
    }
}",1.0,5,35,2
323,"public class ISCHARACTERINC0ORC1RANGE {
/**
     * This method checks if a given character is between C0 or C1 range
     * of Control characters.
     * This method is added to support Control Characters for XML 1.1
     * If a given character is TAB (0x09), LF (0x0A) or CR (0x0D), this method
     * return false. Since they are whitespace characters, no special processing is needed.
     * 
     * @param ch
     * @return boolean
     */
    private static boolean isCharacterInC0orC1Range(char ch)
    {
        if(ch == 0x09 || ch == 0x0A || ch == 0x0D)
        	return false;
        else        	    	
        	return (ch >= 0x7F && ch <= 0x9F)|| (ch >= 0x01 && ch <= 0x1F);
    }
}",7.0,5,53,2
324,"public class COMPARENUMBERS {
/**
   * Compare two numbers for less than.
   *
   *
   * @param n1 First number to compare
   * @param n2 Second number to compare
   *
   * @return true if n1 is less than n2
   */
  boolean compareNumbers(double n1, double n2)
  {
    return n1 < n2;
  }
}",1.0,1,6,2
325,"public class COMPARENUMBERS {
/**
   * Compare two numbers for less than or equal.
   *
   *
   * @param n1 First number to compare
   * @param n2 Second number to compare
   *
   * @return true if n1 is less than or equal to n2
   */
  boolean compareNumbers(double n1, double n2)
  {
    return n1 <= n2;
  }
}",1.0,1,8,2
326,"public class COMPARENUMBERS {
/**
   * Compare two numbers for greater than.
   *
   *
   * @param n1 First number to compare
   * @param n2 Second number to compare
   *
   * @return true if n1 is greater than n2
   */
  boolean compareNumbers(double n1, double n2)
  {
    return n1 > n2;
  }
}",1.0,1,6,2
327,"public class COMPARENUMBERS {
/**
   * Compare two numbers for greater than or equal.
   *
   *
   * @param n1 First number to compare
   * @param n2 Second number to compare
   *
   * @return true if n1 is greater than or equal to n2
   */
  boolean compareNumbers(double n1, double n2)
  {
    return n1 >= n2;
  }
}",1.0,1,8,2
328,"public class COMPARENUMBERS {
/**
   * Compare two numbers for equality.
   *
   *
   * @param n1 First number to compare
   * @param n2 Second number to compare
   *
   * @return true if n1 is equal to n2
   */
  boolean compareNumbers(double n1, double n2)
  {
    return n1 == n2;
  }
}",1.0,1,5,2
329,"public class COMPARENUMBERS {
/**
   * Compare two numbers for non-equality.
   *
   *
   * @param n1 First number to compare
   * @param n2 Second number to compare
   *
   * @return true if n1 is not equal to n2
   */
  boolean compareNumbers(double n1, double n2)
  {
    return n1 != n2;
  }
}",1.0,1,5,2
330,"public class CEILDIV {
/**
	 * Helper function.
	 * 
	 * @param a
	 *            dividend
	 * @param b
	 *            divisor
	 * @return a/b if a%b==0 else a/b+1, while <code>/</code> is meant as integer division
	 */
	public static int ceilDiv(int a, int b) {
		if (a % b == 0) {
			return a / b;
		} else {
			return a / b + 1;
		}
	}
}",2.0,3,4,4
331,"public class IMAGEFONTHEIGHT {
/**
    * Get font height.
    *
    * @param font a font previously loaded with {@link #imageloadfont},
    *             or 1 -5 for built-in fonts
    */
   public static int imagefontheight(int font) {
      if (font < 1) {
         return 8;
      } else if (font == 1) {
         return 8;
      } else if (font == 2) {
         return 13;
      } else if (font == 3) {
         return 13;
      } else if (font == 4) {
         return 16;
      } else if (font == 5) {
         return 15;
      } else {
         return 15;
      }
   }
}",7.0,2,9,14
332,"public class IMAGEFONTWIDTH {
/**
    * Get font width.
    *
    * @param font a font previously loaded with {@link #imageloadfont},
    *             or 1 -5 for built-in fonts
    */
   public static int imagefontwidth(int font) {
      if (font < 1) {
         return 5;
      } else if (font == 1) {
         return 5;
      } else if (font == 2) {
         return 6;
      } else if (font == 3) {
         return 7;
      } else if (font == 4) {
         return 8;
      } else if (font == 5) {
         return 9;
      } else {
         return 9;
      }
   }
}",7.0,2,9,14
333,"public class GREGORIANTOJD {
/**
    * Convert from a gregorian date to a julian day.
    */
   public double gregoriantojd(int month, int day, int year) {
      if (month <= 2) {
         year -= 1;
         month += 12;
      }

      long a = year / 100;
      long b = a / 4;
      long c = 2 - a + b;
      long e = (long) (365.25 * (year + 4716));
      long f = (long) (30.6001 * (month + 1));

      return (c + day + e + f - 1524.5);
   }
}",2.0,1,9,9
334,"public class ENCODE {
/**
    * Converts an integer to a printable character
    */
   private static char encode(long code) {
      code = code & 0x3f;

      if (code < 26) {
         return (char) ('a' + code);
      } else if (code < 52) {
         return (char) ('A' + code - 26);
      } else if (code < 62) {
         return (char) ('0' + code - 52);
      } else if (code == 62) {
         return '_';
      } else {
         return '-';
      }
   }
}",5.0,1,7,11
335,"public class TOUPPERCASE {
/**
    * Returns the uppercase equivalent of the caharacter
    */
   protected static char toUpperCase(char ch) {
      if (ch >= 'a' && ch <= 'z') {
         return (char) ('A' + (ch - 'a'));
      } else {
         return ch;
      }
   }
}",3.0,1,7,4
336,"public class TOUUCHAR {
/**
    * Converts an integer digit to a uuencoded char.
    */
   protected static char toUUChar(int d) {
      if (d == 0) {
         return (char) 0x60;
      } else {
         return (char) (0x20 + (d & 0x3f));
      }
   }
}",2.0,1,8,4
337,"public class YEARTODAYOFEPOCH {
/**
   * Based on the year, return the number of days since the epoch.
   */
  private long yearToDayOfEpoch(long year)
  {
    if (year > 0) {
      year -= 1601;
      return (365 * year + year / 4 - year / 100 + year / 400 -
              ((1970 - 1601) * 365 + (1970 - 1601) / 4 - 3));
    } else {
      year = 2000 - year;

      return ((2000 - 1970) * 365 + (2000 - 1970) / 4 -
              (365 * year + year / 4 - year / 100 + year / 400));
    }
  }
}",2.0,1,12,12
338,"public class TOYEAR {
/**
	 * translate 2 digit numbers to a year; for example 10 to 2010 or 50 to 1950
	 * @param year
	 * @return year matching number
	 */
	public int toYear(int year) {
		if(year<100) {
    	    if(year<30)year=year+=2000;
            else year=year+=1900;
        }
		return year;
	}
}",3.0,1,16,4
339,"public class UPDATEMODE {
/** 
     * update octal mode with a other 
     * @param existingOctal 
     * @param updateOctal 
     * @return 
     */ 
    public static int updateMode(int existingOctal, int updateOctal) { 
            int tmp=existingOctal&updateOctal; 
            return (existingOctal-tmp)+updateOctal; 
    }
}",1.0,1,6,2
340,"public class MOD {
/**
	 * Return a mod b. This differs from the % operator with respect to negative numbers.
	 * @param a the dividend
	 * @param b the divisor
	 * @return a mod b
	 */
	private static int mod(int a, int b) {
		int n = a/b;
		
		a -= n*b;
		if (a < 0)
			return a + b;
		return a;
	}
}",2.0,1,15,4
341,"public class GETCOLOR {
/**
	 * Convert a value in the range 0..1 to an RGB color.
	 * @param v a value in the range 0..1
	 * @return an RGB color
	 */
	public int getColor(float v) {
		int n = (int)(v*255);
		if (n < 0)
			n = 0;
		else if (n > 255)
			n = 255;
		return 0xff000000 | (n << 16) | (n << 8) | n;
	}
}",3.0,1,11,4
342,"public class GAIN {
/**
	 * A variant of the gamma function.
	 * @param a the number to apply gain to
	 * @param b the gain parameter. 0.5 means no change, smaller values reduce gain, larger values increase gain.
	 * @return the output value
	 */
	public static float gain(float a, float b) {
/*
		float p = (float)Math.log(1.0 - b) / (float)Math.log(0.5);

		if (a < .001)
			return 0.0f;
		else if (a > .999)
			return 1.0f;
		if (a < 0.5)
			return (float)Math.pow(2 * a, p) / 2;
		else
			return 1.0f - (float)Math.pow(2 * (1. - a), p) / 2;
*/
		float c = (1.0f/b-2.0f) * (1.0f-2.0f*a);
		if (a < 0.5)
			return a/(c+1.0f);
		return (c-a)/(c-1.0f);
	}
}",2.0,1,6,14
343,"public class SMOOTHPULSE {
/**
	 * A smoothed pulse function. A cubic function is used to smooth the step between two thresholds.
	 * @param a1 the lower threshold position for the start of the pulse
	 * @param a2 the upper threshold position for the start of the pulse
	 * @param b1 the lower threshold position for the end of the pulse
	 * @param b2 the upper threshold position for the end of the pulse
	 * @param x the input parameter
	 * @return the output value
	 */
	public static float smoothPulse(float a1, float a2, float b1, float b2, float x) {
		if (x < a1 || x >= b2)
			return 0;
		if (x >= a2) {
			if (x < b1)
				return 1.0f;
			x = (x - b1) / (b2 - b1);
			return 1.0f - (x*x * (3.0f - 2.0f*x));
		}
		x = (x - a1) / (a2 - a1);
		return x*x * (3.0f - 2.0f*x);
	}
}",5.0,1,16,7
344,"public class SMOOTHSTEP {
/**
	 * A smoothed step function. A cubic function is used to smooth the step between two thresholds.
	 * @param a the lower threshold position
	 * @param b the upper threshold position
	 * @param x the input parameter
	 * @return the output value
	 */
	public static float smoothStep(float a, float b, float x) {
		if (x < a)
			return 0;
		if (x >= b)
			return 1;
		x = (x - a) / (b - a);
		return x*x * (3 - 2*x);
	}
}",3.0,1,16,4
345,"public class CIRCLEUP {
/**
	 * A ""circle up"" function. Returns y on a unit circle given 1-x. Useful for forming bevels.
	 * @param x the input parameter in the range 0..1
	 * @return the output value
	 */
	public static float circleUp(float x) {
		x = 1-x;
		return (float)Math.sqrt(1-x*x);
	}
}",1.0,1,16,2
346,"public class MOD {
/**
	 * Return a mod b. This differs from the % operator with respect to negative numbers.
	 * @param a the dividend
	 * @param b the divisor
	 * @return a mod b
	 */
	public static double mod(double a, double b) {
		int n = (int)(a/b);
		
		a -= n*b;
		if (a < 0)
			return a + b;
		return a;
	}
}",2.0,1,15,4
347,"public class MOD {
/**
	 * Return a mod b. This differs from the % operator with respect to negative numbers.
	 * @param a the dividend
	 * @param b the divisor
	 * @return a mod b
	 */
	public static float mod(float a, float b) {
		int n = (int)(a/b);
		
		a -= n*b;
		if (a < 0)
			return a + b;
		return a;
	}
}",2.0,1,15,4
348,"public class MOD {
/**
	 * Return a mod b. This differs from the % operator with respect to negative numbers.
	 * @param a the dividend
	 * @param b the divisor
	 * @return a mod b
	 */
	public static int mod(int a, int b) {
		int n = a/b;
		
		a -= n*b;
		if (a < 0)
			return a + b;
		return a;
	}
}",2.0,1,15,4
349,"public class BILINEARINTERPOLATE {
/**
	 * Bilinear interpolation of ARGB values.
	 * @param x the X interpolation parameter 0..1
	 * @param y the y interpolation parameter 0..1
	 * @param rgb array of four ARGB values in the order NW, NE, SW, SE
	 * @return the interpolated value
	 */
	public static int bilinearInterpolate(float x, float y, int nw, int ne, int sw, int se) {
		float m0, m1;
		int a0 = (nw >> 24) & 0xff;
		int r0 = (nw >> 16) & 0xff;
		int g0 = (nw >> 8) & 0xff;
		int b0 = nw & 0xff;
		int a1 = (ne >> 24) & 0xff;
		int r1 = (ne >> 16) & 0xff;
		int g1 = (ne >> 8) & 0xff;
		int b1 = ne & 0xff;
		int a2 = (sw >> 24) & 0xff;
		int r2 = (sw >> 16) & 0xff;
		int g2 = (sw >> 8) & 0xff;
		int b2 = sw & 0xff;
		int a3 = (se >> 24) & 0xff;
		int r3 = (se >> 16) & 0xff;
		int g3 = (se >> 8) & 0xff;
		int b3 = se & 0xff;

		float cx = 1.0f-x;
		float cy = 1.0f-y;

		m0 = cx * a0 + x * a1;
		m1 = cx * a2 + x * a3;
		int a = (int)(cy * m0 + y * m1);

		m0 = cx * r0 + x * r1;
		m1 = cx * r2 + x * r3;
		int r = (int)(cy * m0 + y * m1);

		m0 = cx * g0 + x * g1;
		m1 = cx * g2 + x * g3;
		int g = (int)(cy * m0 + y * m1);

		m0 = cx * b0 + x * b1;
		m1 = cx * b2 + x * b3;
		int b = (int)(cy * m0 + y * m1);

		return (a << 24) | (r << 16) | (g << 8) | b;
	}
}",1.0,1,5,32
350,"public class BRIGHTNESSNTSC {
/**
	 * Return the NTSC gray level of an RGB value.
	 * @param rgb1 the input pixel
	 * @return the gray level (0-255)
	 */
	public static int brightnessNTSC(int rgb) {
		int r = (rgb >> 16) & 0xff;
		int g = (rgb >> 8) & 0xff;
		int b = rgb & 0xff;
		return (int)(r*0.299f + g*0.587f + b*0.114f);
	}
}",1.0,1,9,4
351,"public class CLAMP {
/**
	 * Clamp a value to the range 0..255
	 */
	public static int clamp(int c) {
		if (c < 0)
			return 0;
		if (c > 255)
			return 255;
		return c;
	}
}",3.0,1,7,3
352,"public class COMPARE {
/** 
	 * compares a double with a double 
	 * @param left 
	 * @param right 
	 * @return difference as int
	 */ 
    public static int compare(double left, double right) { 
    	if((left)<(right))return -1; 
        else if((left)>(right))return 1; 
        else return 0;
    }
}",3.0,1,6,3
353,"public class COMPARE {
/** 
	 * compares a boolean with a boolean 
	 * @param left 
	 * @param right 
	 * @return difference as int
	 */ 
	public static int compare(boolean left, boolean right) { 
			if(left)return right?0:1; 
			return right?-1:0; 
	}
}",2.0,1,6,2
354,"public class Z {
/**
     * used in computing checksums, doubles and adds resulting digits.
     *
     * @param digit the digit to be doubled, and digit summed.
     *
     * @return // 0->0 1->2 2->4 3->6 4->8 5->1 6->3 7->5 8->7 9->9
     */
    private static int z( int digit )	{
        if ( digit == 0 )	{
            return 0;
        }
        return ( digit * 2 - 1 ) % 9 + 1;
    }
}",2.0,1,9,3
355,"public class ISCSSSPACE {
/**
     * Tests whether the given character is a valid space.
     */
    public static boolean isCSSSpace(char c) {
      return (c <= 0x0020) &&
             (((((1L << '\t') |
                 (1L << '\n') |
                 (1L << '\r') |
                 (1L << '\f') |
                 (1L << 0x0020)) >> c) & 1L) != 0);
    }
}",2.0,1,9,4
356,"public class GETMSBOFFSET {
/**
 * Gets the offset of the most significant bit for
 * the given mask.
 */
static int getMSBOffset(int mask) {
    for (int i = 31; i >= 0; i--) {
        if (((mask >> i) & 0x1) != 0) return i + 1;
    }
    return 0;
}
}",3.0,2,12,3
357,"public class GETCHANNELSHIFT {
/**
 * Computes the required channel shift from a mask.
 */
static int getChannelShift(int mask) {
    if (mask == 0) return 0;
    int i;
    for (i = 0; ((mask & 1) == 0) && (i < 32); ++i) {
        mask >>>= 1;
    }
    return i;
}
}",4.0,1,8,5
358,"public class GETCHANNELWIDTH {
/**
 * Computes the required channel width (depth) from a mask.
 */
static int getChannelWidth(int mask, int shift) {
    if (mask == 0) return 0;
    int i;
    mask >>>= shift;
    for (i = shift; ((mask & 1) != 0) && (i < 32); ++i) {
        mask >>>= 1;
    }
    return i - shift;
}
}",4.0,1,9,6
359,"public class SHIFTFORMASK {
/**
 * Computes the shift value for a given mask.
 *
 * @param mask the mask to compute the shift for
 * @return the shift amount
 *
 * @see PaletteData
 */
int shiftForMask(int mask) {
    for (int i = 31; i >= 0; i--) { 
        if (((mask >> i) & 0x1) != 0) return 7 - i;
    }
    return 32;
}
}",3.0,1,8,4
360,"public class BLEND {
/**
	 * Blends two primary color components based on the provided ratio.
	 * 
	 * @param v1
	 *            first component
	 * @param v2
	 *            second component
	 * @param ratio
	 *            percentage of the first component in the blend
	 * @return
	 */
	private static int blend(int v1, int v2, int ratio) {
		int b = (ratio * v1 + (100 - ratio) * v2) / 100;
		return Math.min(255, b);
	}
}",1.0,4,22,2
361,"public class VOLTAGE_TO_INTENSITY_SRGB {
/**
     * Returns the intensity of an RGB component using the
     * sRGB gamma function.
     * 
     * @param val Value to convert.
     * @return Light intensity of the component.
     */
    double voltage_to_intensity_srgb(double val) {
        /* Handle invalid values before doing a gamma transform. */
        if (val < 0.0) {
			return 0.0;
		}
        if (val > 1.0) {
			return 1.0;
		}

        if (val <= 0.04045) {
            return val / 12.92;
        }
        return Math.pow((val + 0.055) / 1.055, 2.4);
    }
}",4.0,2,12,9
362,"public class BOXINTERSECT {
/** Tests two axis-aligned boxes for overlap. */
    private boolean boxIntersect(float left1, float right1, float top1, float bottom1, 
            float left2, float right2, float top2, float bottom2) {
        final boolean horizontalIntersection = left1 < right2 && left2 < right1;
        final boolean verticalIntersection = top1 > bottom2 && top2 > bottom1;
        final boolean intersecting = horizontalIntersection && verticalIntersection;
        return intersecting;
    }
}",4.0,1,8,12
363,"public class GETHEADERSIZE {
/**
     * Returns the size of the header for a specific version of the framebuffer adb protocol.
     * @param version the version of the protocol
     * @return the number of int that makes up the header.
     */
    public static int getHeaderSize(int version) {
        switch (version) {
            case 16: // compatibility mode
                return 3; // size, width, height
            case 1:
                return 12; // bpp, size, width, height, 4*(length, offset)
        }

        return 0;
    }
}",2.0,1,15,6
364,"public class GETMASK {
/**
     * Creates a mask value based on a length.
     * @param length
     * @return
     */
    private int getMask(int length) {
        int res = 0;
        for (int i = 0 ; i < length ; i++) {
            res = (res << 1) + 1;
        }

        return res;
    }
}",2.0,1,8,4
365,"public class PARSEBOOLEAN {
/**
	 * Parses the character value of 'Y' or 'N' into boolean value.
	 *
	 * @param value - the character to be parsed
	 * @return <code>true</code>, if value is 'Y', else <code>false</code>
	 */
	public boolean parseBoolean(char value)
	{
		boolean flag = true;
		boolean boolValue = false;
		
		while(flag)
		{
			//parses 'Y' into 'true'
			if(value == 'Y' || value == 'y')
			{
				boolValue = true;
				flag = false;
			}
		
			//parses 'N' into 'false'
			else if(value == 'N' || value == 'n')
			{
				boolValue = false;
				flag = false;
			}
		
			//validates user input
			else
			{
				System.out.println(""Invalid input. Enter (Y/N)"");
			}
		}
		
		return boolValue;
	}
}",6.0,1,11,12
366,"public class HEX2BIN {
/**
    * Convert hex digit to numerical value.
    * 
    * @param c
    *           0-9, a-f, A-F allowd.
    * @return 0-15
    * @throws IllegalArgumentException
    *            on non-hex character
    */
   public static int hex2bin(char c)
   {
      if (c >= '0' && c <= '9')
      {
         return (c - '0');
      }
      if (c >= 'A' && c <= 'F')
      {
         return (c - 'A' + 10);
      }
      if (c >= 'a' && c <= 'f')
      {
         return (c - 'a' + 10);
      }
      throw new IllegalArgumentException(""Input string may only contain hex digits, but found '"" + c + ""'"");
   }
}",7.0,3,13,8
367,"public class CEIL {
/**
    * Integer division with ceiling function.
    * 
    * @see <a href=""http://tools.ietf.org/html/rfc2898"">RFC 2898 5.2 Step 2.</a>
    * @param a
    * @param b
    * @return ceil(a/b)
    */
   protected int ceil(int a, int b)
   {
      int m = 0;
      if (a % b > 0)
      {
         m = 1;
      }
      return a / b + m;
   }
}",2.0,1,5,4
368,"public class CHARVAL {
/**
	 * Returns hex value for given char
	 */
	private static int charVal(char c) {
		return ((c >= '0') && (c <= '9')) ? (c - '0')
				: (((c >= 'A') && (c <= 'Z')) ? (c - 'A' + 10) : (c - 'a' + 10));
	}
}",3.0,1,6,3
369,"public class ROTATEBY90 {
/**
     * shift each peg to the rotated position
     *
     * @param position as long
     * @return position rotated by 90 degree
     */
    private static long rotateBy90(long position) {
        long rotatedPosition;
        rotatedPosition = ((position & (1L << 2)) << 18) | ((position & (1L << 3)) << 24) | ((position & (1L << 4)) << 30)
                | ((position & (1L << 9)) << 10) | ((position & (1L << 10)) << 16) | ((position & (1L << 11)) << 22)
                | ((position & (1L << 14)) >> 10) | ((position & (1L << 15)) >> 4) | ((position & (1L << 16)) << 2)
                | ((position & (1L << 17)) << 8) | ((position & (1L << 18)) << 14) | ((position & (1L << 19)) << 20)
                | ((position & (1L << 20)) << 26)
                | ((position & (1L << 21)) >> 18) | ((position & (1L << 22)) >> 12) | ((position & (1L << 23)) >> 6)
                | ((position & (1L << 24)))
                | ((position & (1L << 25)) << 6) | ((position & (1L << 26)) << 12) | ((position & (1L << 27)) << 18)
                | ((position & (1L << 28)) >> 26) | ((position & (1L << 29)) >> 20) | ((position & (1L << 30)) >> 14)
                | ((position & (1L << 31)) >> 8) | ((position & (1L << 32)) >> 2) | ((position & (1L << 33)) << 4)
                | ((position & (1L << 34)) << 10)
                | ((position & (1L << 37)) >> 22) | ((position & (1L << 38)) >> 16) | ((position & (1L << 39)) >> 10)
                | ((position & (1L << 44)) >> 30) | ((position & (1L << 45)) >> 24) | ((position & (1L << 46)) >> 18);
        return rotatedPosition;
    }
}",1.0,1,7,36
370,"public class MIRRORVERTICALLY {
/**
     * mirror each row separately
     *
     * @param position as long
     * @return position mirrored vertically
     */
    private static long mirrorVertically(long position) {
        long verticallyMirroredPosition;
        verticallyMirroredPosition = ((position & (1L << 2)) << 42) | ((position & (1L << 3)) << 42) | ((position & (1L << 4)) << 42);
        verticallyMirroredPosition |= ((position & (1L << 9)) << 28) | ((position & (1L << 10)) << 28) | ((position & (1L << 11)) << 28);
        verticallyMirroredPosition |= ((position & (1L << 14)) << 14) | ((position & (1L << 15)) << 14) | ((position & (1L << 16)) << 14)
                | ((position & (1L << 17)) << 14) | ((position & (1L << 18)) << 14) | ((position & (1L << 19)) << 14)
                | ((position & (1L << 20)) << 14);
        verticallyMirroredPosition |= ((position & (1L << 21))) | ((position & (1L << 22))) | ((position & (1L << 23)))
                | ((position & (1L << 24)))
                | ((position & (1L << 25))) | ((position & (1L << 26))) | ((position & (1L << 27)));
        verticallyMirroredPosition |= ((position & (1L << 28)) >> 14) | ((position & (1L << 29)) >> 14) | ((position & (1L << 30)) >> 14)
                | ((position & (1L << 31)) >> 14) | ((position & (1L << 32)) >> 14) | ((position & (1L << 33)) >> 14)
                | ((position & (1L << 34)) >> 14);
        verticallyMirroredPosition |= ((position & (1L << 37)) >> 28) | ((position & (1L << 38)) >> 28) | ((position & (1L << 39)) >> 28);
        verticallyMirroredPosition |= ((position & (1L << 44)) >> 42) | ((position & (1L << 45)) >> 42) | ((position & (1L << 46)) >> 42);
        return verticallyMirroredPosition;
    }
}",1.0,1,4,42
371,"public class ROTATEWORDLEFT {
/**
     * return the result rotating the 16 bit number in x left by y
     */
    private int rotateWordLeft(
        int x,
        int y)
    {
        x &= 0xffff;
        return (x << y) | (x >> (16 - y));
    }
}",1.0,1,13,2
372,"public class POW {
/**
     * Calculates a^b mod modulus
     */
    public static int pow(int a, int b, int modulus)
    {
        int p = 1;
        for (int i = 0; i < b; i++)
        {
            p = (p * a) % modulus;
        }
        return p;
    }
}",2.0,1,4,4
373,"public class POW {
/**
     * Calculates a^b mod modulus
     */
    public static long pow(long a, int b, long modulus)
    {
        long p = 1;
        for (int i = 0; i < b; i++)
        {
            p = (p * a) % modulus;
        }
        return p;
    }
}",2.0,1,4,4
374,"public class LNGAMMA {
/**
	 * log Gamma function: ln(gamma(alpha)) for alpha>0, accurate to 10 decimal
	 * places
	 * 
	 * @param alpha
	 *            argument
	 * @return the log of the gamma function of the given alpha
	 */
	public static double lnGamma(double alpha) {
		// Pike MC & Hill ID (1966) Algorithm 291: Logarithm of the gamma
		// function.
		// Communications of the Association for Computing Machinery, 9:684

		double x = alpha, f = 0.0, z;

		if (x < 7) {
			f = 1;
			z = x - 1;
			while (++z < 7) {
				f *= z;
			}
			x = z;
			f = -Math.log(f);
		}
		z = 1 / (x * x);

		return f
				+ (x - 0.5)
				* Math.log(x)
				- x
				+ 0.918938533204673
				+ (((-0.000595238095238 * z + 0.000793650793651) * z - 0.002777777777778)
						* z + 0.083333333333333) / x;
	}
}",3.0,3,12,16
375,"public class INCOMPLETEGAMMA {
/**
	 * Returns the incomplete gamma ratio I(x,alpha) where x is the upper limit
	 * of the integration and alpha is the shape parameter.
	 * 
	 * @param x
	 *            upper limit of integration
	 * @param alpha
	 *            shape parameter
	 * @param ln_gamma_alpha
	 *            the log gamma function for alpha
	 * @return the incomplete gamma ratio
	 */
	private static double incompleteGamma(double x, double alpha,
			double ln_gamma_alpha) {
		// (1) series expansion if (alpha>x || x<=1)
		// (2) continued fraction otherwise
		// RATNEST FORTRAN by
		// Bhattacharjee GP (1970) The incomplete gamma integral. Applied
		// Statistics,
		// 19: 285-287 (AS32)

		double accurate = 1e-8, overflow = 1e30;
		double factor, gin, rn, a, b, an, dif, term;
		double pn0, pn1, pn2, pn3, pn4, pn5;

		if (x == 0.0) {
			return 0.0;
		}
		if (x < 0.0 || alpha <= 0.0) {
			throw new IllegalArgumentException(""Arguments out of bounds"");
		}

		factor = Math.exp(alpha * Math.log(x) - x - ln_gamma_alpha);

		if (x > 1 && x >= alpha) {
			// continued fraction
			a = 1 - alpha;
			b = a + x + 1;
			term = 0;
			pn0 = 1;
			pn1 = x;
			pn2 = x + 1;
			pn3 = x * b;
			gin = pn2 / pn3;

			do {
				a++;
				b += 2;
				term++;
				an = a * term;
				pn4 = b * pn2 - an * pn0;
				pn5 = b * pn3 - an * pn1;

				if (pn5 != 0) {
					rn = pn4 / pn5;
					dif = Math.abs(gin - rn);
					if (dif <= accurate) {
						if (dif <= accurate * rn) {
							break;
						}
					}

					gin = rn;
				}
				pn0 = pn2;
				pn1 = pn3;
				pn2 = pn4;
				pn3 = pn5;
				if (Math.abs(pn4) >= overflow) {
					pn0 /= overflow;
					pn1 /= overflow;
					pn2 /= overflow;
					pn3 /= overflow;
				}
			} while (true);
			gin = 1 - factor * gin;
		} else {
			// series expansion
			gin = 1;
			term = 1;
			rn = alpha;
			do {
				rn++;
				term *= x / rn;
				gin += term;
			} while (term > accurate);
			gin *= factor / alpha;
		}
		return gin;
	}
}",12.0,5,33,53
376,"public class HYPOT {
/**
	 * Returns sqrt(a^2 + b^2) without under/overflow.
	 */
	public static double hypot(double a, double b) {
		double r;
		if (Math.abs(a) > Math.abs(b)) {
			r = b / a;
			r = Math.abs(a) * Math.sqrt(1 + r * r);
		} else if (b != 0) {
			r = a / b;
			r = Math.abs(b) * Math.sqrt(1 + r * r);
		} else {
			r = 0.0;
		}
		return r;
	}
}",3.0,1,6,10
377,"public class PDF {
/**
	 * probability density function
	 * 
	 * @param x
	 *            argument
	 * @param m
	 *            mean
	 * @param sd
	 *            standard deviation
	 * @return pdf at x
	 */
	public static double pdf(double x, double m, double sd) {
		double a = 1.0 / (Math.sqrt(2.0 * Math.PI) * sd);
		double b = -(x - m) * (x - m) / (2.0 * sd * sd);

		return a * Math.exp(b);
	}
}",1.0,4,7,3
378,"public class LOGPDF {
/**
	 * the natural log of the probability density function of the distribution
	 * 
	 * @param x
	 *            argument
	 * @param m
	 *            mean
	 * @param sd
	 *            standard deviation
	 * @return log pdf at x
	 */
	public static double logPdf(double x, double m, double sd) {
		double a = 1.0 / (Math.sqrt(2.0 * Math.PI) * sd);
		double b = -(x - m) * (x - m) / (2.0 * sd * sd);

		return Math.log(a) + b;
	}
}",1.0,4,15,3
379,"public class HASHCODE {
/**
	 * Return the same value as <code>{@link Double#hashCode()}</code>.
	 * @see Double#hashCode()
	 */
	public static int hashCode(double dbl) {
		long bits = Double.doubleToLongBits(dbl);
		return hashCode(bits);
	}
}",1.0,1,7,2
380,"public class ISSUBDELIMITER {
/**
		 * Indicates whether the given character is in the {@code sub-delims} set.
		 *
		 * @see <a href=""http://www.ietf.org/rfc/rfc3986.txt"">RFC 3986, appendix A</a>
		 */
		protected boolean isSubDelimiter(int c) {
			return '!' == c || '$' == c || '&' == c || '\'' == c || '(' == c || ')' == c || '*' == c || '+' == c ||
					',' == c || ';' == c || '=' == c;
		}
}",11.0,1,11,2
381,"public class ISSPACE {
/**
	 * Indicates whether the given character is whitespace
	 *
	 * @param c the character to check
	 * @return see above
	 */
	public static boolean isSpace(final char c) {
		switch (c) {
			case ' ':
				return true;
			case '\n':
				return true;
			case '\t':
				return true;
			case '\f':
				return true;
			case '\r':
				return true;
			default:
				return false;
		}
	}
}",2.0,1,7,13
382,"public class ROUND {
/**
   * E.g. round(3.1416, 2) == 3.14, round(431.5, -2) == 400
   */
  public static double round(double x, int precision) {
    double power = Math.pow(10.0, precision);
    return Math.round(x * power) / power;
  }
}",1.0,1,9,2
383,"public class LGAMMA {
/**
  * @return an approximation of the log of the Gamma function * of x.  Laczos Approximation
  * Reference: Numerical Recipes in C
  * http://www.library.cornell.edu/nr/cbookcpdf.html
  * from www.cs.berkeley.edu/~milch/blog/versions/blog-0.1.3/blog/distrib
  */ 
  public static double lgamma(double x) {
    double[] cof = {76.18009172947146, -86.50532032941677,
      24.01409824083091,-1.231739572450155,
      0.1208650973866179e-2,-0.5395239384953e-5};
    double y, z, ser, tmp;
    y = x;
    tmp = x + 5.5;
    tmp -= ((x + 0.5) * Math.log(tmp));
    ser = 1.000000000190015;
    for (int j = 0; j < 6; j += 1) {
      y += 1;
      ser += (cof[j] / y);
    }
    return (-tmp + Math.log(2.5066282746310005*ser / x));
  }
}",2.0,3,8,17
384,"public class NCHOOSEK {
/**
   * Computes n choose k in an efficient way.  Works with
   * k == 0 or k == n but undefined if k < 0 or k > n
   *
   * @param n
   * @param k
   * @return fact(n) / fact(k) * fact(n-k)
   */
  public static int nChooseK(int n, int k) {
    k = Math.min(k, n - k);
    if (k == 0) {
      return 1;
    }
    int accum = n;
    for (int i = 1; i < k; i++) {
      accum *= (n - i);
      accum /= i;
    }
    return accum / k;
  }
}",3.0,2,27,8
385,"public class ISWHITESPACE {
/**
	 * Answers true if c is a whitespace according to the JLS (&#92;u000a,
	 * &#92;u000c, &#92;u000d, &#92;u0009), otherwise false. <br>
	 * <br>
	 * For example:
	 * <ol>
	 * <li>
	 * 
	 * <pre>
	 *     c = ' '
	 *     result =&gt; true
	 * </pre>
	 * 
	 * </li>
	 * <li>
	 * 
	 * <pre>
	 *     c = ' \u3000'
	 *     result =&gt; false
	 * </pre>
	 * 
	 * </li>
	 * </ol>
	 * 
	 * @param c
	 *            the character to check
	 * @return true if c is a whitespace according to the JLS, otherwise false.
	 */
	public static boolean isWhitespace(char c) {
		switch (c) {
		case 10: /* \ u000a: LINE FEED */
		case 12: /* \ u000c: FORM FEED */
		case 13: /* \ u000d: CARRIAGE RETURN */
		case 32: /* \ u0020: SPACE */
		case 9: /* \ u0009: HORIZONTAL TABULATION */
			return true;
		default:
			return false;
		}
	}
}",2.0,19,49,9
386,"public class HEXCHARTONIBBLE {
/**
     * Internal method to turn a hex char into a nibble.
     */
    private static int hexCharToNibble(char ch) {
        if ((ch >= '0') && (ch <= '9')) {
            return ch - '0';
        } else if ((ch >= 'a') && (ch <= 'f')) {
            return ch - 'a' + 10;
        } else if ((ch >= 'A') && (ch <= 'F')) {
            return ch - 'A' + 10;
        } else {
            throw new IllegalArgumentException(""Not a hex char - '"" + ch + ""'"");
        }
    }
}",7.0,1,10,8
387,"public class ISINVALID {
/**
     * Checks whether the given Unicode character is an invalid XML character
     * and should be replaced for output. Subclasses can override this method
     * to use an alternative definition of which characters should be replaced
     * in the XML output. The default definition from the XML specification is:
     * <pre>
     * Char ::= #x9 | #xA | #xD | [#x20-#xD7FF] | [#xE000-#xFFFD] | [#x10000-#x10FFFF]
     * </pre>
     *
     * @param ch character
     * @return <code>true</code> if the character should be replaced,
     *         <code>false</code> otherwise
     */
    protected boolean isInvalid(int ch) {
        if (ch < 0x20) {
            return ch != 0x09 && ch != 0x0A && ch != 0x0D;
        } else if (ch < 0xE000) {
            return ch > 0xD7FF;
        } else if (ch < 0x10000) {
            return ch > 0xFFFD;
        } else {
            return ch > 0x10FFFF;
        }
    }
}",6.0,8,62,8
388,"public class GETWINDOWSIZE {
/**
     * LZX supports window sizes of 2^15 (32Kb) through 2^21 (2Mb) Returns X,
     * i.e 2^X
     * 
     * @param window
     *            chmLzxControlData.getWindowSize()
     * 
     * @return window size
     */
    public static int getWindowSize(int window) {
        int win = 0;
        while (window > 1) {
            window >>>= 1;
            win++;
        }
        return win;
    }
}",2.0,3,15,5
389,"public class ISAUDIOHEADER {
/**
     * Does this appear to be a 4 byte audio frame header?
     */
    public static boolean isAudioHeader(int h1, int h2, int h3, int h4) {
        if (h1 == -1 || h2 == -1 || h3 == -1 || h4 == -1) {
            return false;
        }
        // Check for the magic 11 bits set at the start
        // Note - doesn't do a CRC check
        if (h1 == 0xff && (h2 & 0x60) == 0x60) {
            return true;
        }
        return false;
    }
}",7.0,1,11,5
390,"public class ABS {
/**
     * A replacement for {@code Math.abs}, that never returns negative values.
     * {@code Math.abs(long)} does this for {@code Long.MIN_VALUE}.
     *
     * @see Math#abs(long)
     * @see Long#MIN_VALUE
     *
     * @param pNumber a number
     * @return the absolute value of {@code pNumber}
     *
     * @throws ArithmeticException if {@code pNumber == Long.MIN_VALUE}
     */
    public static long abs(final long pNumber) {
        if (pNumber == Long.MIN_VALUE) {
            throw new ArithmeticException(""long overflow: 9223372036854775808"");
        }

        return (pNumber < 0) ? -pNumber : pNumber;
    }
}",2.0,2,17,3
391,"public class ABS {
/**
     * A replacement for {@code Math.abs}, that never returns negative values.
     * {@code Math.abs(int)} does this for {@code Integer.MIN_VALUE}.
     *
     * @see Math#abs(int)
     * @see Integer#MIN_VALUE
     *
     * @param pNumber a number
     * @return the absolute value of {@code pNumber}
     *
     * @throws ArithmeticException if {@code pNumber == Integer.MIN_VALUE}
     */
    public static int abs(final int pNumber) {
        if (pNumber == Integer.MIN_VALUE) {
            throw new ArithmeticException(""int overflow: 2147483648"");
        }

        return (pNumber < 0) ? -pNumber : pNumber;
    }
}",2.0,2,17,3
392,"public class MODULO {
/**
	 * Determine a modulo value that is guaranteed to be zero or positive,
	 * as opposed to the standard Java % operator which can return a
	 * negative value.
	 *
	 * @param number Number to divide
	 * @param divisor Number that is used to divide
	 * @return The rest value of the division.
	 */
	private int modulo(int number, int divisor) {
		if (number >= 0) {
			return number % divisor;
		}
		return ((number % divisor) + divisor) % divisor;
	}
}",2.0,3,26,3
393,"public class EASE {
/**
	 * A dumb easing function that moves the camera
	 * @param start the start point
	 * @param target the end point
	 * @return the amount to ease
	 */
	private float ease(float start, float target)
	{
		if (Math.abs(target - start) < 4)
			return target;
		
		if (target < start)
			return start - 2;
		
		return start + 2;
	}
}",3.0,1,8,3
394,"public class CALCULATEHORIZONTALMARGIN {
/**
     * To account for negative margins
     */
    private int calculateHorizontalMargin( int prevMarginRight, int marginLeft ) 
    {
        int max = Math.max( prevMarginRight, marginLeft );
        int sum = prevMarginRight + marginLeft;
        if( sum < max ) {
            max += ( sum - max );
        }
        return max;
    }
}",2.0,1,5,5
395,"public class CALCULATEVERTICALMARGIN {
/**
     * To account for negative margins
     */
    private int calculateVerticalMargin( int prevMarginBottom, int marginTop ) 
    {
        int max = Math.max( prevMarginBottom, marginTop );
        int sum = prevMarginBottom + marginTop;
        if( sum < max ) {
            max += ( sum - max );
        }
        return max;
    }
}",2.0,1,5,5
396,"public class MININTINDEX {
/**
	 * Find minimum of a set of ints
	 * @param d set of ints
	 * @return the index of the minimum in the set
	 */
	public static int minIntIndex(int... d) {
		if((d == null) || (d.length == 0)) {
			throw new IllegalArgumentException(""d cannot be null"");
		}
		int index = 0;
		for(int x = 0; x < d.length; x++) {
			if(d[x] < d[index]) {
				index = x;
			}
		}
		return index;
	}
}",5.0,1,7,7
397,"public class MINDOUBLEINDEX {
/**
	 * Find minimum of a set of doubles
	 * @param d set of doubles
	 * @return the index of the minimum in the set
	 */
	public static double minDoubleIndex(double... d) {
		if((d == null) || (d.length == 0)) {
			throw new IllegalArgumentException(""d cannot be null"");
		}
		int index = 0;
		for(int x = 0; x < d.length; x++) {
			if(d[x] < d[index]) {
				index = x;
			}
		}
		return index;
	}
}",5.0,1,7,7
398,"public class MINFLOATINDEX {
/**
	 * Find minimum of a set of floats
	 * @param d set of floats
	 * @return the index of the minimum in the set
	 */
	public static float minFloatIndex(float... d) {
		if((d == null) || (d.length == 0)) {
			throw new IllegalArgumentException(""d cannot be null"");
		}
		int index = 0;
		for(int x = 0; x < d.length; x++) {
			if(d[x] < d[index]) {
				index = x;
			}
		}
		return index;
	}
}",5.0,1,7,7
399,"public class MINLONGINDEX {
/**
	 * Find minimum of a set of longs
	 * @param d set of longs
	 * @return the index of the minimum in the set
	 */
	public static long minLongIndex(long... d) {
		if((d == null) || (d.length == 0)) {
			throw new IllegalArgumentException(""d cannot be null"");
		}
		int index = 0;
		for(int x = 0; x < d.length; x++) {
			if(d[x] < d[index]) {
				index = x;
			}
		}
		return index;
	}
}",5.0,1,7,7
400,"public class CHECKBIT {
/**
	 * Checks if any of specified bits is set.
	 * 
	 * @param value
	 *            the number to look at
	 * @param mask
	 *            a bit mask
	 * @return <code>true</code> of <code>false</code>
	 */
	public static boolean checkBit(int value, int mask) {
		if ((value & mask) == 0) {
			return false;
		}
		return true;
	}
}",2.0,3,16,3
401,"public class SETBIT {
/**
	 * Sets or drops specific bit(s) of the given number.
	 * 
	 * @param value
	 *            target integer value
	 * @param mask
	 *            specifies bit(s) position(s)
	 * @param bit
	 *            set if <code>true</code>, drop if <code>false</code>
	 * @return updated <code>value</code>
	 */
	public static int setBit(int value, int mask, boolean bit) {
		if (bit) {
			value |= mask;
		} else {
			value &= ~mask;
		}
		return value;
	}
}",2.0,4,21,5
402,"public class HASH {
/**
     * Applies a supplemental hash function to a given hashCode, which
     * defends against poor quality hash functions.  This is critical
     * because ConcurrentWeakHashMap uses power-of-two length hash tables,
     * that otherwise encounter collisions for hashCodes that do not
     * differ in lower or upper bits.
     */
    private static int hash(int h) {
        // Spread bits to regularize both segment and index locations,
        // using variant of single-word Wang/Jenkins hash.
        h += (h <<  15) ^ 0xffffcd7d;
        h ^= (h >>> 10);
        h += (h <<   3);
        h ^= (h >>>  6);
        h += (h <<   2) + (h << 14);
        return h ^ (h >>> 16);
    }
}",1.0,5,41,6
403,"public class ISVOWEL {
/**
     * Test if a char is a french vowel, including accentuated ones
     * 
     * @param ch the char to test
     * @return boolean - true if the char is a vowel
     */
    private boolean isVowel(char ch)
    {
        switch (ch) {
            case 'a':
            case 'e':
            case 'i':
            case 'o':
            case 'u':
            case 'y':
            case '\u00E0': // A WITH GRAVE
            case '\u00E2': // A WITH CIRCUMFLEX
            case '\u00E8': // E WITH GRAVE
            case '\u00E9': // E WITH ACUTE
            case '\u00EA': // E WITH CIRCUMFLEX
            case '\u00EB': // E WITH DIAERESIS
            case '\u00EE': // I WITH CIRCUMFLEX
            case '\u00EF': // I WITH DIAERESIS
            case '\u00F4': // O WITH CIRCUMFLEX
            case '\u00F9': // U WITH GRAVE
            case '\u00FB': // U WITH CIRCUMFLEX
            case '\u00FC': // U WITH DIAERESIS
                return true;
            default:
                return false;
        }
    }
}",2.0,1,11,22
404,"public class GETSUBVIEWNAMELENGTH {
/**
     * Calculates the length of a subview (for groupings) given the total document count.
     * 
     * @param totalDocumentCount Total document count.
     * @return The calculated view name length.
     */
    public static int getSubViewNameLength(int totalDocumentCount)
    {
        // We might want to change this logic later.
        if (totalDocumentCount < 200) {
            return 1;
        } else if (totalDocumentCount < 5000) {
            return 2;
        } else {
            return 3;
        }
    }
}",3.0,1,13,6
405,"public class ZETASTATIC {
/**
	 * Compute the zeta constant needed for the distribution. Do this incrementally for a distribution that
	 * has n items now but used to have st items. Use the zipfian constant theta. Remember the new value of 
	 * n so that if we change the itemcount, we'll know to recompute zeta. 
	 * @param st The number of items used to compute the last initialsum
	 * @param n The number of items to compute zeta over.
	 * @param theta The zipfian constant.
     * @param initialsum The value of zeta we are computing incrementally from.
	 */
	static double zetastatic(long st, long n, double theta, double initialsum)
	{
		double sum=initialsum;
		for (long i=st; i<n; i++)
		{

			sum+=1/(Math.pow(i+1,theta));
		}
		
		//System.out.println(""countforzeta=""+countforzeta);
		
		return sum;
	}
}",2.0,3,48,4
406,"public class UNRANDOMIZE255STATE {
/**
   * See ISO 16022:2006, Annex B, B.2
   */
  private static int unrandomize255State(int randomizedBase256Codeword,
                                          int base256CodewordPosition) {
    int pseudoRandomNumber = ((149 * base256CodewordPosition) % 255) + 1;
    int tempVariable = randomizedBase256Codeword - pseudoRandomNumber;
    return tempVariable >= 0 ? tempVariable : tempVariable + 256;
  }
}",1.0,1,6,4
407,"public class CALCULATENUMBEROFROWS {
/**
   * Calculates the necessary number of rows as described in annex Q of ISO/IEC 15438:2001(E).
   *
   * @param m the number of source codewords prior to the additional of the Symbol Length
   *          Descriptor and any pad codewords
   * @param k the number of error correction codewords
   * @param c the number of columns in the symbol in the data region (excluding start, stop and
   *          row indicator codewords)
   * @return the number of rows in the symbol (r)
   */
  private static int calculateNumberOfRows(int m, int k, int c) {
    int r = ((m + 1 + k) / c) + 1;
    if (c * r >= (m + 1 + k + c)) {
      r--;
    }
    return r;
  }
}",2.0,3,22,4
408,"public class GETNUMBEROFPADCODEWORDS {
/**
   * Calculates the number of pad codewords as described in 4.9.2 of ISO/IEC 15438:2001(E).
   *
   * @param m the number of source codewords prior to the additional of the Symbol Length
   *          Descriptor and any pad codewords
   * @param k the number of error correction codewords
   * @param c the number of columns in the symbol in the data region (excluding start, stop and
   *          row indicator codewords)
   * @param r the number of rows in the symbol
   * @return the number of pad codewords
   */
  private static int getNumberOfPadCodewords(int m, int k, int c, int r) {
    int n = c * r - k;
    return n > m + 1 ? n - m - 1 : 0;
  }
}",1.0,3,21,2
409,"public class GETERRORCORRECTIONCODEWORDCOUNT {
/**
   * Determines the number of error correction codewords for a specified error correction
   * level.
   *
   * @param errorCorrectionLevel the error correction level (0-8)
   * @return the number of codewords generated for error correction
   */
  static int getErrorCorrectionCodewordCount(int errorCorrectionLevel) {
    if (errorCorrectionLevel < 0 || errorCorrectionLevel > 8) {
      throw new IllegalArgumentException(""Error correction level must be between 0 and 8!"");
    }
    return 1 << (errorCorrectionLevel + 1);
  }
}",3.0,2,13,3
410,"public class GETDATAMASKBIT {
/**
   * Return the mask bit for ""getMaskPattern"" at ""x"" and ""y"". See 8.8 of JISX0510:2004 for mask
   * pattern conditions.
   */
  static boolean getDataMaskBit(int maskPattern, int x, int y) {
    int intermediate;
    int temp;
    switch (maskPattern) {
      case 0:
        intermediate = (y + x) & 0x1;
        break;
      case 1:
        intermediate = y & 0x1;
        break;
      case 2:
        intermediate = x % 3;
        break;
      case 3:
        intermediate = (y + x) % 3;
        break;
      case 4:
        intermediate = ((y >>> 1) + (x / 3)) & 0x1;
        break;
      case 5:
        temp = y * x;
        intermediate = (temp & 0x1) + (temp % 3);
        break;
      case 6:
        temp = y * x;
        intermediate = ((temp & 0x1) + (temp % 3)) & 0x1;
        break;
      case 7:
        temp = y * x;
        intermediate = ((temp % 3) + ((y + x) & 0x1)) & 0x1;
        break;
      default:
        throw new IllegalArgumentException(""Invalid mask pattern: "" + maskPattern);
    }
    return intermediate == 0;
  }
}",2.0,2,18,33
411,"public class COMPARE {
/**
     * Compare two times.
     * @param t1 the first time to compare.
     * @param t2 the second time to compare.
     * @param g the timestamp granularity.
     * @return a negative integer, a positive integer, or zero as t1 is
     *         before, after, or equal to t2 accounting for the specified granularity.
     */
    public static int compare(long t1, long t2, long g) {
        long diff = t1 - t2;
        long abs = Math.abs(diff);
        return abs > Math.abs(g) ? (int) (diff / abs) : 0;
    }
}",1.0,2,14,3
412,"public class ISLEGALCHARACTER {
/**
     * Is the given character allowed inside an XML document?
     *
     * <p>See XML 1.0 2.2 <a
     * href=""http://www.w3.org/TR/1998/REC-xml-19980210#charsets"">
     * http://www.w3.org/TR/1998/REC-xml-19980210#charsets</a>.</p>
     * @param c the character to test.
     * @return true if the character is allowed.
     * @since 1.10, Ant 1.5
     */
    public boolean isLegalCharacter(final char c) {
        // CheckStyle:MagicNumber OFF
        if (c == 0x9 || c == 0xA || c == 0xD) {
            return true;
        } else if (c < 0x20) {
            return false;
        } else if (c <= 0xD7FF) {
            return true;
        } else if (c < 0xE000) {
            return false;
        } else if (c <= 0xFFFD) {
            return true;
        }
        // CheckStyle:MagicNumber ON
        return false;
    }
}",8.0,4,16,11
413,"public class ADJUSTTOLONG {
/**
     * Assumes a negative integer really is a positive integer that
     * has wrapped around and re-creates the original value.
     * @param i the value to treat as unsigned int.
     * @return the unsigned int as a long.
     * @since 1.34
     */
    protected static long adjustToLong(int i) {
        if (i < 0) {
            return 2 * ((long) Integer.MAX_VALUE) + 2 + i;
        } else {
            return i;
        }
    }
}",2.0,2,18,4
414,"public class GETCOMPONENTINDEX {
/** Given one of the constants for a component, determine the corresponding array index. */

  private int getComponentIndex(int component)
  {
    int index = 0;
    while (((component>>index)&1) == 0)
      index++;
    return index;
  }
}",2.0,1,15,3
415,"public class FLOATTOINT {
/** Convert a floating point value to an appropriate int value.  This is used by rebuildImage(). */
  
  private int floatToInt(float f)
  {
    int i = (int) (f*255.0f);
    if (i < 0)
      i = 0;
    if (i > 255)
      i = 255;
    return i;
  }
}",3.0,1,17,4
416,"public class FLOOR {
/** A faster replacement for Math.floor(). */
  
  private static int floor(double d)
  {
    if (d < 0.0)
    {
      int f = (int) d;
      if (f != d)
        f -= 1;
      return f;
    }
    return (int) d;
  }
}",3.0,1,7,5
417,"public class FLOOR {
/**
   * This method produces identical results to Math.floor() for all normal input values
   * (one which fall inside the allowed range of the int type).
   */

  public static int floor(double d)
  {
    if (d < 0.0)
    {
      int f = (int) d;
      if (f != d)
        f -= 1;
      return f;
    }
    return (int) d;
  }
}",3.0,2,23,5
418,"public class CEIL {
/**
   * This method produces identical results to Math.ceil() for all normal input values
   * (one which fall inside the allowed range of the int type).
   */

  public static int ceil(double d)
  {
    if (d > 0.0)
    {
      int f = (int) d;
      if (f != d)
        f += 1;
      return f;
    }
    return ((int) d);
  }
}",3.0,2,23,5
419,"public class POW {
/**
   * This method produces results which are nearly identical to Math.pow(), although the
   * last few digits may be different due to numerical error.  Unlike Math.pow(), this
   * method requires the exponent to be an integer.
   */

  public static double pow(double base, int exponent)
  {
    if (exponent < 0)
    {
      exponent = -exponent;
      base = 1.0/base;
    }
    double result = 1.0;
    while (exponent != 0)
    {
      if ((exponent&1) == 1)
        result *= base;
      base *= base;
      exponent = exponent>>1;
    }
    return result;
  }
}",4.0,3,33,9
420,"public class ATAN {
/**
   * This method calculates a fast approximation to the arctan function.  It differs from
   * the true value by no more than 0.005 for any input value.
   * <p>
   * I found this formula on an internet discussion board post by Ranko Bojanic.  The reference
   * cited in that post was
   * <p>
   * Approximation Theory (C. Hastings, Jr., Note 143, Math. Tables Aids. Comp 6, 68 (1953))
   */

  public static double atan(double d)
  {
    if (d >= 1.0)
      return (0.5*Math.PI-d/(d*d+0.28));
    if (d <= -1.0)
      return (-0.5*Math.PI-d/(d*d+0.28));
    return (d/(1.0+0.28*d*d));
  }
}",3.0,7,61,3
421,"public class CONVERTBITSPERSEC2MESHINDEX {
/**
     * We have a hard coded mesh.
     * 0-9999 = 0, 10000-
     *
     *
     * @param bitsPerSec -
     * @return - mesh index.
     */
    private int convertBitsPerSec2meshIndex(int bitsPerSec){

        if( bitsPerSec<0){
            return 0;
        }

        int bytesPerSec = bitsPerSec/1024;

        if( bytesPerSec<100){
            return bytesPerSec/10;
        }else if(bytesPerSec<500){
            return 10 + ((bytesPerSec-100)/50);
        }else if(bytesPerSec<5000){
            return 10 + 8 + ((bytesPerSec-500)/100);
        }

        //return max mesh index.
        return 10 + 8 + 45;
    }
}",5.0,2,10,10
422,"public class CONVERTMESHINDEX2BITSPERSEC {
/**
     * The reverse of bit/sec -> mesh index calculation.
     * @param meshIndex - value between 0 and 70
     * @return lowest BitsPerSecond that meets that criteria.
     */
    private int convertMeshIndex2bitsPerSec(int meshIndex){

        int bytesPerSec=0;
        if(meshIndex<=0){
            return 0;
        }

        if(meshIndex<=10){
            bytesPerSec = meshIndex*10;
        }else if(meshIndex<=18){
            bytesPerSec = 100 + (meshIndex-10) * 50;
        }else{
            bytesPerSec = 500 + (meshIndex-18) * 100;
        }

        return bytesPerSec*1024;
    }
}",4.0,1,8,10
423,"public class CALCULATEUNPINNEDSTEPSIZE {
/**
     * If setting is less then 100kBytes take 1 kByte steps.
     * If setting is less then 500kBytes take 5 kByte steps.
     * if setting is larger take 10 kBytes steps.
     * @param currLimitMax - current limit setting.
     * @return - set size for next change.
     */
    private int calculateUnpinnedStepSize(int currLimitMax){
        if(currLimitMax<102400){
            return 1024;
        }else if(currLimitMax<409600){
            return 1024*5;
        }else if(currLimitMax>=409600){
            return 1024*10;
        }
        return 1024;
    }
}",4.0,3,28,7
424,"public class CALCULATEDOWNTICKMULTIPLE {
/**
     * Want to drop rate faster then increase.
     * @param c -
     * @return -
     */
    private float calculateDownTickMultiple(int c) {

        float multiple=0.0f;
        if(c<0){
            return multiple;
        }

        switch(c){
            case 0:
            case 1:
                multiple=0.25f;
                break;
            case 2:
                multiple=0.5f;
                break;
            case 3:
                multiple=1.0f;
                break;
            case 4:
                multiple=2.0f;
                break;
            case 5:
                multiple=3.0f;
                break;
            case 6:
                multiple=4.0f;
                break;
            case 7:
                multiple=6.0f;
                break;
            case 8:
                multiple=9.0f;
                break;
            case 9:
                multiple=15.0f;
                break;
            default:
                multiple=20.0f;
        }//switch
        return multiple;
    }
}",3.0,1,7,36
425,"public class GETLIGHTERFONTWEIGHT {
/**
         * Returns a lighter font-weight.
         */
        public float getLighterFontWeight(float f) {
            // Round f to nearest 100...
            int weight = ((int)((f+50)/100))*100;
            switch (weight) {
            case 100: return 100;
            case 200: return 100;
            case 300: return 200;
            case 400: return 300;
            case 500: return 400;
            case 600: return 400;
            case 700: return 400;
            case 800: return 400;
            case 900: return 400;
            default:
                throw new IllegalArgumentException(""Bad Font Weight: "" + f);
            }
        }
}",2.0,1,4,22
426,"public class GETBOLDERFONTWEIGHT {
/**
         * Returns a bolder font-weight.
         */
        public float getBolderFontWeight(float f) {
            // Round f to nearest 100...
            int weight = ((int)((f+50)/100))*100;
            switch (weight) {
            case 100: return 600;
            case 200: return 600;
            case 300: return 600;
            case 400: return 600;
            case 500: return 600;
            case 600: return 700;
            case 700: return 800;
            case 800: return 900;
            case 900: return 900;
            default:
                throw new IllegalArgumentException(""Bad Font Weight: "" + f);
            }
        }
}",2.0,1,4,22
427,"public class GETSTANDARDLIGHTERFONTWEIGHT {
/**
     * Returns a lighter font-weight.
     */
    public static float getStandardLighterFontWeight(float f) {
        // Round f to nearest 100...
        int weight = ((int)((f+50)/100))*100;
        switch (weight) {
        case 100: return 100;
        case 200: return 100;
        case 300: return 200;
        case 400: return 300;
        case 500: return 400;
        case 600: return 400;
        case 700: return 400;
        case 800: return 400;
        case 900: return 400;
        default:
            throw new IllegalArgumentException(""Bad Font Weight: "" + f);
        }
    }
}",2.0,1,4,22
428,"public class GETSTANDARDBOLDERFONTWEIGHT {
/**
     * Returns a bolder font-weight.
     */
    public static float getStandardBolderFontWeight(float f) {
        // Round f to nearest 100...
        int weight = ((int)((f+50)/100))*100;
        switch (weight) {
        case 100: return 600;
        case 200: return 600;
        case 300: return 600;
        case 400: return 600;
        case 500: return 600;
        case 600: return 700;
        case 700: return 800;
        case 800: return 900;
        case 900: return 900;
        default:
            throw new IllegalArgumentException(""Bad Font Weight: "" + f);
        }
    }
}",2.0,1,4,22
429,"public class CONVERTSRGBTOLINEARRGB {
/**
     * Helper function to convert a color component in sRGB space to linear
     * RGB space.  Used to build a static lookup table.
     */
    private static int convertSRGBtoLinearRGB(int color) {

        // use of float and double arithmetic gives exactly same results
        float output;

        float input = color/255.0f;
        if (input <= 0.04045f) {
            output = input/12.92f;
        } else {
            output = (float) Math.pow((input + 0.055) / 1.055, 2.4);
        }
        int o = Math.round(output * 255.0f);

        return o;
    }
}",2.0,2,21,8
430,"public class CONVERTLINEARRGBTOSRGB {
/** Helper function to convert a color component in linear RGB space to
      *  SRGB space. Used to build a static lookup table.
      */
    private static int convertLinearRGBtoSRGB(int color) {

         // use of float and double arithmetic gives exactly same results
        float output;

        float input = color/255.0f;

        if (input <= 0.0031308f) {
            output = input * 12.92f;
        } else {
            output = (1.055f * ((float) Math.pow(input, (1.0 / 2.4)))) - 0.055f;
        }

        int o = Math.round(output * 255.0f);

        return o;
    }
}",2.0,1,9,8
431,"public class ARABICCHARTRANSPARENT {
/**
     * Returns true if the char is transparent.
     *
     * @param c The character to test.
     * @return True if the character is transparent, false otherwise.
     */
    public static boolean arabicCharTransparent(char c) {
        int charVal = c;
        if ((charVal  < 0x064B) || (charVal > 0x06ED))
            return false;

        if ((charVal <= 0x0655)                      ||
            (charVal == 0x0670)                      ||
            (charVal >= 0x06D6 && charVal <= 0x06E4) ||
            (charVal >= 0x06E7 && charVal <= 0x06E8) ||
            (charVal >= 0x06EA)) {
            return true;
        }
        return false;
    }
}",10.0,1,7,9
432,"public class ARABICCHARSHAPESDUEL {
/**
     * Returns true if character has duel shaping.
     *
     * @param c The character to test.
     * @return True if the character is duel shaping, false otherwise.
     */
    private static boolean arabicCharShapesDuel(char c) {
        int charVal = c;

        if ((charVal == 0x0626)
         || (charVal == 0x0628)
         || (charVal >= 0x062A && charVal <= 0x062E)
         || (charVal >= 0x0633 && charVal <= 0x063A)
         || (charVal >= 0x0641 && charVal <= 0x0647)
         || (charVal >= 0x0649 && charVal <= 0x064A)
         || (charVal >= 0x0678 && charVal <= 0x0687)
         || (charVal >= 0x069A && charVal <= 0x06BF)
         || (charVal == 0x6C1)
         || (charVal == 0x6CC)
         || (charVal == 0x6CE)
         || (charVal >= 0x06D0 && charVal <= 0x06D1)
         || (charVal >= 0x06FA && charVal <= 0x06FC)) {
            return true;
        }
        return false;
    }
}",22.0,1,7,16
433,"public class CHARSTARTSLIGATURE {
/**
     * Returns true if a ligature exists that starts with the
     * specified character.
     *
     * @param c The character to test.
     * @return True if there is a ligature that starts with c, false otherwise.
     */
    public static boolean charStartsLigature(char c) {
        int charVal = c;
        if (charVal == 0x064B || charVal == 0x064C || charVal == 0x064D
         || charVal == 0x064E || charVal == 0x064F || charVal == 0x0650
         || charVal == 0x0651 || charVal == 0x0652 || charVal == 0x0622
         || charVal == 0x0623 || charVal == 0x0625 || charVal == 0x0627) {
            return true;
        }
        return false;
    }
}",13.0,2,12,15
434,"public class ISLIGATURE {
/**
     * Returns true if the glyph for the specified character
     * respresents a ligature.
     *
     * @param c The character to test.
     * @return True if c is a ligature, false otherwise.
     */
    public static boolean isLigature(char c) {
        int charVal = c;
        if ((charVal < 0xFE70) || (charVal > 0xFEFC))
            return false;

        if ((charVal <= 0xFE72)                      ||
            (charVal == 0xFE74)                      ||
            (charVal >= 0xFE76 && charVal <= 0xFE7F) ||
            (charVal >= 0xFEF5)) {
            return true;
        }
        return false;
    }
}",8.0,2,12,8
435,"public class ISLATINCHAR {
/**
     * Returns true if the specified character is within one of the Latin
     * unicode character blocks.
     *
     * @param c The char to test.
     *
     * @return True if c is latin.
     */
    protected boolean isLatinChar(char c) {

        if ( c < 255 && Character.isLetterOrDigit( c )){
            // cheap quick check, should catch most lation-chars
            return true;
        }

        Character.UnicodeBlock block = Character.UnicodeBlock.of(c);

        if (block == Character.UnicodeBlock.BASIC_LATIN ||
            block == Character.UnicodeBlock.LATIN_1_SUPPLEMENT ||
            block == Character.UnicodeBlock.LATIN_EXTENDED_ADDITIONAL ||
            block == Character.UnicodeBlock.LATIN_EXTENDED_A ||
            block == Character.UnicodeBlock.LATIN_EXTENDED_B ||
            block == Character.UnicodeBlock.ARABIC ||
            block == Character.UnicodeBlock.ARABIC_PRESENTATION_FORMS_A ||
            block == Character.UnicodeBlock.ARABIC_PRESENTATION_FORMS_B) {
            return true;
        }
        return false;
    }
}",11.0,2,15,13
436,"public class GETLIGHTERFONTWEIGHT {
/**
     * Returns a lighter font-weight.
     */
    public float getLighterFontWeight(float f) {
        // Round f to nearest 100...
        int weight = ((int)((f+50)/100))*100;
        switch (weight) {
        case 100: return 100;
        case 200: return 100;
        case 300: return 200;
        case 400: return 300;
        case 500: return 400;
        case 600: return 400;
        case 700: return 400;
        case 800: return 400;
        case 900: return 400;
        default:
            throw new IllegalArgumentException(""Bad Font Weight: "" + f);
        }
    }
}",2.0,1,4,22
437,"public class GETBOLDERFONTWEIGHT {
/**
     * Returns a bolder font-weight.
     */
    public float getBolderFontWeight(float f) {
        // Round f to nearest 100...
        int weight = ((int)((f+50)/100))*100;
        switch (weight) {
        case 100: return 600;
        case 200: return 600;
        case 300: return 600;
        case 400: return 600;
        case 500: return 600;
        case 600: return 700;
        case 700: return 800;
        case 800: return 900;
        case 900: return 900;
        default:
            throw new IllegalArgumentException(""Bad Font Weight: "" + f);
        }
    }
}",2.0,1,4,22
438,"public class ISXMLSPACE {
/**
     * Tests whether the given character is a valid space.
     */
    public static boolean isXMLSpace(char c) {
      return (c <= 0x0020) &&
             (((((1L << 0x0009) |
                 (1L << 0x000A) |
                 (1L << 0x000D) |
                 (1L << 0x0020)) >> c) & 1L) != 0);
    }
}",2.0,1,9,2
439,"public class HYPOT {
/**
 * Returns sqrt(a^2 + b^2) without under/overflow.
 */
protected static double hypot(double a, double b) {
	double r;
	if (Math.abs(a) > Math.abs(b)) {
		r = b/a;
		r = Math.abs(a)*Math.sqrt(1+r*r);
	} else if (b != 0) {
		r = a/b;
		r = Math.abs(b)*Math.sqrt(1+r*r);
	} else {
		r = 0.0;
	}
	return r;
}
}",3.0,1,6,10
440,"public class SIGN {
/**
Implements the FORTRAN sign (not sin) function.
See the code for details.
@param  a   a
@param  b   b
*/
private double sign(double a, double b) {
	if (b < 0.0) {
		return -Math.abs(a);
	} else {
		return Math.abs(a);      
	}
}
}",2.0,2,12,4
441,"public class GEOMETRICPDF {
/**
 * Returns the probability distribution function of the discrete geometric distribution.
 * <p>
 * <tt>p(k) = p * (1-p)^k</tt> for <tt> k &gt;= 0</tt>.
 * <p>
 * @param k the argument to the probability distribution function.
 * @param p the parameter of the probability distribution function.
 */
public static double geometricPdf(int k, double p) {
	if (k<0) throw new IllegalArgumentException();
	return p * Math.pow(1-p,k);
}
}",2.0,4,22,2
442,"public class BESSI0 {
/**
 * Modified Bessel Functions of First Kind - Order 0.
 */
public static double bessi0(double x) {
	double ax,ans;
	double y;

	if ((ax=Math.abs(x)) < 3.75) {
		y=x/3.75;
		y*=y;
		ans=1.0+y*(3.5156229+y*(3.0899424+y*(1.2067492
			+y*(0.2659732+y*(0.360768e-1+y*0.45813e-2)))));
	}
	else {
		y=3.75/ax;
		ans=(Math.exp(ax)/Math.sqrt(ax))*(0.39894228+y*(0.1328592e-1
			+y*(0.225319e-2+y*(-0.157565e-2+y*(0.916281e-2
			+y*(-0.2057706e-1+y*(0.2635537e-1+y*(-0.1647633e-1
			+y*0.392377e-2))))))));
	}
	return ans;
}
}",2.0,1,9,35
443,"public class BESSI1 {
/**
 * Modified Bessel Functions of First Kind - Order 1.
 */
public static double bessi1(double x) {
	double ax,ans;
	double y;

	if ((ax=Math.abs(x)) < 3.75) {
		y=x/3.75;
		y*=y;
		ans=ax*(0.5+y*(0.87890594+y*(0.51498869+y*(0.15084934
			+y*(0.2658733e-1+y*(0.301532e-2+y*0.32411e-3))))));
	}
	else {
		y=3.75/ax;
		ans=0.2282967e-1+y*(-0.2895312e-1+y*(0.1787654e-1
			-y*0.420059e-2));
		ans=0.39894228+y*(-0.3988024e-1+y*(-0.362018e-2
			+y*(0.163801e-2+y*(-0.1031555e-1+y*ans))));
		ans *= (Math.exp(ax)/Math.sqrt(ax));
		}
	return x < 0.0 ? -ans : ans;
 }
}",2.0,1,9,27
444,"public class LOGGAMMA {
/**
 * Returns a quick approximation of <tt>log(gamma(x))</tt>.
 */
public static double logGamma(double x) {
	final double c0 = 9.1893853320467274e-01, c1 = 8.3333333333333333e-02,
		c2 =-2.7777777777777777e-03, c3 = 7.9365079365079365e-04,
		c4 =-5.9523809523809524e-04, c5 = 8.4175084175084175e-04,
		c6 =-1.9175269175269175e-03;
	double g,r,z;

	if (x <= 0.0 /* || x > 1.3e19 */ ) return -999;
	
	for (z = 1.0; x < 11.0; x++) z *= x;
	
	r = 1.0 / (x * x);
	g = c1 + r * (c2 + r * (c3 + r * (c4 + r * (c5 + r + c6))));
	g = (x - 0.5) * Math.log(x) - x + c0 + g / x;
	if (z == 1.0) return g;
	return g - Math.log(z);
}
}",4.0,1,6,15
445,"public class KURTOSIS {
/**
 * Returns the kurtosis (aka excess) of a data sequence.
 * @param moment4 the fourth central moment, which is <tt>moment(data,4,mean)</tt>.
 * @param standardDeviation the standardDeviation.
 */
public static double kurtosis(double moment4, double standardDeviation) {
	return -3 + moment4 / (standardDeviation * standardDeviation * standardDeviation * standardDeviation);
}
}",1.0,1,9,2
446,"public class SAMPLEKURTOSIS {
/**
 * Returns the sample kurtosis (aka excess) of a data sequence.
 *
 * Ref: R.R. Sokal, F.J. Rohlf, Biometry: the principles and practice of statistics
 * in biological research (W.H. Freeman and Company, New York, 1998, 3rd edition)
 * p. 114-115.
 *
 * @param size the number of elements of the data sequence.
 * @param moment4 the fourth central moment, which is <tt>moment(data,4,mean)</tt>.
 * @param sampleVariance the <b>sample variance</b>.
 */
public static double sampleKurtosis(int size, double moment4, double sampleVariance) {
	 int    n=size;
	 double s2=sampleVariance; // (y-ymean)^2/(n-1)
	 double m4 = moment4*n;    // (y-ymean)^4
	 return m4*n*(n+1) / ((n-1)*(n-2)*(n-3)*s2*s2)
		  - 3.0*(n-1)*(n-1)/((n-2)*(n-3));
}
}",1.0,4,36,5
447,"public class SAMPLEKURTOSISSTANDARDERROR {
/**
 * Return the standard error of the sample kurtosis.
 *
 * Ref: R.R. Sokal, F.J. Rohlf, Biometry: the principles and practice of statistics
 * in biological research (W.H. Freeman and Company, New York, 1998, 3rd edition)
 * p. 138.
 *
 * @param size the number of elements of the data sequence.
 */
public static double sampleKurtosisStandardError(int size) {
	 int n=size;
	 return Math.sqrt( 24.0*n*(n-1)*(n-1)/((n-3)*(n-2)*(n+3)*(n+5)) );
}
}",1.0,4,34,2
448,"public class SAMPLESKEW {
/**
 * Returns the sample skew of a data sequence.
 *
 * Ref: R.R. Sokal, F.J. Rohlf, Biometry: the principles and practice of statistics
 * in biological research (W.H. Freeman and Company, New York, 1998, 3rd edition)
 * p. 114-115.
 *
 * @param size the number of elements of the data sequence.
 * @param moment3 the third central moment, which is <tt>moment(data,3,mean)</tt>.
 * @param sampleVariance the <b>sample variance</b>.
 */
public static double sampleSkew(int size, double moment3, double sampleVariance) {
	 int    n=size;
	 double s=Math.sqrt(sampleVariance); // sqrt( (y-ymean)^2/(n-1) )
	 double m3 = moment3*n;    // (y-ymean)^3
	 return n*m3 / ((n-1)*(n-2)*s*s*s);
}
}",1.0,4,34,4
449,"public class SAMPLESKEWSTANDARDERROR {
/**
 * Return the standard error of the sample skew.
 *
 * Ref: R.R. Sokal, F.J. Rohlf, Biometry: the principles and practice of statistics
 * in biological research (W.H. Freeman and Company, New York, 1998, 3rd edition)
 * p. 138.
 *
 * @param size the number of elements of the data sequence.
 */
public static double sampleSkewStandardError(int size) {
	 int n=size;
	 return Math.sqrt( 6.0*n*(n-1)/((n-2)*(n+1)*(n+3)) );
}
}",1.0,4,34,2
450,"public class SAMPLEVARIANCE {
/**
 * Returns the sample variance of a data sequence.
 * That is <tt>(sumOfSquares - mean*sum) / (size - 1)</tt> with <tt>mean = sum/size</tt>.
 *
 * @param size the number of elements of the data sequence. 
 * @param sum <tt>== Sum( data[i] )</tt>.
 * @param sumOfSquares <tt>== Sum( data[i]*data[i] )</tt>.
 */
public static double sampleVariance(int size, double sum, double sumOfSquares) {
	double mean = sum / size;
	return (sumOfSquares - mean*sum) / (size - 1);
}
}",1.0,2,21,2
451,"public class SAMPLEWEIGHTEDVARIANCE {
/**
 * Returns the sample weighted variance of a data sequence.
 * That is <tt>(sumOfSquaredProducts  -  sumOfProducts * sumOfProducts / sumOfWeights) / (sumOfWeights - 1)</tt>.
 *
 * @param sumOfWeights <tt>== Sum( weights[i] )</tt>. 
 * @param sumOfProducts <tt>== Sum( data[i] * weights[i] )</tt>.
 * @param sumOfSquaredProducts <tt>== Sum( data[i] * data[i] * weights[i] )</tt>.
 */
public static double sampleWeightedVariance(double sumOfWeights, double sumOfProducts, double sumOfSquaredProducts) {
	return (sumOfSquaredProducts  -  sumOfProducts * sumOfProducts / sumOfWeights) / (sumOfWeights - 1);
}
}",1.0,2,22,3
452,"public class VARIANCE {
/**
 * Returns the variance of a data sequence.
 * That is <tt>(sumOfSquares - mean*sum) / size</tt> with <tt>mean = sum/size</tt>.
 *
 * @param size the number of elements of the data sequence. 
 * @param sum <tt>== Sum( data[i] )</tt>.
 * @param sumOfSquares <tt>== Sum( data[i]*data[i] )</tt>.
 */
public static double variance(int size, double sum, double sumOfSquares) {
	double mean = sum / size;
	return (sumOfSquares - mean*sum) / size;
}
}",1.0,2,18,2
453,"public class EPSILONCEILING {
/**
 * Similar to Math.ceil(value), but adjusts small numerical rounding errors +- epsilon.
 */
public static long epsilonCeiling(double value) {
	double epsilon = 0.0000001;
	return (long) Math.ceil(value - epsilon);
}
}",1.0,1,11,2
454,"public class BEFORESAVE {
/**
	 * 	Called before Save for Pre-Save Operation
	 * 	@param newRecord new record
	 *	@return true if record can be saved
	 */
	protected boolean beforeSave(boolean newRecord)
	{
		/** Prevents saving
		log.saveError(""Error"", Msg.parseTranslation(getCtx(), ""@C_Currency_ID@ = @C_Currency_ID@""));
		log.saveError(""FillMandatory"", Msg.getElement(getCtx(), ""PriceEntered""));
		/** Issues message
		log.saveWarning(AD_Message, message);
		log.saveInfo (AD_Message, message);
		 **/
		return true;
	}
}",1.0,3,17,7
455,"public class ISNUMERIC {
/**
     * Indicates whether the given SQL data type is a numberic type.
     *
     * @param type one of the constants from <code>java.sql.Types</code>
     * @return <code>true</code> if the given type is <code>NUMERIC</code>,'
     *         <code>DECIMAL</code>, <code>BIT</code>, <code>TINYINT</code>,
     *         <code>SMALLINT</code>, <code>INTEGER</code>, <code>BIGINT</code>,
     *         <code>REAL</code>, <code>DOUBLE</code>, or <code>FLOAT</code>;
     *         <code>false</code> otherwise
     */
    private boolean isNumeric(int type) {
        switch (type) {
            case java.sql.Types.NUMERIC:
            case java.sql.Types.DECIMAL:
            case java.sql.Types.BIT:
            case java.sql.Types.TINYINT:
            case java.sql.Types.SMALLINT:
            case java.sql.Types.INTEGER:
            case java.sql.Types.BIGINT:
            case java.sql.Types.REAL:
            case java.sql.Types.DOUBLE:
            case java.sql.Types.FLOAT:
                return true;
            default:
                return false;
        }
    }
}",2.0,5,23,14
456,"public class ISSTRING {
/**
     * Indicates whether the given SQL data type is a string type.
     *
     * @param type one of the constants from <code>java.sql.Types</code>
     * @return <code>true</code> if the given type is <code>CHAR</code>,'
     *         <code>VARCHAR</code>, or <code>LONGVARCHAR</code>;
     *         <code>false</code> otherwise
     */
    private boolean isString(int type) {
        switch (type) {
            case java.sql.Types.CHAR:
            case java.sql.Types.VARCHAR:
            case java.sql.Types.LONGVARCHAR:
                return true;
            default:
                return false;
        }
    }
}",2.0,3,16,7
457,"public class ISBINARY {
/**
     * Indicates whether the given SQL data type is a binary type.
     *
     * @param type one of the constants from <code>java.sql.Types</code>
     * @return <code>true</code> if the given type is <code>BINARY</code>,'
     *         <code>VARBINARY</code>, or <code>LONGVARBINARY</code>;
     *         <code>false</code> otherwise
     */
    private boolean isBinary(int type) {
        switch (type) {
            case java.sql.Types.BINARY:
            case java.sql.Types.VARBINARY:
            case java.sql.Types.LONGVARBINARY:
                return true;
            default:
                return false;
        }
    }
}",2.0,3,16,7
458,"public class ISTEMPORAL {
/**
     * Indicates whether the given SQL data type is a temporal type.
     * This method is called internally by the conversion methods
     * <code>convertNumeric</code> and <code>convertTemporal</code>.
     *
     * @param type one of the constants from <code>java.sql.Types</code>
     * @return <code>true</code> if the given type is <code>DATE</code>,
     *         <code>TIME</code>, or <code>TIMESTAMP</code>;
     *         <code>false</code> otherwise
     */
    private boolean isTemporal(int type) {
        switch (type) {
            case java.sql.Types.DATE:
            case java.sql.Types.TIME:
            case java.sql.Types.TIMESTAMP:
                return true;
            default:
                return false;
        }
    }
}",2.0,5,28,7
459,"public class ISBOOLEAN {
/**
     * Indicates whether the given SQL data type is a boolean type.
     * This method is called internally by the conversion methods
     * <code>convertNumeric</code> and <code>convertBoolean</code>.
     *
     * @param type one of the constants from <code>java.sql.Types</code>
     * @return <code>true</code> if the given type is <code>BIT</code>,
     *         , or <code>BOOLEAN</code>;
     *         <code>false</code> otherwise
     */
    private boolean isBoolean(int type) {
        switch (type) {
            case java.sql.Types.BIT:
            case java.sql.Types.BOOLEAN:
                return true;
            default:
                return false;
        }
    }
}",2.0,5,28,6
460,"public class COLORDISTANCE {
/**
	 * 	Simple Color Distance.
	 * 	(3d point distance)
	 *	@param r1 first red
	 *	@param g1 first green
	 *	@param b1 first blue
	 *	@param r2 second red
	 *	@param g2 second green
	 *	@param b2 second blue
	 *	@return 3d distance for relative comparison
	 */
	public static double colorDistance (double r1, double g1, double b1,
          double r2, double g2, double b2)
	{
		double a = (r2 - r1) + 0.1;
		double b = (g2 - g1) + 0.1;
		double c = (b2 - b1) + 0.1;
		return Math.sqrt (a*a + b*b + c*c);
	}
}",1.0,9,36,5
461,"public class FINISHSCORE {
/**
     * <p>
     * Calculate the final score as a percentage, given the highest possible
     * score and the actual score achieved.
     * </p>
     */
    public static double finishScore(double allCorrect, double actual)
    {
        if ( actual < 0.0D ) { return 0.0D; }
        else { return (100D * actual) / allCorrect; }
    }
}",2.0,4,19,4
462,"public class GETINPUTJDBCTYPE {
/**
     * Convert the input targetJdbcType to the correct JdbcType used by CrossConverters.
     */
    public static int getInputJdbcType(int jdbcType) {
        switch (jdbcType) {
        case java.sql.Types.BIT:
        case java.sql.Types.BOOLEAN:
        case java.sql.Types.TINYINT:
        case java.sql.Types.SMALLINT:
            return java.sql.Types.INTEGER;
        case java.sql.Types.NUMERIC:
            return java.sql.Types.DECIMAL;
        case java.sql.Types.FLOAT:
            return java.sql.Types.DOUBLE;
        default:
            return jdbcType;
        }

    }
}",2.0,1,11,12
463,"public class CALCULATEEXTENDEDLENGTHBYTECOUNT {
/**
	 * Calculate extended length byte count which follows the DSS header
	 * for extended DDM.
	 *
	 * @param ddmSize - size of DDM command
	 * @return minimum number of extended length bytes needed. 0 indicates no
	 * 	extended length needed.
	 */
	private int calculateExtendedLengthByteCount (long ddmSize)
	{
		if (ddmSize <= 0x7fff)
			return 0;
		// JCC does not support 2 at this time, so we always send
		// at least 4
		//		else if (ddmSize <= 0xffff)
		//	return 2;
		else if (ddmSize <= 0xffffffffL)
			return 4;
		else if (ddmSize <= 0xffffffffffffL)
			return 6;
		else if (ddmSize <= 0x7fffffffffffffffL)
			return 8;
		else
			// shouldn't happen
			// XXX - add sanity debug stuff here
			return 0;
	}
}",5.0,3,16,6
464,"public class TANH {
/**
	 * Hyperbolic Tangent function. SYSFUN.TANH
	 * @see <a href=""http://mathworld.wolfram.com/HyperbolicFunctions.html"">HyperbolicFunctions</a>
	 * @return (e^x - e^-x) / (e^x + e^-x)
	 */
	public static double TANH(double value)
	{
		return (StrictMath.exp(value) - StrictMath.exp(-value)) /
			(StrictMath.exp(value) + StrictMath.exp(-value));
	}
}",1.0,1,4,2
465,"public class COMPUTEMAXWIDTH {
/**
     * Compute the maximum width (column display width) of a decimal or numeric data value,
     * given its precision and scale.
     *
     * @param precision The precision (number of digits) of the data value.
     * @param scale The number of fractional digits (digits to the right of the decimal point).
     *
     * @return The maximum number of chracters needed to display the value.
     */
    public static int computeMaxWidth( int precision, int scale)
    {
	// There are 3 possible cases with respect to finding the correct max
	// width for DECIMAL type.
	// 1. If scale = 0, only sign should be added to precision.
	// 2. scale=precision, 3 should be added to precision for sign, decimal and an additional char '0'.
	// 3. precision > scale > 0, 2 should be added to precision for sign and decimal.
	return (scale ==0) ? (precision +1) : ((scale == precision) ? (precision + 3) : (precision + 2));
    }
}",1.0,2,19,3
466,"public class SUPPORTSCONVERT {
/**
     * Is CONVERT between the given SQL types supported?
     *
     * @param fromType the type to convert from
     * @param toType the type to convert to
     * @return true if so
     * @see Types
     */
	public boolean supportsConvert(int fromType, int toType) {
		/*
		 * at the moment we don't support CONVERT at all, so we take the easy
		 * way out.  Eventually we need to figure out how to handle this
		 * cleanly.
		 */
		return false;
	}
}",1.0,1,8,6
467,"public class PUSHCOLLATIONFORDATAVALUE {
/**
     * Return true if the collationType is to be passed
     * to the methods generated by generateNull and
     * generateDataValue.
     * 
     * @param collationType Collation type of character values.
     * @return true collationType will be pushed, false collationType will be ignored.
     */
    boolean pushCollationForDataValue(int collationType)
    {
        return false;
    }
}",1.0,3,17,2
468,"public class GETTIMESPENT {
/**
	 * Return the total amount of time spent in this ResultSet
	 *
	 * @param type	CURRENT_RESULTSET_ONLY - time spent only in this ResultSet
	 *				ENTIRE_RESULTSET_TREE  - time spent in this ResultSet and below.
	 *
	 * @return long		The total amount of time spent (in milliseconds).
	 */
	public long getTimeSpent(int type)
	{
		/* RESOLVE - RunTimeStats not implemented yet */
		return 0;
	}
}",1.0,2,19,2
469,"public class GETTIMESPENT {
/**
	 * Return the total amount of time spent in this ResultSet
	 *
	 * @param type	CURRENT_RESULTSET_ONLY - time spent only in this ResultSet
	 *				ENTIRE_RESULTSET_TREE  - time spent in this ResultSet and below.
	 *
	 * @return long		The total amount of time spent (in milliseconds).
	 */
	public long getTimeSpent(int type)
	{
		/* RESOLVE - this should be overloaded in all subclasses */
		return 0;
	}
}",1.0,2,19,2
470,"public class DETERMINEUNSIGNEDBITSIZE {
/**
     * Determine the minimum number of bits required to hold the given
     * unsigned value (may be zero)
     */
    public static int determineUnsignedBitSize( long value )
    {
        //--This is probably a really bad way of doing this...
        int  topBit = 32;
        long mask = 0x80000000L;
        
        while( topBit > 0 )
        {
            if( (value & mask) != 0 ) return topBit;
            
            mask >>= 1;
            topBit--;
        }
        
        return 0;
    }
}",3.0,2,16,7
471,"public class CONVERTSRGBTOLINEARRGB {
/** Helper function to convert a color component in sRGB space to linear
     * RGB space.  Used to build a static lookup table.
     */
    private static int convertSRGBtoLinearRGB(int color) {

        float input, output;

        input = ((float) color) / 255.0f;
        if (input <= 0.04045f) {
            output = input / 12.92f;
        }
        else {
            output = (float) Math.pow((input + 0.055) / 1.055, 2.4);
        }
        int o = Math.round(output * 255.0f);

        return o;
    }
}",2.0,1,9,8
472,"public class CONVERTLINEARRGBTOSRGB {
/** Helper function to convert a color component in linear RGB space to
      *  SRGB space. Used to build a static lookup table.
      */
    private static int convertLinearRGBtoSRGB(int color) {

        float input, output;

        input = ((float) color) / 255.0f;

        if (input <= 0.0031308) {
            output = input * 12.92f;
        }
        else {
            output = (1.055f *
                ((float) Math.pow(input, (1.0 / 2.4)))) - 0.055f;
        }

        int o = Math.round(output * 255.0f);

        return o;
    }
}",2.0,1,9,8
473,"public class COMPARE {
/**
	 * return sign of x - y
	 * @param x
	 * @param y
	 * @return
	 */
	public static int compare(int x, int y) {
		if (x > y) return 1;
		if (x < y) return -1;
		return 0;
	}
}",3.0,1,6,3
474,"public class COMPARE {
/**
	 * return sign of x - y
	 * @param x
	 * @param y
	 * @return
	 */
	public static int compare(long x, long y) {
		if (x > y) return 1;
		if (x < y) return -1;
		return 0;
	}
}",3.0,1,6,3
475,"public class ISXMLVALIDCHARACTER {
/**
	 * Determines whether the character is valid in XML. Invalid characters
	 * include most of the range x00-x1F, and more. 
	 * @see http://www.w3.org/TR/2000/REC-xml-20001006#NT-Char.
	 */
	public static boolean isXMLValidCharacter(char character) {
		// Order the tests in such a sequence that the most probable
		// conditions are tested first.
		return character >= 0x20 && character <= 0xD7FF || character == 0x9
				|| character == 0xA || character == 0xD
				|| character >= 0xE000 && character <= 0xFFFD
				|| character >= 0x10000 && character <= 0x10FFFF;
	}
}",9.0,2,18,6
476,"public class MODULE {
/**
     * This function returns the signal represented by an int
     */
    private int module(int number) {
        if (number > 0)
            return 1;
        else if (number < 0)
            return -1;
        else
            return 0;
    }
}",3.0,1,9,3
477,"public class XTOTILEX {
/**
  * Converts a pixel's X coordinate into a horizontal tile index
  * relative to a given tile grid layout specified by its X offset
  * and tile width.
  */
 public static int XToTileX(int x, int tileGridXOffset, int tileWidth) {
     x -= tileGridXOffset;
     if (x < 0) {
         x += 1 - tileWidth; // Force round to -infinity
     }
     return x/tileWidth;
 }
}",2.0,3,25,4
478,"public class YTOTILEY {
/**
  * Converts a pixel's Y coordinate into a vertical tile index
  * relative to a given tile grid layout specified by its Y offset
  * and tile height.
  */
 public static int YToTileY(int y, int tileGridYOffset, int tileHeight) {
     y -= tileGridYOffset;
     if (y < 0) {
         y += 1 - tileHeight; // Force round to -infinity
     }
     return y/tileHeight;
 }
}",2.0,3,25,4
479,"public class ISINRECTANCLE {
/**
     * Returns <code>true</code> if the point of coordinates <code>x</code>,
     * <code>y</code> is in the rectangle described by is top left corner (<code>rectX</code>,
     * <code>rectY</code>) and dimension (<code>rectWidth</code>,
     * <code>rectHeight</code>), <code>false</code> ortherwise.
     * 
     * @param x
     * @param y
     * @param rectX
     * @param rectY
     * @param rectWidth
     * @param rectHeight
     * @return <code>true</code> if the point of coordinates <code>x</code>,
     *         <code>y</code> is in the rectangle described by is top left
     *         corner (<code>rectX</code>, <code>rectY</code>) and
     *         dimension (<code>rectWidth</code>, <code>rectHeight</code>),
     *         <code>false</code> ortherwise.
     */
    private static boolean isInRectancle(int x, int y, int rectX, int rectY,
            int rectWidth, int rectHeight) {
        return (x > rectX && x < rectX + rectWidth && y > rectY && y < rectY
                + rectHeight);
    }
}",4.0,8,46,2
480,"public class COMPARE {
/**
     * Compares two {@code double} values. This method is similar to
     * {@link Double#compare(double,double)} except that it also order
     * NaN values.
     */
    private static int compare(final double v1, final double v2) {
        if (Double.isNaN(v1) && Double.isNaN(v2)) {
            final long bits1  = Double.doubleToRawLongBits(v1);
            final long bits2  = Double.doubleToRawLongBits(v2);
            if (bits1 < bits2) return -1;
            if (bits1 > bits2) return +1;
        }
        return Double.compare(v1, v2);
    }
}",5.0,3,19,6
481,"public class ISURLABLECHAR {
/**
     * Determines if a char (as represented by an int in the range of 0-255) is
     * a character (in the Ansi character set) that can be present in a URL.
     * This method takes a <b>strict</b> approach to what characters can be in
     * a URL.
     * <p>
     * The following are considered to be 'URLable'<br>
     * <ul>
     *  <li> <code># $ % & + , - . /</code> values 35-38,43-47
     *  <li> <code>[0-9]</code> values 48-57
     *  <li> <code>: ; = ? @</code> value 58-59,61,63-64
     *  <li> <code>[A-Z]</code> values 65-90
     *  <li> <code>_</code> value 95
     *  <li> <code>[a-z]</code> values 97-122
     *  <li> <code>~</code> value 126
     * </ul>
     * <p>
     * To summerize, the following ranges are considered URLable:<br>
     * 35-38,43-59,61,63-90,95,97-122,126
     *
     * @param ch The character (represented by an int) to test.
     * @return True if it is a URLable character, false otherwise.
     */
    private boolean isURLableChar(int ch) {
        return (ch>=35 && ch<=38)
            || (ch>=43 && ch<=59)
            || (ch==61)
            || (ch>=63 && ch<=90)
            || (ch==95)
            || (ch>=97 && ch<=122)
            || (ch==126);
    }
}",11.0,18,103,7
482,"public class CORRECTPOI {
/**
     * Corrects POI's Cp1252 output.  There's a bug somewhere in POI that
     * makes it produce incorrect characters.  Not sure where and don't have
     * time to track it down.  But I have visually checked the input 
     * documents to verify that Doc is producing the right character, and
     * that POI is not.
     * 
     * @param ch  the POI-produced character to check
     * @return    the corrected character
     */
    private static int correctPOI(int ch) {
        switch (ch) {
            case 8734:
                // POI produced the infinity sign when it should have 
                // produced the degrees sign.
                return 176;
            case 214:
                // POI produced an umat O instead of an ellipses mark.
                return 8230;
            case 237:
                // POI produced an acute i instead of a fancy single quote
                return 8217;
            case 236:
                // POI produced a reverse acute i instead of fancy double quote
                return 8220;
            case 238:
                // POI produced a caret i instead of fancy double quote
                return 8221;
            default:
                return ch;
        }
    }
}",2.0,5,49,13
483,"public class GETHEXVALUE {
/**
     * returns hex value of a hex character, or 16 if not a hex character
     */
    static int getHexValue(int c) {

        if (c >= '0' && c <= '9') {
            c -= '0';
        } else if (c > 'z') {
            c = 16;
        } else if (c >= 'a') {
            c -= ('a' - 10);
        } else if (c > 'Z') {
            c = 16;
        } else if (c >= 'A') {
            c -= ('A' - 10);
        } else {
            c = -1;
        }

        return c;
    }
}",7.0,1,14,13
484,"public class CANDISPLAYTYPE {
/**
     * This method is used to tell SqlFile whether this Sql Type must
     * ALWAYS be loaded to the binary buffer without displaying.
     * <P>
     * N.b.:  If this returns ""true"" for a type, then the user can never
     * ""see"" values for these columns.
     * Therefore, if a type may-or-may-not-be displayable, better to return
     * false here and let the user choose.
     * In general, if there is a toString() operator for this Sql Type
     * then return false, since the JDBC driver should know how to make the
     * value displayable.
     * </P>
     *
     * @see <A href=""http://java.sun.com/docs/books/tutorial/jdbc/basics/retrieving.html"">http://java.sun.com/docs/books/tutorial/jdbc/basics/retrieving.html</A>
     *      The table on this page lists the most common SqlTypes, all of which
     *      must implement toString()
     * @see java.sql.Types
     */
    public static boolean canDisplayType(int i) {
        /* I don't now about some of the more obscure types, like REF and
         * DATALINK */
        switch (i) {
            //case java.sql.Types.BINARY :
            case java.sql.Types.BLOB :
            case java.sql.Types.JAVA_OBJECT :

            //case java.sql.Types.LONGVARBINARY :
            //case java.sql.Types.LONGVARCHAR :
            case java.sql.Types.OTHER :
            case java.sql.Types.STRUCT :

                //case java.sql.Types.VARBINARY :
                return false;
        }

        return true;
    }
}",2.0,13,100,9
485,"public class CALCINTERVAL {
/**
     * Helper method to calculate the span of the sub-interval. Simply returns
     * the cieling of ((limit - start) / segments) and accounts for invalid
     * start and limit combinations.
     */
    static long calcInterval(int segments, int start, int limit) {

        long range = limit - start;

        if (range < 0) {
            return 0;
        }

        int partSegment = (range % segments) == 0 ? 0
                                                  : 1;

        return (range / segments) + partSegment;
    }
}",2.0,3,27,5
486,"public class ISVALIDCODE {
/**
     * Checks that the type code letter is valid
     * @param aCode Lower-cased type code to validate.
     * @return true if the type code is valid, otherwise false.
     */
    protected static boolean isValidCode(char aCode) {

        /* Allowed values for test codes are:
         * (note that UPPERCASE codes, while valid are only processed if the
         * system property IgnoreCodeCase has been set to true)
         *
         * 'u' - update
         * 'c' - count
         * 'e' - exception
         * 'r' - results
         * 'w' - wait
         * 'p' - proceed
         * 's' - silent
         * 'd' - display   (No reason to use upper-case).
         * ' ' - not a test
         */
        switch (aCode) {

            case ' ' :
            case 'r' :
            case 'o' :
            case 'e' :
            case 'c' :
            case 'u' :
            case 's' :
            case 'd' :
            case 'w' :
            case 'p' :
                return true;
        }

        return false;
    }
}",2.0,1,8,27
487,"public class COMPARECHARS {
/**
	 * Compares two chars.
	 * should this be public?
	 * @param ch1 the first char
	 * @param ch2 the second char
	 * @param ignoreCase true if you want to ignore case
	 */
	private static boolean compareChars(char ch1, char ch2, boolean ignoreCase)
	{
		if(ignoreCase)
			return Character.toUpperCase(ch1) == Character.toUpperCase(ch2);
		else
			return ch1 == ch2;
	}
}",2.0,2,7,2
488,"public class SCALE {
/**
     * Scale up a subsecond part to make comparable to another of the given scale
     */
    private int scale(int val, int scale, int targetScale) {
        for (int i = scale; i < targetScale; i++) val *= 10;
        return val;
    }
}",2.0,1,14,2
489,"public class HASHCODE {
/**
     * Returns a hash value based on a seed value and the value of a double
     * primitive.
     * 
     * @param pre  the seed value.
     * @param d  the double value.
     * 
     * @return A hash value.
     * 
     * @since 1.0.7
     */
    public static int hashCode(int pre, double d) {
        long l = Double.doubleToLongBits(d);
        return 37 * pre + (int) (l ^ (l >>> 32));
    }
}",1.0,2,16,2
490,"public class ADJUSTEDPOW10 {
/**
     * Returns an adjusted power of 10 value for graphing purposes.  The first
     * adjustment is that negative values are changed to positive during
     * the calculations, and then the answer is negated at the end.  The
     * second is that, for values less than 1, a progressive logarithmic
     * offset is subtracted such that at 0 the returned result is also 0.
     *
     * @param val  value for which power of 10 should be calculated.
     *
     * @return An adjusted 10<sup>val</sup>.
     *
     * @since 1.0.5
     * @see #adjustedLog10(double)
     */
    public double adjustedPow10(double val) {
        boolean negFlag = (val < 0.0);
        if (negFlag) {
            val = -val; // if negative then set flag and make positive
        }
        double res;
        if (val < 1.0) {
            res = (Math.pow(10, val + 1.0) - 10.0) / 9.0; //invert adjustLog10
        }
        else {
            res = Math.pow(10, val);
        }
        return negFlag ? (-res) : res;
    }
}",3.0,5,58,9
491,"public class ROUND {
/**
    * Round a double value.
    *
    * @param value  the value.
    * @param nb  the exponent.
    *
    * @return The rounded value.
    */
    private static double round(double value, int nb) {
        if (nb <= 0) {
            return Math.floor(value + 0.5d);
        }
        double p = Math.pow(10, nb);
        double tempval = Math.floor(value * p + 0.5d);
        return tempval / p;
    }
}",2.0,1,4,5
492,"public class SHIFTWITHNOZEROCROSSING {
/**
     * Returns the given <code>value</code> adjusted by <code>delta</code> but
     * with a check to prevent the result from crossing <code>0.0</code>.
     *
     * @param value  the value.
     * @param delta  the adjustment.
     *
     * @return The adjusted value.
     */
    private static double shiftWithNoZeroCrossing(double value, double delta) {
        if (value > 0.0) {
            return Math.max(value + delta, 0.0);
        }
        else if (value < 0.0) {
            return Math.min(value + delta, 0.0);
        }
        else {
            return value + delta;
        }
    }
}",3.0,2,18,6
493,"public class DISTANCE {
/**
     * Calculates the distance between two points.
     *
     * @param xDataPt  the x coordinate.
     * @param yDataPt  the y coordinate.
     * @param xGrdPt  the x grid coordinate.
     * @param yGrdPt  the y grid coordinate.
     *
     * @return The distance between two points.
     */
    protected double distance(double xDataPt,
                              double yDataPt,
                              double xGrdPt,
                              double yGrdPt) {
        double dx = xDataPt - xGrdPt;
        double dy = yDataPt - yGrdPt;
        return Math.sqrt(dx * dx + dy * dy);
    }
}",1.0,1,6,3
494,"public class MINIGNORENAN {
/**
     * A function to find the minimum of two values, but ignoring any
     * Double.NaN values.
     *
     * @param a  the first value.
     * @param b  the second value.
     *
     * @return The minimum of the two values.
     */
    private double minIgnoreNaN(double a, double b) {
        if (Double.isNaN(a)) {
            return b;
        }
        else {
            if (Double.isNaN(b)) {
                return a;
            }
            else {
                return Math.min(a, b);
            }
        }
    }
}",3.0,2,14,7
495,"public class MAXIGNORENAN {
/**
     * A function to find the maximum of two values, but ignoring any
     * Double.NaN values.
     *
     * @param a  the first value.
     * @param b  the second value.
     *
     * @return The maximum of the two values.
     */
    private double maxIgnoreNaN(double a, double b) {
        if (Double.isNaN(a)) {
            return b;
        }
        else {
            if (Double.isNaN(b)) {
                return a;
            }
            else {
                return Math.max(a, b);
            }
        }
    }
}",3.0,2,14,7
496,"public class GETARCSIZE {
/**
	 * getArcSize calculates an appropriate arc for the corners of the rectangle
	 * for boundary size cases of width and height
	 */
	public static int getArcSize(int width, int height) {
		int arcSize;

		// The arc width of a activity rectangle is 1/5th of the larger
		// of the two of the dimensions passed in, but at most 1/2
		// of the smaller of the two. 1/5 because it looks nice and 1/2
		// so the arc can complete in the given dimension

		if (width <= height) {
			arcSize = height / 5;
			if (arcSize > (width / 2)) {
				arcSize = width / 2;
			}
		} else {
			arcSize = width / 5;
			if (arcSize > (height / 2)) {
				arcSize = height / 2;
			}
		}

		return arcSize;
	}
}",4.0,2,19,10
497,"public class GETARCSIZE {
/**
	 * Returns an appropriate arc for the corners of the rectangle for boundary
	 * size cases of width and height. The arc width of a rectangle is 1/5th of
	 * the larger of the two of the dimensions passed in, but at most 1/2 of the
	 * smaller of the two. 1/5 because it looks nice and 1/2 so the arc can
	 * complete in the given dimension
	 * 
	 * @param width
	 *            The width to compute the arc size for.
	 * @param height
	 *            The height to compute the arc size for.
	 * @return Returns the arc size.
	 */
	public static int getArcSize(int width, int height) {
		int arcSize;
		if (width <= height) {
			arcSize = height / 5;
			if (arcSize > (width / 2))
				arcSize = width / 2;
		} else {
			arcSize = width / 5;
			if (arcSize > (height / 2))
				arcSize = height / 2;
		}
		return arcSize;
	}
}",4.0,7,79,8
498,"public class NORMALIZE {
/**
		 * @param angle
		 *            the angle to normalize
		 * @return the normal of the angle
		 */
		private double normalize(double angle) {
			/*
			 * while (angle > TWO_PI) { angle -= TWO_PI; } while (angle <
			 * -TWO_PI) { angle += TWO_PI; }
			 */
			return angle;
		}
}",1.0,1,4,5
499,"public class SGN {
/**
     * Extracts the leading sign of x.
     * 
     * @param x Any double value.
     * @return If x has a positive value <code>-1.0</code>, for <code>x = 0.0</code>
     * here comes <code>0.0</code> and if x has a negative the method returns 
     * <code>-1.0</code>.
     */
	public static double sgn(double x){
	    if( x < 0.0 ) {
		return -1.0;
	    }
	    else if( x > 0.0 ){
		return 1.0;
	    }
	    else {
		return 0.0;
	    }               
	}
}",3.0,3,19,6
500,"public class FA {
/**
     * calculates the attractive forces
     */
    protected double fa(double x, double k) {
        double force = (x * x / k);
        return force;
    }
}",1.0,1,4,2
501,"public class FR {
/**
     * calculates the repulsive forces
     */
    protected double fr(double x, double k) {
        double force = (k * k) / x;
        return force;
    }
}",1.0,1,4,2
502,"public class CONVERT {
/**
     * converts a long to the nearest int value
     */
    private static int convert(long input)
    {

        int result;

        if (input > Integer.MAX_VALUE)
        {
            result = Integer.MAX_VALUE;
        }
        else if (input < Integer.MIN_VALUE)
        {
            result = Integer.MIN_VALUE;
        }
        else
        {
            result = (int) input;
        }

        return result;
    }
}",3.0,1,8,8
503,"public class ISIDLALPHABETICCHAR {
/**
     * True if character is one of 114 Alphabetic characters as
     * specified in Table 2 of Chapter 3 in CORBA spec.
     */
    private static boolean isIDLAlphabeticChar(char c) {

        // NOTE that we can't use the java.lang.Character
        // isUpperCase, isLowerCase, etc. methods since they
        // include many characters other than the Alphabetic list in
        // the CORBA spec.  Instead, we test for inclusion in the
        // Unicode value ranges for the corresponding legal characters.

        boolean alphaChar =
            (
             // A - Z
             ((c >= 0x0041) && (c <= 0x005A))

             ||

             // a - z
             ((c >= 0x0061) && (c <= 0x007A))

             ||

             // other letter uppercase, other letter lowercase, which is
             // the entire upper half of C1 Controls except X and /
             ((c >= 0x00C0) && (c <= 0x00FF)
              && (c != 0x00D7) && (c != 0x00F7)));

        return alphaChar;
    }
}",8.0,2,20,7
504,"public class ABSDELTA {
/**
   * Compute the absolute value of the difference between two floating-point
   * numbers having single precision.
   * @return the absolute value of the difference between two floats.
   **/
  public static float absDelta (float f1, float f2)
  {
    double delta = f1 - f2;
    return (float)((delta < 0) ? delta * -1.0 : delta);
  }
}",1.0,2,14,2
505,"public class INVALIDCHAR {
/** Return true if ch is invalid as a character in an
    * identifier.  If ch is a number, it is invalid only if
    * isFirst is true.
    */
    private boolean invalidChar( char ch, boolean isFirst )
    {
        if (('A'<=ch) && (ch<='Z'))
            return false ;
        else if (('a'<=ch) && (ch<='z'))
            return false ;
        else if (('0'<=ch) && (ch<='9'))
            return isFirst ;
        else if (ch=='%')
            return false ;
        else if (ch=='$')
            return false ;
        else if (ch=='_')
            return false ;
        else
            return true ;
    }
}",10.0,2,14,7
506,"public class PARSECACHENUMPAGESPROPERTY {
/** Possibly override page cache size with user-specified property */
  protected int parseCacheNumPagesProperty(int defaultNum) {
    String cacheNumPagesString = System.getProperty(""cacheNumPages"");
    if (cacheNumPagesString != null) {
      try {
        return Integer.parseInt(cacheNumPagesString);
      } catch (Exception e) {
        System.err.println(""Error parsing cacheNumPages property:"");
        e.printStackTrace();
      }
    }
    return defaultNum;
  }
}",3.0,1,10,8
507,"public class UNSIGNEDBYTE {
/** Returns a big-endian unsigned representation of the int. */
        long unsignedByte(int arg) {
            long val;
            if (arg >= 0) {
                val = arg;
            } else {
                val = (long)(((long)unsignedByte((short)(arg >>> 16)) << 16) |
                             ((short)arg));
            }
            return val;
        }
}",2.0,1,10,7
508,"public class COMPARECHARS {
/**
     * Compares two characters.
     *
     * @param c1 first character to compare.
     * @param c2 second character to compare.
     * @param caseIndependent whether comparision is case insensitive or not.
     * @return negative, 0, or positive integer as the first character
     *         less than, equal to, or greater then the second.
     */
    private int compareChars(char c1, char c2, boolean caseIndependent)
    {
        if (caseIndependent)
        {
            c1 = Character.toLowerCase(c1);
            c2 = Character.toLowerCase(c2);
        }
        return ((int)c1 - (int)c2);
    }
}",2.0,2,12,4
509,"public class ROUNDF {
/**
     * XSLT Standard function round()
     */
    public static double roundF(double d) {
            return (d<-0.5 || d>0.0)?Math.floor(d+0.5):((d==0.0)?
                        d:(Double.isNaN(d)?Double.NaN:-0.0));
    }
}",2.0,1,4,3
510,"public class TOCODEPOINT {
/**
     * Return the unicode code point represented by the high/low surrogate pair.
     * <p>
     * This is not a public API.
     * @param highSurrogate the high char of the high/low pair
     * @param lowSurrogate the low char of the high/low pair
     * @xsl.usage internal
     */
    static int toCodePoint(char highSurrogate, char lowSurrogate) {
        int codePoint =
            ((highSurrogate - 0xd800) << 10)
                + (lowSurrogate - 0xdc00)
                + 0x10000;
        return codePoint;
    }
}",1.0,3,18,2
511,"public class TOCODEPOINT {
/**
     * Return the unicode code point represented by the char.
     * A bit of a dummy method, since all it does is return the char,
     * but as an int value.
     * <p>
     * This is not a public API.
     * @param ch the char.
     * @xsl.usage internal
     */
    static int toCodePoint(char ch) {
        int codePoint = ch;
        return codePoint;
    }
}",1.0,5,35,2
512,"public class ISCHARACTERINC0ORC1RANGE {
/**
     * This method checks if a given character is between C0 or C1 range
     * of Control characters.
     * This method is added to support Control Characters for XML 1.1
     * If a given character is TAB (0x09), LF (0x0A) or CR (0x0D), this method
     * return false. Since they are whitespace characters, no special processing is needed.
     *
     * @param ch
     * @return boolean
     */
    private static boolean isCharacterInC0orC1Range(char ch)
    {
        if(ch == 0x09 || ch == 0x0A || ch == 0x0D)
                return false;
        else
                return (ch >= 0x7F && ch <= 0x9F)|| (ch >= 0x01 && ch <= 0x1F);
    }
}",7.0,5,53,2
513,"public class COMPARENUMBERS {
/**
   * Compare two numbers for less than.
   *
   *
   * @param n1 First number to compare
   * @param n2 Second number to compare
   *
   * @return true if n1 is less than n2
   */
  boolean compareNumbers(double n1, double n2)
  {
    return n1 < n2;
  }
}",1.0,1,6,2
514,"public class COMPARENUMBERS {
/**
   * Compare two numbers for less than or equal.
   *
   *
   * @param n1 First number to compare
   * @param n2 Second number to compare
   *
   * @return true if n1 is less than or equal to n2
   */
  boolean compareNumbers(double n1, double n2)
  {
    return n1 <= n2;
  }
}",1.0,1,8,2
515,"public class COMPARENUMBERS {
/**
   * Compare two numbers for greater than.
   *
   *
   * @param n1 First number to compare
   * @param n2 Second number to compare
   *
   * @return true if n1 is greater than n2
   */
  boolean compareNumbers(double n1, double n2)
  {
    return n1 > n2;
  }
}",1.0,1,6,2
516,"public class COMPARENUMBERS {
/**
   * Compare two numbers for greater than or equal.
   *
   *
   * @param n1 First number to compare
   * @param n2 Second number to compare
   *
   * @return true if n1 is greater than or equal to n2
   */
  boolean compareNumbers(double n1, double n2)
  {
    return n1 >= n2;
  }
}",1.0,1,8,2
517,"public class COMPARENUMBERS {
/**
   * Compare two numbers for equality.
   *
   *
   * @param n1 First number to compare
   * @param n2 Second number to compare
   *
   * @return true if n1 is equal to n2
   */
  boolean compareNumbers(double n1, double n2)
  {
    return n1 == n2;
  }
}",1.0,1,5,2
518,"public class COMPARENUMBERS {
/**
   * Compare two numbers for non-equality.
   *
   *
   * @param n1 First number to compare
   * @param n2 Second number to compare
   *
   * @return true if n1 is not equal to n2
   */
  boolean compareNumbers(double n1, double n2)
  {
    return n1 != n2;
  }
}",1.0,1,5,2
519,"public class REQUIREESCAPING {
/**
     * Can be overrided. Return true if the character
     * needs to be escaped.
     */
    protected boolean requireEscaping(int ch) {
        if(ch>=128)     return true;

        // control characters
        if( ch<0x20 && "" \t\r\n"".indexOf(ch)==-1 )  return true;

        return false;
    }
}",4.0,2,12,3
520,"public class ISWHITESPACE {
/** returns true if the specified char is a white space character. */
    public static boolean isWhiteSpace(char ch) {
        // most of the characters are non-control characters.
        // so check that first to quickly return false for most of the cases.
        if( ch>0x20 )   return false;

        // other than we have to do four comparisons.
        return ch == 0x9 || ch == 0xA || ch == 0xD || ch == 0x20;
    }
}",5.0,1,13,2
521,"public class ISWHITESPACEEXCEPTSPACE {
/**
     * Returns true if the specified char is a white space character
     * but not 0x20.
     */
    protected static boolean isWhiteSpaceExceptSpace(char ch) {
        // most of the characters are non-control characters.
        // so check that first to quickly return false for most of the cases.
        if( ch>=0x20 )   return false;

        // other than we have to do four comparisons.
        return ch == 0x9 || ch == 0xA || ch == 0xD;
    }
}",4.0,2,14,2
522,"public class COMPAREBOOLEAN {
/**
         * Compares two boolean values in the following way: {@code false < true}
         *
         * @return {@code -1} if {@code b1 < b2}, {@code 0} if {@code b1 == b2}, {@code 1} if {@code b1 > b2}
         */
        public static int compareBoolean(final boolean b1, final boolean b2) {
            final int i1 = (b1) ? 1 : 0;
            final int i2 = (b2) ? 1 : 0;

            return i1 - i2;
        }
}",1.0,1,12,3
523,"public class ISWHITESPACE {
/** returns true if the specified char is a white space character. */
    protected static boolean isWhiteSpace(char ch) {
        // most of the characters are non-control characters.
        // so check that first to quickly return false for most of the cases.
        if( ch>0x20 )   return false;

        // other than we have to do four comparisons.
        return ch == 0x9 || ch == 0xA || ch == 0xD || ch == 0x20;
    }
}",5.0,1,13,2
524,"public class ISINVALIDJAVAWHITESPACE {
/**
     * Some Unicode separator characters are not considered Java whitespace.
     * @param c character to test
     * @return true if c in an invalid Java whitespace character, false otherwise.
     */
    static boolean isInvalidJavaWhiteSpace(int c) {
        int[] exceptions = {0x00A0, 0x2007, 0x202F, 0xFEFF};
        boolean retValue = false;
        for(int x=0;x<exceptions.length;x++) {
            if(c == exceptions[x]) {
                retValue = true;
                break;
            }
        }
        return retValue;

    }
}",3.0,1,9,7
525,"public class GETGIFPALETTESIZE {
/**
     * According do GIF specification size of clor table (palette here)
     * must be in range from 2 to 256 and must be power of 2.
     */
    private static int getGifPaletteSize(int x) {
        if (x <= 2) {
            return 2;
        }
        x = x - 1;
        x = x | (x >> 1);
        x = x | (x >> 2);
        x = x | (x >> 4);
        x = x | (x >> 8);
        x = x | (x >> 16);
        return x + 1;
    }
}",2.0,2,24,9
526,"public class CONVERTTOLINEARQUALITY {
/**
     * Converts an ImageWriteParam (i.e. IJG) non-linear quality value
     * to a float suitable for passing to JPEGQTable.getScaledInstance().
     */
    static float convertToLinearQuality(float quality) {
        // The following is converted from the IJG code.
        if (quality <= 0.0F) {
            quality = 0.01F;
        }

        if (quality > 1.00F) {
            quality = 1.00F;
        }

        if (quality < 0.5F) {
            quality = 0.5F / quality;
        } else {
            quality = 2.0F - (quality * 2.0F);
        }

        return quality;
    }
}",4.0,2,16,9
527,"public class CEIL_LG2 {
/** ceiling(log[2](x)): {1->0, 2->1, 3->2, 4->2, ...} */
    static int ceil_lg2(int x) {
        assert(x-1 >= 0);  // x in range (int.MIN_VALUE -> 32)
        x -= 1;
        int lg = 0;
        while (x != 0) {
            lg++;
            x >>= 1;
        }
        return lg;
    }
}",2.0,1,8,7
528,"public class ISINITVALUEVALID {
/**
     * This method has been defined to allow the sub-classes
     * of SnmpInt to perform their own control at intialization time.
     */
    boolean isInitValueValid(int v) {
        if ((v < Integer.MIN_VALUE) || (v > Integer.MAX_VALUE)) {
            return false;
        }
        return true;
    }
}",3.0,2,19,4
529,"public class ISINITVALUEVALID {
/**
     * This method has been defined to allow the sub-classes
     * of SnmpInt to perform their own control at intialization time.
     */
    boolean isInitValueValid(long v) {
        if ((v < Integer.MIN_VALUE) || (v > Integer.MAX_VALUE)) {
            return false;
        }
        return true;
    }
}",3.0,2,19,4
530,"public class CONVERTTEMPO {
/**
     * converts<br>
     * 1 - MPQ-Tempo to BPM tempo<br>
     * 2 - BPM tempo to MPQ tempo<br>
     */
    public static double convertTempo(double tempo) {
        if (tempo <= 0) {
            tempo = 1;
        }
        return ((double) 60000000l) / tempo;
    }
}",2.0,3,14,3
531,"public class LINEARTODB {
/**
     * Linear to DB scale conversion.
     */
    static float linearToDB(float linear) {

        float dB = (float) (Math.log((double)((linear==0.0)?0.0001:linear))/Math.log(10.0) * 20.0);
        return dB;
    }
}",1.0,1,5,3
532,"public class DBTOLINEAR {
/**
     * DB to linear scale conversion.
     */
    static float dBToLinear(float dB) {

        float linear = (float) Math.pow(10.0, dB/20.0);
        return linear;
    }
}",1.0,1,5,2
533,"public class ISNUMERIC {
/**
     * Indicates whether the given SQL data type is a numberic type.
     *
     * @param type one of the constants from <code>java.sql.Types</code>
     * @return <code>true</code> if the given type is <code>NUMERIC</code>,'
     *         <code>DECIMAL</code>, <code>BIT</code>, <code>TINYINT</code>,
     *         <code>SMALLINT</code>, <code>INTEGER</code>, <code>BIGINT</code>,
     *         <code>REAL</code>, <code>DOUBLE</code>, or <code>FLOAT</code>;
     *         <code>false</code> otherwise
     */
    private boolean isNumeric(int type) {
        switch (type) {
            case java.sql.Types.NUMERIC:
            case java.sql.Types.DECIMAL:
            case java.sql.Types.BIT:
            case java.sql.Types.TINYINT:
            case java.sql.Types.SMALLINT:
            case java.sql.Types.INTEGER:
            case java.sql.Types.BIGINT:
            case java.sql.Types.REAL:
            case java.sql.Types.DOUBLE:
            case java.sql.Types.FLOAT:
                return true;
            default:
                return false;
        }
    }
}",2.0,5,23,14
534,"public class ISSTRING {
/**
     * Indicates whether the given SQL data type is a string type.
     *
     * @param type one of the constants from <code>java.sql.Types</code>
     * @return <code>true</code> if the given type is <code>CHAR</code>,'
     *         <code>VARCHAR</code>, or <code>LONGVARCHAR</code>;
     *         <code>false</code> otherwise
     */
    private boolean isString(int type) {
        switch (type) {
            case java.sql.Types.CHAR:
            case java.sql.Types.VARCHAR:
            case java.sql.Types.LONGVARCHAR:
                return true;
            default:
                return false;
        }
    }
}",2.0,3,16,7
535,"public class ISBINARY {
/**
     * Indicates whether the given SQL data type is a binary type.
     *
     * @param type one of the constants from <code>java.sql.Types</code>
     * @return <code>true</code> if the given type is <code>BINARY</code>,'
     *         <code>VARBINARY</code>, or <code>LONGVARBINARY</code>;
     *         <code>false</code> otherwise
     */
    private boolean isBinary(int type) {
        switch (type) {
            case java.sql.Types.BINARY:
            case java.sql.Types.VARBINARY:
            case java.sql.Types.LONGVARBINARY:
                return true;
            default:
                return false;
        }
    }
}",2.0,3,16,7
536,"public class ISTEMPORAL {
/**
     * Indicates whether the given SQL data type is a temporal type.
     * This method is called internally by the conversion methods
     * <code>convertNumeric</code> and <code>convertTemporal</code>.
     *
     * @param type one of the constants from <code>java.sql.Types</code>
     * @return <code>true</code> if the given type is <code>DATE</code>,
     *         <code>TIME</code>, or <code>TIMESTAMP</code>;
     *         <code>false</code> otherwise
     */
    private boolean isTemporal(int type) {
        switch (type) {
            case java.sql.Types.DATE:
            case java.sql.Types.TIME:
            case java.sql.Types.TIMESTAMP:
                return true;
            default:
                return false;
        }
    }
}",2.0,5,28,7
537,"public class ISBOOLEAN {
/**
     * Indicates whether the given SQL data type is a boolean type.
     * This method is called internally by the conversion methods
     * <code>convertNumeric</code> and <code>convertBoolean</code>.
     *
     * @param type one of the constants from <code>java.sql.Types</code>
     * @return <code>true</code> if the given type is <code>BIT</code>,
     *         , or <code>BOOLEAN</code>;
     *         <code>false</code> otherwise
     */
    private boolean isBoolean(int type) {
        switch (type) {
            case java.sql.Types.BIT:
            case java.sql.Types.BOOLEAN:
                return true;
            default:
                return false;
        }
    }
}",2.0,5,28,6
538,"public class HSBTORGB {
/**
     * Converts the components of a color, as specified by the HSB
     * model, to an equivalent set of values for the default RGB model.
     * <p>
     * The <code>saturation</code> and <code>brightness</code> components
     * should be floating-point values between zero and one
     * (numbers in the range 0.0-1.0).  The <code>hue</code> component
     * can be any floating-point number.  The floor of this number is
     * subtracted from it to create a fraction between 0 and 1.  This
     * fractional number is then multiplied by 360 to produce the hue
     * angle in the HSB color model.
     * <p>
     * The integer that is returned by <code>HSBtoRGB</code> encodes the
     * value of a color in bits 0-23 of an integer value that is the same
     * format used by the method {@link #getRGB() getRGB}.
     * This integer can be supplied as an argument to the
     * <code>Color</code> constructor that takes a single integer argument.
     * @param     hue   the hue component of the color
     * @param     saturation   the saturation of the color
     * @param     brightness   the brightness of the color
     * @return    the RGB value of the color with the indicated hue,
     *                            saturation, and brightness.
     * @see       java.awt.Color#getRGB()
     * @see       java.awt.Color#Color(int)
     * @see       java.awt.image.ColorModel#getRGBdefault()
     * @since     JDK1.0
     */
    public static int HSBtoRGB(float hue, float saturation, float brightness) {
        int r = 0, g = 0, b = 0;
        if (saturation == 0) {
            r = g = b = (int) (brightness * 255.0f + 0.5f);
        } else {
            float h = (hue - (float)Math.floor(hue)) * 6.0f;
            float f = h - (float)java.lang.Math.floor(h);
            float p = brightness * (1.0f - saturation);
            float q = brightness * (1.0f - saturation * f);
            float t = brightness * (1.0f - (saturation * (1.0f - f)));
            switch ((int) h) {
            case 0:
                r = (int) (brightness * 255.0f + 0.5f);
                g = (int) (t * 255.0f + 0.5f);
                b = (int) (p * 255.0f + 0.5f);
                break;
            case 1:
                r = (int) (q * 255.0f + 0.5f);
                g = (int) (brightness * 255.0f + 0.5f);
                b = (int) (p * 255.0f + 0.5f);
                break;
            case 2:
                r = (int) (p * 255.0f + 0.5f);
                g = (int) (brightness * 255.0f + 0.5f);
                b = (int) (t * 255.0f + 0.5f);
                break;
            case 3:
                r = (int) (p * 255.0f + 0.5f);
                g = (int) (q * 255.0f + 0.5f);
                b = (int) (brightness * 255.0f + 0.5f);
                break;
            case 4:
                r = (int) (t * 255.0f + 0.5f);
                g = (int) (p * 255.0f + 0.5f);
                b = (int) (brightness * 255.0f + 0.5f);
                break;
            case 5:
                r = (int) (brightness * 255.0f + 0.5f);
                g = (int) (p * 255.0f + 0.5f);
                b = (int) (q * 255.0f + 0.5f);
                break;
            }
        }
        return 0xff000000 | (r << 16) | (g << 8) | (b << 0);
    }
}",3.0,17,139,41
539,"public class GETBASELINE {
/**
     * Returns the baseline.  The baseline is measured from the top of
     * the component.  This method is primarily meant for
     * <code>LayoutManager</code>s to align components along their
     * baseline.  A return value less than 0 indicates this component
     * does not have a reasonable baseline and that
     * <code>LayoutManager</code>s should not align this component on
     * its baseline.
     * <p>
     * The default implementation returns -1.  Subclasses that support
     * baseline should override appropriately.  If a value &gt;= 0 is
     * returned, then the component has a valid baseline for any
     * size &gt;= the minimum size and <code>getBaselineResizeBehavior</code>
     * can be used to determine how the baseline changes with size.
     *
     * @param width the width to get the baseline for
     * @param height the height to get the baseline for
     * @return the baseline or &lt; 0 indicating there is no reasonable
     *         baseline
     * @throws IllegalArgumentException if width or height is &lt; 0
     * @see #getBaselineResizeBehavior
     * @see java.awt.FontMetrics
     * @since 1.6
     */
    public int getBaseline(int width, int height) {
        if (width < 0 || height < 0) {
            throw new IllegalArgumentException(
                    ""Width and height must be >= 0"");
        }
        return -1;
    }
}",3.0,14,100,3
540,"public class CONVERTSRGBTOLINEARRGB {
/**
     * Helper function to convert a color component in sRGB space to linear
     * RGB space.  Used to build a static lookup table.
     */
    private static int convertSRGBtoLinearRGB(int color) {
        float input, output;

        input = color / 255.0f;
        if (input <= 0.04045f) {
            output = input / 12.92f;
        } else {
            output = (float)Math.pow((input + 0.055) / 1.055, 2.4);
        }

        return Math.round(output * 255.0f);
    }
}",2.0,2,21,7
541,"public class CONVERTLINEARRGBTOSRGB {
/**
     * Helper function to convert a color component in linear RGB space to
     * SRGB space.  Used to build a static lookup table.
     */
    private static int convertLinearRGBtoSRGB(int color) {
        float input, output;

        input = color/255.0f;
        if (input <= 0.0031308) {
            output = input * 12.92f;
        } else {
            output = (1.055f *
                ((float) Math.pow(input, (1.0 / 2.4)))) - 0.055f;
        }

        return Math.round(output * 255.0f);
    }
}",2.0,2,21,7
542,"public class LIMIT {
/**
     * Limit the given double value with the given range.
     */
    private static double limit(double value, double min, double max) {
        value = Math.max(value, min);
        value = Math.min(value, max);
        return value;
    }
}",1.0,1,9,3
543,"public class GETHIGHBIT {
/**
     * Returns the index of the high bit in value (assuming le, actually
     * power of 2 >= value). value must be positive.
     */
    private static int getHighBit(int value) {
        if (value <= 0) {
            return -32;
        }

        int bit = 0;

        if (value >= 1 << 16) {
            value >>= 16;
            bit += 16;
        }

        if (value >= 1 << 8) {
            value >>= 8;
            bit += 8;
        }

        if (value >= 1 << 4) {
            value >>= 4;
            bit += 4;
        }

        if (value >= 1 << 2) {
            value >>= 2;
            bit += 2;
        }

        if (value >= 1 << 1) {
            bit += 1;
        }

        return bit;
    }
}",7.0,2,21,18
544,"public class RELATIVECCW {
/**
     * Returns an indicator of where the specified point
     * {@code (px,py)} lies with respect to the line segment from
     * {@code (x1,y1)} to {@code (x2,y2)}.
     * The return value can be either 1, -1, or 0 and indicates
     * in which direction the specified line must pivot around its
     * first end point, {@code (x1,y1)}, in order to point at the
     * specified point {@code (px,py)}.
     * <p>A return value of 1 indicates that the line segment must
     * turn in the direction that takes the positive X axis towards
     * the negative Y axis.  In the default coordinate system used by
     * Java 2D, this direction is counterclockwise.
     * <p>A return value of -1 indicates that the line segment must
     * turn in the direction that takes the positive X axis towards
     * the positive Y axis.  In the default coordinate system, this
     * direction is clockwise.
     * <p>A return value of 0 indicates that the point lies
     * exactly on the line segment.  Note that an indicator value
     * of 0 is rare and not useful for determining collinearity
     * because of floating point rounding issues.
     * <p>If the point is colinear with the line segment, but
     * not between the end points, then the value will be -1 if the point
     * lies ""beyond {@code (x1,y1)}"" or 1 if the point lies
     * ""beyond {@code (x2,y2)}"".
     *
     * @param x1 the X coordinate of the start point of the
     *           specified line segment
     * @param y1 the Y coordinate of the start point of the
     *           specified line segment
     * @param x2 the X coordinate of the end point of the
     *           specified line segment
     * @param y2 the Y coordinate of the end point of the
     *           specified line segment
     * @param px the X coordinate of the specified point to be
     *           compared with the specified line segment
     * @param py the Y coordinate of the specified point to be
     *           compared with the specified line segment
     * @return an integer that indicates the position of the third specified
     *                  coordinates with respect to the line segment formed
     *                  by the first two specified coordinates.
     * @since 1.2
     */
    public static int relativeCCW(double x1, double y1,
                                  double x2, double y2,
                                  double px, double py)
    {
        x2 -= x1;
        y2 -= y1;
        px -= x1;
        py -= y1;
        double ccw = px * y2 - py * x2;
        if (ccw == 0.0) {
            // The point is colinear, classify based on which side of
            // the segment the point falls on.  We can calculate a
            // relative value using the projection of px,py onto the
            // segment - a negative value indicates the point projects
            // outside of the segment in the direction of the particular
            // endpoint used as the origin for the projection.
            ccw = px * x2 + py * y2;
            if (ccw > 0.0) {
                // Reverse the projection to be relative to the original x2,y2
                // x2 and y2 are simply negated.
                // px and py need to have (x2 - x1) or (y2 - y1) subtracted
                //    from them (based on the original values)
                // Since we really want to get a positive answer when the
                //    point is ""beyond (x2,y2)"", then we want to calculate
                //    the inverse anyway - thus we leave x2 & y2 negated.
                px -= x2;
                py -= y2;
                ccw = px * x2 + py * y2;
                if (ccw < 0.0) {
                    ccw = 0.0;
                }
            }
        }
        return (ccw < 0.0) ? -1 : ((ccw > 0.0) ? 1 : 0);
    }
}",4.0,31,245,14
545,"public class PTSEGDISTSQ {
/**
     * Returns the square of the distance from a point to a line segment.
     * The distance measured is the distance between the specified
     * point and the closest point between the specified end points.
     * If the specified point intersects the line segment in between the
     * end points, this method returns 0.0.
     *
     * @param x1 the X coordinate of the start point of the
     *           specified line segment
     * @param y1 the Y coordinate of the start point of the
     *           specified line segment
     * @param x2 the X coordinate of the end point of the
     *           specified line segment
     * @param y2 the Y coordinate of the end point of the
     *           specified line segment
     * @param px the X coordinate of the specified point being
     *           measured against the specified line segment
     * @param py the Y coordinate of the specified point being
     *           measured against the specified line segment
     * @return a double value that is the square of the distance from the
     *                  specified point to the specified line segment.
     * @see #ptLineDistSq(double, double, double, double, double, double)
     * @since 1.2
     */
    public static double ptSegDistSq(double x1, double y1,
                                     double x2, double y2,
                                     double px, double py)
    {
        // Adjust vectors relative to x1,y1
        // x2,y2 becomes relative vector from x1,y1 to end of segment
        x2 -= x1;
        y2 -= y1;
        // px,py becomes relative vector from x1,y1 to test point
        px -= x1;
        py -= y1;
        double dotprod = px * x2 + py * y2;
        double projlenSq;
        if (dotprod <= 0.0) {
            // px,py is on the side of x1,y1 away from x2,y2
            // distance to segment is length of px,py vector
            // ""length of its (clipped) projection"" is now 0.0
            projlenSq = 0.0;
        } else {
            // switch to backwards vectors relative to x2,y2
            // x2,y2 are already the negative of x1,y1=>x2,y2
            // to get px,py to be the negative of px,py=>x2,y2
            // the dot product of two negated vectors is the same
            // as the dot product of the two normal vectors
            px = x2 - px;
            py = y2 - py;
            dotprod = px * x2 + py * y2;
            if (dotprod <= 0.0) {
                // px,py is on the side of x2,y2 away from x1,y1
                // distance to segment is length of (backwards) px,py vector
                // ""length of its (clipped) projection"" is now 0.0
                projlenSq = 0.0;
            } else {
                // px,py is between x1,y1 and x2,y2
                // dotprod is the length of the px,py vector
                // projected on the x2,y2=>x1,y1 vector times the
                // length of the x2,y2=>x1,y1 vector
                projlenSq = dotprod * dotprod / (x2 * x2 + y2 * y2);
            }
        }
        // Distance to line is now the length of the relative point
        // vector minus the length of its projection onto the line
        // (which is zero if the projection falls outside the range
        //  of the line segment).
        double lenSq = px * px + py * py - projlenSq;
        if (lenSq < 0) {
            lenSq = 0;
        }
        return lenSq;
    }
}",4.0,12,80,21
546,"public class PTLINEDISTSQ {
/**
     * Returns the square of the distance from a point to a line.
     * The distance measured is the distance between the specified
     * point and the closest point on the infinitely-extended line
     * defined by the specified coordinates.  If the specified point
     * intersects the line, this method returns 0.0.
     *
     * @param x1 the X coordinate of the start point of the specified line
     * @param y1 the Y coordinate of the start point of the specified line
     * @param x2 the X coordinate of the end point of the specified line
     * @param y2 the Y coordinate of the end point of the specified line
     * @param px the X coordinate of the specified point being
     *           measured against the specified line
     * @param py the Y coordinate of the specified point being
     *           measured against the specified line
     * @return a double value that is the square of the distance from the
     *                  specified point to the specified line.
     * @see #ptSegDistSq(double, double, double, double, double, double)
     * @since 1.2
     */
    public static double ptLineDistSq(double x1, double y1,
                                      double x2, double y2,
                                      double px, double py)
    {
        // Adjust vectors relative to x1,y1
        // x2,y2 becomes relative vector from x1,y1 to end of segment
        x2 -= x1;
        y2 -= y1;
        // px,py becomes relative vector from x1,y1 to test point
        px -= x1;
        py -= y1;
        double dotprod = px * x2 + py * y2;
        // dotprod is the length of the px,py vector
        // projected on the x1,y1=>x2,y2 vector times the
        // length of the x1,y1=>x2,y2 vector
        double projlenSq = dotprod * dotprod / (x2 * x2 + y2 * y2);
        // Distance to line is now the length of the relative point
        // vector minus the length of its projection onto the line
        double lenSq = px * px + py * py - projlenSq;
        if (lenSq < 0) {
            lenSq = 0;
        }
        return lenSq;
    }
}",2.0,8,62,11
547,"public class DISTANCESQ {
/**
     * Returns the square of the distance between two points.
     *
     * @param x1 the X coordinate of the first specified point
     * @param y1 the Y coordinate of the first specified point
     * @param x2 the X coordinate of the second specified point
     * @param y2 the Y coordinate of the second specified point
     * @return the square of the distance between the two
     * sets of specified coordinates.
     * @since 1.2
     */
    public static double distanceSq(double x1, double y1,
                                    double x2, double y2)
    {
        x1 -= x2;
        y1 -= y2;
        return (x1 * x1 + y1 * y1);
    }
}",1.0,2,13,3
548,"public class DISTANCE {
/**
     * Returns the distance between two points.
     *
     * @param x1 the X coordinate of the first specified point
     * @param y1 the Y coordinate of the first specified point
     * @param x2 the X coordinate of the second specified point
     * @param y2 the Y coordinate of the second specified point
     * @return the distance between the two sets of specified
     * coordinates.
     * @since 1.2
     */
    public static double distance(double x1, double y1,
                                  double x2, double y2)
    {
        x1 -= x2;
        y1 -= y2;
        return Math.sqrt(x1 * x1 + y1 * y1);
    }
}",1.0,2,7,3
549,"public class ISTILEWRITABLE {
/**
     * Returns whether or not a tile is currently checked out for writing.
     * @param tileX the x index of the tile.
     * @param tileY the y index of the tile.
     * @return <code>true</code> if the tile specified by the specified
     *          indices is checked out for writing; <code>false</code>
     *          otherwise.
     * @exception ArrayIndexOutOfBoundsException if both
     *          <code>tileX</code> and <code>tileY</code> are not equal
     *          to 0
     */
    public boolean isTileWritable (int tileX, int tileY) {
        if (tileX == 0 && tileY == 0) {
            return true;
        }
        throw new IllegalArgumentException(""Only 1 tile in image"");
    }
}",3.0,5,28,3
550,"public class ISVALIDCHARCODE {
/**
     * Returns <code>true</code> if the argument,
     * a Unicode code point, is valid in XML documents.
     * Unicode characters fit into the low sixteen bits of a Unicode code point,
     * and pairs of Unicode <em>surrogate characters</em> can be combined
     * to encode Unicode code point in documents containing only Unicode.
     * (The <code>char</code> datatype in the Java Programming Language
     * represents Unicode characters, including unpaired surrogates.)
     * <par>
     * [2] Char ::= #x0009 | #x000A | #x000D
     *            | [#x0020-#xD7FF]
     *            | [#xE000-#xFFFD]
     *            | [#x10000-#x10ffff]
     * </par>
     *
     * @param code  the 32-bit Unicode code point being tested
     * @return  <code>true</code> if the Unicode code point is valid,
     *          <code>false</code> otherwise
     */
    private static boolean isValidCharCode(int code) {
        return (0x0020 <= code && code <= 0xD7FF)
            || (0x000A == code)
            || (0x0009 == code)
            || (0x000D == code)
            || (0xE000 <= code && code <= 0xFFFD)
            || (0x10000 <= code && code <= 0x10ffff);
    }
}",9.0,14,78,6
551,"public class MIN {
/**
     * Our own little min method, to avoid loading java.lang.Math if we've run
     * out of file descriptors and we're trying to print a stack trace.
     */
    private int min(int a, int b) {
        if (a < b) return a;
        return b;
    }
}",2.0,2,24,2
552,"public class FORDIGIT {
/**
     * Determines the character representation for a specific digit in
     * the specified radix. If the value of {@code radix} is not a
     * valid radix, or the value of {@code digit} is not a valid
     * digit in the specified radix, the null character
     * ({@code '\u005Cu0000'}) is returned.
     * <p>
     * The {@code radix} argument is valid if it is greater than or
     * equal to {@code MIN_RADIX} and less than or equal to
     * {@code MAX_RADIX}. The {@code digit} argument is valid if
     * {@code 0 <= digit < radix}.
     * <p>
     * If the digit is less than 10, then
     * {@code '0' + digit} is returned. Otherwise, the value
     * {@code 'a' + digit - 10} is returned.
     *
     * @param   digit   the number to convert to a character.
     * @param   radix   the radix.
     * @return  the {@code char} representation of the specified digit
     *          in the specified radix.
     * @see     Character#MIN_RADIX
     * @see     Character#MAX_RADIX
     * @see     Character#digit(char, int)
     */
    public static char forDigit(int digit, int radix) {
        if ((digit >= radix) || (digit < 0)) {
            return '\0';
        }
        if ((radix < Character.MIN_RADIX) || (radix > Character.MAX_RADIX)) {
            return '\0';
        }
        if (digit < 10) {
            return (char)('0' + digit);
        }
        return (char)('a' - 10 + digit);
    }
}",6.0,15,113,7
553,"public class ISCASED {
/**
     * Examines whether a character is 'cased'.
     *
     * A character C is defined to be 'cased' if and only if at least one of
     * following are true for C: uppercase==true, or lowercase==true, or
     * general_category==titlecase_letter.
     *
     * The uppercase and lowercase property values are specified in the data
     * file DerivedCoreProperties.txt in the Unicode Character Database.
     */
    private static boolean isCased(int ch) {
        int type = Character.getType(ch);
        if (type == Character.LOWERCASE_LETTER ||
                type == Character.UPPERCASE_LETTER ||
                type == Character.TITLECASE_LETTER) {
            return true;
        } else {
            // Check for Other_Lowercase and Other_Uppercase
            //
            if ((ch >= 0x02B0) && (ch <= 0x02B8)) {
                // MODIFIER LETTER SMALL H..MODIFIER LETTER SMALL Y
                return true;
            } else if ((ch >= 0x02C0) && (ch <= 0x02C1)) {
                // MODIFIER LETTER GLOTTAL STOP..MODIFIER LETTER REVERSED GLOTTAL STOP
                return true;
            } else if ((ch >= 0x02E0) && (ch <= 0x02E4)) {
                // MODIFIER LETTER SMALL GAMMA..MODIFIER LETTER SMALL REVERSED GLOTTAL STOP
                return true;
            } else if (ch == 0x0345) {
                // COMBINING GREEK YPOGEGRAMMENI
                return true;
            } else if (ch == 0x037A) {
                // GREEK YPOGEGRAMMENI
                return true;
            } else if ((ch >= 0x1D2C) && (ch <= 0x1D61)) {
                // MODIFIER LETTER CAPITAL A..MODIFIER LETTER SMALL CHI
                return true;
            } else if ((ch >= 0x2160) && (ch <= 0x217F)) {
                // ROMAN NUMERAL ONE..ROMAN NUMERAL ONE THOUSAND
                // SMALL ROMAN NUMERAL ONE..SMALL ROMAN NUMERAL ONE THOUSAND
                return true;
            } else if ((ch >= 0x24B6) && (ch <= 0x24E9)) {
                // CIRCLED LATIN CAPITAL LETTER A..CIRCLED LATIN CAPITAL LETTER Z
                // CIRCLED LATIN SMALL LETTER A..CIRCLED LATIN SMALL LETTER Z
                return true;
            } else {
                return false;
            }
        }
    }
}",18.0,6,50,24
554,"public class COMPARE {
/**
     * Compares the two specified {@code double} values. The sign
     * of the integer value returned is the same as that of the
     * integer that would be returned by the call:
     * <pre>
     *    new Double(d1).compareTo(new Double(d2))
     * </pre>
     *
     * @param   d1        the first {@code double} to compare
     * @param   d2        the second {@code double} to compare
     * @return  the value {@code 0} if {@code d1} is
     *          numerically equal to {@code d2}; a value less than
     *          {@code 0} if {@code d1} is numerically less than
     *          {@code d2}; and a value greater than {@code 0}
     *          if {@code d1} is numerically greater than
     *          {@code d2}.
     * @since 1.4
     */
    public static int compare(double d1, double d2) {
        if (d1 < d2)
            return -1;           // Neither val is NaN, thisVal is smaller
        if (d1 > d2)
            return 1;            // Neither val is NaN, thisVal is larger

        // Cannot use doubleToRawLongBits because of possibility of NaNs.
        long thisBits    = Double.doubleToLongBits(d1);
        long anotherBits = Double.doubleToLongBits(d2);

        return (thisBits == anotherBits ?  0 : // Values are equal
                (thisBits < anotherBits ? -1 : // (-0.0, 0.0) or (!NaN, NaN)
                 1));                          // (0.0, -0.0) or (NaN, !NaN)
    }
}",3.0,11,70,11
555,"public class COMPARE {
/**
     * Compares the two specified {@code float} values. The sign
     * of the integer value returned is the same as that of the
     * integer that would be returned by the call:
     * <pre>
     *    new Float(f1).compareTo(new Float(f2))
     * </pre>
     *
     * @param   f1        the first {@code float} to compare.
     * @param   f2        the second {@code float} to compare.
     * @return  the value {@code 0} if {@code f1} is
     *          numerically equal to {@code f2}; a value less than
     *          {@code 0} if {@code f1} is numerically less than
     *          {@code f2}; and a value greater than {@code 0}
     *          if {@code f1} is numerically greater than
     *          {@code f2}.
     * @since 1.4
     */
    public static int compare(float f1, float f2) {
        if (f1 < f2)
            return -1;           // Neither val is NaN, thisVal is smaller
        if (f1 > f2)
            return 1;            // Neither val is NaN, thisVal is larger

        // Cannot use floatToRawIntBits because of possibility of NaNs.
        int thisBits    = Float.floatToIntBits(f1);
        int anotherBits = Float.floatToIntBits(f2);

        return (thisBits == anotherBits ?  0 : // Values are equal
                (thisBits < anotherBits ? -1 : // (-0.0, 0.0) or (!NaN, NaN)
                 1));                          // (0.0, -0.0) or (NaN, !NaN)
    }
}",3.0,11,70,11
556,"public class HIGHESTONEBIT {
/**
     * Returns an {@code int} value with at most a single one-bit, in the
     * position of the highest-order (""leftmost"") one-bit in the specified
     * {@code int} value.  Returns zero if the specified value has no
     * one-bits in its two's complement binary representation, that is, if it
     * is equal to zero.
     *
     * @param i the value whose highest one bit is to be computed
     * @return an {@code int} value with a single one-bit, in the position
     *     of the highest-order one-bit in the specified value, or zero if
     *     the specified value is itself equal to zero.
     * @since 1.5
     */
    public static int highestOneBit(int i) {
        // HD, Figure 3-1
        i |= (i >>  1);
        i |= (i >>  2);
        i |= (i >>  4);
        i |= (i >>  8);
        i |= (i >> 16);
        return i - (i >>> 1);
    }
}",1.0,7,67,6
557,"public class NUMBEROFLEADINGZEROS {
/**
     * Returns the number of zero bits preceding the highest-order
     * (""leftmost"") one-bit in the two's complement binary representation
     * of the specified {@code int} value.  Returns 32 if the
     * specified value has no one-bits in its two's complement representation,
     * in other words if it is equal to zero.
     *
     * <p>Note that this method is closely related to the logarithm base 2.
     * For all positive {@code int} values x:
     * <ul>
     * <li>floor(log<sub>2</sub>(x)) = {@code 31 - numberOfLeadingZeros(x)}
     * <li>ceil(log<sub>2</sub>(x)) = {@code 32 - numberOfLeadingZeros(x - 1)}
     * </ul>
     *
     * @param i the value whose number of leading zeros is to be computed
     * @return the number of zero bits preceding the highest-order
     *     (""leftmost"") one-bit in the two's complement binary representation
     *     of the specified {@code int} value, or 32 if the value
     *     is equal to zero.
     * @since 1.5
     */
    public static int numberOfLeadingZeros(int i) {
        // HD, Figure 5-6
        if (i == 0)
            return 32;
        int n = 1;
        if (i >>> 16 == 0) { n += 16; i <<= 16; }
        if (i >>> 24 == 0) { n +=  8; i <<=  8; }
        if (i >>> 28 == 0) { n +=  4; i <<=  4; }
        if (i >>> 30 == 0) { n +=  2; i <<=  2; }
        n -= i >>> 31;
        return n;
    }
}",6.0,14,104,16
558,"public class NUMBEROFTRAILINGZEROS {
/**
     * Returns the number of zero bits following the lowest-order (""rightmost"")
     * one-bit in the two's complement binary representation of the specified
     * {@code int} value.  Returns 32 if the specified value has no
     * one-bits in its two's complement representation, in other words if it is
     * equal to zero.
     *
     * @param i the value whose number of trailing zeros is to be computed
     * @return the number of zero bits following the lowest-order (""rightmost"")
     *     one-bit in the two's complement binary representation of the
     *     specified {@code int} value, or 32 if the value is equal
     *     to zero.
     * @since 1.5
     */
    public static int numberOfTrailingZeros(int i) {
        // HD, Figure 5-14
        int y;
        if (i == 0) return 32;
        int n = 31;
        y = i <<16; if (y != 0) { n = n -16; i = y; }
        y = i << 8; if (y != 0) { n = n - 8; i = y; }
        y = i << 4; if (y != 0) { n = n - 4; i = y; }
        y = i << 2; if (y != 0) { n = n - 2; i = y; }
        return n - ((i << 1) >>> 31);
    }
}",6.0,8,68,20
559,"public class BITCOUNT {
/**
     * Returns the number of one-bits in the two's complement binary
     * representation of the specified {@code int} value.  This function is
     * sometimes referred to as the <i>population count</i>.
     *
     * @param i the value whose bits are to be counted
     * @return the number of one-bits in the two's complement binary
     *     representation of the specified {@code int} value.
     * @since 1.5
     */
    public static int bitCount(int i) {
        // HD, Figure 5-2
        i = i - ((i >>> 1) & 0x55555555);
        i = (i & 0x33333333) + ((i >>> 2) & 0x33333333);
        i = (i + (i >>> 4)) & 0x0f0f0f0f;
        i = i + (i >>> 8);
        i = i + (i >>> 16);
        return i & 0x3f;
    }
}",1.0,4,34,6
560,"public class REVERSE {
/**
     * Returns the value obtained by reversing the order of the bits in the
     * two's complement binary representation of the specified {@code int}
     * value.
     *
     * @param i the value to be reversed
     * @return the value obtained by reversing order of the bits in the
     *     specified {@code int} value.
     * @since 1.5
     */
    public static int reverse(int i) {
        // HD, Figure 7-1
        i = (i & 0x55555555) << 1 | (i >>> 1) & 0x55555555;
        i = (i & 0x33333333) << 2 | (i >>> 2) & 0x33333333;
        i = (i & 0x0f0f0f0f) << 4 | (i >>> 4) & 0x0f0f0f0f;
        i = (i << 24) | ((i & 0xff00) << 8) |
            ((i >>> 8) & 0xff00) | (i >>> 24);
        return i;
    }
}",1.0,4,27,5
561,"public class HIGHESTONEBIT {
/**
     * Returns a {@code long} value with at most a single one-bit, in the
     * position of the highest-order (""leftmost"") one-bit in the specified
     * {@code long} value.  Returns zero if the specified value has no
     * one-bits in its two's complement binary representation, that is, if it
     * is equal to zero.
     *
     * @param i the value whose highest one bit is to be computed
     * @return a {@code long} value with a single one-bit, in the position
     *     of the highest-order one-bit in the specified value, or zero if
     *     the specified value is itself equal to zero.
     * @since 1.5
     */
    public static long highestOneBit(long i) {
        // HD, Figure 3-1
        i |= (i >>  1);
        i |= (i >>  2);
        i |= (i >>  4);
        i |= (i >>  8);
        i |= (i >> 16);
        i |= (i >> 32);
        return i - (i >>> 1);
    }
}",1.0,7,67,7
562,"public class NUMBEROFLEADINGZEROS {
/**
     * Returns the number of zero bits preceding the highest-order
     * (""leftmost"") one-bit in the two's complement binary representation
     * of the specified {@code long} value.  Returns 64 if the
     * specified value has no one-bits in its two's complement representation,
     * in other words if it is equal to zero.
     *
     * <p>Note that this method is closely related to the logarithm base 2.
     * For all positive {@code long} values x:
     * <ul>
     * <li>floor(log<sub>2</sub>(x)) = {@code 63 - numberOfLeadingZeros(x)}
     * <li>ceil(log<sub>2</sub>(x)) = {@code 64 - numberOfLeadingZeros(x - 1)}
     * </ul>
     *
     * @param i the value whose number of leading zeros is to be computed
     * @return the number of zero bits preceding the highest-order
     *     (""leftmost"") one-bit in the two's complement binary representation
     *     of the specified {@code long} value, or 64 if the value
     *     is equal to zero.
     * @since 1.5
     */
    public static int numberOfLeadingZeros(long i) {
        // HD, Figure 5-6
         if (i == 0)
            return 64;
        int n = 1;
        int x = (int)(i >>> 32);
        if (x == 0) { n += 32; x = (int)i; }
        if (x >>> 16 == 0) { n += 16; x <<= 16; }
        if (x >>> 24 == 0) { n +=  8; x <<=  8; }
        if (x >>> 28 == 0) { n +=  4; x <<=  4; }
        if (x >>> 30 == 0) { n +=  2; x <<=  2; }
        n -= x >>> 31;
        return n;
    }
}",7.0,14,104,20
563,"public class NUMBEROFTRAILINGZEROS {
/**
     * Returns the number of zero bits following the lowest-order (""rightmost"")
     * one-bit in the two's complement binary representation of the specified
     * {@code long} value.  Returns 64 if the specified value has no
     * one-bits in its two's complement representation, in other words if it is
     * equal to zero.
     *
     * @param i the value whose number of trailing zeros is to be computed
     * @return the number of zero bits following the lowest-order (""rightmost"")
     *     one-bit in the two's complement binary representation of the
     *     specified {@code long} value, or 64 if the value is equal
     *     to zero.
     * @since 1.5
     */
    public static int numberOfTrailingZeros(long i) {
        // HD, Figure 5-14
        int x, y;
        if (i == 0) return 64;
        int n = 63;
        y = (int)i; if (y != 0) { n = n -32; x = y; } else x = (int)(i>>>32);
        y = x <<16; if (y != 0) { n = n -16; x = y; }
        y = x << 8; if (y != 0) { n = n - 8; x = y; }
        y = x << 4; if (y != 0) { n = n - 4; x = y; }
        y = x << 2; if (y != 0) { n = n - 2; x = y; }
        return n - ((x << 1) >>> 31);
    }
}",7.0,8,68,25
564,"public class BITCOUNT {
/**
     * Returns the number of one-bits in the two's complement binary
     * representation of the specified {@code long} value.  This function is
     * sometimes referred to as the <i>population count</i>.
     *
     * @param i the value whose bits are to be counted
     * @return the number of one-bits in the two's complement binary
     *     representation of the specified {@code long} value.
     * @since 1.5
     */
     public static int bitCount(long i) {
        // HD, Figure 5-14
        i = i - ((i >>> 1) & 0x5555555555555555L);
        i = (i & 0x3333333333333333L) + ((i >>> 2) & 0x3333333333333333L);
        i = (i + (i >>> 4)) & 0x0f0f0f0f0f0f0f0fL;
        i = i + (i >>> 8);
        i = i + (i >>> 16);
        i = i + (i >>> 32);
        return (int)i & 0x7f;
     }
}",1.0,4,34,7
565,"public class REVERSE {
/**
     * Returns the value obtained by reversing the order of the bits in the
     * two's complement binary representation of the specified {@code long}
     * value.
     *
     * @param i the value to be reversed
     * @return the value obtained by reversing order of the bits in the
     *     specified {@code long} value.
     * @since 1.5
     */
    public static long reverse(long i) {
        // HD, Figure 7-1
        i = (i & 0x5555555555555555L) << 1 | (i >>> 1) & 0x5555555555555555L;
        i = (i & 0x3333333333333333L) << 2 | (i >>> 2) & 0x3333333333333333L;
        i = (i & 0x0f0f0f0f0f0f0f0fL) << 4 | (i >>> 4) & 0x0f0f0f0f0f0f0f0fL;
        i = (i & 0x00ff00ff00ff00ffL) << 8 | (i >>> 8) & 0x00ff00ff00ff00ffL;
        i = (i << 48) | ((i & 0xffff0000L) << 16) |
            ((i >>> 16) & 0xffff0000L) | (i >>> 48);
        return i;
    }
}",1.0,4,27,6
566,"public class REVERSEBYTES {
/**
     * Returns the value obtained by reversing the order of the bytes in the
     * two's complement representation of the specified {@code long} value.
     *
     * @param i the value whose bytes are to be reversed
     * @return the value obtained by reversing the bytes in the specified
     *     {@code long} value.
     * @since 1.5
     */
    public static long reverseBytes(long i) {
        i = (i & 0x00ff00ff00ff00ffL) << 8 | (i >>> 8) & 0x00ff00ff00ff00ffL;
        return (i << 48) | ((i & 0xffff0000L) << 16) |
            ((i >>> 16) & 0xffff0000L) | (i >>> 48);
    }
}",1.0,3,25,2
567,"public class ADDEXACT {
/**
     * Returns the sum of its arguments,
     * throwing an exception if the result overflows an {@code int}.
     *
     * @param x the first value
     * @param y the second value
     * @return the result
     * @throws ArithmeticException if the result overflows an int
     * @since 1.8
     */
    public static int addExact(int x, int y) {
        int r = x + y;
        // HD 2-12 Overflow iff both arguments have the opposite sign of the result
        if (((x ^ r) & (y ^ r)) < 0) {
            throw new ArithmeticException(""integer overflow"");
        }
        return r;
    }
}",2.0,2,16,4
568,"public class ADDEXACT {
/**
     * Returns the sum of its arguments,
     * throwing an exception if the result overflows a {@code long}.
     *
     * @param x the first value
     * @param y the second value
     * @return the result
     * @throws ArithmeticException if the result overflows a long
     * @since 1.8
     */
    public static long addExact(long x, long y) {
        long r = x + y;
        // HD 2-12 Overflow iff both arguments have the opposite sign of the result
        if (((x ^ r) & (y ^ r)) < 0) {
            throw new ArithmeticException(""long overflow"");
        }
        return r;
    }
}",2.0,2,16,4
569,"public class SUBTRACTEXACT {
/**
     * Returns the difference of the arguments,
     * throwing an exception if the result overflows an {@code int}.
     *
     * @param x the first value
     * @param y the second value to subtract from the first
     * @return the result
     * @throws ArithmeticException if the result overflows an int
     * @since 1.8
     */
    public static int subtractExact(int x, int y) {
        int r = x - y;
        // HD 2-12 Overflow iff the arguments have different signs and
        // the sign of the result is different than the sign of x
        if (((x ^ y) & (x ^ r)) < 0) {
            throw new ArithmeticException(""integer overflow"");
        }
        return r;
    }
}",2.0,2,16,4
570,"public class SUBTRACTEXACT {
/**
     * Returns the difference of the arguments,
     * throwing an exception if the result overflows a {@code long}.
     *
     * @param x the first value
     * @param y the second value to subtract from the first
     * @return the result
     * @throws ArithmeticException if the result overflows a long
     * @since 1.8
     */
    public static long subtractExact(long x, long y) {
        long r = x - y;
        // HD 2-12 Overflow iff the arguments have different signs and
        // the sign of the result is different than the sign of x
        if (((x ^ y) & (x ^ r)) < 0) {
            throw new ArithmeticException(""long overflow"");
        }
        return r;
    }
}",2.0,2,16,4
571,"public class MULTIPLYEXACT {
/**
     * Returns the product of the arguments,
     * throwing an exception if the result overflows an {@code int}.
     *
     * @param x the first value
     * @param y the second value
     * @return the result
     * @throws ArithmeticException if the result overflows an int
     * @since 1.8
     */
    public static int multiplyExact(int x, int y) {
        long r = (long)x * (long)y;
        if ((int)r != r) {
            throw new ArithmeticException(""integer overflow"");
        }
        return (int)r;
    }
}",2.0,2,16,4
572,"public class MULTIPLYEXACT {
/**
     * Returns the product of the arguments,
     * throwing an exception if the result overflows a {@code long}.
     *
     * @param x the first value
     * @param y the second value
     * @return the result
     * @throws ArithmeticException if the result overflows a long
     * @since 1.8
     */
    public static long multiplyExact(long x, long y) {
        long r = x * y;
        long ax = Math.abs(x);
        long ay = Math.abs(y);
        if (((ax | ay) >>> 31 != 0)) {
            // Some bits greater than 2^31 that might cause overflow
            // Check the result using the divide operator
            // and check for the special case of Long.MIN_VALUE * -1
           if (((y != 0) && (r / y != x)) ||
               (x == Long.MIN_VALUE && y == -1)) {
                throw new ArithmeticException(""long overflow"");
            }
        }
        return r;
    }
}",6.0,2,16,7
573,"public class INCREMENTEXACT {
/**
     * Returns the argument incremented by one, throwing an exception if the
     * result overflows an {@code int}.
     *
     * @param a the value to increment
     * @return the result
     * @throws ArithmeticException if the result overflows an int
     * @since 1.8
     */
    public static int incrementExact(int a) {
        if (a == Integer.MAX_VALUE) {
            throw new ArithmeticException(""integer overflow"");
        }

        return a + 1;
    }
}",2.0,2,16,3
574,"public class INCREMENTEXACT {
/**
     * Returns the argument incremented by one, throwing an exception if the
     * result overflows a {@code long}.
     *
     * @param a the value to increment
     * @return the result
     * @throws ArithmeticException if the result overflows a long
     * @since 1.8
     */
    public static long incrementExact(long a) {
        if (a == Long.MAX_VALUE) {
            throw new ArithmeticException(""long overflow"");
        }

        return a + 1L;
    }
}",2.0,2,16,3
575,"public class DECREMENTEXACT {
/**
     * Returns the argument decremented by one, throwing an exception if the
     * result overflows an {@code int}.
     *
     * @param a the value to decrement
     * @return the result
     * @throws ArithmeticException if the result overflows an int
     * @since 1.8
     */
    public static int decrementExact(int a) {
        if (a == Integer.MIN_VALUE) {
            throw new ArithmeticException(""integer overflow"");
        }

        return a - 1;
    }
}",2.0,2,16,3
576,"public class DECREMENTEXACT {
/**
     * Returns the argument decremented by one, throwing an exception if the
     * result overflows a {@code long}.
     *
     * @param a the value to decrement
     * @return the result
     * @throws ArithmeticException if the result overflows a long
     * @since 1.8
     */
    public static long decrementExact(long a) {
        if (a == Long.MIN_VALUE) {
            throw new ArithmeticException(""long overflow"");
        }

        return a - 1L;
    }
}",2.0,2,16,3
577,"public class NEGATEEXACT {
/**
     * Returns the negation of the argument, throwing an exception if the
     * result overflows an {@code int}.
     *
     * @param a the value to negate
     * @return the result
     * @throws ArithmeticException if the result overflows an int
     * @since 1.8
     */
    public static int negateExact(int a) {
        if (a == Integer.MIN_VALUE) {
            throw new ArithmeticException(""integer overflow"");
        }

        return -a;
    }
}",2.0,2,16,3
578,"public class NEGATEEXACT {
/**
     * Returns the negation of the argument, throwing an exception if the
     * result overflows a {@code long}.
     *
     * @param a the value to negate
     * @return the result
     * @throws ArithmeticException if the result overflows a long
     * @since 1.8
     */
    public static long negateExact(long a) {
        if (a == Long.MIN_VALUE) {
            throw new ArithmeticException(""long overflow"");
        }

        return -a;
    }
}",2.0,2,16,3
579,"public class TOINTEXACT {
/**
     * Returns the value of the {@code long} argument;
     * throwing an exception if the value overflows an {@code int}.
     *
     * @param value the long value
     * @return the argument as an int
     * @throws ArithmeticException if the {@code argument} overflows an int
     * @since 1.8
     */
    public static int toIntExact(long value) {
        if ((int)value != value) {
            throw new ArithmeticException(""integer overflow"");
        }
        return (int)value;
    }
}",2.0,2,18,3
580,"public class NEXTUP {
/**
     * Returns the floating-point value adjacent to {@code d} in
     * the direction of positive infinity.  This method is
     * semantically equivalent to {@code nextAfter(d,
     * Double.POSITIVE_INFINITY)}; however, a {@code nextUp}
     * implementation may run faster than its equivalent
     * {@code nextAfter} call.
     *
     * <p>Special Cases:
     * <ul>
     * <li> If the argument is NaN, the result is NaN.
     *
     * <li> If the argument is positive infinity, the result is
     * positive infinity.
     *
     * <li> If the argument is zero, the result is
     * {@link Double#MIN_VALUE}
     *
     * </ul>
     *
     * @param d starting floating-point value
     * @return The adjacent floating-point value closer to positive
     * infinity.
     * @since 1.6
     */
    public static double nextUp(double d) {
        if( Double.isNaN(d) || d == Double.POSITIVE_INFINITY)
            return d;
        else {
            d += 0.0d;
            return Double.longBitsToDouble(Double.doubleToRawLongBits(d) +
                                           ((d >= 0.0d)?+1L:-1L));
        }
    }
}",3.0,15,75,4
581,"public class NEXTDOWN {
/**
     * Returns the floating-point value adjacent to {@code d} in
     * the direction of negative infinity.  This method is
     * semantically equivalent to {@code nextAfter(d,
     * Double.NEGATIVE_INFINITY)}; however, a
     * {@code nextDown} implementation may run faster than its
     * equivalent {@code nextAfter} call.
     *
     * <p>Special Cases:
     * <ul>
     * <li> If the argument is NaN, the result is NaN.
     *
     * <li> If the argument is negative infinity, the result is
     * negative infinity.
     *
     * <li> If the argument is zero, the result is
     * {@code -Double.MIN_VALUE}
     *
     * </ul>
     *
     * @param d  starting floating-point value
     * @return The adjacent floating-point value closer to negative
     * infinity.
     * @since 1.8
     */
    public static double nextDown(double d) {
        if (Double.isNaN(d) || d == Double.NEGATIVE_INFINITY)
            return d;
        else {
            if (d == 0.0)
                return -Double.MIN_VALUE;
            else
                return Double.longBitsToDouble(Double.doubleToRawLongBits(d) +
                                               ((d > 0.0d)?-1L:+1L));
        }
    }
}",4.0,15,75,4
582,"public class NEXTDOWN {
/**
     * Returns the floating-point value adjacent to {@code f} in
     * the direction of negative infinity.  This method is
     * semantically equivalent to {@code nextAfter(f,
     * Float.NEGATIVE_INFINITY)}; however, a
     * {@code nextDown} implementation may run faster than its
     * equivalent {@code nextAfter} call.
     *
     * <p>Special Cases:
     * <ul>
     * <li> If the argument is NaN, the result is NaN.
     *
     * <li> If the argument is negative infinity, the result is
     * negative infinity.
     *
     * <li> If the argument is zero, the result is
     * {@code -Float.MIN_VALUE}
     *
     * </ul>
     *
     * @param f  starting floating-point value
     * @return The adjacent floating-point value closer to negative
     * infinity.
     * @since 1.8
     */
    public static float nextDown(float f) {
        if (Float.isNaN(f) || f == Float.NEGATIVE_INFINITY)
            return f;
        else {
            if (f == 0.0f)
                return -Float.MIN_VALUE;
            else
                return Float.intBitsToFloat(Float.floatToRawIntBits(f) +
                                            ((f > 0.0f)?-1:+1));
        }
    }
}",4.0,15,75,4
583,"public class RINT {
/**
     * Returns the {@code double} value that is closest in value
     * to the argument and is equal to a mathematical integer. If two
     * {@code double} values that are mathematical integers are
     * equally close to the value of the argument, the result is the
     * integer value that is even. Special cases:
     * <ul><li>If the argument value is already equal to a mathematical
     * integer, then the result is the same as the argument.
     * <li>If the argument is NaN or an infinity or positive zero or negative
     * zero, then the result is the same as the argument.</ul>
     *
     * @param   a   a value.
     * @return  the closest floating-point value to {@code a} that is
     *          equal to a mathematical integer.
     * @author Joseph D. Darcy
     */
    public static double rint(double a) {
        /*
         * If the absolute value of a is not less than 2^52, it
         * is either a finite integer (the double format does not have
         * enough significand bits for a number that large to have any
         * fractional portion), an infinity, or a NaN.  In any of
         * these cases, rint of the argument is the argument.
         *
         * Otherwise, the sum (twoToThe52 + a ) will properly round
         * away any fractional portion of a since ulp(twoToThe52) ==
         * 1.0; subtracting out twoToThe52 from this sum will then be
         * exact and leave the rounded integer portion of a.
         *
         * This method does *not* need to be declared strictfp to get
         * fully reproducible results.  Whether or not a method is
         * declared strictfp can only make a difference in the
         * returned result if some operation would overflow or
         * underflow with strictfp semantics.  The operation
         * (twoToThe52 + a ) cannot overflow since large values of a
         * are screened out; the add cannot underflow since twoToThe52
         * is too large.  The subtraction ((twoToThe52 + a ) -
         * twoToThe52) will be exact as discussed above and thus
         * cannot overflow or meaningfully underflow.  Finally, the
         * last multiply in the return statement is by plus or minus
         * 1.0, which is exact too.
         */
        double twoToThe52 = (double)(1L << 52); // 2^52
        double sign = Math.copySign(1.0, a); // preserve sign info
        a = Math.abs(a);

        if (a < twoToThe52) { // E_min <= ilogb(a) <= 51
            a = ((twoToThe52 + a ) - twoToThe52);
        }

        return sign * a; // restore original sign
    }
}",2.0,10,97,31
584,"public class BINARYGCD {
/**
     * Calculate GCD of a and b interpreted as unsigned integers.
     */
    static int binaryGcd(int a, int b) {
        if (b == 0)
            return a;
        if (a == 0)
            return b;

        // Right shift a & b till their last bits equal to 1.
        int aZeros = Integer.numberOfTrailingZeros(a);
        int bZeros = Integer.numberOfTrailingZeros(b);
        a >>>= aZeros;
        b >>>= bZeros;

        int t = (aZeros < bZeros ? aZeros : bZeros);

        while (a != b) {
            if ((a+0x80000000) > (b+0x80000000)) {  // a > b as unsigned
                a -= b;
                a >>>= Integer.numberOfTrailingZeros(a);
            } else {
                b -= a;
                b >>>= Integer.numberOfTrailingZeros(b);
            }
        }
        return a<<t;
    }
}",5.0,1,10,15
585,"public class INVERSEMOD32 {
/**
     * Returns the multiplicative inverse of val mod 2^32.  Assumes val is odd.
     */
    static int inverseMod32(int val) {
        // Newton's iteration!
        int t = val;
        t *= 2 - val*t;
        t *= 2 - val*t;
        t *= 2 - val*t;
        t *= 2 - val*t;
        return t;
    }
}",1.0,1,12,6
586,"public class CHAREQUALSIGNORECASE {
/**
     * Compares two characters ignoring case.
     *
     * @param c1  the first
     * @param c2  the second
     * @return true if equal
     */
    static boolean charEqualsIgnoreCase(char c1, char c2) {
        return c1 == c2 ||
                Character.toUpperCase(c1) == Character.toUpperCase(c2) ||
                Character.toLowerCase(c1) == Character.toLowerCase(c2);
    }
}",3.0,1,5,3
587,"public class GETROLLEDVALUE {
/**
     * Returns the new value after 'roll'ing the specified value and amount.
     */
    private static int getRolledValue(int value, int amount, int min, int max) {
        assert value >= min && value <= max;
        int range = max - min + 1;
        amount %= range;
        int n = value + amount;
        if (n > max) {
            n -= range;
        } else if (n < min) {
            n += range;
        }
        assert n >= min && n <= max;
        return n;
    }
}",5.0,1,11,10
588,"public class MIX64 {
/**
     * Computes Stafford variant 13 of 64bit mix function.
     */
    private static long mix64(long z) {
        z = (z ^ (z >>> 30)) * 0xbf58476d1ce4e5b9L;
        z = (z ^ (z >>> 27)) * 0x94d049bb133111ebL;
        return z ^ (z >>> 31);
    }
}",1.0,1,8,3
589,"public class MIX32 {
/**
     * Returns the 32 high bits of Stafford variant 4 mix64 function as int.
     */
    private static int mix32(long z) {
        z = (z ^ (z >>> 33)) * 0x62a9d9ed799705f5L;
        return (int)(((z ^ (z >>> 28)) * 0xcb24d0a5c88c35b3L) >>> 32);
    }
}",1.0,1,13,2
590,"public class MIXGAMMA {
/**
     * Returns the gamma value to use for a new split instance.
     */
    private static long mixGamma(long z) {
        z = (z ^ (z >>> 33)) * 0xff51afd7ed558ccdL; // MurmurHash3 mix constants
        z = (z ^ (z >>> 33)) * 0xc4ceb9fe1a85ec53L;
        z = (z ^ (z >>> 33)) | 1L;                  // force to be odd
        int n = Long.bitCount(z ^ (z >>> 1));       // ensure enough transitions
        return (n < 24) ? z ^ 0xaaaaaaaaaaaaaaaaL : z;
    }
}",1.0,1,11,5
591,"public class COMPUTEREDLEVEL {
/**
     * Find the level down to which to assign all nodes BLACK.  This is the
     * last `full' level of the complete binary tree produced by
     * buildTree. The remaining nodes are colored RED. (This makes a `nice'
     * set of color assignments wrt future insertions.) This level number is
     * computed by finding the number of splits needed to reach the zeroeth
     * node.  (The answer is ~lg(N), but in any case must be computed by same
     * quick O(lg(N)) loop.)
     */
    private static int computeRedLevel(int sz) {
        int level = 0;
        for (int m = sz - 1; m >= 0; m = m / 2 - 1)
            level++;
        return level;
    }
}",2.0,7,75,3
592,"public class INVALIDATED {
/**
         * Returns true if index is invalidated by the given number of
         * dequeues, starting from prevTakeIndex.
         */
        private boolean invalidated(int index, int prevTakeIndex,
                                    long dequeues, int length) {
            if (index < 0)
                return false;
            int distance = index - prevTakeIndex;
            if (distance < 0)
                distance += length;
            return dequeues > distance;
        }
}",3.0,2,15,4
593,"public class ONADVANCE {
/**
     * Overridable method to perform an action upon impending phase
     * advance, and to control termination. This method is invoked
     * upon arrival of the party advancing this phaser (when all other
     * waiting parties are dormant).  If this method returns {@code
     * true}, this phaser will be set to a final termination state
     * upon advance, and subsequent calls to {@link #isTerminated}
     * will return true. Any (unchecked) Exception or Error thrown by
     * an invocation of this method is propagated to the party
     * attempting to advance this phaser, in which case no advance
     * occurs.
     *
     * <p>The arguments to this method provide the state of the phaser
     * prevailing for the current transition.  The effects of invoking
     * arrival, registration, and waiting methods on this phaser from
     * within {@code onAdvance} are unspecified and should not be
     * relied on.
     *
     * <p>If this phaser is a member of a tiered set of phasers, then
     * {@code onAdvance} is invoked only for its root phaser on each
     * advance.
     *
     * <p>To support the most common use cases, the default
     * implementation of this method returns {@code true} when the
     * number of registered parties has become zero as the result of a
     * party invoking {@code arriveAndDeregister}.  You can disable
     * this behavior, thus enabling continuation upon future
     * registrations, by overriding this method to always return
     * {@code false}:
     *
     * <pre> {@code
     * Phaser phaser = new Phaser() {
     *   protected boolean onAdvance(int phase, int parties) { return false; }
     * }}</pre>
     *
     * @param phase the current phase number on entry to this method,
     * before this phaser is advanced
     * @param registeredParties the current number of registered parties
     * @return {@code true} if this phaser should terminate
     */
    protected boolean onAdvance(int phase, int registeredParties) {
        return registeredParties == 0;
    }
}",1.0,30,231,3
594,"public class X {
/**
     * Scale d by m, checking for overflow.
     * This has a short name to make above code more readable.
     */
    static long x(long d, long m, long over) {
        if (d >  over) return Long.MAX_VALUE;
        if (d < -over) return Long.MIN_VALUE;
        return d * m;
    }
}",3.0,2,18,3
595,"public class CALCSLICEFENCE {
/**
     * Calculates the slice fence, which is one past the index of the slice
     * range
     * @param skip the number of elements to skip, assumed to be >= 0
     * @param limit the number of elements to limit, assumed to be >= 0, with
     *        a value of {@code Long.MAX_VALUE} if there is no limit
     * @return the slice fence.
     */
    private static long calcSliceFence(long skip, long limit) {
        long sliceFence = limit >= 0 ? skip + limit : Long.MAX_VALUE;
        // Check for overflow
        return (sliceFence >= 0) ? sliceFence : Long.MAX_VALUE;
    }
}",1.0,3,24,2
596,"public class CONVERTFROMDPHI {
/**
     * Convert a value from dphi to some other units. The result is rounded to
     * the nearest integer.
     *
     * @param  dphi
     *     Value (dphi) to convert.
     * @param  units
     *     Unit conversion factor, e.g. {@link #DPI <CODE>DPI</CODE>} or
     * {@link     #DPCM <CODE>DPCM</CODE>}.
     *
     * @return  The value of <CODE>dphi</CODE> converted to the desired units.
     *
     * @exception  IllegalArgumentException
     *     (unchecked exception) Thrown if <CODE>units</CODE> < 1.
     */
    private static int convertFromDphi(int dphi, int units) {
        if (units < 1) {
            throw new IllegalArgumentException("": units is < 1"");
        }
        int round = units / 2;
        return (dphi + round) / units;
    }
}",2.0,6,39,4
597,"public class CONVERTFROMMICROMETERS {
/**
     * Convert a value from micrometers to some other units. The result is
     * returned as a floating-point number.
     *
     * @param  x
     *     Value (micrometers) to convert.
     * @param  units
     *     Unit conversion factor, e.g. {@link #INCH <CODE>INCH</CODE>} or
     *     {@link #MM <CODE>MM</CODE>}.
     *
     * @return  The value of <CODE>x</CODE> converted to the desired units.
     *
     * @exception  IllegalArgumentException
     *     (unchecked exception) Thrown if <CODE>units</CODE> < 1.
     */
    private static float convertFromMicrometers(int x, int units) {
        if (units < 1) {
            throw new IllegalArgumentException(""units is < 1"");
        }
        return ((float)x) / ((float)units);
    }
}",2.0,6,39,3
598,"public class MIN {
/**
     * Returns the smaller of three color components.
     *
     * @param red    the red component of the color
     * @param green  the green component of the color
     * @param blue   the blue component of the color
     * @return the smaller of {@code red}, {@code green} and {@code blue}
     */
    static float min(float red, float green, float blue) {
        float min = (red < green) ? red : green;
        return (min < blue) ? min : blue;
    }
}",1.0,1,7,2
599,"public class MAX {
/**
     * Returns the larger of three color components.
     *
     * @param red    the red component of the color
     * @param green  the green component of the color
     * @param blue   the blue component of the color
     * @return the larger of {@code red}, {@code green} and {@code blue}
     */
    static float max(float red, float green, float blue) {
        float max = (red > green) ? red : green;
        return (max > blue) ? max : blue;
    }
}",1.0,1,7,2
600,"public class GETHUE {
/**
     * Calculates the hue component for HSL and HSV color spaces.
     *
     * @param red    the red component of the color
     * @param green  the green component of the color
     * @param blue   the blue component of the color
     * @param max    the larger of {@code red}, {@code green} and {@code blue}
     * @param min    the smaller of {@code red}, {@code green} and {@code blue}
     * @return the hue component
     */
    static float getHue(float red, float green, float blue, float max, float min) {
        float hue = max - min;
        if (hue > 0.0f) {
            if (max == red) {
                hue = (green - blue) / hue;
                if (hue < 0.0f) {
                    hue += 6.0f;
                }
            }
            else if (max == green) {
                hue = 2.0f + (blue - red) / hue;
            }
            else /*max == blue*/ {
                hue = 4.0f + (red - green) / hue;
            }
            hue /= 6.0f;
        }
        return hue;
    }
}",5.0,1,10,12
601,"public class ISNAVIGATABLE {
/**
     * Subclasses should override this if they want cursor navigation
     * to skip certain characters. A return value of false indicates
     * the character at <code>offset</code> should be skipped when
     * navigating throught the field.
     */
    boolean isNavigatable(int offset) {
        return true;
    }
}",1.0,4,31,2
602,"public class GETNEWARRAYSIZE {
/**
     * Calculates a new size of the storage array depending on required
     * capacity.
     * @param reqSize the size which is necessary for new content
     * @return the new size of the storage array
     */
    int getNewArraySize(int reqSize) {
        return (reqSize + 1) * 2;
    }
}",1.0,2,12,2
603,"public class POINTCROSSINGSFORLINE {
/**
     * Calculates the number of times the line from (x0,y0) to (x1,y1)
     * crosses the ray extending to the right from (px,py).
     * If the point lies on the line, then no crossings are recorded.
     * +1 is returned for a crossing where the Y coordinate is increasing
     * -1 is returned for a crossing where the Y coordinate is decreasing
     */
    public static int pointCrossingsForLine(double px, double py,
                                            double x0, double y0,
                                            double x1, double y1)
    {
        if (py <  y0 && py <  y1) return 0;
        if (py >= y0 && py >= y1) return 0;
        // assert(y0 != y1);
        if (px >= x0 && px >= x1) return 0;
        if (px <  x0 && px <  x1) return (y0 < y1) ? 1 : -1;
        double xintercept = x0 + (py - y0) * (x1 - x0) / (y1 - y0);
        if (px >= xintercept) return 0;
        return (y0 < y1) ? 1 : -1;
    }
}",10.0,5,56,8
604,"public class GETTILEINDEX {
/**
     * Returns the index of the tile corresponding to the supplied position
     * given the tile grid offset and size along the same axis.
     */
    private static int getTileIndex(int p, int tileGridOffset, int tileSize) {
        p -= tileGridOffset;
        if (p < 0) {
            p += 1 - tileSize;          // force round to -infinity (ceiling)
        }
        return p/tileSize;
    }
}",2.0,2,22,4
605,"public class GETBYTESPERPIXEL {
/**
     * Derives number of bytes per pixel from the pixel format.
     * Following bit fields are used here:
     *  [0..2] - bytes per sample
     *  [3..6] - number of color samples per pixel
     *  [7..9] - number of non-color samples per pixel
     *
     * A complete description of the pixel format can be found
     * here: lcms2.h, lines 651 - 667.
     *
     * @param pixelType pixel format in lcms2 notation.
     * @return number of bytes per pixel for given pixel format.
     */
    private static int getBytesPerPixel(int pixelType) {
        int bytesPerSample = (0x7 & pixelType);
        int colorSamplesPerPixel = 0xF & (pixelType >> 3);
        int extraSamplesPerPixel = 0x7 & (pixelType >> 7);

        return bytesPerSample * (colorSamplesPerPixel + extraSamplesPerPixel);
    }
}",1.0,7,53,4
606,"public class CONVERTSRGBTOLINEARRGB {
/**
     * Helper function to convert a color component in sRGB space to
     * linear RGB space.  Copied directly from the
     * MultipleGradientPaintContext class.
     */
    public static int convertSRGBtoLinearRGB(int color) {
        float input, output;

        input = color / 255.0f;
        if (input <= 0.04045f) {
            output = input / 12.92f;
        } else {
            output = (float)Math.pow((input + 0.055) / 1.055, 2.4);
        }

        return Math.round(output * 255.0f);
    }
}",2.0,3,20,7
607,"public class DIMADD {
/**
     * Adds the dimension <code>dim</code> to the coordinate
     * <code>start</code> with appropriate clipping.  If
     * <code>dim</code> is non-positive then the method returns
     * the start coordinate.  If the sum overflows an integer
     * data type then the method returns <code>Integer.MAX_VALUE</code>.
     */
    public static int dimAdd(int start, int dim) {
        if (dim <= 0) return start;
        if ((dim += start) < start) return Integer.MAX_VALUE;
        return dim;
    }
}",3.0,5,35,3
608,"public class CLIPADD {
/**
     * Adds the delta {@code dv} to the value {@code v} with
     * appropriate clipping to the bounds of Integer resolution.
     * If the answer would be greater than {@code Integer.MAX_VALUE}
     * then {@code Integer.MAX_VALUE} is returned.
     * If the answer would be less than {@code Integer.MIN_VALUE}
     * then {@code Integer.MIN_VALUE} is returned.
     * Otherwise the sum is returned.
     */
    public static int clipAdd(int v, int dv) {
        int newv = v + dv;
        if ((newv > v) != (dv > 0)) {
            newv = (dv < 0) ? Integer.MIN_VALUE : Integer.MAX_VALUE;
        }
        return newv;
    }
}",2.0,7,52,4
609,"public class CLIPSCALE {
/**
     * Multiply the scale factor {@code sv} and the value {@code v} with
     * appropriate clipping to the bounds of Integer resolution. If the answer
     * would be greater than {@code Integer.MAX_VALUE} then {@code
     * Integer.MAX_VALUE} is returned. If the answer would be less than {@code
     * Integer.MIN_VALUE} then {@code Integer.MIN_VALUE} is returned. Otherwise
     * the multiplication is returned.
     */
    public static int clipScale(final int v, final double sv) {
        if (sv == 1.0) {
            return v;
        }
        final double newv = v * sv;
        if (newv < Integer.MIN_VALUE) {
            return Integer.MIN_VALUE;
        }
        if (newv > Integer.MAX_VALUE) {
            return Integer.MAX_VALUE;
        }
        return (int) Math.round(newv);
    }
}",4.0,6,53,8
610,"public class ISVARIABLE {
/**
     * Returns true if ""arc"" identifies a scalar object.
     */
    public boolean isVariable(long arc) {

        switch((int)arc) {
            case 4:
            case 3:
            case 2:
            case 1:
                return true;
            default:
                break;
        }
        return false;
    }
}",2.0,1,8,9
611,"public class ISREADABLE {
/**
     * Returns true if ""arc"" identifies a readable scalar object.
     */
    public boolean isReadable(long arc) {

        switch((int)arc) {
            case 4:
            case 3:
            case 2:
            case 1:
                return true;
            default:
                break;
        }
        return false;
    }
}",2.0,1,9,9
612,"public class ISTABLE {
/**
     * Returns true if ""arc"" identifies a table object.
     */
    public boolean isTable(long arc) {

        switch((int)arc) {
            default:
                break;
        }
        return false;
    }
}",2.0,1,8,4
613,"public class ISVARIABLE {
/**
     * Returns true if ""arc"" identifies a scalar object.
     */
    public boolean isVariable(long arc) {

        switch((int)arc) {
            case 3:
            case 2:
            case 1:
                return true;
            default:
                break;
        }
        return false;
    }
}",2.0,1,8,8
614,"public class ISREADABLE {
/**
     * Returns true if ""arc"" identifies a readable scalar object.
     */
    public boolean isReadable(long arc) {

        switch((int)arc) {
            case 3:
            case 2:
            case 1:
                return true;
            default:
                break;
        }
        return false;
    }
}",2.0,1,9,8
615,"public class ISVARIABLE {
/**
     * Returns true if ""arc"" identifies a scalar object.
     */
    public boolean isVariable(long arc) {

        switch((int)arc) {
            case 3:
            case 2:
                return true;
            default:
                break;
        }
        return false;
    }
}",2.0,1,8,7
616,"public class ISREADABLE {
/**
     * Returns true if ""arc"" identifies a readable scalar object.
     */
    public boolean isReadable(long arc) {

        switch((int)arc) {
            case 3:
            case 2:
                return true;
            default:
                break;
        }
        return false;
    }
}",2.0,1,9,7
617,"public class ISVARIABLE {
/**
     * Returns true if ""arc"" identifies a scalar object.
     */
    public boolean isVariable(long arc) {

        switch((int)arc) {
            case 23:
            case 22:
            case 21:
            case 20:
            case 13:
            case 12:
            case 3:
            case 11:
            case 2:
            case 10:
            case 1:
                return true;
            default:
                break;
        }
        return false;
    }
}",2.0,1,8,16
618,"public class ISREADABLE {
/**
     * Returns true if ""arc"" identifies a readable scalar object.
     */
    public boolean isReadable(long arc) {

        switch((int)arc) {
            case 23:
            case 22:
            case 21:
            case 20:
            case 13:
            case 12:
            case 3:
            case 11:
            case 2:
            case 10:
            case 1:
                return true;
            default:
                break;
        }
        return false;
    }
}",2.0,1,9,16
619,"public class ISTABLE {
/**
     * Returns true if ""arc"" identifies a table object.
     */
    public boolean isTable(long arc) {

        switch((int)arc) {
            case 120:
                return true;
            case 110:
                return true;
            case 101:
                return true;
            case 100:
                return true;
            default:
                break;
        }
        return false;
    }
}",2.0,1,8,12
620,"public class ISVARIABLE {
/**
     * Returns true if ""arc"" identifies a scalar object.
     */
    public boolean isVariable(long arc) {

        switch((int)arc) {
            case 33:
            case 32:
            case 31:
            case 133:
            case 132:
            case 131:
            case 13:
            case 12:
            case 11:
            case 10:
            case 112:
            case 111:
            case 110:
            case 5:
            case 4:
            case 3:
            case 2:
            case 23:
            case 1:
            case 22:
            case 21:
                return true;
            default:
                break;
        }
        return false;
    }
}",2.0,1,8,26
621,"public class ISREADABLE {
/**
     * Returns true if ""arc"" identifies a readable scalar object.
     */
    public boolean isReadable(long arc) {

        switch((int)arc) {
            case 33:
            case 32:
            case 31:
            case 133:
            case 132:
            case 131:
            case 13:
            case 12:
            case 11:
            case 10:
            case 112:
            case 111:
            case 110:
            case 5:
            case 4:
            case 3:
            case 2:
            case 23:
            case 22:
            case 21:
                return true;
            default:
                break;
        }
        return false;
    }
}",2.0,1,9,25
622,"public class ISVARIABLE {
/**
     * Returns true if ""arc"" identifies a scalar object.
     */
    public boolean isVariable(long arc) {

        switch((int)arc) {
            case 2:
            case 1:
                return true;
            default:
                break;
        }
        return false;
    }
}",2.0,1,8,7
623,"public class ISREADABLE {
/**
     * Returns true if ""arc"" identifies a readable scalar object.
     */
    public boolean isReadable(long arc) {

        switch((int)arc) {
            case 2:
                return true;
            default:
                break;
        }
        return false;
    }
}",2.0,1,9,6
624,"public class ISVARIABLE {
/**
     * Returns true if ""arc"" identifies a scalar object.
     */
    public boolean isVariable(long arc) {

        switch((int)arc) {
            case 9:
            case 8:
            case 7:
            case 6:
            case 5:
            case 4:
            case 3:
            case 12:
            case 11:
            case 2:
            case 1:
            case 10:
                return true;
            default:
                break;
        }
        return false;
    }
}",2.0,1,8,17
625,"public class ISREADABLE {
/**
     * Returns true if ""arc"" identifies a readable scalar object.
     */
    public boolean isReadable(long arc) {

        switch((int)arc) {
            case 9:
            case 8:
            case 7:
            case 6:
            case 5:
            case 4:
            case 3:
            case 12:
            case 11:
            case 2:
            case 1:
            case 10:
                return true;
            default:
                break;
        }
        return false;
    }
}",2.0,1,9,17
626,"public class ISTABLE {
/**
     * Returns true if ""arc"" identifies a table object.
     */
    public boolean isTable(long arc) {

        switch((int)arc) {
            case 23:
                return true;
            case 22:
                return true;
            case 21:
                return true;
            case 20:
                return true;
            default:
                break;
        }
        return false;
    }
}",2.0,1,8,12
627,"public class ISVARIABLE {
/**
     * Returns true if ""arc"" identifies a scalar object.
     */
    public boolean isVariable(long arc) {

        switch((int)arc) {
            case 6:
            case 5:
            case 4:
            case 3:
            case 2:
            case 1:
            case 7:
                return true;
            default:
                break;
        }
        return false;
    }
}",2.0,1,8,12
628,"public class ISREADABLE {
/**
     * Returns true if ""arc"" identifies a readable scalar object.
     */
    public boolean isReadable(long arc) {

        switch((int)arc) {
            case 6:
            case 5:
            case 4:
            case 3:
            case 2:
            case 1:
            case 7:
                return true;
            default:
                break;
        }
        return false;
    }
}",2.0,1,9,12
629,"public class ISTABLE {
/**
     * Returns true if ""arc"" identifies a table object.
     */
    public boolean isTable(long arc) {

        switch((int)arc) {
            case 10:
                return true;
            default:
                break;
        }
        return false;
    }
}",2.0,1,8,6
630,"public class ISVARIABLE {
/**
     * Returns true if ""arc"" identifies a scalar object.
     */
    public boolean isVariable(long arc) {

        switch((int)arc) {
            case 9:
            case 8:
            case 7:
            case 6:
            case 5:
            case 4:
            case 3:
            case 11:
            case 2:
            case 10:
            case 1:
                return true;
            default:
                break;
        }
        return false;
    }
}",2.0,1,8,16
631,"public class ISREADABLE {
/**
     * Returns true if ""arc"" identifies a readable scalar object.
     */
    public boolean isReadable(long arc) {

        switch((int)arc) {
            case 9:
            case 8:
            case 7:
            case 6:
            case 5:
            case 4:
            case 3:
            case 11:
            case 2:
            case 10:
                return true;
            default:
                break;
        }
        return false;
    }
}",2.0,1,9,15
632,"public class HIGH {
/**
     * Returns the high UTF-16 surrogate for the given supplementary UCS-4 character.
     * Use of {@link Character#highSurrogate} is generally preferred.
     */
    public static char high(int uc) {
        assert Character.isSupplementaryCodePoint(uc);
        return Character.highSurrogate(uc);
    }
}",1.0,2,18,2
633,"public class LOW {
/**
     * Returns the low UTF-16 surrogate for the given supplementary UCS-4 character.
     * Use of {@link Character#lowSurrogate} is generally preferred.
     */
    public static char low(int uc) {
        assert Character.isSupplementaryCodePoint(uc);
        return Character.lowSurrogate(uc);
    }
}",1.0,2,18,2
634,"public class TOUCS4 {
/**
     * Converts the given surrogate pair into a 32-bit UCS-4 character.
     * Use of {@link Character#toCodePoint} is generally preferred.
     */
    public static int toUCS4(char c, char d) {
        assert Character.isHighSurrogate(c) && Character.isLowSurrogate(d);
        return Character.toCodePoint(c, d);
    }
}",2.0,2,17,2
635,"public class COMPUTERENEWTIME {
/**
     * Given the length of a lease and the time that it was granted,
     * compute the absolute time at which it should be renewed, giving
     * room for reasonable computational and communication delays.
     */
    private static long computeRenewTime(long grantTime, long duration) {
        /*
         * REMIND: This algorithm should be more sophisticated, waiting
         * a longer fraction of the lease duration for longer leases.
         */
        return grantTime + (duration / 2);
    }
}",1.0,3,31,5
636,"public class GETLENFIELDSIZE {
/**
     * Used to determine the number of bytes that will be need to encode
     * the length field of the GSSHeader.
     */
    private int getLenFieldSize(int len) {
        int retVal = 1;
        if (len < 128) {
            retVal=1;
        } else if (len < (1 << 8)) {
            retVal=2;
        } else if (len < (1 << 16)) {
            retVal=3;
        } else if (len < (1 << 24)) {
            retVal=4;
        } else {
            retVal=5; // See getMaxMechTokenSize
        }
        return retVal;
    }
}",5.0,2,19,12
637,"public class ISPRINTABLESTRINGCHAR {
/**
     * Determine if a character is one of the permissible characters for
     * PrintableString:
     * A-Z, a-z, 0-9, space, apostrophe (39), left and right parentheses,
     * plus sign, comma, hyphen, period, slash, colon, equals sign,
     * and question mark.
     *
     * Characters that are *not* allowed in PrintableString include
     * exclamation point, quotation mark, number sign, dollar sign,
     * percent sign, ampersand, asterisk, semicolon, less than sign,
     * greater than sign, at sign, left and right square brackets,
     * backslash, circumflex (94), underscore, back quote (96),
     * left and right curly brackets, vertical line, tilde,
     * and the control codes (0-31 and 127).
     *
     * This list is based on X.680 (the ASN.1 spec).
     */
    public static boolean isPrintableStringChar(char ch) {
        if ((ch >= 'a' && ch <= 'z') || (ch >= 'A' && ch <= 'Z') ||
            (ch >= '0' && ch <= '9')) {
            return true;
        } else {
            switch (ch) {
                case ' ':       /* space */
                case '\'':      /* apostrophe */
                case '(':       /* left paren */
                case ')':       /* right paren */
                case '+':       /* plus */
                case ',':       /* comma */
                case '-':       /* hyphen */
                case '.':       /* period */
                case '/':       /* slash */
                case ':':       /* colon */
                case '=':       /* equals */
                case '?':       /* question mark */
                    return true;
                default:
                    return false;
            }
        }
    }
}",8.0,13,99,19
638,"public class MAX {
/**
     * Finds and returns maximal integer value in the given array.
     * @param values array where the search will be performed.
     * @return maximal vaule.
     */
    public static int max(int... values) {
        int maxValue = Integer.MIN_VALUE;
        for (int i : values) {
            if (i > maxValue) {
                maxValue = i;
            }
        }
        return maxValue;
    }
}",3.0,1,10,5
639,"public class GETEUROPEANDIGIT {
/**
     * Getting the digit values of characters like 'A' - 'Z', normal,
     * half-width and full-width. This method assumes that the other digit
     * characters are checked by the calling method.
     * @param ch character to test
     * @return -1 if ch is not a character of the form 'A' - 'Z', otherwise
     *         its corresponding digit will be returned.
     */
    private static int getEuropeanDigit(int ch) {
        if ((ch > 0x7a && ch < 0xff21)
            || ch < 0x41 || (ch > 0x5a && ch < 0x61)
            || ch > 0xff5a || (ch > 0xff3a && ch < 0xff41)) {
            return -1;
        }
        if (ch <= 0x7a) {
            // ch >= 0x41 or ch < 0x61
            return ch + 10 - ((ch <= 0x5a) ? 0x41 : 0x61);
        }
        // ch >= 0xff21
        if (ch <= 0xff3a) {
            return ch + 10 - 0xff21;
        }
        // ch >= 0xff41 && ch <= 0xff5a
        return ch + 10 - 0xff41;
    }
}",11.0,4,34,11
640,"public class ISRULEWHITESPACE {
/**
     * Checks if the argument c is to be treated as a white space in ICU
     * rules. Usually ICU rule white spaces are ignored unless quoted.
     * Equivalent to test for Pattern_White_Space Unicode property.
     * Stable set of characters, won't change.
     * See UAX #31 Identifier and Pattern Syntax: http://www.unicode.org/reports/tr31/
     * @param c codepoint to check
     * @return true if c is a ICU white space
     */
    public static boolean isRuleWhiteSpace(int c)
    {
        /* ""white space"" in the sense of ICU rule parsers
           This is a FIXED LIST that is NOT DEPENDENT ON UNICODE PROPERTIES.
           See UAX #31 Identifier and Pattern Syntax: http://www.unicode.org/reports/tr31/
           U+0009..U+000D, U+0020, U+0085, U+200E..U+200F, and U+2028..U+2029
           Equivalent to test for Pattern_White_Space Unicode property.
        */
        return (c >= 0x0009 && c <= 0x2029 &&
                (c <= 0x000D || c == 0x0020 || c == 0x0085 ||
                 c == 0x200E || c == 0x200F || c >= 0x2028));
    }
}",8.0,5,46,14
641,"public class ADJUSTFORFATEPOCH {
/**
         * Adjusts a Windows time for the FAT epoch.
         */
        private long adjustForFatEpoch(long time) {
            // 1/1/1980 in Windows Time
            final long FAT_EPOCH = 119600064000000000L;
            if (time != -1L && time < FAT_EPOCH) {
                return FAT_EPOCH;
            } else {
                return time;
            }
        }
}",3.0,1,8,5
642,"public class COMPUNSIGNED {
/**
     * Straightforward compare unsigned algorithm.
     */
    private static int compUnsigned(int x, int y) {
        int sign_x = x & Integer.MIN_VALUE;
        int sign_y = y & Integer.MIN_VALUE;

        int mant_x  = x & (~Integer.MIN_VALUE);
        int mant_y  = y & (~Integer.MIN_VALUE);

        if (sign_x == sign_y)
            return Integer.compare(mant_x, mant_y);
        else {
            if (sign_x == 0)
                return -1; // sign x is 0, sign y is 1 => (x < y)
            else
                return 1; //  sign x is 1, sign y is 0 => (x > y)
        }
    }
}",3.0,1,4,8
643,"public class HP15CLOGP {
/**
     * Formulation taken from HP-15C Advanced Functions Handbook, part
     * number HP 0015-90011, p 181.  This is accurate to a few ulps.
     */
    static double hp15cLogp(double x) {
        double u = 1.0 + x;
        return (u==1.0? x : StrictMath.log(u)*x/(u-1) );
    }
}",1.0,2,20,2
644,"public class NEXTOUT {
/**
     * Return the floating-point value next larger in magnitude.
     */
    public static double nextOut(double d) {
        if (d > 0.0)
            return Math.nextUp(d);
        else
            return -Math.nextUp(-d);
    }
}",2.0,1,8,2
645,"public class COMPUTE1 {
/**
     * generates 32 bit pseudo-random numbers.
     * Adapted from http://www.snippets.org
     */
    public static int compute1(int x) {
        int lo = 16807 * (x & 0xFFFF);
        int hi = 16807 * (x >>> 16);
        lo += (hi & 0x7FFF) << 16;
        if ((lo & 0x80000000) != 0) {
            lo &= 0x7fffffff;
            ++lo;
        }
        lo += hi >>> 15;
        if (lo == 0 || (lo & 0x80000000) != 0) {
            lo &= 0x7fffffff;
            ++lo;
        }
        return lo;
    }
}",4.0,2,8,11
646,"public class COMPUTE2 {
/**
     *  Computes a linear congruential random number a random number
     *  of times.
     */
    public static int compute2(int x) {
        int loops = (x >>> 4) & 7;
        while (loops-- > 0) {
            x = (x * 2147483647) % 16807;
        }
        return x;
    }
}",2.0,2,11,4
647,"public class COMPAREULPDIFFERENCE {
/**
     * Compute the ulp difference of two double values and compare against an error threshold.
     */
    private static int compareUlpDifference(double expected, double computed, double threshold) {
        if (!Double.isFinite(expected)) {
            // Handle NaN and infinity cases
            if (Double.compare(expected, computed) == 0)
                return 0;
            else {
                System.err.printf(""Unexpected sum, %g rather than %g.%n"",
                                  computed, expected);
                return 1;
            }
        }

        double ulpDifference = Math.abs(expected - computed) / Math.ulp(expected);

        if (ulpDifference > threshold) {
            System.err.printf(""Numerical summation error too large, %g ulps rather than %g.%n"",
                              ulpDifference, threshold);
            return 1;
        } else
            return 0;
    }
}",4.0,1,14,12
648,"public class EVAL {
/** Add 'em up. */
        double eval(double x, double y) { return x + y; }
}",1.0,1,5,2
649,"public class CLAMP {
/**
     * Clamp index into the range [0, length).
     */
    private static int clamp(final int index, final int length) {
        if (index < 0) {
            return 0;
        } else if (index > length) {
            return length;
        }
        return index;
    }
}",3.0,1,7,5
650,"public class CONVERTDIGIT {
/**
     * Convert a digit to a integer.  Can't use Character.digit since we are
     * restricted to ASCII by the spec.
     *
     * @param ch   Character to convert.
     * @param base Numeric base.
     *
     * @return The converted digit or -1 if invalid.
     */
    protected static int convertDigit(final char ch, final int base) {
        int digit;

        if ('0' <= ch && ch <= '9') {
            digit = ch - '0';
        } else if ('A' <= ch && ch <= 'Z') {
            digit = ch - 'A' + 10;
        } else if ('a' <= ch && ch <= 'z') {
            digit = ch - 'a' + 10;
        } else {
            return -1;
        }

        return digit < base ? digit : -1;
    }
}",7.0,2,18,10
651,"public class DIGIT {
/**
     * Digit representation for a character
     *
     * @param ch             a character
     * @param radix          radix
     * @param onlyIsoLatin1  iso latin conversion only
     *
     * @return the digit for this character
     */
    public static int digit(final char ch, final int radix, final boolean onlyIsoLatin1) {
        final char maxInRadix = (char)('a' + (radix - 1) - 10);
        final char c          = Character.toLowerCase(ch);

        if (c >= 'a' && c <= maxInRadix) {
            return Character.digit(ch, radix);
        }

        if (Character.isDigit(ch)) {
            if (!onlyIsoLatin1 || ch >= '0' && ch <= '9') {
                return Character.digit(ch, radix);
            }
        }

        return -1;
    }
}",7.0,1,5,8
652,"public class TOINT64 {
/**
     * JavaScript compliant number to int64 conversion
     *
     * @param num a number
     * @return an int64
     */
    public static long toInt64(final double num) {
        if (Double.isInfinite(num)) {
            return 0L;
        }
        return (long)num;
    }
}",2.0,1,6,3
653,"public class COUNTSIGNIFICANTBITS {
/**
     * Count number of significant bits.
     * @param bits Double's fraction.
     * @return Number of significant bits.
     */
    private static int countSignificantBits(final long bits) {
        if (bits != 0) {
            return 64 - Long.numberOfLeadingZeros(bits) - Long.numberOfTrailingZeros(bits);
        }

        return 0;
    }
}",2.0,1,5,3
