Parameter,Function,Test Case,cyclomatic_complexity
(long x),"public class HashLongToIntRevised {
public static int hashLongToIntRevised(long x) {
        /*
            This is actually what done in the Java API to
            calculate Long.hashCode().

            All bits of the inputs are used to calculate the hash.

            x >>> 32 does shift all the bits in x by 32 positions to the right.
            Once that is executed, the results will have the 32 leftmost bits
            into the 32 rightmost (which are now discarded).

            With the exclusive OR operation (^), we compare each bit between
            ""x"" and ""x >>> 32"", and create a new value based on whether they
            disagree on the 1s (only one of the two values has a 1).

            Recall that the (int) will ignore the 32 leftmost bits.
            So, the resulting integer from the 32 bits is based on a XOR
            between the first and last 32 bits of the original input.

            Why using a XOR? reason is, given any input value x, if we just
            change one single bit, then necessarily we will end up with
            a different hash value.
            Changing 2 or more bits might result in same hash though.
         */
        return (int) (x ^ (x >>> 32));
    }
}","@Test
    public void testHashLongToIntRevised(){

        long x = 0b0001_0000_0000_0000_0000_0000_0000_0000_____0000_0000_0000_0000_0000_0000_0000_0000L;
        long w = 0b0001_0000_0000_0000_0000_0000_0000_0000_____0000_0000_0000_0000_0000_0000_0001_0000L;
        long z = 0b0001_0001_0000_0000_0000_0000_0000_0000_____0000_0000_0000_0000_0000_0000_0000_0000L;

        assertNotEquals(HashFunctions.hashLongToInt(x),
                HashFunctions.hashLongToInt(w));
        //collision, as bit difference on left side
        assertEquals(HashFunctions.hashLongToInt(x),
                HashFunctions.hashLongToInt(z));

        //revised
        assertNotEquals(HashFunctions.hashLongToIntRevised(x),
                HashFunctions.hashLongToIntRevised(w));
        //no collision
        assertNotEquals(HashFunctions.hashLongToIntRevised(x),
                HashFunctions.hashLongToIntRevised(z));
    }",1
"(long countA, double countPerSecA, long countB, double countPerSecB)","public class CalculatePerSecond {
public static double calculatePerSecond(long countA, double countPerSecA, long countB, double countPerSecB) {
        double totalCount = countA + countB;
        double totalTime = ((double)countA / countPerSecA) + ((double)countB / countPerSecB);
        return totalCount / totalTime;
    }
}","@Test
    public void testCountPerSecondCalculation() {
        Assert.assertEquals(7.5d, BluefloodTimerRollup.calculatePerSecond(150, 5d, 300, 10d));
    }",1
"(double latitude1, double longitude1, double latitude2, double longitude2)","public class ComputeDistance {
public static float computeDistance(double latitude1, double longitude1, double latitude2, double longitude2) {
		// Based on http://www.ngs.noaa.gov/PUBS_LIB/inverse.pdf
		// using the ""Inverse Formula"" (section 4)

		int MAXITERS = 20;
		// Convert lat/long to radians
		double lat1 = latitude1 * (Math.PI / 180.0);
		double lat2 = latitude2 * (Math.PI / 180.0);
		double lon1 = longitude1 * (Math.PI / 180.0);
		double lon2 = longitude2 * (Math.PI / 180.0);

		double a = 6378137.0; // WGS84 major axis
		double b = 6356752.3142; // WGS84 semi-major axis
		double f = (a - b) / a;
		double aSqMinusBSqOverBSq = (a * a - b * b) / (b * b);

		double L = lon2 - lon1;
		double A = 0.0;
		double U1 = Math.atan((1.0 - f) * Math.tan(lat1));
		double U2 = Math.atan((1.0 - f) * Math.tan(lat2));

		double cosU1 = Math.cos(U1);
		double cosU2 = Math.cos(U2);
		double sinU1 = Math.sin(U1);
		double sinU2 = Math.sin(U2);
		double cosU1cosU2 = cosU1 * cosU2;
		double sinU1sinU2 = sinU1 * sinU2;

		double sigma = 0.0;
		double deltaSigma = 0.0;
		double cosSqAlpha;
		double cos2SM;
		double cosSigma;
		double sinSigma;
		double cosLambda;
		double sinLambda;

		double lambda = L; // initial guess
		for (int iter = 0; iter < MAXITERS; iter++) {
			double lambdaOrig = lambda;
			cosLambda = Math.cos(lambda);
			sinLambda = Math.sin(lambda);
			double t1 = cosU2 * sinLambda;
			double t2 = cosU1 * sinU2 - sinU1 * cosU2 * cosLambda;
			double sinSqSigma = t1 * t1 + t2 * t2; // (14)
			sinSigma = Math.sqrt(sinSqSigma);
			cosSigma = sinU1sinU2 + cosU1cosU2 * cosLambda; // (15)
			sigma = Math.atan2(sinSigma, cosSigma); // (16)
			double sinAlpha = (sinSigma == 0) ? 0.0 : cosU1cosU2 * sinLambda / sinSigma; // (17)
			cosSqAlpha = 1.0 - sinAlpha * sinAlpha;
			cos2SM = (cosSqAlpha == 0) ? 0.0 : cosSigma - 2.0 * sinU1sinU2 / cosSqAlpha; // (18)

			double uSquared = cosSqAlpha * aSqMinusBSqOverBSq; // defn
			A = 1 + (uSquared / 16384.0) * (4096.0 + uSquared * (-768 + uSquared * (320.0 - 175.0 * uSquared)));
			double B = (uSquared / 1024.0) * (256.0 + uSquared * (-128.0 + uSquared * (74.0 - 47.0 * uSquared)));
			double C = (f / 16.0) * cosSqAlpha * (4.0 + f * (4.0 - 3.0 * cosSqAlpha)); // (10)
			double cos2SMSq = cos2SM * cos2SM;
			deltaSigma = B * sinSigma * (cos2SM + (B / 4.0) * (cosSigma * (-1.0 + 2.0 * cos2SMSq) - (B / 6.0) * cos2SM * (-3.0 + 4.0 * sinSigma * sinSigma) * (-3.0 + 4.0 * cos2SMSq)));

			lambda = L + (1.0 - C) * f * sinAlpha * (sigma + C * sinSigma * (cos2SM + C * cosSigma * (-1.0 + 2.0 * cos2SM * cos2SM))); // (11)

			double delta = (lambda - lambdaOrig) / lambda;

			if (Math.abs(delta) < 1.0e-12) {
				break;
			}
		}

		return (float) (b * A * (sigma - deltaSigma));
	}
}","@Test
	public void calculateDistance() {
		double lat1 = 53.1;
		double lon1 = -7.5;
		double lat2 = 53.2;
		double lon2 = -7.4;

		float distance = Utilities.computeDistance(lat1, lon1, lat2, lon2);
		assertEquals(12985, distance, 1);
	}",3
(int i),"public class IntToBytes {
public static byte[] intToBytes(int i) {
    return new byte[]{(byte) ((i >> 24) & 0xFF), (byte) ((i >> 16) & 0xFF),
        (byte) ((i >> 8) & 0xFF),
        (byte) (i & 0xFF)};
  }
}","@Test
  public void testIntToBytes() {
    int b = 123;
    byte[] bb = BytesUtils.intToBytes(b);
    int bf = BytesUtils.bytesToInt(bb);
    assertEquals(""testBytesToFloat"", b, bf);
  }",1
(boolean x),"public class BoolToBytes {
public static byte[] boolToBytes(boolean x) {
    byte[] b = new byte[1];
    if (x) {
      b[0] = 1;
    } else {
      b[0] = 0;
    }
    return b;
  }
}","@Test
  public void testBoolToBytes() throws Exception {
    boolean b = true;
    byte[] bb = BytesUtils.boolToBytes(b);
    boolean bf = BytesUtils.bytesToBool(bb);
    assertEquals(""testBoolToBytes"", b, bf);
  }",2
(double data),"public class DoubleToBytes {
public static byte[] doubleToBytes(double data) {
    byte[] bytes = new byte[8];
    long value = Double.doubleToLongBits(data);
    for (int i = 7; i >= 0; i--) {
      bytes[i] = new Long(value).byteValue();
      value = value >> 8;
    }
    return bytes;
  }
}","@Test
  public void testDoubleToBytes() {
    double b1 = 2745687.1253123d;
    byte[] ret = BytesUtils.doubleToBytes(b1);
    double rb1 = BytesUtils.bytesToDouble(ret);
    assertEquals(b1, rb1, CommonTestConstant.float_min_delta);
  }",2
"(byte data, int offset)","public class GetByteN {
public static int getByteN(byte data, int offset) {
    offset %= 8;
    if ((data & (1 << (7 - offset))) != 0) {
      return 1;
    } else {
      return 0;
    }
  }
}","@Test
  public void testGetByteN() {
    byte src = 120;
    byte dest = 0;
    for (int i = 0; i < 64; i++) {
      int a = BytesUtils.getByteN(src, i);
      dest = BytesUtils.setByteN(dest, i, a);
    }
    assertEquals(src, dest);
  }",2
"(int data, int offset)","public class GetIntN {
public static int getIntN(int data, int offset) {
    offset %= 32;
    if ((data & (1 << (offset))) != 0) {
      return 1;
    } else {
      return 0;
    }
  }
}","@Test
  public void testGetIntN() {
    int src = 54243342;
    int dest = 0;
    for (int i = 0; i < 32; i++) {
      int a = BytesUtils.getIntN(src, i);
      dest = BytesUtils.setIntN(dest, i, a);
    }
    assertEquals(src, dest);
  }",2
"(long data, int offset)","public class GetLongN {
public static int getLongN(long data, int offset) {
    offset %= 64;
    if ((data & (1L << (offset))) != 0) {
      return 1;
    } else {
      return 0;
    }
  }
}","@Test
  public void testGetLongN() {
    long src = (long) Math.pow(2, 33);
    long dest = 0;
    for (int i = 0; i < 64; i++) {
      int a = BytesUtils.getLongN(src, i);
      dest = BytesUtils.setLongN(dest, i, a);
    }
    assertEquals(src, dest);
  }",2
(long num),"public class IntLog2 {
public static int intLog2(long num) {
        long l = Double.doubleToRawLongBits(num);
        return (int) ((l >> 52) - 1023);
    }
}","@Test
    public void testIntLog2() {
        for (int i = 0; i < 63; i++) {
            long l = 1L << i;
            assertEquals(i, Maths.intLog2(l));
        }
    }",1
"(double lat1, double lat2, double lon1,
                                  double lon2)","public class Distance {
public static double distance(double lat1, double lat2, double lon1,
                                  double lon2) {

        final int R = 6371; // Radius of the earth

        double latDistance = Math.toRadians(lat2 - lat1);
        double lonDistance = Math.toRadians(lon2 - lon1);
        double a = Math.sin(latDistance / 2) * Math.sin(latDistance / 2)
                + Math.cos(Math.toRadians(lat1)) * Math.cos(Math.toRadians(lat2))
                * Math.sin(lonDistance / 2) * Math.sin(lonDistance / 2);
        double c = 2 * Math.atan2(Math.sqrt(a), Math.sqrt(1 - a));
        double distance = R * c * 1000; // convert to meters

        distance = Math.pow(distance, 2);

        return Math.sqrt(distance);
    }
}","@Test
    public void testDistance() {
        double distance = Contour.distance(1, 1, 1, 2);
        assertEquals(111177.99068882648, distance, 1e-10);
        double distance2 = Contour.distance(1, 1, 0.5, -0.5);
        assertEquals(111177.99068882648, distance2, 1e-10);
    }",1
"(int cat, int possibleMainCat)","public class CheckCategoryMatchingMainCategory {
public static boolean checkCategoryMatchingMainCategory(int cat, int possibleMainCat) {
        return possibleMainCat % 1000 == 0 && cat / 1000 == possibleMainCat / 1000;
    }
}","@Test
    public void testcheckCategoryMatchingMainCategory() {
        assertThat(testee.checkCategoryMatchingMainCategory(5030, 5000), is(true));
        assertThat(testee.checkCategoryMatchingMainCategory(5000, 5000), is(true));
        assertThat(testee.checkCategoryMatchingMainCategory(4030, 5000), is(false));
        assertThat(testee.checkCategoryMatchingMainCategory(4000, 5000), is(false));
        assertThat(testee.checkCategoryMatchingMainCategory(4030, 4030), is(false));
    }",2
(int daysRented),"public class GetFrequentRenterPoints {
public int getFrequentRenterPoints(int daysRented) {
        return daysRented > 0 ? 1 : 0;
    }
}","@Test
    public void testGetFrequentRenterPoints() {
        assertEquals(0, pc.getFrequentRenterPoints(-6));
        assertEquals(0, pc.getFrequentRenterPoints(0));
        assertEquals(1, pc.getFrequentRenterPoints(1));
        assertEquals(1, pc.getFrequentRenterPoints(2));
        assertEquals(1, pc.getFrequentRenterPoints(4000));
    }",1
"(double logA, double logB)","public class LogSum {
public static double logSum(double logA, double logB) {
    if (Double.isInfinite(logA)) {
      return logB;
    }
    if (Double.isInfinite(logB)) {
      return logA;
    }
    if (logA > logB) {
      double dif = logA - logB;
      return dif >= 30d ? logA : logA + Math.log(1 + Math.exp(-dif));
    } else {
      double dif = logB - logA;
      return dif >= 30d ? logB : logB + Math.log(1 + Math.exp(-dif));
    }
  }
}","@Test
  public void logSumTest() throws IOException {
    double[] aLinear = new double[1000];
    double[] bLinear = new double[1000];

    for (int i = 0; i < bLinear.length; i++) {
      aLinear[i] = (double) i / 1000d;
      bLinear[i] = aLinear[i];
    }

    LogMath.LogSumLookup logSumE = LogMath.LOG_SUM;

    for (double a : aLinear) {
      for (double b : bLinear) {
        double logSumExpected = Math.log(a + b);
        Assert.assertEquals(logSumExpected, logSumE.lookup(Math.log(a), Math.log(b)), 0.001);
      }
    }
  }",4
"(double d1, double d2, double range)","public class InRange {
public static boolean inRange(double d1, double d2, double range) {
    return Math.abs(d1 - d2) <= range;
  }
}","@Test
  public void testInRange() {
    double d = 3;
    double d2 = 2.5;
    double d3 = 7;
    Assert.assertTrue(DoubleArrays.inRange(d, d2, 1));
    Assert.assertFalse(DoubleArrays.inRange(d2, d3, 4));
    Assert.assertTrue(DoubleArrays.inRange(d, d2, 0.5));
  }",1
"(int g0, int g1, int g2)","public class EncodeTrigram {
public long encodeTrigram(int g0, int g1, int g2) {
    long encoded = g2;
    encoded = (encoded << 21) | g1;
    return (encoded << 21) | g0;
  }
}","@Test
  public void encodedTrigramTest() throws IOException {
    LmVocabulary vocabulary = new LmVocabulary(""a"", ""b"", ""c"", ""d"", ""e"");
    long k = ((1L << 21 | 2L) << 21) | 3L;
    Assert.assertEquals(k, vocabulary.encodeTrigram(3, 2, 1));
    Assert.assertEquals(k, vocabulary.encodeTrigram(3, 2, 1));
  }",1
"(int i, int bitCount)","public class Normalize {
public static int normalize(int i, int bitCount) {
    int max = 0xffffffff >>> (32 - bitCount);
    if (i > max) {
      throw new IllegalArgumentException(""The integer cannot fit to bit boundaries."");
    }
    if (i > (max >>> 1)) {
      return i - (max + 1);
    } else {
      return i;
    }
  }
}","@Test
  public void testNormalize() {
    assertEquals(Bytes.normalize(0xff, 8), -1);
    assertEquals(Bytes.normalize(0x8000, 16), Short.MIN_VALUE);
  }",3
"(long burstSizeInPackets, long packetSizeInBytes)","public class ConvertBurstSizeToKiloBits {
public static long convertBurstSizeToKiloBits(long burstSizeInPackets, long packetSizeInBytes) {
        return (burstSizeInPackets * packetSizeInBytes * 8) / 1024L;
    }
}","@Test
    public void convertBurstSizeToKiloBitsTest() {
        assertEquals(800, Meter.convertBurstSizeToKiloBits(100, 1024));
        assertEquals(1, Meter.convertBurstSizeToKiloBits(8, 16));
    }",1
"(int baseSequence, int increment)","public class IncrementSequence {
static int incrementSequence(int baseSequence, int increment) {
        if (baseSequence > Integer.MAX_VALUE - increment)
            return increment - (Integer.MAX_VALUE - baseSequence) - 1;
        return baseSequence + increment;
    }
}","@Test
    public void testIncrementSequence() {
        assertEquals(10, DefaultRecordBatch.incrementSequence(5, 5));
        assertEquals(0, DefaultRecordBatch.incrementSequence(Integer.MAX_VALUE, 1));
        assertEquals(4, DefaultRecordBatch.incrementSequence(Integer.MAX_VALUE - 5, 10));
    }",2
(long size),"public class EstimateSizeOverhead {
public static long estimateSizeOverhead(long size) {
      // We take 8 and add the number provided and then round up to 16 (& operator has higher precedence than +)
      return (size + 8 + 15) & ~15;
   }
}","@Test(dataProvider = ""roundings"")
   public void testRoundings(long original, long expected) {
      // The estimate adds 8 and rounds up to 16
      assertEquals(expected, UnpooledOffHeapMemoryAllocator.estimateSizeOverhead(original));
   }",1
(int i),"public class Set {
public void set(int i) {
      throw new UnsupportedOperationException(""RangeSet is immutable"");
   }
}","@Test(expected = UnsupportedOperationException.class)
   public void set() throws Exception {
      RangeSet rs = new RangeSet(4);
      rs.set(1);
   }",1
(int number),"public class IsOdd {
public static boolean isOdd(int number) {
		return number % 2 == 1;
	}
}","@Test
	public void testOdd() {
		assertTrue(MathUtil.isOdd(3));
		assertFalse(MathUtil.isOdd(4));
	}",1
"(int clipX, int clipY)","public class BackGroundPosition {
protected static String backGroundPosition(int clipX, int clipY) {
        return ""background-position: "" + clipX + ""px "" + clipY + ""px !important"";
    }
}","@Test
    public void testBackGroundPosition() {
        final String backGroundPosition = ImageStripDOMGlyphRenderer.backGroundPosition(123, 321);
        assertEquals(backGroundPosition, ""background-position: 123px 321px !important"");
    }",1
"(int page,
                              int size)","public class BuildOffset {
protected int buildOffset(int page,
                              int size) {
        return (page - 1) * size;
    }
}","@Test
    public void testOffsetGeneration() {

        int offset = this.populatedAssetsScreen.buildOffset(1,
                                                            15);

        assertEquals(0,
                     offset);
    }",1
"(int elements,
                             int size)","public class TotalPages {
protected int totalPages(int elements,
                             int size) {
        return Integer.valueOf((int) Math.ceil((double) elements / size));
    }
}","@Test
    public void testTotalPages() {
        {
            int pages = this.populatedAssetsScreen.totalPages(10,
                                                              15);
            assertEquals(1,
                         pages);
        }

        {
            int pages = this.populatedAssetsScreen.totalPages(15, 15);
            assertEquals(1, pages);
        }

        {
            int pages = this.populatedAssetsScreen.totalPages(16,
                                                              15);
            assertEquals(2,
                         pages);
        }

        {
            int pages = this.populatedAssetsScreen.totalPages(30, 15);
            assertEquals(2, pages);
        }
    }",1
"(int numberOfAssets,
                                 int otherCounter)","public class GetAssetsCount {
protected int getAssetsCount(int numberOfAssets,
                                 int otherCounter) {
        if (numberOfAssets < otherCounter || otherCounter == 0) {
            return numberOfAssets;
        } else {
            return otherCounter;
        }
    }
}","@Test
    public void testGetAssetsCount() {
        int assetsCount = this.populatedAssetsScreen.getAssetsCount(15,
                                                                    0);

        assertEquals(15,
                     assetsCount);

        assetsCount = this.populatedAssetsScreen.getAssetsCount(15,
                                                                16);

        assertEquals(15,
                     assetsCount);

        assetsCount = this.populatedAssetsScreen.getAssetsCount(15,
                                                                10);

        assertEquals(10,
                     assetsCount);
    }",3
(int columnIndex),"public class GetColumnName {
public static String getColumnName(int columnIndex) {
        String alphabet = ""ABCDEFGHIJKLMNOPQRSTUVWXYZ"";
        StringBuilder columnName = new StringBuilder();

        int index = columnIndex;
        int overflowIndex = -1;
        while (index > 25) {
            overflowIndex++;
            index -= 26;
        }

        if (overflowIndex >= 0) {
            columnName.append(alphabet.toCharArray()[overflowIndex]);
        }

        columnName.append(alphabet.toCharArray()[index]);

        return columnName.toString();
    }
}","@Test
    public void testGetColumnName() {
        Assert.assertEquals(columnName, CellCoordinate.getColumnName(columnIndexCheck));

        String[] names = new String[columnIndexCheck];
        Arrays.fill(names, ""Foo"");
        Assert.assertEquals(columnName, CellCoordinate.getColumnName(columnIndexCheck, 0, names));

        names = new String[columnIndexCheck + 1];
        Arrays.fill(names, ""Foo"");
        Assert.assertEquals(""Foo"", CellCoordinate.getColumnName(columnIndexCheck, 0, names));
        Assert.assertEquals(""Foo"", CellCoordinate.getColumnName(columnIndexCheck, columnIndexCheck, names));
    }",3
(int nDataUnits),"public class GetPackedLength {
public int getPackedLength(int nDataUnits)
    {
        return nDataUnits;
    }
}","@Test
    public void testGetPackedLength() {
        assertEquals(3, inter.getPackedLength(3));
    }",1
(int nBytes),"public class GetPackedLength {
public int getPackedLength(int nBytes)
    {
        return nBytes * 2;
    }
}","@Test
    public void testGetPackedLength() {
        assertEquals(6, inter.getPackedLength(3));
    }",1
"(int width, int height)","public class CalcRadius {
static int calcRadius(int width, int height) {
        return (int) Math.round(Math.sqrt((float) width * width + height * height));
    }
}","@Test
    public void calRadius_returns_correct_radius() throws Exception {
        final int radius = AnimatorFactory.calcRadius(3, 4);
        assertEquals(5, radius);
    }",1
(int statusCode),"public class IsStatusCodeOk {
boolean isStatusCodeOk(int statusCode) {
        return (statusCode >= 200 && statusCode < 300);
    }
}","@Test
    public void testIsStatusOkWorksAsIntended() {
        int tooLow = 199;
        int tooHigh = 300;
        int justRight = 200;

        assertFalse(gateway.isStatusCodeOk(tooLow));
        assertFalse(gateway.isStatusCodeOk(tooHigh));
        assertTrue(gateway.isStatusCodeOk(justRight));
    }",2
"(int length, int batchSize)","public class GetBatchCount {
public static int getBatchCount(int length, int batchSize) {
    // Avoid negative numbers.
    if ((batchSize < 1) || (length < 1)) {
      return 0;
    }
    int remainder = length % batchSize;
    return (remainder > 0) ? (length / batchSize) + 1 : (length / batchSize);
  }
}","@Test
  public void testGetBatchCount() {
    // Edge cases
    assertEquals(0, BatchUtil.getBatchCount(0,0));
    assertEquals(0, BatchUtil.getBatchCount(-1,0));
    assertEquals(0, BatchUtil.getBatchCount(-2,4));
    assertEquals(0, BatchUtil.getBatchCount(5,-7));


    // One
    assertEquals(1, BatchUtil.getBatchCount(9,9));
    assertEquals(1, BatchUtil.getBatchCount(9,10));
    assertEquals(1, BatchUtil.getBatchCount(9,11));
    assertEquals(1, BatchUtil.getBatchCount(9,18));
    assertEquals(1, BatchUtil.getBatchCount(9,19));
    
    // More
    assertEquals(2, BatchUtil.getBatchCount(9,8));
    assertEquals(2, BatchUtil.getBatchCount(9,7));
    assertEquals(2, BatchUtil.getBatchCount(9,6));
    assertEquals(2, BatchUtil.getBatchCount(9,5));
    assertEquals(3, BatchUtil.getBatchCount(9,4));
    assertEquals(3, BatchUtil.getBatchCount(9,3));
    assertEquals(5, BatchUtil.getBatchCount(9,2));
    assertEquals(9, BatchUtil.getBatchCount(9,1));
  }",3
"(int i, int maxRetention, int length)","public class ShouldRetain {
public static boolean shouldRetain(int i, int maxRetention, int length) {
    // Files with a zero-based index greater or equal than the retentionCutoff
    // should be retained.
    int retentionCutoff = length - maxRetention;
    boolean retain = (i >= retentionCutoff) ? true : false;
    return retain;
  }
}","@Test
  public void testShouldRetain() {
    assertTrue(BatchUtil.shouldRetain(0, 1, 1));
    assertTrue(BatchUtil.shouldRetain(5, 5, 10));
    
    assertFalse(BatchUtil.shouldRetain(0, 1, 2));
    assertFalse(BatchUtil.shouldRetain(4, 5, 10));
    assertFalse(BatchUtil.shouldRetain(4, 100000, 155690)); 
  }",1
(long now),"public class GetEncodedRunId {
public static long getEncodedRunId(long now) {
    // get top of the hour
    long lastHour = now - (now % 3600);
    // return inverted timestamp
    return (Long.MAX_VALUE - lastHour);
  }
}","@Test
  public void TestGetLastHourInvertedTimestamp() throws IOException {
    long ts = 1391896800L;
    long expectedTop = Long.MAX_VALUE - ts;
    long actualTop = HdfsStatsService.getEncodedRunId(ts);
    assertEquals(actualTop, expectedTop);
  }",1
(long encodedRunId),"public class GetRunId {
public static long getRunId(long encodedRunId) {
    return Long.MAX_VALUE - encodedRunId;
  }
}","@Test
  public void testGetRunId() {
    long ts = 1392217200L;
    HdfsStatsKey key1 = new HdfsStatsKey(cluster1, path1, (Long.MAX_VALUE - ts));
    assertEquals(key1.getRunId(), ts);
  }",1
(double distance),"public class GetMaximumEvenIncrement {
public static int getMaximumEvenIncrement(double distance) {
        if (distance < 10) {
            return 1;
        }
        return (int) Math.pow(10, Math.floor(Math.log10(distance)));
    }
}","@Test
    public void getMaximumEvenIncrement() throws Exception {
        int actual = DistanceUtil.getMaximumEvenIncrement(1);
        assertEquals(1, actual);

        actual = DistanceUtil.getMaximumEvenIncrement(12);
        assertEquals(10, actual);

        actual = DistanceUtil.getMaximumEvenIncrement(52);
        assertEquals(10, actual);

        actual = DistanceUtil.getMaximumEvenIncrement(123);
        assertEquals(100, actual);
    }",2
"(double distance, int evenIncrement)","public class GetClosestEvenDistance {
public static long getClosestEvenDistance(double distance, int evenIncrement) {
        return Math.round(distance / evenIncrement) * evenIncrement;
    }
}","@Test
    public void getClosestEvenDistance() throws Exception {
        long actual = DistanceUtil.getClosestEvenDistance(96, 10);
        assertEquals(100, actual);

        actual = DistanceUtil.getClosestEvenDistance(94, 10);
        assertEquals(90, actual);

        actual = DistanceUtil.getClosestEvenDistance(99, 100);
        assertEquals(100, actual);

        actual = DistanceUtil.getClosestEvenDistance(49, 100);
        assertEquals(0, actual);
    }",1
"(
        int n, boolean isDirected, boolean createLoops, boolean createMultipleEdges)","public class ComputeMaximumAllowedEdges {
static <V, E> int computeMaximumAllowedEdges(
        int n, boolean isDirected, boolean createLoops, boolean createMultipleEdges)
    {
        if (n == 0) {
            return 0;
        }

        int maxAllowedEdges;
        try {
            if (isDirected) {
                maxAllowedEdges = Math.multiplyExact(n, n - 1);
            } else {
                // assume undirected
                if (n % 2 == 0) {
                    maxAllowedEdges = Math.multiplyExact(n / 2, n - 1);
                } else {
                    maxAllowedEdges = Math.multiplyExact(n, (n - 1) / 2);
                }
            }

            if (createLoops) {
                if (createMultipleEdges) {
                    return Integer.MAX_VALUE;
                } else {
                    if (isDirected) {
                        maxAllowedEdges = Math.addExact(maxAllowedEdges, Math.multiplyExact(2, n));
                    } else {
                        // assume undirected
                        maxAllowedEdges = Math.addExact(maxAllowedEdges, n);
                    }
                }
            } else {
                if (createMultipleEdges) {
                    if (n > 1) {
                        return Integer.MAX_VALUE;
                    }
                }
            }
        } catch (ArithmeticException e) {
            return Integer.MAX_VALUE;
        }
        return maxAllowedEdges;
    }
}","@Test
    public void testMaximumAllowedEdges()
    {
        // undirected graphs
        boolean isDirected = false;
        assertEquals(
            0, GnmRandomGraphGenerator.computeMaximumAllowedEdges(0, isDirected, false, false));
        assertEquals(
            0, GnmRandomGraphGenerator.computeMaximumAllowedEdges(0, isDirected, false, true));
        assertEquals(
            0, GnmRandomGraphGenerator.computeMaximumAllowedEdges(0, isDirected, true, false));
        assertEquals(
            0, GnmRandomGraphGenerator.computeMaximumAllowedEdges(0, isDirected, true, true));

        assertEquals(
            0, GnmRandomGraphGenerator.computeMaximumAllowedEdges(1, isDirected, false, false));
        assertEquals(
            1, GnmRandomGraphGenerator.computeMaximumAllowedEdges(1, isDirected, true, false));
        assertEquals(
            0, GnmRandomGraphGenerator.computeMaximumAllowedEdges(1, isDirected, false, true));
        assertEquals(
            Integer.MAX_VALUE,
            GnmRandomGraphGenerator.computeMaximumAllowedEdges(1, isDirected, true, true));

        assertEquals(
            45, GnmRandomGraphGenerator.computeMaximumAllowedEdges(10, isDirected, false, false));
        assertEquals(
            55, GnmRandomGraphGenerator.computeMaximumAllowedEdges(10, isDirected, true, false));
        assertEquals(
            Integer.MAX_VALUE,
            GnmRandomGraphGenerator.computeMaximumAllowedEdges(10, isDirected, false, true));
        assertEquals(
            Integer.MAX_VALUE,
            GnmRandomGraphGenerator.computeMaximumAllowedEdges(10, isDirected, true, true));

        assertEquals(
            Integer.MAX_VALUE,
            GnmRandomGraphGenerator.computeMaximumAllowedEdges(200000, isDirected, false, false));

        // directed graphs
        isDirected = true;
        assertEquals(
            0, GnmRandomGraphGenerator.computeMaximumAllowedEdges(0, isDirected, false, false));
        assertEquals(
            0, GnmRandomGraphGenerator.computeMaximumAllowedEdges(0, isDirected, false, true));
        assertEquals(
            0, GnmRandomGraphGenerator.computeMaximumAllowedEdges(0, isDirected, true, false));
        assertEquals(
            0, GnmRandomGraphGenerator.computeMaximumAllowedEdges(0, isDirected, true, true));

        assertEquals(
            0, GnmRandomGraphGenerator.computeMaximumAllowedEdges(1, isDirected, false, false));
        assertEquals(
            2, GnmRandomGraphGenerator.computeMaximumAllowedEdges(1, isDirected, true, false));
        assertEquals(
            0, GnmRandomGraphGenerator.computeMaximumAllowedEdges(1, isDirected, false, true));
        assertEquals(
            Integer.MAX_VALUE,
            GnmRandomGraphGenerator.computeMaximumAllowedEdges(1, isDirected, true, true));

        assertEquals(
            90, GnmRandomGraphGenerator.computeMaximumAllowedEdges(10, isDirected, false, false));
        assertEquals(
            110, GnmRandomGraphGenerator.computeMaximumAllowedEdges(10, isDirected, true, false));
        assertEquals(
            Integer.MAX_VALUE,
            GnmRandomGraphGenerator.computeMaximumAllowedEdges(10, isDirected, false, true));
        assertEquals(
            Integer.MAX_VALUE,
            GnmRandomGraphGenerator.computeMaximumAllowedEdges(10, isDirected, true, true));

        assertEquals(
            Integer.MAX_VALUE,
            GnmRandomGraphGenerator.computeMaximumAllowedEdges(200000, isDirected, false, false));
    }",10
(double value),"public class Parse {
public static Double parse(double value) {
        return new Double(value);
    }
}","@Test
    public void testParse() {
        ByteBuf buf = Unpooled.buffer(8);
        TEST_OBJECT.write(buf);

        Double parsedObject = Double.parse(buf);
        Assert.assertEquals(parsedObject, TEST_OBJECT, ""Encoding and decoding should result in the same object"");
    }",1
"(boolean declarer,
			int gameValue, int numberOfPlayers)","public class GetTournamentGameValue {
public static final int getTournamentGameValue(boolean declarer,
			int gameValue, int numberOfPlayers) {

		int result = 0;

		if (declarer) {
			// calculation for declarer of the game
			if (gameValue > 0) {

				result = gameValue + 50;
			} else {

				result = gameValue - 50;
			}
		} else {
			// calculation for opponents
			if (gameValue < 0) {

				if (numberOfPlayers == 3) {

					result = 40;
				} else if (numberOfPlayers == 4) {

					result = 30;
				}
			}
		}

		return result;
	}
}","@Test
    public void getTournamentGameValue001() {

        assertThat(SkatConstants.getTournamentGameValue(true, 18, 3)).isEqualTo(68);
        assertThat(SkatConstants.getTournamentGameValue(true, 18, 4)).isEqualTo(68);
        assertThat(SkatConstants.getTournamentGameValue(true, -36, 3)).isEqualTo(-86);
        assertThat(SkatConstants.getTournamentGameValue(true, -36, 4)).isEqualTo(-86);
        assertThat(SkatConstants.getTournamentGameValue(true, 20, 3)).isEqualTo(70);
        assertThat(SkatConstants.getTournamentGameValue(true, 20, 4)).isEqualTo(70);
        assertThat(SkatConstants.getTournamentGameValue(true, -40, 3)).isEqualTo(-90);
        assertThat(SkatConstants.getTournamentGameValue(true, -40, 4)).isEqualTo(-90);
        assertThat(SkatConstants.getTournamentGameValue(false, 18, 3)).isEqualTo(0);
        assertThat(SkatConstants.getTournamentGameValue(false, 18, 4)).isEqualTo(0);
        assertThat(SkatConstants.getTournamentGameValue(false, -36, 3)).isEqualTo(40);
        assertThat(SkatConstants.getTournamentGameValue(false, -36, 4)).isEqualTo(30);
        assertThat(SkatConstants.getTournamentGameValue(false, 20, 3)).isEqualTo(0);
        assertThat(SkatConstants.getTournamentGameValue(false, 20, 4)).isEqualTo(0);
        assertThat(SkatConstants.getTournamentGameValue(false, -40, 3)).isEqualTo(40);
        assertThat(SkatConstants.getTournamentGameValue(false, -40, 4)).isEqualTo(30);
    }",6
(int value),"public class FindNumberOfWays {
public static int findNumberOfWays(int value) {
	if (value < 0) {
	    return 0;
	}
	if (value <= 1) {
	    return 1;
	}
	int left = 0;
	int right = (int) Math.sqrt(value);
	int numberOfWays = 0;
	while (left <= right) {
	    long sum = (left + 0L) * left + (right + 0L) * right;
	    if (sum < value) {
		left++;
	    } else if (sum > value) {
		right--;
	    } else {
		numberOfWays++;
		left++;
		right--;
	    }
	}
	return numberOfWays;
    }
}","@Test
    public void testFindNumberOfWays() {
	int actual = findNumberOfWays(inputValue);
	assertThat(""Result for value = "" + inputValue
		+ "" does not match with expected = "" + expected, actual,
		is(expected));
    }",6
"(double lonD1, double lonD2)","public class LongitudeDifference {
public static double longitudeDifference(double lonD1, double lonD2)
    {
        double delta = lonD1 - lonD2;
        if (delta < 0.)
        {
            delta *= -1.;
        }
        if (delta > 360.)
        {
            delta -= (int)(delta / 360.) * 360.;
        }
        if (delta > 180.)
        {
            delta = 360. - delta;
        }

        return delta;
    }
}","@Test
    public void testLongitudeDifference()
    {
        Assert.assertEquals(180., LatLonAlt.longitudeDifference(0., 180.), 0.);
        Assert.assertEquals(20., LatLonAlt.longitudeDifference(10., -10.), 0.);
        Assert.assertEquals(20., LatLonAlt.longitudeDifference(-10., 10.), 0.);
        Assert.assertEquals(20., LatLonAlt.longitudeDifference(-370., 370.), 0.);
        Assert.assertEquals(15., LatLonAlt.longitudeDifference(-175., 170.), 0.);
        Assert.assertEquals(0., LatLonAlt.longitudeDifference(-180., 180.), 0.);
        Assert.assertEquals(0., LatLonAlt.longitudeDifference(-190., 170.), 0.);
    }",4
(double in),"public class NormalizeLatitude {
public static double normalizeLatitude(double in)
    {
        final double limit1 = 270.;
        final double limit2 = 450.;
        final double limit3 = 540.;
        double out = in;
        if (out > 90.)
        {
            if (out > limit3)
            {
                out %= 360.;
                if (out > limit1)
                {
                    out = out - 360;
                }
                else if (out > 90.)
                {
                    out = 180. - out;
                }
            }
            else if (out > limit1)
            {
                if (out > limit2)
                {
                    out = limit3 - out;
                }
                else
                {
                    out = out - 360;
                }
            }
            else if (out > 90.)
            {
                out = 180. - out;
            }
        }
        else if (out < -90)
        {
            if (out < -limit3)
            {
                out %= 360.;
                if (out < -limit1)
                {
                    out = out + 360;
                }
                else if (out < -90)
                {
                    out = -180 - out;
                }
            }
            else if (out < -limit1)
            {
                if (out < -limit2)
                {
                    out = -limit3 - out;
                }
                else
                {
                    out = out + 360;
                }
            }
            else if (out < -90)
            {
                out = -180 - out;
            }
        }
        return out;
    }
}","@Test
    public void testNormalizeLatitude()
    {
        Assert.assertEquals(-90., LatLonAlt.normalizeLatitude(-90.), 0.);
        Assert.assertEquals(-45., LatLonAlt.normalizeLatitude(-45.), 0.);
        Assert.assertEquals(0., LatLonAlt.normalizeLatitude(0.), 0.);
        Assert.assertEquals(45., LatLonAlt.normalizeLatitude(45.), 0.);
        Assert.assertEquals(90., LatLonAlt.normalizeLatitude(90.), 0.);

        Assert.assertEquals(89.999, LatLonAlt.normalizeLatitude(90.001), 0.);
        Assert.assertEquals(-89.999, LatLonAlt.normalizeLatitude(-90.001), 0.);

        Assert.assertEquals(1., LatLonAlt.normalizeLatitude(179.), 0.);
        Assert.assertEquals(-1., LatLonAlt.normalizeLatitude(-179.), 0.);

        Assert.assertEquals(0., LatLonAlt.normalizeLatitude(180.), 0.);
        Assert.assertEquals(0., LatLonAlt.normalizeLatitude(-180.), 0.);

        Assert.assertEquals(-1., LatLonAlt.normalizeLatitude(181.), 0.);
        Assert.assertEquals(1., LatLonAlt.normalizeLatitude(-181.), 0.);

        Assert.assertEquals(-89., LatLonAlt.normalizeLatitude(269.), 0.);
        Assert.assertEquals(89, LatLonAlt.normalizeLatitude(-269.), 0.);

        Assert.assertEquals(-90., LatLonAlt.normalizeLatitude(270.), 0.);
        Assert.assertEquals(90., LatLonAlt.normalizeLatitude(-270.), 0.);

        Assert.assertEquals(-89., LatLonAlt.normalizeLatitude(271.), 0.);
        Assert.assertEquals(89., LatLonAlt.normalizeLatitude(-271.), 0.);

        Assert.assertEquals(0., LatLonAlt.normalizeLatitude(360.), 0.);
        Assert.assertEquals(0, LatLonAlt.normalizeLatitude(-360.), 0.);

        Assert.assertEquals(1., LatLonAlt.normalizeLatitude(361.), 0.);
        Assert.assertEquals(-1, LatLonAlt.normalizeLatitude(-361.), 0.);

        Assert.assertEquals(-1., LatLonAlt.normalizeLatitude(541.), 0.);
        Assert.assertEquals(1., LatLonAlt.normalizeLatitude(-541.), 0.);

        Assert.assertEquals(-89., LatLonAlt.normalizeLatitude(629.), 0.);
        Assert.assertEquals(89, LatLonAlt.normalizeLatitude(-629.), 0.);

        Assert.assertEquals(-90., LatLonAlt.normalizeLatitude(630.), 0.);
        Assert.assertEquals(90, LatLonAlt.normalizeLatitude(-630.), 0.);

        Assert.assertEquals(-89., LatLonAlt.normalizeLatitude(631.), 0.);
        Assert.assertEquals(89, LatLonAlt.normalizeLatitude(-631.), 0.);

        Assert.assertEquals(1., LatLonAlt.normalizeLatitude(721.), 0.);
        Assert.assertEquals(-1., LatLonAlt.normalizeLatitude(-721.), 0.);

        Assert.assertEquals(89., LatLonAlt.normalizeLatitude(811.), 0.);
        Assert.assertEquals(-89, LatLonAlt.normalizeLatitude(-811.), 0.);
    }",15
(double in),"public class NormalizeLongitude {
public static double normalizeLongitude(double in)
    {
        double out = in;
        if (out > 180.)
        {
            out -= (int)((out + 180.) / 360.) * 360.;
        }
        else if (out < -180.)
        {
            out -= (int)((out - 180.) / 360.) * 360.;
        }
        // Allow both 180 and -180.

        return out;
    }
}","@Test
    public void testNormalizeLongitude()
    {
        Assert.assertEquals(-1., LatLonAlt.normalizeLongitude(-361.), 0.);
        Assert.assertEquals(0., LatLonAlt.normalizeLongitude(-360.), 0.);
        Assert.assertEquals(1., LatLonAlt.normalizeLongitude(-359.), 0.);
        Assert.assertEquals(45., LatLonAlt.normalizeLongitude(-315.), 0.);
        Assert.assertEquals(90., LatLonAlt.normalizeLongitude(-270.), 0.);
        Assert.assertEquals(135., LatLonAlt.normalizeLongitude(-225.), 0.);
        Assert.assertEquals(-180., LatLonAlt.normalizeLongitude(-180.), 0.);
        Assert.assertEquals(-135., LatLonAlt.normalizeLongitude(-135.), 0.);
        Assert.assertEquals(-90., LatLonAlt.normalizeLongitude(-90.), 0.);
        Assert.assertEquals(-45., LatLonAlt.normalizeLongitude(-45.), 0.);
        Assert.assertEquals(0., LatLonAlt.normalizeLongitude(0.), 0.);
        Assert.assertEquals(45., LatLonAlt.normalizeLongitude(45.), 0.);
        Assert.assertEquals(90., LatLonAlt.normalizeLongitude(90.), 0.);
        Assert.assertEquals(135., LatLonAlt.normalizeLongitude(135.), 0.);
        Assert.assertEquals(180., LatLonAlt.normalizeLongitude(180.), 0.);
        Assert.assertEquals(-135., LatLonAlt.normalizeLongitude(225.), 0.);
        Assert.assertEquals(-90., LatLonAlt.normalizeLongitude(270.), 0.);
        Assert.assertEquals(-45., LatLonAlt.normalizeLongitude(315.), 0.);
        Assert.assertEquals(-1., LatLonAlt.normalizeLongitude(359.), 0.);
        Assert.assertEquals(0., LatLonAlt.normalizeLongitude(360.), 0.);
        Assert.assertEquals(1., LatLonAlt.normalizeLongitude(361.), 0.);
    }",3
(boolean val),"public class GetHashCode {
public static int getHashCode(boolean val)
    {
        return val ? 1231 : 1237;
    }
}","@Test
    public void testGetHashCodeIntIntObject()
    {
        Object o1 = new HashCodeObject(67);
        Object o2 = null;
        Object o3 = new HashCodeObject(111);

        int startHash = 37;
        int prime = 31;
        Assert.assertEquals(startHash, HashCodeHelper.getHashCode(startHash, prime));
        Assert.assertEquals(1214, HashCodeHelper.getHashCode(startHash, prime, o1));
        Assert.assertEquals(1147, HashCodeHelper.getHashCode(startHash, prime, o2));
        Assert.assertEquals(37634, HashCodeHelper.getHashCode(startHash, prime, o1, o2));
        Assert.assertEquals(1166765, HashCodeHelper.getHashCode(startHash, prime, o1, o2, o3));
    }",1
"(double a, double b)","public class Average {
public static double average(double a, double b)
    {
        return (a + b) * 0.5;
    }
}","@Test
    public void testAverage()
    {
        Assert.assertEquals(5., MathUtil.average(2, 4, 4, 4, 5, 5, 7, 9), 0.);
        Assert.assertEquals(2., MathUtil.average(2), 0.);
        Assert.assertTrue(Double.isNaN(MathUtil.average()));
    }",1
"(int i, int j)","public class Gcd {
public static int gcd(int i, int j)
    {
        int a = i;
        int b = j;
        while (b != 0)
        {
            a ^= b;
            b ^= a;
            a ^= b;
            b %= a;
        }
        return a >= 0 ? a : -a;
    }
}","@Test
    public void testGcd()
    {
        Assert.assertEquals(0, MathUtil.gcd(0, 0));
        Assert.assertEquals(1, MathUtil.gcd(1, 0));
        Assert.assertEquals(1, MathUtil.gcd(0, 1));
        Assert.assertEquals(1, MathUtil.gcd(1, 2));
        Assert.assertEquals(1, MathUtil.gcd(2, 1));
        Assert.assertEquals(1, MathUtil.gcd(2, 3));
        Assert.assertEquals(1, MathUtil.gcd(3, 2));
        Assert.assertEquals(2, MathUtil.gcd(2, 4));
        Assert.assertEquals(2, MathUtil.gcd(4, 2));
        Assert.assertEquals(1, MathUtil.gcd(2, 5));
        Assert.assertEquals(1, MathUtil.gcd(5, 2));
        Assert.assertEquals(2, MathUtil.gcd(2, 6));
        Assert.assertEquals(2, MathUtil.gcd(6, 2));
        Assert.assertEquals(2, MathUtil.gcd(6, 10));
        Assert.assertEquals(2, MathUtil.gcd(10, 6));
        Assert.assertEquals(3, MathUtil.gcd(6, 15));
        Assert.assertEquals(3, MathUtil.gcd(15, 6));
        Assert.assertEquals(3, MathUtil.gcd(6, -15));
        Assert.assertEquals(3, MathUtil.gcd(-15, 6));
        Assert.assertEquals(3, MathUtil.gcd(-6, -15));
        Assert.assertEquals(3, MathUtil.gcd(-15, -6));
        Assert.assertEquals(5, MathUtil.gcd((int)Math.pow(2, 28) * 5, (int)Math.pow(3, 18) * 5));

        Assert.assertEquals(14, MathUtil.gcd(14, 28));
        Assert.assertEquals(7, MathUtil.gcd(14, 28, 21));
        Assert.assertEquals(7, MathUtil.gcd(21, 28, 14));
        Assert.assertEquals(7, MathUtil.gcd(14, 28, 21));
        Assert.assertEquals(7, MathUtil.gcd(new int[] { 14, 28, 21 }));
        Assert.assertEquals(7, MathUtil.gcd(new int[] { 21, 28, 14 }));
    }",2
"(long value, long min, long max)","public class GetModulatedFloat {
public static float getModulatedFloat(long value, long min, long max)
    {
        // Don't use max floats because when the active span is big compared to
        // the loop span the shader calculations would max out on the float
        // type. This caused incorrect alpha calculations and all features would
        // disappear.
        float modulatedValue = Float.MAX_VALUE / 2;
        if (value > min && value < max)
        {
            double range = max - min;
            double floatRange = modulatedValue - 0;

            double floatPerUnit = floatRange / range;
            long deltaFromMin = value - min;
            float floats = (float)(deltaFromMin * floatPerUnit);
            modulatedValue = floats;
        }
        else if (value <= min)
        {
            modulatedValue = 0;
        }

        return modulatedValue;
    }
}","@Test
    public void testGetModulatedFloat()
    {
//        Assert.assertEquals(-Float.MAX_VALUE, MathUtil.getModulatedFloat(Long.MIN_VALUE, Long.MIN_VALUE, Long.MAX_VALUE), 0f);
//        Assert.assertEquals(0f, MathUtil.getModulatedFloat(0L, Long.MIN_VALUE, Long.MAX_VALUE), 0f);
//        Assert.assertEquals(Float.MAX_VALUE, MathUtil.getModulatedFloat(Long.MAX_VALUE, Long.MIN_VALUE, Long.MAX_VALUE), 0f);

        Assert.assertEquals(0, MathUtil.getModulatedFloat(0, 0, 1000), 0f);
        Assert.assertEquals(Float.MAX_VALUE / 4, MathUtil.getModulatedFloat(500, 0, 1000), 0f);
        Assert.assertEquals(Float.MAX_VALUE / 2, MathUtil.getModulatedFloat(1000, 0, 1000), 0f);

        long min = 1370476800000L;
        long max = min + Constants.MILLIS_PER_DAY;
        long step = 1000L;
        for (long test = min; test < max; test += step)
        {
            Assert.assertTrue(MathUtil.getModulatedFloat(test + step, min, max) != MathUtil.getModulatedFloat(test, min, max));
        }
    }",4
"(long inputVal, int shift)","public class BitShift {
public static long bitShift(long inputVal, int shift)
    {
        return shift > 0 ? inputVal << shift : shift < 0 ? inputVal >> shift * -1 : inputVal;
    }
}","@Test
    public void testBitShift()
    {
        Assert.assertEquals(4, MathUtil.bitShift(1, 2));
        Assert.assertEquals(2, MathUtil.bitShift(1, 1));
        Assert.assertEquals(1, MathUtil.bitShift(1, 0));
        Assert.assertEquals(0, MathUtil.bitShift(1, -1));
        Assert.assertEquals(0, MathUtil.bitShift(1, -2));

        Assert.assertEquals(8, MathUtil.bitShift(2, 2));
        Assert.assertEquals(4, MathUtil.bitShift(2, 1));
        Assert.assertEquals(2, MathUtil.bitShift(2, 0));
        Assert.assertEquals(1, MathUtil.bitShift(2, -1));
        Assert.assertEquals(0, MathUtil.bitShift(2, -2));
    }",1
"(double value, double min, double max)","public class Normalize {
public static double normalize(double value, double min, double max)
    {
        double range = max - min;
        double normalized = (value - min) % range + min;
        if (normalized < min)
        {
            normalized += range;
        }
        return normalized;
    }
}","@Test
    public void testNormalize()
    {
        Assert.assertEquals(17., MathUtil.normalize(-43., -10., 20.), 0.);
        Assert.assertEquals(17., MathUtil.normalize(-13., -10., 20.), 0.);
        Assert.assertEquals(3., MathUtil.normalize(3., -10., 20.), 0.);
        Assert.assertEquals(3., MathUtil.normalize(33., -10., 20.), 0.);
        Assert.assertEquals(3., MathUtil.normalize(63., -10., 20.), 0.);

        Assert.assertEquals(38., MathUtil.normalize(8., 10., 40.), 0.);
        Assert.assertEquals(12., MathUtil.normalize(12., 10., 40.), 0.);
        Assert.assertEquals(12., MathUtil.normalize(42., 10., 40.), 0.);

        Assert.assertEquals(320., MathUtil.normalize(-400., 0., 360.), 0.);
        Assert.assertEquals(320., MathUtil.normalize(-40., 0., 360.), 0.);
        Assert.assertEquals(0., MathUtil.normalize(0., 0., 360.), 0.);
        Assert.assertEquals(40., MathUtil.normalize(40., 0., 360.), 0.);
        Assert.assertEquals(0., MathUtil.normalize(360., 0., 360.), 0.);
        Assert.assertEquals(40., MathUtil.normalize(400., 0., 360.), 0.);
        Assert.assertEquals(40., MathUtil.normalize(760., 0., 360.), 0.);
    }",2
"(double val1, double val2)","public class EqualsOrBothNaN {
public static boolean equalsOrBothNaN(double val1, double val2)
    {
        return val1 == val2 || Double.isNaN(val1) && Double.isNaN(val2);
    }
}","@Test
    public void testEqualsOrBothNaN()
    {
        Assert.assertTrue(Utilities.equalsOrBothNaN(Double.NaN, Double.NaN));
        Assert.assertFalse(Utilities.equalsOrBothNaN(Double.NaN, 0.));
        Assert.assertFalse(Utilities.equalsOrBothNaN(0., Double.NaN));
        Assert.assertTrue(Utilities.equalsOrBothNaN(0., 0.));

        Assert.assertTrue(Utilities.equalsOrBothNaN(Double.POSITIVE_INFINITY, Double.POSITIVE_INFINITY));
        Assert.assertFalse(Utilities.equalsOrBothNaN(Double.POSITIVE_INFINITY, Double.NEGATIVE_INFINITY));
        Assert.assertFalse(Utilities.equalsOrBothNaN(Double.NEGATIVE_INFINITY, Double.POSITIVE_INFINITY));
        Assert.assertTrue(Utilities.equalsOrBothNaN(Double.NEGATIVE_INFINITY, Double.NEGATIVE_INFINITY));

        Assert.assertTrue(Utilities.equalsOrBothNaN(Float.NaN, Float.NaN));
        Assert.assertFalse(Utilities.equalsOrBothNaN(Float.NaN, 0.));
        Assert.assertFalse(Utilities.equalsOrBothNaN(0f, Float.NaN));
        Assert.assertTrue(Utilities.equalsOrBothNaN(0f, 0f));

        Assert.assertTrue(Utilities.equalsOrBothNaN(Float.POSITIVE_INFINITY, Float.POSITIVE_INFINITY));
        Assert.assertFalse(Utilities.equalsOrBothNaN(Float.POSITIVE_INFINITY, Float.NEGATIVE_INFINITY));
        Assert.assertFalse(Utilities.equalsOrBothNaN(Float.NEGATIVE_INFINITY, Float.POSITIVE_INFINITY));
        Assert.assertTrue(Utilities.equalsOrBothNaN(Float.NEGATIVE_INFINITY, Float.NEGATIVE_INFINITY));
    }",3
"(long a, long b)","public class SumOverflow {
public static boolean sumOverflow(long a, long b)
    {
        return b > Long.MAX_VALUE - a;
    }
}","@Test
    public void testSumOverflow()
    {
        Assert.assertFalse(Utilities.sumOverflow(0L, 0L));
        Assert.assertFalse(Utilities.sumOverflow(Long.MAX_VALUE, 0L));
        Assert.assertTrue(Utilities.sumOverflow(Long.MAX_VALUE, 1L));
        Assert.assertFalse(Utilities.sumOverflow(Long.MAX_VALUE, -1L));
    }",1
"(double dividend, double divisor)","public class Divide {
public static double divide(double dividend, double divisor) {
		return divisor == 0.0 ? 0.0 : dividend / divisor;
	}
}","@Test
	public void testDivide() {
		assertThat(MathUtils.divide(8.0, 2.0)).isEqualTo(4.0);
		assertThat(MathUtils.divide(0.0, 2.0)).isEqualTo(0.0);
		assertThat(MathUtils.divide(8.0, 0.0)).isEqualTo(0.0);
	}",1
(long l),"public class Increment {
public static long increment(long l) {
		return l + 1;
	}
}","@Test
	public void testIncrement() {
		assertThat(MathUtils.increment(8L)).isEqualTo(9L);
		assertThat(MathUtils.increment(0L)).isEqualTo(1L);
		assertThat(MathUtils.increment(-8L)).isEqualTo(-7L);
	}",1
"(long factor1, long factor2)","public class Multiply {
public static long multiply(long factor1, long factor2) {
		return factor1 * factor2;
	}
}","@Test
	public void testMultiply() {
		assertThat(MathUtils.multiply(8L, 2L)).isEqualTo(16L);
		assertThat(MathUtils.multiply(0L, 2L)).isEqualTo(0L);
		assertThat(MathUtils.multiply(8L, 0L)).isEqualTo(0L);
	}",1
(long timestamp),"public class ToMillis {
static long toMillis(long timestamp) {
    if (timestamp < 10000000000L) {
      // in seconds
      return timestamp * 1000;
    } else if (timestamp < 10000000000000L) {
      // in millis
      return timestamp;
    }
    // in micros
    return timestamp / 1000;
  }
}","@Test
  public void testToMillis() {
    long millis = 1542750947417L;
    Assert.assertEquals(1542750947000L, toMillis(millis / 1000));
    Assert.assertEquals(1542750947417L, toMillis(millis));
    Assert.assertEquals(1542750947417L, toMillis(millis * 1000 + 918));
  }",3
"(int repeat, char padChar)","public class Padding {
public static String padding(int repeat, char padChar) throws IndexOutOfBoundsException {
        if (repeat < 0) {
            throw new IndexOutOfBoundsException(""Cannot pad a negative amount: "" + repeat);
        }
        final char[] buf = new char[repeat];
        for (int i = 0; i < buf.length; i++) {
            buf[i] = padChar;
        }
        return new String(buf);
    }
}","@Test
    public void padding() {
        Assert.assertEquals("""", padding(0, 'e'));
        Assert.assertEquals(""eee"", padding(3, 'e'));

        try {
            padding(-2, 'e');
            Assert.fail(""Expected IndexOutOfBoundsException"");
        } catch (IndexOutOfBoundsException e) {
            Assert.assertTrue(e.getMessage().contains(""Cannot pad a negative amount:""));
        }
    }",3
"(long fetchedLength, long contentLength)","public class IsCorrectFull {
public static boolean isCorrectFull(long fetchedLength, long contentLength) {
        return fetchedLength == contentLength;
    }
}","@Test
    public void isCorrectFull() throws Exception {
        assertThat(Util.isCorrectFull(1, 2)).isFalse();
        assertThat(Util.isCorrectFull(2, 2)).isTrue();
    }",1
(int maxTurnCosts),"public class CountBitValue {
public static int countBitValue(int maxTurnCosts) {
        if (maxTurnCosts < 0)
            throw new IllegalArgumentException(""maxTurnCosts cannot be negative "" + maxTurnCosts);

        int counter = 0;
        while (maxTurnCosts > 0) {
            maxTurnCosts >>= 1;
            counter++;
        }
        return counter++;
    }
}","@Test
    public void testCountBitValue() throws Exception {
        assertEquals(1, Helper.countBitValue(1));
        assertEquals(2, Helper.countBitValue(2));
        assertEquals(2, Helper.countBitValue(3));
        assertEquals(3, Helper.countBitValue(4));
        assertEquals(3, Helper.countBitValue(7));
        assertEquals(4, Helper.countBitValue(8));
        assertEquals(5, Helper.countBitValue(20));
    }",3
"(double value, double min, double max)","public class KeepIn {
public static final double keepIn(double value, double min, double max) {
        return Math.max(min, Math.min(value, max));
    }
}","@Test
    public void testKeepIn() {
        assertEquals(2, Helper.keepIn(2, 1, 4), 1e-2);
        assertEquals(3, Helper.keepIn(2, 3, 4), 1e-2);
        assertEquals(3, Helper.keepIn(-2, 3, 4), 1e-2);
    }",1
"(long rewardOfBlockEachBlock, double blockNumberEachDay,
      double srNumber, double srVote, double totalVote,
      long rewardOfVoteEachBlock, double ratio)","public class GetAnnualizedRateOfReturn {
public double getAnnualizedRateOfReturn(long rewardOfBlockEachBlock, double blockNumberEachDay,
      double srNumber, double srVote, double totalVote,
      long rewardOfVoteEachBlock, double ratio)
      throws Exception {
    if ((int) srVote == 0) {
      return 0;
    }
    if (totalVote < srVote || totalVote <= 0 || srVote <= 0 || ratio > 100 || ratio < 0) {
      throw new Exception(""bad parameters"");
    }
    double annualizedRateOfReturn = (rewardOfBlockEachBlock / srNumber / srVote
        + rewardOfVoteEachBlock / totalVote) * blockNumberEachDay * ratio * 365;
    return annualizedRateOfReturn;
  }
}","@Test
  public void getAnnualizedRateOfReturn() throws Exception {
    double v = wallet.getAnnualizedRateOfReturn(1, 1,
        1, 1, 1, 1, 1);
    assertEquals(730, v, 0);
    double v1 = wallet.getAnnualizedRateOfReturn(1, 1,
        1, 0, 1, 1, 1);
    assertEquals(0, v1, 0);
  }",7
(int value),"public class Mask {
public static int mask(int value)
    {
        return value & 0xFF;
    }
}","@Test
    void testMask()
    {
        assertEquals(255, UtilConversion.mask(255));
        assertEquals(0, UtilConversion.mask(256));
        assertEquals(1, UtilConversion.mask(257));
    }",1
(boolean value),"public class BoolToInt {
public static int boolToInt(boolean value)
    {
        if (value)
        {
            return 1;
        }
        return 0;
    }
}","@Test
    void testBoolToInt()
    {
        assertEquals(0, UtilConversion.boolToInt(false));
        assertEquals(1, UtilConversion.boolToInt(true));
    }",2
"(int number, int length)","public class ToBinary {
public static boolean[] toBinary(int number, int length)
    {
        final boolean[] binary = new boolean[length];
        for (int i = 0; i < length; i++)
        {
            binary[length - 1 - i] = (1 << i & number) != 0;
        }
        return binary;
    }
}","@Test
    void testToBinary()
    {
        assertArrayEquals(new boolean[1], UtilConversion.toBinary(0, 1));
        assertArrayEquals(new boolean[4], UtilConversion.toBinary(0, 4));
        assertArrayEquals(new boolean[]
        {
            true
        }, UtilConversion.toBinary(1, 1));
        assertArrayEquals(new boolean[]
        {
            true, false
        }, UtilConversion.toBinary(2, 2));
    }",2
"(int value, int min, int max)","public class Clamp {
public static int clamp(int value, int min, int max)
    {
        final int fixed;
        if (value < min)
        {
            fixed = min;
        }
        else if (value > max)
        {
            fixed = max;
        }
        else
        {
            fixed = value;
        }
        return fixed;
    }
}","@Test
    void testClamp()
    {
        assertEquals(0, UtilMath.clamp(-10, 0, 10));
        assertEquals(10, UtilMath.clamp(50, 0, 10));
        assertEquals(10, UtilMath.clamp(10, 0, 10));
        assertEquals(0, UtilMath.clamp(0, 0, 10));

        assertEquals(0L, UtilMath.clamp(-10L, 0L, 10L));
        assertEquals(10L, UtilMath.clamp(50L, 0L, 10L));
        assertEquals(10L, UtilMath.clamp(10L, 0L, 10L));
        assertEquals(0L, UtilMath.clamp(0L, 0L, 10L));

        assertEquals(0.0, UtilMath.clamp(-10.0, 0.0, 10.0));
        assertEquals(10.0, UtilMath.clamp(50.0, 0.0, 10.0));
        assertEquals(10.0, UtilMath.clamp(10.0, 0.0, 10.0));
        assertEquals(0.0, UtilMath.clamp(0.0, 0.0, 10.0));
    }",3
"(int value, int min, int max)","public class IsBetween {
public static boolean isBetween(int value, int min, int max)
    {
        return value >= min && value <= max;
    }
}","@Test
    void testIsBetween()
    {
        assertTrue(UtilMath.isBetween(0, 0, 2));
        assertTrue(UtilMath.isBetween(1, 0, 2));
        assertTrue(UtilMath.isBetween(2, 0, 2));

        assertFalse(UtilMath.isBetween(3, 0, 2));
        assertFalse(UtilMath.isBetween(-1, 0, 2));

        assertFalse(UtilMath.isBetween(1, 2, 1));

        assertTrue(UtilMath.isBetween(0.0, 0.0, 0.2));
        assertTrue(UtilMath.isBetween(0.1, 0.0, 0.2));
        assertTrue(UtilMath.isBetween(0.2, 0.0, 0.2));

        assertFalse(UtilMath.isBetween(0.3, 0.0, 0.2));
        assertFalse(UtilMath.isBetween(-0.1, 0.0, 0.2));

        assertFalse(UtilMath.isBetween(0.1, 0.2, 0.1));
    }",2
"(int value, int min, int max)","public class Wrap {
public static int wrap(int value, int min, int max)
    {
        int newValue = value;
        final int step = max - min;

        if (newValue >= max)
        {
            while (newValue >= max)
            {
                newValue -= step;
            }
        }
        else if (newValue < min)
        {
            while (newValue < min)
            {
                newValue += step;
            }
        }
        return newValue;
    }
}","@Test
    void testWrap()
    {
        assertEquals(0, UtilMath.wrap(360, 0, 360));
        assertEquals(359, UtilMath.wrap(-1, 0, 360));
        assertEquals(180, UtilMath.wrap(180, 0, 360));
    }",5
"(double value, double min, double max)","public class WrapDouble {
public static double wrapDouble(double value, double min, double max)
    {
        double newValue = value;
        final double step = max - min;

        if (Double.compare(newValue, max) >= 0)
        {
            while (Double.compare(newValue, max) >= 0)
            {
                newValue -= step;
            }
        }
        else if (newValue < min)
        {
            while (newValue < min)
            {
                newValue += step;
            }
        }
        return newValue;
    }
}","@Test
    void testWrapDouble()
    {
        assertEquals(0.0, UtilMath.wrapDouble(360.0, 0.0, 360.0));
        assertEquals(359.0, UtilMath.wrapDouble(-1.0, 0.0, 360.0));
        assertEquals(180.0, UtilMath.wrapDouble(180.0, 0.0, 360.0));
    }",5
(double value),"public class GetSign {
public static int getSign(double value)
    {
        final int sign;
        if (value > 0)
        {
            sign = 1;
        }
        else if (value < 0)
        {
            sign = -1;
        }
        else
        {
            sign = 0;
        }
        return sign;
    }
}","@Test
    void testSign()
    {
        assertEquals(-1, UtilMath.getSign(-1.0));
        assertEquals(1, UtilMath.getSign(1.0));
        assertEquals(0, UtilMath.getSign(0));
    }",3
"(double speed, double value)","public class GetRound {
public static double getRound(double speed, double value)
    {
        if (speed < 0)
        {
            return Math.floor(value);
        }
        return Math.ceil(value);
    }
}","@Test
    void testGetRound()
    {
        assertEquals(1.0, UtilMath.getRound(-1.0, 1.5));
        assertEquals(2.0, UtilMath.getRound(1.0, 1.5));
    }",2
(double angle),"public class NormalizeAngle {
public static double normalizeAngle(double angle) {
        angle %= (2 * Math.PI);
        if (angle > Math.PI)
            angle -= 2 * Math.PI;
        if (angle <= -Math.PI)
            angle += 2 * Math.PI;
        return angle;
    }
}","@Test
    void normalizeTest() {
        double delta = Math.pow(10, -8);
        assertAll(""angles"",
                () -> assertEquals(Position.normalizeAngle(Math.PI), Math.PI, delta),
                () -> assertEquals(Position.normalizeAngle(Math.PI * 2), 0, delta),
                () -> assertEquals(Position.normalizeAngle(-Math.PI), Math.PI, delta),
                () -> assertEquals(Position.normalizeAngle(-2 * Math.PI), 0, delta),
                () -> assertEquals(Position.normalizeAngle(-0.5 * Math.PI - 8 * Math.PI), -0.5 * Math.PI, delta),
                () -> assertEquals(Position.normalizeAngle(1.3 + Math.PI * 16), 1.3, delta));
    }",3
"(int offset, int arrLen, int i)","public class AdjustOffset {
protected static int adjustOffset(int offset, int arrLen, int i) {
        if(i==0 & offset==0) {
            return 0;
        } else if(i==3 && offset>=arrLen-2) {
            return offset+1;
        } else {
            return offset - 1 + i;
        }
    }
}","@Test
    public void testAdjustOffset() {
        assertEquals(1, Interpolation.adjustOffset(2, 5, 0));
        assertEquals(2, Interpolation.adjustOffset(2, 5, 1));
        assertEquals(3, Interpolation.adjustOffset(2, 5, 2));
        assertEquals(4, Interpolation.adjustOffset(2, 5, 3));

        assertEquals(0, Interpolation.adjustOffset(0, 5, 0));
        assertEquals(0, Interpolation.adjustOffset(0, 5, 1));
        assertEquals(1, Interpolation.adjustOffset(0, 5, 2));
        assertEquals(2, Interpolation.adjustOffset(0, 5, 3));

        assertEquals(3, Interpolation.adjustOffset(4, 5, 0));
        assertEquals(4, Interpolation.adjustOffset(4, 5, 1));
        assertEquals(5, Interpolation.adjustOffset(4, 5, 2));
        assertEquals(5, Interpolation.adjustOffset(4, 5, 3));
    }",4
"(int rgb1, double a1, int rgb2, double a2, int rgb3, double a3, int rgb4, double a4)","public class PixelBlend {
protected static int pixelBlend(int rgb1, double a1, int rgb2, double a2, int rgb3, double a3, int rgb4, double a4) {
        return  0xFF000000                                                                                                                                   // alpha
              | (int) (((rgb1 >>> 16) & 0xFF) * a1 + ((rgb2 >>> 16) & 0xFF) * a2 + ((rgb3 >>> 16) & 0xFF) * a3 + ((rgb4 >>> 16) & 0xFF) * a4 + 0.5) << 16    // red
              | (int) (((rgb1 >>>  8) & 0xFF) * a1 + ((rgb2 >>>  8) & 0xFF) * a2 + ((rgb3 >>>  8) & 0xFF) * a3 + ((rgb4 >>>  8) & 0xFF) * a4 + 0.5) <<  8    // green
              | (int) (( rgb1         & 0xFF) * a1 + ( rgb2         & 0xFF) * a2 + ( rgb3         & 0xFF) * a3 + ( rgb4         & 0xFF) * a4 + 0.5);         // blue
    }
}","@Test
    public void testPixelBlend() throws Exception {
        int red = 0xffff0000;
        int green = 0xff00ff00;
        int expected = 0xff808000;

        int actual = TextureChooser.pixelBlend(red, 0.5, green, 0.5, 0, 0, 0, 0);
        assertEquals(expected, actual);
    }",1
(int i),"public class Int2BytesBigEndian {
public static byte[] int2BytesBigEndian(int i) {
        byte[] bytes = new byte[4];
        bytes[0] = (byte) ((i >> 24) & 0xff);
        bytes[1] = (byte) ((i >> 16) & 0xff);
        bytes[2] = (byte) ((i >> 8) & 0xff);
        bytes[3] = (byte) (i & 0xff);
        return bytes;
    }
}","@Test
    public void int2BytesBigEndian() {
        assertArrayEquals(new byte[]{0, 0, (byte) 0x12, (byte) 0x34}, ByteUtil.int2BytesBigEndian(0x1234));
        assertArrayEquals(new byte[]{(byte) 0x12, (byte) 0x34, (byte) 0x56, (byte) 0x78}, ByteUtil.int2BytesBigEndian(0x12345678));
    }",1
(long l),"public class Long2BytesBigEndian {
public static byte[] long2BytesBigEndian(long l) {
        byte[] bytes = new byte[8];
        bytes[0] = (byte) ((l >> 56) & 0xff);
        bytes[1] = (byte) ((l >> 48) & 0xff);
        bytes[2] = (byte) ((l >> 40) & 0xff);
        bytes[3] = (byte) ((l >> 32) & 0xff);
        bytes[4] = (byte) ((l >> 24) & 0xff);
        bytes[5] = (byte) ((l >> 16) & 0xff);
        bytes[6] = (byte) ((l >> 8) & 0xff);
        bytes[7] = (byte) (l & 0xff);
        return bytes;
    }
}","@Test
    public void long2BytesBigEndian() {
        assertArrayEquals(new byte[]{0, 0, 0, 0, 0 , 0, (byte) 0x12, (byte) 0x34}, ByteUtil.long2BytesBigEndian(0x1234L));
        assertArrayEquals(new byte[]{0, 0, (byte) 0x12, (byte) 0x34, (byte) 0x56, (byte) 0x78, (byte) 0x90, (byte) 0xAB}, ByteUtil.long2BytesBigEndian(0x1234567890ABL));
    }",1
(int source),"public class Int2Bin {
public static String int2Bin(int source) {
        return Integer.toBinaryString(source);
    }
}","@Test
    public void int2Bin() {
        assertEquals(""111_1111_1111_1111_1111_1111_1111_1111"".replace(""_"", """"), BitUtil.int2Bin(2147483647));
    }",1
"(int source, int pos)","public class GetIntBit {
public static boolean getIntBit(int source, int pos) {
        pos = pos - 1;
        int bitValue = 1 << pos;
        return (source & bitValue) == bitValue;
    }
}","@Test
    public void getIntBit() {
        assertTrue(BitUtil.getIntBit(4, 3));
        assertFalse(BitUtil.getIntBit(4, 2));
    }",1
(long source),"public class Long2Bin {
public static String long2Bin(long source) {
        return Long.toBinaryString(source);
    }
}","@Test
    public void long2Bin() {
        assertEquals(""1_0000_0000_0000_0000_0000_0000_0000_0000"".replace(""_"", """"), BitUtil.long2Bin(4294967296L));
    }",1
(int i),"public class Int2BytesLittleEndian {
public static byte[] int2BytesLittleEndian(int i) {
        byte[] bytes = new byte[4];
        bytes[0] = (byte) (i & 0xff);
        bytes[1] = (byte) ((i >> 8) & 0xff);
        bytes[2] = (byte) ((i >> 16) & 0xff);
        bytes[3] = (byte) ((i >> 24) & 0xff);
        return bytes;
    }
}","@Test
    public void int2BytesLittleEndian() {
        assertArrayEquals(new byte[]{(byte) 0x34, (byte) 0x12, 0, 0}, ByteUtil.int2BytesLittleEndian(0x1234));
        assertArrayEquals(new byte[]{(byte) 0x78, (byte) 0x56, (byte) 0x34, (byte) 0x12}, ByteUtil.int2BytesLittleEndian(0x12345678));
    }",1
(long l),"public class Long2BytesLittleEndian {
public static byte[] long2BytesLittleEndian(long l) {
        byte[] bytes = new byte[8];
        bytes[0] = (byte) (l & 0xFF);
        bytes[1] = (byte) (l >> 8 & 0xFF);
        bytes[2] = (byte) (l >> 16 & 0xFF);
        bytes[3] = (byte) (l >> 24 & 0xFF);
        bytes[4] = (byte) (l >> 32 & 0xFF);
        bytes[5] = (byte) (l >> 40 & 0xFF);
        bytes[6] = (byte) (l >> 48 & 0xFF);
        bytes[7] = (byte) (l >> 56 & 0xFF);
        return bytes;
    }
}","@Test
    public void long2BytesLittleEndian() {
        assertArrayEquals(new byte[]{(byte) 0x34, (byte) 0x12, 0, 0, 0, 0, 0, 0}, ByteUtil.long2BytesLittleEndian(0x1234L));
        assertArrayEquals(new byte[]{(byte) 0xAB, (byte) 0x90, (byte) 0x78, (byte) 0x56, (byte) 0x34, (byte) 0x12, 0, 0}, ByteUtil.long2BytesLittleEndian(0x1234567890ABL));
    }",1
(long millis),"public class ConvertMillisToMinSecFormat {
public static String convertMillisToMinSecFormat(long millis) {
        long ms = millis % 1000;
        long s = (millis / 1000) % 60;
        long m = ((millis / 1000) / 60) % 60;
        if (s > 0 && m <= 0) {
            return String.format(""%d sec %d ms"", s, ms);
        } else if (s > 0 || m > 0) {
            return String.format(""%d min %d sec %d ms"", m, s, ms);
        } else {
            return String.format(""%d ms"", ms);
        }
    }
}","@Test
    public void convertMillisToMinSecFormat() {
        assertThat(TimeUtil.convertMillisToMinSecFormat(100), equalTo(""100 ms""));
        assertThat(TimeUtil.convertMillisToMinSecFormat(1010), equalTo(""1 sec 10 ms""));
        assertThat(TimeUtil.convertMillisToMinSecFormat(60010), equalTo(""1 min 0 sec 10 ms""));
    }",5
"(long source, int pos)","public class GetLongBit {
public static boolean getLongBit(long source, int pos) {
        pos = pos - 1;
        long bitValue = 1 << pos;
        return (source & bitValue) == bitValue;
    }
}","@Test
    public void getLongBit() {
        assertTrue(BitUtil.getLongBit(4, 3));
        assertFalse(BitUtil.getLongBit(4, 2));
    }",1
"(int start, int finish)","public class Add {
public int add(int start, int finish) {
        int count = 0;
      for (int i = start; i <= finish; i++) {
          if (i % 2 == 0) {
              count += i;
          }
      }
      return count;
    }
}","@Test
    public void whenSumEvenNumbersFromOneToTenThenThirty() {
        Counter sumSquares = new Counter();
        int result = sumSquares.add(1, 10);
        assertThat(result, is(30));
    }",3
(int bound),"public class Calculate {
public int[] calculate(int bound) {
        int[] arrSquares = new int[bound];
        for (int i = 0; i < bound; i++) {
            arrSquares[i] = (int) Math.pow(i + 1, 2);
        }
        return arrSquares;
    }
}","@Test
    public void ifBoundEqualsFive() {
        Square arrSquares = new Square();
        int[] result = arrSquares.calculate(5);
        int[] expect = {1, 4, 9, 16, 25};
        assertThat(result, is(expect));
    }",2
(int size),"public class Multiple {
int[][] multiple(int size) {
        int[][] table = new int[size][size];
        for (int axisI = 0; axisI < size; axisI++) {
            for (int axisJ = 0; axisJ < size; axisJ++) {
                table[axisI][axisJ] = (axisI + 1) * (axisJ + 1);
            }
        }
        return table;
    }
}","@Test
    public void ifSizeOfMultipledTableEqualsThree() {
        Matrix matrix = new Matrix();
        int[][] result = matrix.multiple(3);
        int[][] expect = {
                {1, 2, 3},
                {2, 4, 6},
                {3, 6, 9}
        };
        assertThat(result, is(expect));
    }",3
(int i),"public class GetNextPowerOf2 {
public static int getNextPowerOf2(int i) {
        return Math.max(2, Integer.highestOneBit(i - 1) << 1);
    }
}","@Test
    void getNextPowerOf2() {
        assertSoftly(softly -> {
            softly.assertThat(MathUtils.getNextPowerOf2(-1)).isEqualTo(2);
            softly.assertThat(MathUtils.getNextPowerOf2(0)).isEqualTo(2);
            softly.assertThat(MathUtils.getNextPowerOf2(1)).isEqualTo(2);
            softly.assertThat(MathUtils.getNextPowerOf2(2)).isEqualTo(2);
            softly.assertThat(MathUtils.getNextPowerOf2(3)).isEqualTo(4);
            softly.assertThat(MathUtils.getNextPowerOf2(234234)).isEqualTo(262144);
        });
    }",1
(long msec),"public class LongToTimePeriod {
public static String longToTimePeriod(long msec) {
        if (msec < 1000) {
            return msec + ""ms"";
        }
        if (msec < 3000) {
            return String.format(""%.2fs"", msec / 1000d);
        }
        if (msec < 60 * 1000) {
            return (msec / 1000) + ""s"";
        }
        long sec = msec / 1000;
        if (sec < 5 * 60) {
            return (sec / 60) + ""m"" + (sec % 60) + ""s"";
        }
        long min = sec / 60;
        if (min < 60) {
            return min + ""m"";
        }
        long hour = min / 60;
        if (min < 24 * 60) {
            return hour + ""h"" + (min % 60) + ""m"";
        }
        long day = hour / 24;
        return day + ""d"" + (day % 24) + ""h"";
    }
}","@Test
    public void longToTimePeriod() {
        Assert.assertEquals(""1ms"", Utils.longToTimePeriod(1));
    }",7
"(int a, int b)","public class AddSafely {
public static int addSafely(int a, int b) {
        long res = (long) a + (long) b;
        return res > Integer.MAX_VALUE ? Integer.MAX_VALUE : (int) res;
    }
}","@Test
    public void addSafely() {
        Assert.assertEquals(10,BiUtil.addSafely(1, 9));
    }",1
(long javaTime),"public class ToUnixTime {
public static long toUnixTime(long javaTime) {
        return javaTime / 1000;
    }
}","@Test
    public void toUnixTime() {
        Assert.assertEquals(1, Utils.toUnixTime(1000));
    }",1
(long size),"public class SizeToStr {
public static String sizeToStr(long size) {
        if (size < 2 * (1L << 10)) {
            return size + ""b"";
        }
        if (size < 2 * (1L << 20)) {
            return String.format(""%dKb"", size / (1L << 10));
        }
        if (size < 2 * (1L << 30)) {
            return String.format(""%dMb"", size / (1L << 20));
        }
        return String.format(""%dGb"", size / (1L << 30));
    }
}","@Test
    public void sizeToStr() {
        Assert.assertEquals(""1b"", Utils.sizeToStr(1));
    }",4
(long unixTime),"public class FromUnixTime {
public static long fromUnixTime(long unixTime) {
        return unixTime * 1000;
    }
}","@Test
    public void fromUnixTime() {
        Assert.assertEquals(1000, Utils.fromUnixTime(1));
    }",1
(long l),"public class LongToBytes {
public static byte[] longToBytes(long l) {
        int longSize = Long.BYTES;
        byte[] result = new byte[longSize];
        for (int i = longSize - 1; i >= 0; i--) {
            result[i] = (byte) (l & 0xFF);
            l >>= longSize;
        }
        return result;
    }
}","@Test
    void testLongToBytes() {
        byte[] bytes = Convert.longToBytes(LONG_VALUE);
        assertArrayEquals(LONG_BYTES, bytes);
    }",2
"(int a, int b)","public class D {
public int d(int a, int b) {
        if (b == 0)
            return Integer.MAX_VALUE;
        else
            return a / b;
    }
}","@Test
    public void whenSecondParamIsZeroShouldReturnIntMax(){
        service = new Cnt();
        int answer = service.d(100,0);
        assertEquals(Integer.MAX_VALUE, answer);
    }",2
(int n),"public class PowerOf10 {
public int powerOf10(int n){
        if (n == 0){
            return 1;
        }
        return powerOf10(n-1)*10;
    }
}","@Test
    public void testPowerOf10() {
        int p0 = recursion.powerOf10(0);
        int p1 = recursion.powerOf10(1);
        int p4 = recursion.powerOf10(4);
        
        Assert.assertEquals(1, p0);
        Assert.assertEquals(10, p1);
        Assert.assertEquals(10000, p4);
    }",2
(int n),"public class Fibonacci {
public int fibonacci(int n){
        if (n <=1 ){
            return n;
        }
        return fibonacci(n-1) + fibonacci(n-2);
    }
}","@Test
    public void testFibonacci() {
        int n0 = recursion.fibonacci(0);
        int n1 = recursion.fibonacci(1);
        int n7 = recursion.fibonacci(7);
        
        Assert.assertEquals(0, n0);
        Assert.assertEquals(1, n1);
        Assert.assertEquals(13, n7);
    }",2
(int n),"public class ToBinary {
public String toBinary(int n){
        if (n <= 1 ){
            return String.valueOf(n);
        }
        return toBinary(n / 2) + String.valueOf(n % 2);
    }
}","@Test
    public void testToBinary() {
        String b0 = recursion.toBinary(0);
        String b1 = recursion.toBinary(1);
        String b10 = recursion.toBinary(10);
        
        Assert.assertEquals(""0"", b0);
        Assert.assertEquals(""1"", b1);
        Assert.assertEquals(""1010"", b10);
    }",2
"(long start, long end)","public class Duration {
public static String duration(long start, long end) {
        long duration = end - start;

        long millis = duration % 1000;
        long secs = duration / 1000;
        long mins = secs / 60;
        secs = secs % 60;

        return String.format(""%d minutes %d seconds %d millis"", mins, secs, millis);
    }
}","@Test
     public void testDuration() {
         assertEquals(""0 minutes 0 seconds 0 millis"", Logging.duration(10, 10));
         assertEquals(""0 minutes 0 seconds 155 millis"", Logging.duration(100000, 100155));
         assertEquals(""3 minutes 15 seconds 395 millis"", Logging.duration(555555555, 555750950));
         assertEquals(""200 minutes 15 seconds 395 millis"", Logging.duration(555555555, 567570950));
     }",1
(int argb),"public class Brightness {
public static float brightness (int argb) {
        // TODO: we're ignoring alpha here...
        int red = (argb >> 16) & 0xFF;
        int green = (argb >> 8) & 0xFF;
        int blue = (argb >> 0) & 0xFF;
        int max = Math.max(Math.max(red, green), blue);
        return ((float) max) / 255.0f;
    }
}","@Test
    public void testBrightness() {
        assertEquals(0, Color.brightness(0xFF000000), 0.0000001);
        assertEquals(1, Color.brightness(0xFFFFFFFF), 0.0000001);
        assertEquals(0.0117647, Color.brightness(0xFF010203), 0.0000001);
        assertEquals(1, Color.brightness(0xFF00FFC8), 0.0000001);
    }",1
(int i),"public class Get {
public int get(int i) {
        return 0;        
    }
}","@Test
    public void testGet() {
        AList L = new AList();
        L.addLast(99);
        assertEquals(99, L.get(0));        
        L.addLast(36);
        assertEquals(99, L.get(0));        
        assertEquals(36, L.get(1));        
    }",1
(long l),"public class Any {
public static long any(long l) {
		l = l | (l << 32) | (l >>> 32);
		l = l | (l << 16) | (l >>> 16);
		l = l | (l << 8) | (l >>> 8);
		l = l | (l << 4) | (l >>> 4);
		l = l | (l << 2) | (l >>> 2);
		l = l | (l << 1) | (l >>> 1);
		return l;
	}
}","@Test
	public void testAny() {
		Assert.assertEquals(i == 0 ? 0 : -1, Integers.any(i));
		Assert.assertEquals(((int) i) == 0 ? 0 : -1, Integers.any((int) i));
		Assert.assertEquals(((short) i) == 0 ? 0 : -1, Integers.any((short) i));
	}",1
(int value),"public class IntToUnsignedLong {
public static long intToUnsignedLong(int value) {
    return value & (-1L >>> 32);
  }
}","@Test
  void intToUnsignedLong() {
    Assertions.assertEquals(
        ((long) Integer.MAX_VALUE) + 1,
        SerializationUtils.intToUnsignedLong(Integer.MAX_VALUE + 1));

    Assertions.assertEquals(10, SerializationUtils.intToUnsignedLong(10));

    Assertions.assertEquals(4294967295L, SerializationUtils.intToUnsignedLong(-1));
  }",1
"(int x, int y)","public class PackXY {
public static long packXY(int x, int y) { return (x & 0xFFFFFFFFL) | ((long)(y)) << 32; }
}","@Test
	public void testPackXY() {
		System.out.println(""testPackXY"");

		assertEquals(0L, GenMath.packXY(0, 0));
		assertEquals(0x7FFFFFFFL, GenMath.packXY(Integer.MAX_VALUE, 0));
		assertEquals(0x80000000L, GenMath.packXY(Integer.MIN_VALUE, 0));
		assertEquals(0xFFFFFFFFL, GenMath.packXY(-1, 0));
		assertEquals(0x7FFFFFFF00000000L, GenMath.packXY(0, Integer.MAX_VALUE));
		assertEquals(0x8000000000000000L, GenMath.packXY(0, Integer.MIN_VALUE));
		assertEquals(0xFFFFFFFF00000000L, GenMath.packXY(0, -1));
		assertEquals(0x7FFFFFFFFFFFFFFFL, GenMath.packXY(-1, Integer.MAX_VALUE));
		assertEquals(0x8000000000000001L, GenMath.packXY(1, Integer.MIN_VALUE));
		assertEquals(0xFFFFFFFFFFFFFFFFL, GenMath.packXY(-1, -1));
	}",1
(int n),"public class UnsignedIntValue {
public static long unsignedIntValue(int n) { return n & 0xFFFFFFFFL; }
}","@Test
	public void testUnsignedIntValue() {
		System.out.println(""testUnsignedIntValue"");

		assertEquals(0L, GenMath.unsignedIntValue(0));
		assertEquals(0x7FFFFFFFL, GenMath.unsignedIntValue(Integer.MAX_VALUE));
		assertEquals(0x80000000L, GenMath.unsignedIntValue(Integer.MIN_VALUE));
		assertEquals(0xFFFFFFFFL, GenMath.unsignedIntValue(-1));
	}",1
"(long o1, long o2)","public class CompareLong {
public static int compareLong(long o1, long o2) {
        if (o1 < o2) {
            return -1;
        } else if (o1 == o2) {
            return 0;
        } else {
            return 1;
        }
    }
}","@Test
    public void test_compare() throws Exception {
        System.out.println(CompareUtils.compareLong(-1L, -2L));
    }",3
(char ch),"public class IsHexNumeric {
public static boolean isHexNumeric(char ch) {
        return (ch >= 'a' && ch <= 'f') || (ch >= '0' && ch <= '9');
    }
}","@Test
    public void testIsHexNumeric() {
        Assert.assertTrue(EagleEyeCoreUtils.isHexNumeric('2'));
        Assert.assertTrue(EagleEyeCoreUtils.isHexNumeric('b'));

        Assert.assertFalse(EagleEyeCoreUtils.isHexNumeric('z'));
        Assert.assertFalse(EagleEyeCoreUtils.isHexNumeric('%'));
    }",4
(char ch),"public class IsNumeric {
public static boolean isNumeric(char ch) {
        return ch >= '0' && ch <= '9';
    }
}","@Test
    public void testIsNumeric() {
        Assert.assertTrue(EagleEyeCoreUtils.isNumeric('2'));

        Assert.assertFalse(EagleEyeCoreUtils.isNumeric('b'));
        Assert.assertFalse(EagleEyeCoreUtils.isNumeric('%'));
    }",2
"(int fromDimension, int toDimension)","public class DimensionRange {
public static int[] dimensionRange(int fromDimension, int toDimension) {
        if (fromDimension > toDimension) {
            throw new IllegalArgumentException(""from dimension must be less than to dimension"");
        }

        int dimensionCount = toDimension - fromDimension;
        int[] dims = new int[dimensionCount];
        for (int i = 0; i < dimensionCount; i++) {
            dims[i] = i + fromDimension;
        }
        return dims;
    }
}","@Test
    public void canGetDimensionRange() {
        int[] actual = TensorShape.dimensionRange(2, 5);
        int[] expected = new int[]{2, 3, 4};
        assertArrayEquals(actual, expected);
    }",3
"(double a, double b)","public class LogSumExp {
public static double logSumExp(double a, double b) {
        double max = Math.max(a, b);
        return max + Math.log(Math.exp(a - max) + Math.exp(b - max));
    }
}","@Test
    public void canLogSumExp() {

        double a = -0.25;
        double b = 0.5;
        double expected = Math.log(Math.exp(a) + Math.exp(b));
        double actual = Tree.logSumExp(a, b);

        assertEquals(expected, actual, 1e-6);
    }",1
"(int x, int y)","public class CeilDiv {
public static int ceilDiv(int x, int y) {
        int r = x / y;
        return (x ^ y) > 0 && (r * y != x) ? r + 1 : r;
    }
}","@Test
    void testCeilDiv() {
        assertEquals(1, ceilDiv(3, 3));
        assertEquals(1, ceilDiv(2, 3));
        assertEquals(2, ceilDiv(4, 3));
        assertEquals(-1, ceilDiv(-3, 3));
        assertEquals(-1, ceilDiv(-4, 3));
        assertEquals(0, ceilDiv(-2, 3));
    }",2
"(int value, int interval)","public class Ceil {
public static int ceil(int value, int interval) {
        if (value == 0)
            return 0;
        if (interval == 0)
            return 0;
        if (value < 0)
            interval *= -1;
        int mod = value % interval;
        return mod == 0 ? value : value + interval - mod;
    }
}","@Test
    public void testCeil() {
        assertEquals(0, ceil(0, 16));
        assertEquals(16, ceil(1, 16));
        assertEquals(16, ceil(15, 16));
        assertEquals(16, ceil(16, 16));
        assertEquals(32, ceil(17, 16));
        assertEquals(-16, ceil(-1, 16));
        assertEquals(-16, ceil(-15, 16));
        assertEquals(-16, ceil(-16, 16));
        assertEquals(-32, ceil(-17, 16));
    }",4
(int value),"public class CeilPowerOfTwo {
public static int ceilPowerOfTwo(int value) {
        if (value <= 0)
            throw new IllegalArgumentException();

        int result = 1;
        while (value > result) {
            result <<= 1;
        }
        return result;
    }
}","@Test
    public void testCeilPowerOfTwo() {
        assertThrows(IllegalArgumentException.class, () -> ceilPowerOfTwo(0));
        assertEquals(1, ceilPowerOfTwo(1));
        assertEquals(2, ceilPowerOfTwo(2));
        assertEquals(4, ceilPowerOfTwo(3));
    }",3
(int value),"public class GetUsingBits {
public static int getUsingBits(int value) {
        int bits = 0;
        while (value != 0) {
            value >>>= 1;
            bits++;
        }
        return bits;
    }
}","@Test
    public void testGetUsingBits() {
        assertEquals(0, getUsingBits(0));
        assertEquals(2, getUsingBits(1), 1);
        assertEquals(2, getUsingBits(2), 2);
        assertEquals(3, getUsingBits(4));
        assertEquals(32, getUsingBits(-1));
    }",2
(char ch),"public class Hex {
public static String hex(char ch) {
        return Integer.toHexString(ch).toUpperCase();
    }
}","@Test
    public void testHex() {
        Assert.assertEquals(""61"", Utils.hex('a'));
        Assert.assertEquals(""24"", Utils.hex('$'));
    }",1
(int value),"public class SwapMedium {
public static int swapMedium(int value) {
        return value << 16 & 0xff0000 | value & 0xff00 | value >>> 16 & 0xff;
    }
}","@Test
    public void testSwapMedium() {
        assertEquals(0x563412, swapMedium(0x123456));
        assertEquals(0x80, swapMedium(0x800000));
    }",1
(double x),"public class Digamma {
public static double digamma(double x) {
        if (x > 0 && x <= 1.0e-5) { // small value shortcut
            return -0.5772156649 - 1.0 / x;
        }

        double result = 0;
        double y = x;
        while (y < 8.5) { // iterate for medium or very negative values
            result -= 1.0 / y;
            y += 1.0;
        }

        // and compute the final approximation for large values
        double r = 1.0 / y;
        // REVIEW What if y is zero?
        result += Math.log(y) - 0.5 * r;
        r = r * r;
        result -= r * (8.3333333333e-2 - r * (8.3333333333e-3 - r * 3.968253968e-3));

        return result;
    }
}","@Test
    public void testDigammaShouldMatchCommonsMath() {
        for (double d: toIterable(doubles(), 10000)) {
            assertThat(""digamma of "" + d,
                       Scalars.digamma(d),
                       closeTo(Gamma.digamma(d), 1.0e-8));
        }

        for (double d: someDoubles(0, 2.0e-5)) {
            assertThat(""digamma of "" + d,
                       Scalars.digamma(d),
                       closeTo(Gamma.digamma(d), 1.0e-8));
        }

        for (double d: someDoubles(-10, 0)) {
            assertThat(""digamma of "" + d,
                       Scalars.digamma(d),
                       closeTo(Gamma.digamma(d), 1.0e-8));
        }

        for (double d: someDoubles(0, 10)) {
            assertThat(""digamma of "" + d,
                       Scalars.digamma(d),
                       closeTo(Gamma.digamma(d), 1.0e-8));
        }
    }",4
(long size),"public class GetPrintSize {
public static String getPrintSize(long size) {
        float printSize = (float)size / 1024/ 1024;
        return String.format(""%.1fMB"", printSize);
    }
}","@Test
    public void getPrintSize() throws Exception {
        int[] size = new int[] {10100000};
        for(int i=0;i<size.length;i++) {
            System.out.println(NumberUtil.getPrintSize(size[i]));
        }
    }",1
(int value),"public class Pluralize {
public static String pluralize(int value)
  {
    if (value != 1)
    {
      return ""s"";
    }
    else
    {
      return """";
    }
  }
}","@Test
  public void pluralize() {
    assertEquals(""s"", StringHelper.pluralize(2));
    assertEquals(""s"", StringHelper.pluralize(0));
    assertEquals("""", StringHelper.pluralize(1));
    
    assertEquals(""a"", StringHelper.pluralize(2, ""um"", ""a""));
    assertEquals(""a"", StringHelper.pluralize(0, ""um"", ""a""));
    assertEquals(""um"", StringHelper.pluralize(1, ""um"", ""a""));
  }",2
"(double value, int decimalPlaces)","public class Round {
public static double round(double value, int decimalPlaces)
  {
    if (decimalPlaces < 0)
    {
      throw new IllegalArgumentException(
          ""decimalPlaces can not be less than 0: "" + decimalPlaces);
    }

    return java.math.BigDecimal.valueOf(value).setScale(decimalPlaces, 
        java.math.RoundingMode.HALF_UP).doubleValue();
  }
}","@Test
  public void round() {
    assertEquals(1.0d, NumberHelper.round(1.01d, 1), 0.0d);
    assertEquals(1.0d, NumberHelper.round(0.99d, 1), 0.0d);
    assertNotEquals(1.0d, NumberHelper.round(1.51d, 1), 0.0d);
    assertNotEquals(1.0d, NumberHelper.round(0.49d, 1), 0.0d);
    assertEquals(1.0f, NumberHelper.round(1.2f, 0), 0.01f);
    assertEquals(1.2f, NumberHelper.round(1.22f, 1), 0.001f);
    assertEquals(-1.0f, NumberHelper.round(-1.2f, 0), 0.01f);
    assertEquals(-1.2f, NumberHelper.round(-1.22f, 1), 0.001f);
  }",2
"(int cpuLoad, int limit, int maxRequests)","public class CalculateRequests {
static int calculateRequests(int cpuLoad, int limit, int maxRequests) {

        // Validations
        if (cpuLoad < limit) {
            return maxRequests;
        }
        if (limit == 100) {
            // do not throttle in this case
            return maxRequests;
        }

        double fillLevel = (100.0 - cpuLoad) / (100.0 - limit);
        return (int) Math.round(fillLevel * maxRequests);

    }
}","@Test
    public void testCalculations() {
        assertEquals(5, CpuLoadEstimator.calculateRequests(5, 50, 5));
        assertEquals(5, CpuLoadEstimator.calculateRequests(100, 100, 5));

        assertEquals(5, CpuLoadEstimator.calculateRequests(85, 70, 10)); // (100-85) / (100-70) * 10
    }",3
(int x),"public class ILog {
public static int iLog(int x) {
    int val = 0;
    while (x > 0) {
      val++;
      x >>>= 1;
    }
    return val;
  }
}","@Test
  public void testILog() throws Exception {
    assertThat(iLog(0)).isEqualTo(0);
    assertThat(iLog(1)).isEqualTo(1);
    assertThat(iLog(2)).isEqualTo(2);
    assertThat(iLog(3)).isEqualTo(2);
    assertThat(iLog(4)).isEqualTo(3);
    assertThat(iLog(5)).isEqualTo(3);
    assertThat(iLog(8)).isEqualTo(4);
    assertThat(iLog(-1)).isEqualTo(0);
    assertThat(iLog(-122)).isEqualTo(0);
  }",2
"(long x, long y, long overflowResult)","public class SubtractWithOverflowDefault {
public static long subtractWithOverflowDefault(long x, long y, long overflowResult) {
    long result = x - y;
    // See Hacker's Delight 2-13 (H. Warren Jr).
    if (((x ^ y) & (x ^ result)) < 0) {
      return overflowResult;
    }
    return result;
  }
}","@Test
  public void testSubtrackWithOverflowDefault() {
    long res = Util.subtractWithOverflowDefault(5, 10, /* overflowResult= */ 0);
    assertThat(res).isEqualTo(-5);

    res = Util.subtractWithOverflowDefault(Long.MIN_VALUE + 1, 1, /* overflowResult= */ 12345);
    assertThat(res).isEqualTo(Long.MIN_VALUE);

    res = Util.subtractWithOverflowDefault(Long.MAX_VALUE - 1, -1, /* overflowResult= */ 12345);
    assertThat(res).isEqualTo(Long.MAX_VALUE);

    res = Util.subtractWithOverflowDefault(Long.MIN_VALUE, 1, /* overflowResult= */ 12345);
    assertThat(res).isEqualTo(12345);

    res = Util.subtractWithOverflowDefault(Long.MAX_VALUE, -1, /* overflowResult= */ 12345);
    assertThat(res).isEqualTo(12345);
  }",2
"(long x, long y, long overflowResult)","public class AddWithOverflowDefault {
public static long addWithOverflowDefault(long x, long y, long overflowResult) {
    long result = x + y;
    // See Hacker's Delight 2-13 (H. Warren Jr).
    if (((x ^ result) & (y ^ result)) < 0) {
      return overflowResult;
    }
    return result;
  }
}","@Test
  public void testAddWithOverflowDefault() {
    long res = Util.addWithOverflowDefault(5, 10, /* overflowResult= */ 0);
    assertThat(res).isEqualTo(15);

    res = Util.addWithOverflowDefault(Long.MAX_VALUE - 1, 1, /* overflowResult= */ 12345);
    assertThat(res).isEqualTo(Long.MAX_VALUE);

    res = Util.addWithOverflowDefault(Long.MIN_VALUE + 1, -1, /* overflowResult= */ 12345);
    assertThat(res).isEqualTo(Long.MIN_VALUE);

    res = Util.addWithOverflowDefault(Long.MAX_VALUE, 1, /* overflowResult= */ 12345);
    assertThat(res).isEqualTo(12345);

    res = Util.addWithOverflowDefault(Long.MIN_VALUE, -1, /* overflowResult= */ 12345);
    assertThat(res).isEqualTo(12345);
  }",2
(int value),"public class GetOrdinalFor {
public static String getOrdinalFor(int value) {

    String ordinal = String.valueOf(value);
    if (ordinal.endsWith(""11"") || ordinal.endsWith(""12"") || ordinal.endsWith(""13"")) {
      ordinal = ordinal + ""th"";
    } else if (ordinal.endsWith(""1"")) {
      ordinal = ordinal + ""st"";
    } else if (ordinal.endsWith(""2"")) {
      ordinal = ordinal + ""nd"";
    } else if (ordinal.endsWith(""3"")) {
      ordinal = ordinal + ""rd"";
    } else {
      ordinal = ordinal + ""th"";
    }
    return ordinal;
  }
}","@Test
  public void testGetOrdinalFor() throws Exception {

    // Test against all possible Trezor values just to be sure

    assertThat(Languages.getOrdinalFor(1)).isEqualTo(""1st"");
    assertThat(Languages.getOrdinalFor(2)).isEqualTo(""2nd"");
    assertThat(Languages.getOrdinalFor(3)).isEqualTo(""3rd"");
    assertThat(Languages.getOrdinalFor(4)).isEqualTo(""4th"");
    assertThat(Languages.getOrdinalFor(5)).isEqualTo(""5th"");
    assertThat(Languages.getOrdinalFor(6)).isEqualTo(""6th"");
    assertThat(Languages.getOrdinalFor(7)).isEqualTo(""7th"");
    assertThat(Languages.getOrdinalFor(8)).isEqualTo(""8th"");
    assertThat(Languages.getOrdinalFor(9)).isEqualTo(""9th"");
    assertThat(Languages.getOrdinalFor(10)).isEqualTo(""10th"");
    assertThat(Languages.getOrdinalFor(11)).isEqualTo(""11th"");
    assertThat(Languages.getOrdinalFor(12)).isEqualTo(""12th"");
    assertThat(Languages.getOrdinalFor(13)).isEqualTo(""13th"");
    assertThat(Languages.getOrdinalFor(14)).isEqualTo(""14th"");
    assertThat(Languages.getOrdinalFor(15)).isEqualTo(""15th"");
    assertThat(Languages.getOrdinalFor(16)).isEqualTo(""16th"");
    assertThat(Languages.getOrdinalFor(17)).isEqualTo(""17th"");
    assertThat(Languages.getOrdinalFor(18)).isEqualTo(""18th"");
    assertThat(Languages.getOrdinalFor(19)).isEqualTo(""19th"");
    assertThat(Languages.getOrdinalFor(20)).isEqualTo(""20th"");
    assertThat(Languages.getOrdinalFor(21)).isEqualTo(""21st"");
    assertThat(Languages.getOrdinalFor(22)).isEqualTo(""22nd"");
    assertThat(Languages.getOrdinalFor(23)).isEqualTo(""23rd"");
    assertThat(Languages.getOrdinalFor(24)).isEqualTo(""24th"");

  }",7
(byte type),"public class ByteToUnsignedInt {
public static int byteToUnsignedInt (byte type) {
        return type & 0xFF;
    }
}","@Test
    public void testByteToUnsignedInt () {
        assertEquals(0, ByteUtils.byteToUnsignedInt((byte) 0x00));
        assertEquals(1, ByteUtils.byteToUnsignedInt((byte) 0x01));
        assertEquals(2, ByteUtils.byteToUnsignedInt((byte) 0x02));
        assertEquals(3, ByteUtils.byteToUnsignedInt((byte) 0x03));
        assertEquals(4, ByteUtils.byteToUnsignedInt((byte) 0x04));
        assertEquals(5, ByteUtils.byteToUnsignedInt((byte) 0x05));
        assertEquals(6, ByteUtils.byteToUnsignedInt((byte) 0x06));
        assertEquals(7, ByteUtils.byteToUnsignedInt((byte) 0x07));
        assertEquals(8, ByteUtils.byteToUnsignedInt((byte) 0x08));
        assertEquals(9, ByteUtils.byteToUnsignedInt((byte) 0x09));
        assertEquals(10, ByteUtils.byteToUnsignedInt((byte) 0x0A));
        assertEquals(11, ByteUtils.byteToUnsignedInt((byte) 0x0B));
        assertEquals(12, ByteUtils.byteToUnsignedInt((byte) 0x0C));
        assertEquals(13, ByteUtils.byteToUnsignedInt((byte) 0x0D));
        assertEquals(14, ByteUtils.byteToUnsignedInt((byte) 0x0E));
        assertEquals(15, ByteUtils.byteToUnsignedInt((byte) 0x0F));

        assertEquals(16, ByteUtils.byteToUnsignedInt((byte) 0x10));

        assertEquals(239, ByteUtils.byteToUnsignedInt((byte) 0xEF));
        assertEquals(255, ByteUtils.byteToUnsignedInt((byte) 0xFF));
    }",1
"(int value, int exponent)","public class Pow {
static int pow(int value, int exponent) {
		if(exponent == 0) {
			return 1;
		}

		if(exponent == 1) {
			return value;
		}

		if (exponent % 2 == 0) {
			return pow(value * value, exponent / 2);
		} else {
			return value * pow(value * value, (exponent - 1) / 2);
		}
	}
}","@Test
	public void testShouldPow() throws Exception {
		for (int i = 0; i < 10; i++) {
			for (int j = 0; j < 10; j++) {
				assertEquals((int) Math.pow(i, j), Maths.pow(i, j));
			}
		}

	}",4
"(int hour, int minute)","public class TimeValid {
public static boolean timeValid(int hour, int minute) {
		return hour <= 23 && hour >= 0 && minute <= 59 && minute >= 0;
	}
}","@Test
	public void timeValidTest() {
		assertFalse(Alarm.timeValid(-1, 0));
		assertFalse(Alarm.timeValid(0, -1));
		assertFalse(Alarm.timeValid(-1, -1));

	}",4
(char ch),"public class IsAscii {
public static boolean isAscii(char ch) {
        return ((ch & 0xFFFFFF80) == 0);
    }
}","@Test
    public void test() throws Exception {
        assertTrue(CharUtil.isAscii('a'));
        assertFalse(CharUtil.isAscii('あ'));
    }",1
(int priority),"public class IsHighLevel {
public static boolean isHighLevel(int priority) {
        return priority == 0 || priority == 1 || priority == 2;
    }
}","@Test
    public void isHighLevel() {
        Stream.of(0, 1, 2).forEach(level -> assertTrue(PriorityHelper.isHighLevel(level)));
    }",3
(int priority),"public class IsLowLevel {
public static boolean isLowLevel(int priority) {
        return priority == 7 || priority == 8 || priority == 9 || priority == 10;
    }
}","@Test
    public void isLowLevel() {
        Stream.of(7, 8, 9, 10).forEach(level -> assertTrue(PriorityHelper.isLowLevel(level)));
    }",4
(int priority),"public class IsMediumLevel {
public static boolean isMediumLevel(int priority) {
        return priority == 3 || priority == 4 || priority == 5 || priority == 6;
    }
}","@Test
    public void isMediumLevel() {
        Stream.of(3, 4, 5, 6).forEach(level -> assertTrue(PriorityHelper.isMediumLevel(level)));
    }",4
(long ms),"public class ToSecondsPrecisionInMs {
public static long toSecondsPrecisionInMs(long ms) {
    return ms - (ms % 1000);
  }
}","@Test
  public void toSecondsPrecisionInMsTest() {
    assertEquals(0, RestUtils.toSecondsPrecisionInMs(999));
    assertEquals(1000, RestUtils.toSecondsPrecisionInMs(1000));
    assertEquals(1000, RestUtils.toSecondsPrecisionInMs(1001));
  }",1
"(int zoomLevelMinutes, int maxMinutesToFetch, int maxTilesToDisplay)","public class GetNumTiles {
static int getNumTiles(int zoomLevelMinutes, int maxMinutesToFetch, int maxTilesToDisplay) {
        return Math.min(maxMinutesToFetch / zoomLevelMinutes, maxTilesToDisplay);
    }
}","@Test
    public void testNumTiles() {
        // At zoom level of 1 day, display at most 7 tiles
        Assert.assertEquals(7, UIServlet.getNumTiles(60*24, 60*24*7, 48));
        // At zoom level of 1 hour, display at most 48 tiles
        Assert.assertEquals(48, UIServlet.getNumTiles(60, 60*24*7, 48));
        // At zoom level of 1 minute, display at most 48 tiles
        Assert.assertEquals(48, UIServlet.getNumTiles(1, 60*24*7, 48));
    }",1
(int value),"public class IntToPositiveLong {
static long intToPositiveLong(int value) {
		if (value >= 0) {
			return value;
		} else {
			return (long) Integer.MAX_VALUE - value;
		}
	}
}","@Test
	public void testIdShouldBePositive() throws Exception {
		assertEquals(0, intToPositiveLong(0));
		assertEquals(1, intToPositiveLong(1));
		assertEquals(10000, intToPositiveLong(10000));
		assertEquals(Integer.MAX_VALUE, intToPositiveLong(Integer.MAX_VALUE));
		assertEquals((long) Integer.MAX_VALUE + 1, intToPositiveLong(-1));
		assertEquals((long) Integer.MAX_VALUE + 100, intToPositiveLong(-100));
		assertEquals((long) Integer.MAX_VALUE - Integer.MIN_VALUE - 1, intToPositiveLong(Integer.MIN_VALUE + 1));
		assertEquals((long) Integer.MAX_VALUE - Integer.MIN_VALUE, intToPositiveLong(Integer.MIN_VALUE));
	}",2
(short key),"public class ExtractStatisticId {
int extractStatisticId(short key) {
        return 0;
    }
}","@Test
    public void extractStatisticsId() {
        assertEquals(0, statistics.extractStatisticId((short) 0));
        assertEquals(0, statistics.extractStatisticId((short) 9));
        assertEquals(0, statistics.extractStatisticId((short) 11));
        assertEquals(0, statistics.extractStatisticId((short) 55));
    }",1
"(int A, int B,
                           int C, int D,
                           int E, int F,
                           int G, int H)","public class ComputeArea {
public int computeArea(int A, int B,
                           int C, int D,
                           int E, int F,
                           int G, int H) {
        int areaSum = (C-A)*(D-B) + (G-E)*(H-F);

        if(E>=C || A>=G || B>=H || F>=D){
            return areaSum;
        }
        int bX = Math.max(A, E);
        int bY = Math.max(B, F);
        int tX = Math.min(C, G);
        int tY = Math.min(D, H);
        int areaIntersect = (tX-bX)*(tY-bY);

        return areaSum - areaIntersect;

    }
}","@Test
    public void overlapAreaTest(){
        rectangle=new OverlapRectangle();
        //rectangle.computeArea(-3,0,3,4,0,-1,9,2);
        int result=rectangle.computeArea(0,0,0,0,-1,-1,1,1);
        //int result= rectangle.computeArea(-2,-2,2,2,3,3,4,4);
        Assertions.assertEquals(4,result);


    }",5
(long bytes),"public class HumanReadableByteCount {
public static String humanReadableByteCount(long bytes) {
        return bytes < 1024L ? bytes + "" B""
                : bytes < 0xfffccccccccccccL >> 40 ? String.format(""%.1f KiB"", bytes / 0x1p10)
                : bytes < 0xfffccccccccccccL >> 30 ? String.format(""%.1f MiB"", bytes / 0x1p20)
                : bytes < 0xfffccccccccccccL >> 20 ? String.format(""%.1f GiB"", bytes / 0x1p30)
                : bytes < 0xfffccccccccccccL >> 10 ? String.format(""%.1f TiB"", bytes / 0x1p40)
                : bytes < 0xfffccccccccccccL ? String.format(""%.1f PiB"", (bytes >> 10) / 0x1p40)
                : String.format(""%.1f EiB"", (bytes >> 20) / 0x1p40);
    }
}","@Test
    public void testHumanReadableByteCount() {
        Assert.assertEquals(StringUtils.humanReadableByteCount(1023L), ""1023 B"");
        Assert.assertEquals(StringUtils.humanReadableByteCount(1024L), ""1.0 KiB"");
        Assert.assertEquals(StringUtils.humanReadableByteCount(1024L * 1024L), ""1.0 MiB"");
        Assert.assertEquals(StringUtils.humanReadableByteCount(1024L * 1024L - 100), ""1023.9 KiB"");
        Assert.assertEquals(StringUtils.humanReadableByteCount(1024L * 1024 * 1024L), ""1.0 GiB"");
        Assert.assertEquals(StringUtils.humanReadableByteCount(1024L * 1024 * 1024 * 1024L), ""1.0 TiB"");
        Assert.assertEquals(StringUtils.humanReadableByteCount(1024L * 1024 * 1024 * 1024 * 1024), ""1.0 PiB"");
    }",1
(int version),"public class GetMajorVersion {
public static int getMajorVersion(int version) {
        return 0x0000FFFF & version;
    }
}","@Test
    public void testGetMajorVersion() throws Exception {
        Assertions.assertThat(AsmUtils.getMajorVersion(Opcodes.V1_1)).isEqualTo(45);
        Assertions.assertThat(AsmUtils.getMajorVersion(Opcodes.V1_2)).isEqualTo(46);
        Assertions.assertThat(AsmUtils.getMajorVersion(Opcodes.V1_3)).isEqualTo(47);
        Assertions.assertThat(AsmUtils.getMajorVersion(Opcodes.V1_4)).isEqualTo(48);
        Assertions.assertThat(AsmUtils.getMajorVersion(Opcodes.V1_5)).isEqualTo(49);
        Assertions.assertThat(AsmUtils.getMajorVersion(Opcodes.V1_6)).isEqualTo(50);
        Assertions.assertThat(AsmUtils.getMajorVersion(Opcodes.V1_7)).isEqualTo(51);
        Assertions.assertThat(AsmUtils.getMajorVersion(Opcodes.V1_8)).isEqualTo(52);

        Assertions.assertThat(AsmUtils.getMajorVersion(Opcodes.V9)).isEqualTo(53);
        Assertions.assertThat(AsmUtils.getMajorVersion(Opcodes.V10)).isEqualTo(54);
        Assertions.assertThat(AsmUtils.getMajorVersion(Opcodes.V11)).isEqualTo(55);
        Assertions.assertThat(AsmUtils.getMajorVersion(Opcodes.V12)).isEqualTo(56);
        Assertions.assertThat(AsmUtils.getMajorVersion(Opcodes.V13)).isEqualTo(57);
        Assertions.assertThat(AsmUtils.getMajorVersion(Opcodes.V14)).isEqualTo(58);
        Assertions.assertThat(AsmUtils.getMajorVersion(Opcodes.V15)).isEqualTo(59);
        Assertions.assertThat(AsmUtils.getMajorVersion(Opcodes.V16)).isEqualTo(60);

        Assertions.assertThat(AsmUtils.getMajorVersion(Opcodes.V16 | Opcodes.V_PREVIEW)).isEqualTo(60);
    }",1
"(int version, int majorVersion)","public class SetMajorVersion {
public static int setMajorVersion(int version, int majorVersion) {
        return (version & 0xFFFF0000) | majorVersion;
    }
}","@Test
    public void testSetMajorVersion() throws Exception {
        int version = Opcodes.V16 | Opcodes.V_PREVIEW;
        int newVersion = AsmUtils.setMajorVersion(version, 58);

        AsmUtils.getMajorVersion(newVersion);

        Assertions.assertThat(AsmUtils.getMajorVersion(newVersion)).isEqualTo(58);
    }",1
( int SpacesCount ),"public class GetSpaces {
public static String getSpaces( int SpacesCount ) {
		//
		if ( SpacesCount < 0 ) return ""?"";
		//
		String Info = """";
		//
		for ( int K = 1; K <= SpacesCount; K ++ ) {
			Info += "" "";
		}
		//
		//
		return Info;
	}
}","@Test
	public void testgetSpaces() throws Exception {
		//
		assertEquals( ""?"", BTools.getSpaces( -3 ) );
		assertEquals( """", BTools.getSpaces( 0 ) );
		assertEquals( ""    "", BTools.getSpaces( 4 ) );
		//
	}",3
( int mtLv ),"public class GetMtLvESS {
public static String getMtLvESS( int mtLv ) {
		//  MtLvESS = Method Level External Shift String 
		//
		if ( mtLv < 0 ) return ""?"";
		//
		String Result = """";
		//
	//	String LvS = "". "";
		String LvS = ""."";
		//
		for ( int K = 1; K <= mtLv; K ++ ) {
			//
			Result = Result + LvS;
		}
		//
		return Result;
	}
}","@Test
	public void testgetMtLvESS() throws Exception {
		//
		assertEquals( ""?"", BTools.getMtLvESS( -5 ) );
		assertEquals( """", BTools.getMtLvESS( 0 ) );
		assertEquals( ""..."", BTools.getMtLvESS( 3 ) );
		//
	}",3
( int MaxIndex ),"public class GetIndexCharsCount {
public static int getIndexCharsCount( int MaxIndex ) {
		//
		int CharsCount = 1;
		//
		if ( MaxIndex <= 0 ) return 1;
		//
		CharsCount = (int)Math.log10( MaxIndex ) + 1;
		//
		return CharsCount;
	}
}","@Test
	public void testgetIndexCharsCount() throws Exception {
		//
		assertEquals( 1, BTools.getIndexCharsCount( -5 ) );
		assertEquals( 1, BTools.getIndexCharsCount( 5 ) );
		assertEquals( 3, BTools.getIndexCharsCount( 345 ) );
		//
	}",2
(int x),"public class StackOverflowMethod {
public static int stackOverflowMethod(int x) {
        x = (x & 0x55555555) << 1 | (x & 0xAAAAAAAA) >>> 1;
        x = (x & 0x33333333) << 2 | (x & 0xCCCCCCCC) >>> 2;
        x = (x & 0x0F0F0F0F) << 4 | (x & 0xF0F0F0F0) >>> 4;
        x = (x & 0x00FF00FF) << 8 | (x & 0xFF00FF00) >>> 8;
        x = (x & 0x0000FFFF) << 16 | (x & 0xFFFF0000) >>> 16;
        return x;
    }
}","@Test
    public void consistency() {
        for (int i = 0; i < 999999; i++) {
            int jdkReversed = Integer.reverse(i);
            int basisReversed = Bytes.reverseBits(i);
            int stackReversed = stackOverflowMethod(i);
            boolean consistent =
                    (jdkReversed == basisReversed) &&
                    (jdkReversed == stackReversed);
            if (!consistent) {
                log.error(""not consistent int {} jdk {} basis {} stack {}"", i,
                          jdkReversed,
                          basisReversed, stackReversed);
                throw new RuntimeException(""not consistent"");
            }
        }
    }",1
(long v),"public class AsciiSizeInBytes {
public static int asciiSizeInBytes(long v) {
		if (v == 0) {
			return 1;
		}
		if (v == Long.MIN_VALUE) {
			return 20;
		}
		boolean negative = false;
		if (v < 0) {
			v = -v;
			negative = true;
		}
		int width = v < 100000000L
				//
				? v < 10000L
						//
						? v < 100L ? v < 10L ? 1 : 2 : v < 1000L ? 3 : 4
						//
						: v < 1000000L ? v < 100000L ? 5 : 6 : v < 10000000L ? 7 : 8
				//
				: v < 1000000000000L
						//
						? v < 10000000000L ? v < 1000000000L ? 9 : 10 : v < 100000000000L ? 11 : 12
						//
						: v < 1000000000000000L
								//
								? v < 10000000000000L ? 13 : v < 10000000000000L ? 14 : 15
								//
								: v < 100000000000000000L
										//
										? v < 10000000000000000L ? 16 : 17
										//
										: v < 1000000000000000000L ? 18 : 19;
		//
		return negative ? width + 1 : width;
	}
}","@Test
	public void asciiSizeInBytes() throws Exception {
		long value = Long.MIN_VALUE;
		assertTrue(StringUtils.asciiSizeInBytes(value) == String.valueOf(value).length());
		benchmark.doSomething(""OKIO的方案:"", () -> StringUtils.asciiSizeInBytes(value));
		benchmark.doSomething(""成龙的方案:"", () -> String.valueOf(value).length());
	}",4
"(int x1, int y1, int x2, int y2)","public class Distance {
public static double distance(int x1, int y1, int x2, int y2) {
		final double x = Math.abs(x1 - x2);
		final double y = Math.abs(y1 - y2);
		return Math.sqrt(x * x + y * y);
	}
}","@Test
	public void testDistance() {
		assertTrue(MathUtils.distance(0, 0, 3, 4) == 5.0D);
		assertTrue(MathUtils.distance(0.0D, 0.0D, 3.0D, 4.0D) == 5.0D);
		assertTrue(MathUtils.distance(Point.valueOf(0, 0), Point.valueOf(3, 4)) == 5.0D);
	}",1
(byte num),"public class ToUnsigned {
public static int toUnsigned(byte num) {
		return num & 0xFF;
	}
}","@Test
	public void test() {
		short s = -9563;
		assertTrue(UnsignedUtils.toUnsigned(s) == 55973);
	}",1
(int modulesPerPage),"public class CalculateColumnsPerRow {
public static int calculateColumnsPerRow(int modulesPerPage) {
    return modulesPerPage <= 3 ? modulesPerPage : (int) Math.ceil(Math.sqrt(modulesPerPage));
  }
}","@Test
  void calculateColumnsPerRow() {
    int[] modulesPerPage = {0, 1, 2, 3, 4, 5, 6, 7, 8, 9, 10, 11, 12};
    int[] columnsPerRow =  {0, 1, 2, 3, 2, 3, 3, 3, 3, 3,  4,  4,  4};
    for (int i = 0; i < modulesPerPage.length; i++) {
      assertEquals(columnsPerRow[i], WorkbenchUtils.calculateColumnsPerRow(modulesPerPage[i]));
    }
  }",1
"(double y1, long x1, double y2, long x2, long x)","public class LinearInterpolation {
static double linearInterpolation(double y1, long x1, double y2, long x2, long x) {
        return y1 + (y2 - y1) / (x2 - x1) * (x - x1);
    }
}","@Test
    public void testLinearInterpolation() {
        assertEquals(1, PositionTime.linearInterpolation(1, 1, 3, 3, 1), 1e-16);
        assertEquals(3, PositionTime.linearInterpolation(1, 1, 3, 3, 3), 1e-16);

        assertEquals(2, PositionTime.linearInterpolation(1, 1, 3, 3, 2), 1e-16);
        assertEquals(10, PositionTime.linearInterpolation(1, 1, 3, 3, 10), 1e-16);

        assertEquals(2.5, PositionTime.linearInterpolation(0, 0, 5, 10, 5), 1e-16);
        assertEquals(4.5, PositionTime.linearInterpolation(0, 0, 5, 10, 9), 1e-16);
    }",1
"(int count, int total)","public class GetPercentage {
protected static int getPercentage(int count, int total) {
    return total > 0 ? count * 100 / total : 0;
  }
}","@Test
    public void testPercentage() {
        assertEquals(9, DatasetMetricsServiceMyBatis.getPercentage(103, 1078));
        assertEquals(9, DatasetMetricsServiceMyBatis.getPercentage(90, 1000));
        assertEquals(0, DatasetMetricsServiceMyBatis.getPercentage(1, 1078));
        assertEquals(0, DatasetMetricsServiceMyBatis.getPercentage(0, 1078));
        assertEquals(99, DatasetMetricsServiceMyBatis.getPercentage(1077, 1078));
        assertEquals(100, DatasetMetricsServiceMyBatis.getPercentage(1077, 1077));
    }",1
(int n),"public class Space {
public static String space(int n){
        final StringBuilder sb = new StringBuilder(/*20 spaces*/""                    "");
        while( sb.length() < n){
            sb.append(sb);
        }
        return sb.substring(0,n);
    }
}","@Test
    @DisplayName(""Test that space() returns only spaces and as many as requested"")
    void testSpaces(){
        for( int i = 0 ; i < 200 ; i ++ ){
            final var result = JVM8Tools.space(i);
            Assertions.assertEquals(i,result.length());
            for( int j = 0 ; j < result.length() ; j++ ) {
                Assertions.assertEquals(' ',result.charAt(j));
            }
        }
    }",2
(long n),"public class CountOf1InBinary {
static int countOf1InBinary(long n) {
        int count = 0;
        while (n > 0) {
            count = n % 2 > 0 ? count + 1 : count;
            n = n >> 1;
        }
        return count;
    }
}","@Test
    public void countOf1InBinary() {
        assertEquals(BitUtils.countOf1InBinary(4), 1);
        assertEquals(BitUtils.countOf1InBinary(5), 2);
        assertEquals(BitUtils.countOf1InBinary(13), 3);
    }",2
(int n),"public class BinLength {
public static int binLength(int n) {
        int len = 1;
        while (n >> len > 0) {
            len += 1;
        }
        return len;
    }
}","@Test
    public void binLength() {
        assertTrue(BitUtils.binLength(10) == 4);
        assertTrue(BitUtils.binLength(0) == 1);
        assertTrue(BitUtils.binLength(2) == 2);
        assertTrue(BitUtils.binLength(8) == 4);
    }",2
"(int lo, int hi)","public class AscIntArray {
public static Integer[] ascIntArray(int lo, int hi) {
    int length = hi - lo + 1;
    Integer[] arr = new Integer[length];
    for (int i = 0; i < length; i++) {
      arr[i] = i + lo;
    }
    return arr;
  }
}","@Test
  public void testAscIntArray(){
    Integer[] arr = ascIntArray(15,45);
    show(arr);
    arr = ascIntArray(30);
    show(arr);
    arr = descIntArray(16, 30);
    show(arr);
    arr = descIntArray(30);
    show(arr);
  }",2
(char var0),"public class A {
private static byte a(char var0) {
    byte var1 = 0;
    if (var0 != 'c') {
      switch(var0) {
        case '0':
          break;
        case '1':
          return 1;
        case '2':
          return 2;
        case '3':
          return 3;
        case '4':
          return 4;
        case '5':
          return 5;
        case '6':
          return 6;
        case '7':
          return 7;
        case '8':
          return 8;
        case '9':
          return 9;
        default:
          switch(var0) {
            case 'A':
              return 10;
            case 'B':
              return 11;
            default:
              switch(var0) {
                case 'D':
                  return 13;
                case 'E':
                  return 14;
                case 'F':
                  return 15;
                default:
                  return 0;
              }
          }
      }
    } else {
      var1 = 12;
    }

    return var1;
  }
}","@Test
    public void a() {
        String a = PassWord.a(PassWordTime.a(), ""062310"");
        System.out.println(a);
    }",5
"(long dividend, int divisor)","public class SignSafeMod {
public static int signSafeMod(long dividend, int divisor) {
        int mod = (int) (dividend % divisor);

        if (mod < 0) {
            mod += divisor;
        }

        return mod;
    }
}","@Test
    public void testSignSafeMod() {
        assertEquals(1, signSafeMod(11, 2));
        assertEquals(1, signSafeMod(-11, 2));
        assertEquals(1, signSafeMod(11, -2));
        assertEquals(-3, signSafeMod(-11, -2));
    }",2
"(int b1, int b2, int b3, int b4)","public class ParseBytes {
public static int parseBytes(int b1, int b2, int b3, int b4) {
        return  ((b1 << 3 * 8) & 0xFF000000)
              | ((b2 << 2 * 8) & 0x00FF0000)
              | ((b3 << 1 * 8) & 0x0000FF00)
              | ((b4 << 0 * 8) & 0x000000FF);
    }
}","@Test
    public void testParsingBytes() {
        Assert.assertEquals(0xFF00FF00, Utilities.parseBytes(0xFF, 0, 0xFF, 0));
        Assert.assertEquals(0x00FF00FF, Utilities.parseBytes(0, 0xFF, 0, 0xFF));
        Assert.assertEquals(0xDEADBEEF, Utilities.parseBytes(0xDE, 0xAD, 0xBE, 0xEF));
        Assert.assertEquals(0x0EADBEEF, Utilities.parseBytes(0x0E, 0xAD, 0xBE, 0xEF));

        Assert.assertTrue(Utilities.parseBytes(0xF0, 0,0,0) < 0);
        Assert.assertTrue(Utilities.parseBytes(0x80, 0,0,0) < 0);
        Assert.assertTrue(Utilities.parseBytes(0x70, 0,0,0) > 0);
    }",1
"(double a, double b)","public class MinimumDifference {
public static double minimumDifference(double a, double b) {
		double diffAngle = b - a;
		if (diffAngle > 180)
			diffAngle -= 360;
		else if (diffAngle < -180)
			diffAngle += 360;
		return diffAngle;
	}
}","@Test
	public void test() {
		
		assertThat(AngleUtils.minimumDifference(0, 0), IsEqual.equalTo(0.0));
		assertThat(AngleUtils.minimumDifference(0, 180), IsEqual.equalTo(180.0));
		assertThat(AngleUtils.minimumDifference(0, 181), IsEqual.equalTo(-179.0));
		assertThat(AngleUtils.minimumDifference(0, 359), IsEqual.equalTo(-1.0));
		
	}",3
"(int frame, int fps)","public class FramesToSeconds {
public static float framesToSeconds(int frame, int fps) {
		return ((float) frame / fps);
	}
}","@Test
	public void test2() {
		assertThat(AnimationUtils.framesToSeconds(0, 30), IsEqual.equalTo(0f));
		assertThat(AnimationUtils.framesToSeconds(1, 30), IsEqual.equalTo(1f / 30f));
		assertThat(AnimationUtils.framesToSeconds(30, 30), IsEqual.equalTo(1f));
	}",1
(boolean isAdjectiveCluster),"public class SetIsAdjectiveCluster {
public void setIsAdjectiveCluster(boolean isAdjectiveCluster) {
        throw new UnsupportedOperationException();
    }
}","@Test(expected = UnsupportedOperationException.class)
    public void testSetAdjectiveCluster() throws JWNLException {
        testObj.setIsAdjectiveCluster(true);
    }",1
( short value ),"public class UnsignedShortToInt {
public static int unsignedShortToInt( short value )
    {
        return value & 0xFFFF;
    }
}","@Test
    void castUnsignedShortToInt()
    {
        assertEquals( 1, unsignedShortToInt( (short) 1 ) );
        assertEquals( Short.MAX_VALUE, unsignedShortToInt( Short.MAX_VALUE ) );
        assertEquals( (Short.MAX_VALUE << 1) | 1, unsignedShortToInt( (short) -1 ) );
    }",1
"( long pointer, int alignBy )","public class AlignedMemory {
public static long alignedMemory( long pointer, int alignBy )
    {
        assert Integer.bitCount( alignBy ) == 1 : ""Requires alignment to be power of 2, but was "" + alignBy;

        long misalignment = pointer % alignBy;
        return misalignment == 0 ? pointer : pointer + (alignBy - misalignment);
    }
}","@Test
    void shouldAlignMemoryTo4ByteBoundary()
    {
        // GIVEN
        long allocatedMemory = currentTimeMillis();
        int alignBy = 4;

        // WHEN
        for ( int i = 0; i < 10; i++ )
        {
            // THEN
            long alignedMemory = UnsafeUtil.alignedMemory( allocatedMemory, alignBy );
            assertTrue( alignedMemory >= allocatedMemory );
            assertEquals( 0, alignedMemory % Integer.BYTES );
            assertTrue( alignedMemory - allocatedMemory <= 3 );
            allocatedMemory++;
        }
    }",1
( byte b ),"public class Byte2hex {
public static String byte2hex( byte b )
    {
        return Integer.toHexString(b & 0xff);
    }
}","@Test
    public void testByteUtilsConvertByte()
    {
        Assertions.assertEquals(""0"",  ByteUtils.byte2hex((byte)0));
        Assertions.assertEquals(""f"",  ByteUtils.byte2hex((byte)15));
        Assertions.assertEquals(""10"", ByteUtils.byte2hex((byte)16));
        Assertions.assertEquals(""7f"", ByteUtils.byte2hex((byte)127));
    }",1
"(int a, int b)","public class Cantorize {
public static long cantorize(int a, int b) {
        return (((long) a + (long) b) * ((long) a + (long) b + 1) / 2) + (long) b;
    }
}","@Test
    public void testCantorize() {
        assertNotEquals(MathHelper.cantorize(2,3), MathHelper.cantorize(3,2));
    }",1
"(double number, int digits)","public class Round {
public static double round(double number, int digits) {
        if (Double.isNaN(number)) {
            return Double.NaN;
        }
        double numberFactor = Math.pow(10.0, digits);
        return Math.round(numberFactor * number) / numberFactor;
    }
}","@Test
    public void testRound() {
        assertEquals(0.333, MathHelper.round(1. / 3, 3), 0.);
        assertTrue(Double.isNaN(MathHelper.round(Double.NaN, 2)));
    }",2
(double number),"public class GetOrderOfMagnitude {
public static int getOrderOfMagnitude(double number) {
        if (number == 0) {
            // this version works fine for me, but don't know, if this is mathematically correct, see:
            // http://www.mathworks.com/matlabcentral/fileexchange/28559-order-of-magnitude-of-number
            return 0;
        }
        return (int) Math.floor(Math.log10(number));
    }
}","@Test
    public void testGetOrderOfMagnitude() {
        assertEquals(0, MathHelper.getOrderOfMagnitude(0));
        assertEquals(0, MathHelper.getOrderOfMagnitude(1));
        assertEquals(1, MathHelper.getOrderOfMagnitude(10));
        assertEquals(2, MathHelper.getOrderOfMagnitude(100));
        assertEquals(-1, MathHelper.getOrderOfMagnitude(0.1));
        assertEquals(-2, MathHelper.getOrderOfMagnitude(0.01));
        assertEquals(5, MathHelper.getOrderOfMagnitude(123456));
    }",2
"(int a, int b)","public class Add {
public static int add(int a, int b) throws ArithmeticException {
        int sum = a + b;
        if ((a & b & ~sum | ~a & ~b & sum) < 0) {
            throw new ArithmeticException(""Overflow for "" + a + ""+"" + b);
        }
        return sum;
    }
}","@Test
    public void testAdd() {
        assertEquals(46912, MathHelper.add(12345, 34567));
        assertEquals(22222, MathHelper.add(34567, -12345));
        try {
            MathHelper.add(Integer.MAX_VALUE, 1);
            fail();
        } catch (ArithmeticException e) {
            // expected
        }
        try {
            MathHelper.add(1, Integer.MAX_VALUE);
            fail();
        } catch (ArithmeticException e) {
            // expected
        }
        try {
            MathHelper.add(Integer.MIN_VALUE, -1);
            fail();
        } catch (ArithmeticException e) {
            // expected
        }
    }",2
"(double lat, double lng)","public class IsValidCoordinateRange {
public static boolean isValidCoordinateRange(double lat, double lng) {
        return -90 <= lat && lat <= 90 && -180 <= lng && lng <= 180;
    }
}","@Test
    public void testValidateRange() {
        assertTrue(GeoUtils.isValidCoordinateRange(45, 175));
        assertFalse(GeoUtils.isValidCoordinateRange(45, 195));
        assertFalse(GeoUtils.isValidCoordinateRange(-95, 175));
    }",4
(double lat),"public class NormalizeLatitude {
public static double normalizeLatitude(double lat) {
        if (lat > 90) {
            return 90;
        }
        if (lat < -90) {
            return -90;
        }
        return lat;
    }
}","@Test
    public void testNormalizeLatitude() {
        assertEquals(-90, GeoUtils.normalizeLatitude(-90), 0);
        assertEquals(90, GeoUtils.normalizeLatitude(90), 0);
        assertEquals(45, GeoUtils.normalizeLatitude(45), 0);
        assertEquals(90, GeoUtils.normalizeLatitude(95), 0);
        assertEquals(-90, GeoUtils.normalizeLatitude(-95), 0);
    }",3
(double lng),"public class NormalizeLongitude {
public static double normalizeLongitude(double lng) {
        double result = lng;
        while (result < -180) {
            result += 360;
        }
        while (result > 180) {
            result -= 360;
        }
        return result;
    }
}","@Test
    public void testNormalizeLongitude() {
        assertEquals(-180, GeoUtils.normalizeLongitude(-180), 0);
        assertEquals(180, GeoUtils.normalizeLongitude(180), 0);
        assertEquals(0, GeoUtils.normalizeLongitude(0), 0);
        assertEquals(-175, GeoUtils.normalizeLongitude(185), 0);
        assertEquals(175, GeoUtils.normalizeLongitude(-185), 0);
    }",3
"(char value, int n)","public class Repeat {
public static String repeat(char value, int n) {
    return new String(new char[n]).replace(""\0"", String.valueOf(value));
  }
}","@Test
  public void testRepeat() {
    Assertions.assertEquals(repeat('0', 0), """");
    Assertions.assertEquals(repeat('1', 3), ""111"");
  }",1
"(double x1, double y1, double x2, double y2)","public class FindDistance {
public static double findDistance(double x1, double y1, double x2, double y2) {
        return Math.sqrt(Math.pow((x1-x2), 2) + Math.pow(y2-y1, 2));
    }
}","@Test
    public void findDistanceTest() {
        assertEquals(1, MathUtils.findDistance(0, 0, 0, 1), 0.000001);
        assertEquals(1, MathUtils.findDistance(0, 0, 0, -1), 0.000001);
        assertEquals(5, MathUtils.findDistance(0, 0, 3, 4), 0.000001);
        assertEquals(1, MathUtils.findDistance(1, 0, 0, 0), 0.000001);
        assertEquals(1, MathUtils.findDistance(0, 1, 0, 0), 0.000001);
        assertEquals(1, MathUtils.findDistance(0, 0, 1, 0), 0.000001);
    }",1
(int value),"public class IntToUnsignedLong {
public static long intToUnsignedLong(int value) {
        return value & 0x00000000ffffffffL;
    }
}","@Test
    public void testIntToUnsignedLong() {
        int a = 0;
        int b = 1;
        int c = -1;
        int d = Integer.MAX_VALUE;
        int e = Integer.MIN_VALUE;
        int f = 12345;
        Assert.assertEquals(""Wrong conversion"", 0, BinContent.intToUnsignedLong(a));
        Assert.assertEquals(""Wrong conversion"", 1, BinContent.intToUnsignedLong(b));
        Assert.assertEquals(""Wrong conversion"", 4294967295L, BinContent.intToUnsignedLong(c));
        Assert.assertEquals(""Wrong conversion"", Integer.MAX_VALUE, BinContent.intToUnsignedLong(d));
        Assert.assertEquals(""Wrong conversion"", ((long) Integer.MAX_VALUE) + 1, BinContent.intToUnsignedLong(e));
        Assert.assertEquals(""Wrong conversion"", 12345, BinContent.intToUnsignedLong(f));
    }",1
(long value),"public class LongToSignedInt {
public static int longToSignedInt(long value) {
        return (int) value;
    }
}","@Test
    public void testLongToSignedInt() {
        long a = 0;
        long b = 1;
        long c = -1;
        long d = Integer.MAX_VALUE;
        long e = Integer.MIN_VALUE;
        long f = 12345;
        long g = Long.MAX_VALUE;
        long h = 1094624935644L;
        long i = ((long) Integer.MAX_VALUE) + 1;
        Assert.assertEquals(""Wrong conversion"", 0, BinContent.longToSignedInt(a));
        Assert.assertEquals(""Wrong conversion"", 1, BinContent.longToSignedInt(b));
        Assert.assertEquals(""Wrong conversion"", -1, BinContent.longToSignedInt(c));
        Assert.assertEquals(""Wrong conversion"", Integer.MAX_VALUE, BinContent.longToSignedInt(d));
        Assert.assertEquals(""Wrong conversion"", Integer.MIN_VALUE, BinContent.longToSignedInt(e));
        Assert.assertEquals(""Wrong conversion"", 12345, BinContent.longToSignedInt(f));
        Assert.assertEquals(""Wrong conversion"", -1, BinContent.longToSignedInt(g));
        Assert.assertEquals(""Wrong conversion"", -591724836, BinContent.longToSignedInt(h));
        Assert.assertEquals(""Wrong conversion"", Integer.MIN_VALUE, BinContent.longToSignedInt(i));
    }",1
"(int part1, int part2, int part3)","public class GetCombindedAddress {
public static int getCombindedAddress(int part1, int part2, int part3) {
		return (part1 << 11) + (part2 << 8) + part3;
	}
}","@Test
	public void getCombindedAddress() throws Exception {
		assertEquals(2058, GroupAddress.getCombindedAddress(1, 0, 10));
		assertEquals(2048, GroupAddress.getCombindedAddress(1, 0, 0));
		assertEquals(0, GroupAddress.getCombindedAddress(0, 0, 0));
	}",1
(int priority),"public class SetPriority {
@Deprecated
    // TODO: Remove in Smack 4.5.
    public void setPriority(int priority) {
        if (priority < -128 || priority > 127) {
            throw new IllegalArgumentException(""Priority value "" + priority +
                    "" is not valid. Valid range is -128 through 127."");
        }
        setPriority((byte) priority);
    }
}","@Test
    public void setIllegalPriorityTest() {
        assertThrows(IllegalArgumentException.class, () ->
        getNewPresence().setPriority(Integer.MIN_VALUE)
        );
    }",3
(double angle),"public class CalculatePolygonSidesFromAngle {
public static int calculatePolygonSidesFromAngle(double angle) {
		// throw new RuntimeException(""implement me!"");
		// System.out.println((360/(180.00-angle)));
		return (int) (360 / (180.00 - angle) + 0.5);
	}
}","@Test
    public void calculatePolygonSidesFromAngleTest() {
        assertEquals(3, TurtleSoup.calculatePolygonSidesFromAngle(60.0));
        assertEquals(7, TurtleSoup.calculatePolygonSidesFromAngle(128.57));
        assertEquals(5, TurtleSoup.calculatePolygonSidesFromAngle(108.0));

    }",1
"(double currentHeading, int currentX, int currentY, int targetX,
			int targetY)","public class CalculateHeadingToPoint {
public static double calculateHeadingToPoint(double currentHeading, int currentX, int currentY, int targetX,
			int targetY) {
		// throw new RuntimeException(""implement me!"");
		if(currentX == targetX && currentY == targetY)
			return 0.0;
		double degreess = Math.atan2(targetY - currentY, targetX - currentX) / Math.PI * 180.00;
		if (degreess < 0)
			degreess += 360.00;
		currentHeading = 90.00 - currentHeading;
		if (currentHeading < 0)
			currentHeading += 360.00;
		double ans = currentHeading - degreess;
		if (ans < 0)
			ans += 360.00;
		return ans;
	}
}","@Test
    public void calculateHeadingToPointTest() {
        assertEquals(0.0, TurtleSoup.calculateHeadingToPoint(0.0, 0, 0, 0, 1), 0.001);
        assertEquals(0.0, TurtleSoup.calculateHeadingToPoint(0.0, 0, 0, 0, 0), 0.001);
        assertEquals(90.0, TurtleSoup.calculateHeadingToPoint(0.0, 0, 0, 1, 0), 0.001);
        assertEquals(359.0, TurtleSoup.calculateHeadingToPoint(1.0, 4, 5, 4, 6), 0.001);
    }",6
"(boolean writtenByYourself,
            boolean availableToOthers, boolean writtenAsCourseWork,
            boolean citingYourSource, boolean implementationRequired)","public class MayUseCodeInAssignment {
public static boolean mayUseCodeInAssignment(boolean writtenByYourself,
            boolean availableToOthers, boolean writtenAsCourseWork,
            boolean citingYourSource, boolean implementationRequired) {
        
        // TODO: Fill in this method, then remove the exception
    	return writtenByYourself && !availableToOthers
    			&& writtenAsCourseWork && citingYourSource
    			&& implementationRequired;
    }
}","@Test
    public void testMayUseCodeInAssignment() {
        assertFalse(""Expected false: un-cited publicly-available code"",
                RulesOf6005.mayUseCodeInAssignment(false, true, false, false, false));
        assertTrue(""Expected true: self-written required code"",
                RulesOf6005.mayUseCodeInAssignment(true, false, true, true, true));
    }",5
(int sides),"public class CalculateRegularPolygonAngle {
public static double calculateRegularPolygonAngle(int sides) {
		// throw new RuntimeException(""implement me!"");
		return (sides - 2) * 180.00 / sides;
	}
}","@Test
    public void calculateRegularPolygonAngleTest() {
        assertEquals(60.0, TurtleSoup.calculateRegularPolygonAngle(3), 0.001);
        assertEquals(128.57, TurtleSoup.calculateRegularPolygonAngle(7), 0.01);
        assertEquals(108.0, TurtleSoup.calculateRegularPolygonAngle(5), 0.001);
    }",1
(int number),"public class Ordinalize {
public String ordinalize(int number)
   {
      int remainder = number % 100;
      String numberStr = Integer.toString(number);
      if (11 <= number && number <= 13)
         return numberStr + ""th"";
      remainder = number % 10;
      if (remainder == 1)
         return numberStr + ""st"";
      if (remainder == 2)
         return numberStr + ""nd"";
      if (remainder == 3)
         return numberStr + ""rd"";
      return numberStr + ""th"";
   }
}","@Test
   public void shouldOrdinalize()
   {
      ordinalize(1, ""1st"");
      ordinalize(2, ""2nd"");
      ordinalize(3, ""3rd"");
      ordinalize(4, ""4th"");
      ordinalize(5, ""5th"");
      ordinalize(6, ""6th"");
      ordinalize(7, ""7th"");
      ordinalize(8, ""8th"");
      ordinalize(9, ""9th"");
      ordinalize(10, ""10th"");
      ordinalize(11, ""11th"");
      ordinalize(12, ""12th"");
      ordinalize(13, ""13th"");
      ordinalize(14, ""14th"");
      ordinalize(15, ""15th"");
      ordinalize(16, ""16th"");
      ordinalize(17, ""17th"");
      ordinalize(18, ""18th"");
      ordinalize(19, ""19th"");
      ordinalize(20, ""20th"");
      ordinalize(21, ""21st"");
      ordinalize(22, ""22nd"");
      ordinalize(23, ""23rd"");
      ordinalize(24, ""24th"");
      ordinalize(25, ""25th"");
      ordinalize(26, ""26th"");
      ordinalize(27, ""27th"");
      ordinalize(28, ""28th"");
      ordinalize(29, ""29th"");
      ordinalize(30, ""30th"");
      ordinalize(31, ""31st"");
      ordinalize(32, ""32nd"");
      ordinalize(33, ""33rd"");
      ordinalize(34, ""34th"");
      ordinalize(35, ""35th"");
      ordinalize(36, ""36th"");
      ordinalize(37, ""37th"");
      ordinalize(38, ""38th"");
      ordinalize(39, ""39th"");
      ordinalize(100, ""100th"");
      ordinalize(101, ""101st"");
      ordinalize(102, ""102nd"");
      ordinalize(103, ""103rd"");
      ordinalize(104, ""104th"");
      ordinalize(200, ""200th"");
      ordinalize(201, ""201st"");
      ordinalize(202, ""202nd"");
      ordinalize(203, ""203rd"");
      ordinalize(204, ""204th"");
      ordinalize(1000, ""1000th"");
      ordinalize(1001, ""1001st"");
      ordinalize(1002, ""1002nd"");
      ordinalize(1003, ""1003rd"");
      ordinalize(1004, ""1004th"");
      ordinalize(10000, ""10000th"");
      ordinalize(10001, ""10001st"");
      ordinalize(10002, ""10002nd"");
      ordinalize(10003, ""10003rd"");
      ordinalize(10004, ""10004th"");
      ordinalize(100000, ""100000th"");
      ordinalize(100001, ""100001st"");
      ordinalize(100002, ""100002nd"");
      ordinalize(100003, ""100003rd"");
      ordinalize(100004, ""100004th"");
   }",6
(int lastRawHigh),"public class IsNegative {
private static boolean isNegative(int lastRawHigh)
    {
        return lastRawHigh >>> 31 != 0;
    }
}","@Test
    public void testIsNegative()
    {
        assertEquals(isNegative(MIN_DECIMAL), true);
        assertEquals(isNegative(MAX_DECIMAL), false);
        assertEquals(isNegative(unscaledDecimal(0)), false);
    }",1
(double angle),"public class CalculatePolygonSidesFromAngle {
public static int calculatePolygonSidesFromAngle(double angle) {
        throw new RuntimeException(""implement me!"");
    }
}","@Test
	public void calculatePolygonSidesFromAngleTest() {
		assertEquals(3, TurtleSoup.calculatePolygonSidesFromAngle(60.0));
		assertEquals(7, TurtleSoup.calculatePolygonSidesFromAngle(128.57));
		assertEquals(5, TurtleSoup.calculatePolygonSidesFromAngle(108.0));

	}",1
"(double currentBearing, int currentX, int currentY,
                                                 int targetX, int targetY)","public class CalculateBearingToPoint {
public static double calculateBearingToPoint(double currentBearing, int currentX, int currentY,
                                                 int targetX, int targetY) {
        throw new RuntimeException(""implement me!"");
    }
}","@Test
	public void calculateBearingToPointTest() {
		assertEquals(0.0, TurtleSoup.calculateBearingToPoint(0.0, 0, 0, 0, 1), 0.001);
		assertEquals(90.0, TurtleSoup.calculateBearingToPoint(0.0, 0, 0, 1, 0), 0.001);
		assertEquals(359.0, TurtleSoup.calculateBearingToPoint(1.0, 4, 5, 4, 6), 0.001);
	}",1
"(boolean writtenByYourself,
            boolean availableToOthers, boolean writtenAsCourseWork,
            boolean citingYourSource, boolean implementationRequired)","public class MayUseCodeInAssignment {
public static boolean mayUseCodeInAssignment(boolean writtenByYourself,
            boolean availableToOthers, boolean writtenAsCourseWork,
            boolean citingYourSource, boolean implementationRequired) {
        
        // TODO: Fill in this method, then remove the exception
        
        throw new RuntimeException(""implement me!"");
    }
}","@Test
    public void testMayUseCodeInAssignment() {
        assertFalse(""Expected false: un-cited publicly-available code"",
                RulesOf6005.mayUseCodeInAssignment(false, true, false, false, false));
        assertTrue(""Expected true: self-written required code"",
                RulesOf6005.mayUseCodeInAssignment(true, false, true, true, true));
    }",1
(int sides),"public class CalculateRegularPolygonAngle {
public static double calculateRegularPolygonAngle(int sides) {
        throw new RuntimeException(""implement me!"");
    }
}","@Test
	public void calculateRegularPolygonAngleTest() {
		assertEquals(60.0, TurtleSoup.calculateRegularPolygonAngle(3), 0.001);
		assertEquals(128.57, TurtleSoup.calculateRegularPolygonAngle(7), 0.01);
		assertEquals(108.0, TurtleSoup.calculateRegularPolygonAngle(5), 0.001);
	}",1
(int i),"public class To32Bits {
public static byte[] to32Bits(int i) {
      byte[] bytes = new byte[4];
      bytes[0] = (byte)((0xFF000000 & i) >> 24);
      bytes[1] = (byte)((0x00FF0000 & i) >> 16);
      bytes[2] = (byte)((0x0000FF00 & i) >> 8);
      bytes[3] = (byte)((0x000000FF & i));
      return bytes;
   }
}","@Test
    public void testTo32Bits() {
        Assert.assertArrayEquals(new byte[] {0, 0, 0, 0}, ByteUtils.to32Bits(0));
        Assert.assertArrayEquals(new byte[] {0, 0, 0, 0}, ByteUtils.to32Bits(0L));
    }",1
"(byte b, int bitIndex)","public class SetBit {
public static byte setBit(byte b, int bitIndex) {
      return (byte)((1 << bitIndex) | (0x00FF & b));
   }
}","@Test
    public void testSetBit() {
        Assert.assertEquals((byte) 0b01000001, ByteUtils.setBit((byte) 0b00000001, 6));
        Assert.assertEquals((byte) 0b11110100, ByteUtils.setBit((byte) 0b11110000, 2));
        Assert.assertEquals((byte) 0b00001000, ByteUtils.setBit((byte) 0b00001000, 3));
    }",1
"(int mask, int b)","public class IsSet {
public static boolean isSet(int mask, int b) {
      return (mask & b) > 0;
   }
}","@Test
    public void testIsSet(){
        Assert.assertTrue(ByteUtils.isSet(0b00001000, 0b00111000));
        Assert.assertTrue(ByteUtils.isSet(0b10000000, 0b11100001));

        Assert.assertFalse(ByteUtils.isSet(0b00000001, 0b00000000));
        Assert.assertFalse(ByteUtils.isSet(0b00000001, 0b11111110));
    }",1
(byte b),"public class ToByteArray {
public static byte[] toByteArray(byte b) {
      byte[] bytes = new byte[1];
      bytes[0] = b;
      return bytes;
   }
}","@Test
    public void testToByteArray() {
        Assert.assertArrayEquals(new byte[] {0}, ByteUtils.toByteArray((byte) 0));
        Assert.assertArrayEquals(new byte[] {10}, ByteUtils.toByteArray((byte) 10));
    }",1
"(byte value, byte mask)","public class CheckMask {
public static boolean checkMask(byte value, byte mask) {
      return ((value & mask) == mask);
   }
}","@Test
   public void testMask() {
      byte v = 0x0F;
      byte m1 = 0x08;
      byte m2 = 0x10;
      
      Assert.assertTrue(ByteUtil.checkMask(v,m1));
      Assert.assertFalse(ByteUtil.checkMask(v,m2));
   }",1
"(byte b1, byte b2)","public class Merge {
public static int merge(byte b1, byte b2) {
      int value = (((int) b1) & 0xFF);
      value <<= 8;
      value += (((int) b2) & 0xFF);
      return value;
   }
}","@Test
   public void testMerge() {
      byte b1,b2;
      int i;
      b1 = 0x00;
      b2 = 0x01;
      
      i = ZWaveBasicDevicesType.merge(b1,b2);
      Assert.assertTrue(i==0x0001);
      
      i = ZWaveBasicDevicesType.merge(b2,b1);
      Assert.assertTrue(i==0x0100);
      
      b2 = (byte) 0xFF;
      i = ZWaveBasicDevicesType.merge(b1,b2);
      Assert.assertTrue(i==0x00FF);
      
      i = ZWaveBasicDevicesType.merge(b2,b1);
      Assert.assertTrue(i==0xFF00);
      
      b1 = (byte) 0x8F;
      i = ZWaveBasicDevicesType.merge(b1,b2);
      Assert.assertTrue(i==0x8FFF);
      
      i = ZWaveBasicDevicesType.merge(b2,b1);
      Assert.assertTrue(i==0xFF8F);
      
   }",1
(int i),"public class To16Bits {
public static byte[] to16Bits(int i) {
      byte[] bytes = new byte[2];
      bytes[0] = (byte)((0x0000FF00 & i) >> 8);
      bytes[1] = (byte)((0x000000FF & i));
      return bytes;
   }
}","@Test
    public void testTo16Bits() {
        Assert.assertArrayEquals(new byte[] {0, 0}, ByteUtils.to16Bits(0));
        Assert.assertArrayEquals(new byte[] {0, 20}, ByteUtils.to16Bits(20));
        Assert.assertArrayEquals(new byte[] {1, 20}, ByteUtils.to16Bits(276));
    }",1
(int i),"public class To24Bits {
public static byte[] to24Bits(int i) {
      byte[] bytes = new byte[3];
      bytes[0] = (byte)((0x00FF0000 & i) >> 16);
      bytes[1] = (byte)((0x0000FF00 & i) >> 8);
      bytes[2] = (byte)((0x000000FF & i));
      return bytes;
   }
}","@Test
    public void testTo24Bits() {
        Assert.assertArrayEquals(
            new byte[] {0, 0, 0},
            ByteUtils.to24Bits(0));
        Assert.assertArrayEquals(
            new byte[] {15, 66, 63},
            ByteUtils.to24Bits(999999));
        Assert.assertArrayEquals(
            new byte[] {-102, -55, -1},
            ByteUtils.to24Bits(999999999));
    }",1
(int week),"public class GetCNWeek {
public static String getCNWeek(int week) {
		String str_week = """";
		switch (week) {
			case 1 :
				str_week = ""星期一"";
				break;
			case 2 :
				str_week = ""星期二"";
				break;
			case 3 :
				str_week = ""星期三"";
				break;
			case 4 :
				str_week = ""星期四"";
				break;
			case 5 :
				str_week = ""星期五"";
				break;
			case 6 :
				str_week = ""星期六"";
				break;
			case 7 :
				str_week = ""星期日"";
				break;
		}
		return str_week;
	}
}","@Test
	public void testGetCNWeek() {
		int week = DateUtils.getWeekByDate(new Date());
		String cnWeek = DateUtils.getCNWeek(week);
		Assert.assertTrue(""默认中文星期不应该为空字符串！week("" + week + "")"", !"""".equals(cnWeek));
	}",2
(int minutes),"public class OffsetToString {
public String offsetToString(int minutes) {
		int offsetInHours = Math.abs(minutes) / 60;
		int remainderInMinutes = Math.abs(minutes) % 60;
		String offsetEncoded = Integer.toString(offsetInHours * 100 + remainderInMinutes);
		StringBuilder sb = new StringBuilder();
		sb.append(minutes >= 0 ? '+' : '-');
		sb.append(""0000"".substring(offsetEncoded.length()));
		sb.append(offsetEncoded);
		return sb.toString();
	}
}","@Test
	public void testOffsetToString() {
		assertThat(timeService.offsetToString(120)).isEqualTo(""+0200"");
		assertThat(timeService.offsetToString(-120)).isEqualTo(""-0200"");
		assertThat(timeService.offsetToString(90)).isEqualTo(""+0130"");
		assertThat(timeService.offsetToString(0)).isEqualTo(""+0000"");
	}",1
"(long unsignedValue, long alignment)","public class GetUnsignedAlignedValue {
public static long getUnsignedAlignedValue(long unsignedValue, long alignment) {
		if (alignment == 0 || unsignedValue % alignment == 0) {
			return unsignedValue;
		}
		boolean negative = unsignedValue < 0;
		if (negative) {
			unsignedValue = -(unsignedValue + alignment);
		}
		long alignedValue = ((unsignedValue + alignment - 1) / alignment) * alignment;
		if (negative) {
			alignedValue = -alignedValue;
		}
		return alignedValue;
	}
}","@Test
	public void testGetUnsignedAlignedValue() {

		assertEquals(0, NumericUtilities.getUnsignedAlignedValue(0xffffffffffffffffL, 8));
		assertEquals(0xfffffffffffffff8L,
			NumericUtilities.getUnsignedAlignedValue(0xfffffffffffffff8L, 8));
		assertEquals(0xfffffffffffffff8L,
			NumericUtilities.getUnsignedAlignedValue(0xfffffffffffffff3L, 8));
		assertEquals(0xfffffffffffffff0L,
			NumericUtilities.getUnsignedAlignedValue(0xffffffffffffffecL, 8));
		assertEquals(0xffffffffffffffe8L,
			NumericUtilities.getUnsignedAlignedValue(0xffffffffffffffe8L, 8));
		assertEquals(0, NumericUtilities.getUnsignedAlignedValue(0, 8));
		assertEquals(8, NumericUtilities.getUnsignedAlignedValue(3, 8));
		assertEquals(8, NumericUtilities.getUnsignedAlignedValue(8, 8));

		assertEquals(0, NumericUtilities.getUnsignedAlignedValue(0xffffffffffffffffL, 5));
		assertEquals(0xfffffffffffffffbL,
			NumericUtilities.getUnsignedAlignedValue(0xfffffffffffffff8L, 5));
		assertEquals(0xfffffffffffffff6L,
			NumericUtilities.getUnsignedAlignedValue(0xfffffffffffffff3L, 5));
		assertEquals(0xffffffffffffffecL,
			NumericUtilities.getUnsignedAlignedValue(0xffffffffffffffecL, 5));
		assertEquals(0xffffffffffffffecL,
			NumericUtilities.getUnsignedAlignedValue(0xffffffffffffffe8L, 5));
		assertEquals(0, NumericUtilities.getUnsignedAlignedValue(0, 5));
		assertEquals(5, NumericUtilities.getUnsignedAlignedValue(3, 5));
		assertEquals(0xa, NumericUtilities.getUnsignedAlignedValue(8, 5));
		assertEquals(0xa, NumericUtilities.getUnsignedAlignedValue(0xa, 0));

	}",5
"(boolean sign, long mantissa, int exp)","public class CreateFloat {
static double createFloat(boolean sign, long mantissa, int exp) {
		exp += 1023;
		long bits = mantissa >>> 11;
		if (exp == 0) {
			bits = bits >> 1;
		}
		else {
			bits = bits & 0xfffffffffffffL;
		}
		bits |= (long) exp << 52;

		if (sign) {
			bits |= 0x8000000000000000L;
		}
		return Double.longBitsToDouble(bits);
	}
}","@Test
	public void testCreateFloat() {
		double x = 4.5;
		FloatData data = FloatFormat.extractExpSig(x);
		double y = FloatFormat.createFloat(data.sign, data.mantisa, data.exp);
		Assert.assertEquals(x, y, 0);

		x = -4.5;
		data = FloatFormat.extractExpSig(x);
		y = FloatFormat.createFloat(data.sign, data.mantisa, data.exp);
		Assert.assertEquals(x, y, 0);

		x = 0.00000000000000000000000045;
		data = FloatFormat.extractExpSig(x);
		y = FloatFormat.createFloat(data.sign, data.mantisa, data.exp);
		Assert.assertEquals(x, y, 0);

		x = -0.000000000000000000000000045;
		data = FloatFormat.extractExpSig(x);
		y = FloatFormat.createFloat(data.sign, data.mantisa, data.exp);
		Assert.assertEquals(x, y, 0);
	}",3
(long ms),"public class Format2Readable {
public static String format2Readable(long ms) {

        long days = ms / (1000 * 60 * 60 * 24);
        long hours = (ms % (1000 * 60 * 60 * 24)) / (1000 * 60 * 60);
        long minutes = (ms % (1000 * 60 * 60)) / (1000 * 60);
        long seconds = (ms % (1000 * 60)) / 1000;

        return String.format(""%02d %02d:%02d:%02d"", days, hours, minutes, seconds);

    }
}","@Test
    public void format2Readable() throws ParseException {
        SimpleDateFormat sdf = new SimpleDateFormat(""yyyy-MM-dd HH:mm:ss"");

        String start = ""2015-12-21 18:00:36"";
        Date startDate = sdf.parse(start);

        String end = ""2015-12-23 03:23:44"";
        Date endDate = sdf.parse(end);

        String readableDate = DateUtils.format2Readable(endDate.getTime() - startDate.getTime());

        Assert.assertEquals(""01 09:23:08"", readableDate);
    }",1
(int turn),"public class Rot {
public static float rot(int turn)
    {
        switch (turn)
        {
            case 0:
                return 0;
            case 127:
                return 10;
            case -127:
                return -10;
            case -128:  // 0x80
                return Float.NaN;
            default:
                float f = turn;
                f = f / 4.733F;
                return Math.signum(f) * f * f;
        }
    }
}","@Test
    public void testRot()
    {
        for (int r=-128;r<128;r++)
        {
            float rot = AISUtil.rot(r);
            int rot1 = AISUtil.rot(rot);
            assertEquals(r, rot1);
        }
    }",2
(char ch),"public class IsAsciiAlpha {
public static boolean isAsciiAlpha(char ch) {
        return (ch >= 'A' && ch <= 'Z') || (ch >= 'a' && ch <= 'z');
    }
}","@Test
    public void testIsAsciiAlpha() {
        Assert.assertTrue(JavaUtils.isAsciiAlpha('B'));
        Assert.assertTrue(JavaUtils.isAsciiAlpha('b'));

        Assert.assertFalse(JavaUtils.isAsciiAlpha('%'));
    }",4
(int tag),"public class ToString {
public static String toString(int tag)
    {
        char[] ba = new char[4];
        for (int i = 0; i < 4; i++) {
            ba[i] = (char) (tag >> ((3 - i) * 8) & 0xff);
        }

        return new String(ba);
    }
}","@Test
    public void testToString() throws UnsupportedEncodingException
    {
        int hdfmInt = 1751410285;
        assertEquals(""hdfm"", Util.toString(hdfmInt));
    }",2
"(int intValue, int numBytes)","public class IntegerToByteArray {
public static byte[] integerToByteArray(int intValue, int numBytes) {
        byte[] bytes = new byte[numBytes];
        for (int i = numBytes - 1; i >= 0; i--) {
            bytes[i] = ((byte) (intValue & 0xFF));
            intValue >>>= 8;
        }
        return bytes;
    }
}","@Test
    public void testIntegerToByteArray() {
        assertEquals(""0000"", Utilities.bytesAsHexString(Utilities.integerToByteArray(0, 2)));
        assertEquals(""ffff"", Utilities.bytesAsHexString(Utilities.integerToByteArray(65535, 2)));
        assertEquals(""0011"", Utilities.bytesAsHexString(Utilities.integerToByteArray(17, 2)));
        assertEquals(""1100"", Utilities.bytesAsHexString(Utilities.integerToByteArray(4352, 2)));
        assertEquals(""dd22"", Utilities.bytesAsHexString(Utilities.integerToByteArray(56610, 2)));
        assertEquals(""7fffffff"", Utilities.bytesAsHexString(Utilities.integerToByteArray(2147483647, 4))); // Integer.MAX_VALUE
        assertEquals(""80000000"", Utilities.bytesAsHexString(Utilities.integerToByteArray(-2147483648, 4))); // Integer.MIN_VALUE
        assertEquals(""00110011"", Utilities.bytesAsHexString(Utilities.integerToByteArray(1114129, 4)));
        assertEquals(""ffeeffef"", Utilities.bytesAsHexString(Utilities.integerToByteArray(-1114129, 4)));
    }",2
"(int first, int second)","public class GetCompoundIndex {
public int getCompoundIndex(int first, int second) {
        if (first >= second) {
            throw new IllegalArgumentException(""first ("" + first + "") and second ("" + second
                    + "") sample indexes, must comply with: 0 <= first < second"");
        }
        return (second*second - second)/2 + first;

    }
}","@Test
    public void testGetCompountIndex() throws Exception {
        IdentityByStateClustering ibsc = new IdentityByStateClustering();
        assertEquals(0, ibsc.getCompoundIndex(0, 1));
        assertEquals(1, ibsc.getCompoundIndex(0, 2));
        assertEquals(2, ibsc.getCompoundIndex(1, 2));
        assertEquals(3, ibsc.getCompoundIndex(0, 3));
        assertEquals(6, ibsc.getCompoundIndex(0, 4));
        assertEquals(10, ibsc.getCompoundIndex(0, 5));
    }",2
"(int compoundIndex, int secondSampleIndex)","public class GetFirstSampleIndex {
public int getFirstSampleIndex(int compoundIndex, int secondSampleIndex) {
        return compoundIndex - (secondSampleIndex * secondSampleIndex - secondSampleIndex) / 2;
    }
}","@Test
    public void testGetFirstSampleIndex() throws Exception {
        IdentityByStateClustering ibsc = new IdentityByStateClustering();
        int n = 10000;
        for (int i = 0; i < n; i++) {
            for (int j = i + 1; j < n; j++) {
                assertEquals(i, ibsc.getFirstSampleIndex(ibsc.getCompoundIndex(i, j), j));
            }
        }
    }",1
(int compoundIndex),"public class GetSecondSampleIndex {
public int getSecondSampleIndex(int compoundIndex) {
        return (int) Math.round(Math.floor(Math.sqrt(2 * compoundIndex + 0.25) + 0.5));
    }
}","@Test
    public void testGetSecondSampleIndex() throws Exception {
        IdentityByStateClustering ibsc = new IdentityByStateClustering();
        int n = 10000;
        for (int i = 0; i < n; i++) {
            for (int j = i + 1; j < n; j++) {
                assertEquals(j, ibsc.getSecondSampleIndex(ibsc.getCompoundIndex(i, j)));
            }
        }
    }",1
"(int x, int y)","public class HammingDistance {
public int hammingDistance(int x, int y) {
    String str1 = Integer.toBinaryString(x);
    String str2 = Integer.toBinaryString(y);
    int length1 = str1.length();
    int length2 = str2.length();
    int shortLength = Math.min(length1, length2);
    int result = 0;
    for (int i = 1; i <= shortLength; i++) {
      if (str1.charAt(length1 - i) != str2.charAt(length2 - i)) {
        result++;
      }
    }
    while (shortLength < length1) {
      shortLength ++;
      if(str1.charAt(length1 - shortLength) != '0'){
        result ++;
      }
    }
    while (shortLength < length2) {
      shortLength ++;
      if(str2.charAt(length2 - shortLength) != '0'){
        result ++;
      }
    }
    return result;
  }
}","@Test
  void go() {
 HammingDistance t = new HammingDistance();
    for (int i = 0; i < cases.size(); i++) {
      Integer[] param = cases.get(i);
      assertEquals((int) result.get(i), t.hammingDistance(param[0], param[1]));

    }
  }",7
(int x),"public class Reverse {
public int reverse(int x) {
        String str = String.valueOf(x);
        char[] chars = str.toCharArray();
        char tmp;
        int left = 0;
        int right = chars.length - 1;
        int start = 0;
        int flag = 1;
        if (chars[0] == '-') {
            left = 1;
            start = 1;
            flag = -1;
        }
        while (left < right) {
            tmp = chars[left];
            chars[left] = chars[right];
            chars[right] = tmp;
            left++;
            right--;
        }
        long resultLong = 0;
        for (; start < chars.length; start++) {
            resultLong = resultLong * 10 + (chars[start] - 48);
        }
        resultLong *= flag;
        if (resultLong > Integer.MAX_VALUE || resultLong < Integer.MIN_VALUE) {
            return 0;
        } else {
            return (int) resultLong;
        }
    }
}","@Test
    void go(){
        Reverse reverse = new Reverse();
        assertEquals(321,reverse.reverse(123));
    }",6
"(long unsignedValue, long alignment)","public class GetUnsignedAlignedValue {
public static long getUnsignedAlignedValue(long unsignedValue, long alignment) {
		if (unsignedValue % alignment == 0) {
			return unsignedValue;
		}
		boolean negative = unsignedValue < 0;
		if (negative) {
			unsignedValue = -(unsignedValue + alignment);
		}
		long alignedValue = ((unsignedValue + alignment - 1) / alignment) * alignment;
		if (negative) {
			alignedValue = -alignedValue;
		}
		return alignedValue;
	}
}","@Test
	public void testGetUnsigndeAlignedValue() {

		assertEquals(0, NumericUtilities.getUnsignedAlignedValue(0xffffffffffffffffL, 8));
		assertEquals(0xfffffffffffffff8L,
			NumericUtilities.getUnsignedAlignedValue(0xfffffffffffffff8L, 8));
		assertEquals(0xfffffffffffffff8L,
			NumericUtilities.getUnsignedAlignedValue(0xfffffffffffffff3L, 8));
		assertEquals(0xfffffffffffffff0L,
			NumericUtilities.getUnsignedAlignedValue(0xffffffffffffffecL, 8));
		assertEquals(0xffffffffffffffe8L,
			NumericUtilities.getUnsignedAlignedValue(0xffffffffffffffe8L, 8));
		assertEquals(0, NumericUtilities.getUnsignedAlignedValue(0, 8));
		assertEquals(8, NumericUtilities.getUnsignedAlignedValue(3, 8));
		assertEquals(8, NumericUtilities.getUnsignedAlignedValue(8, 8));

		assertEquals(0, NumericUtilities.getUnsignedAlignedValue(0xffffffffffffffffL, 5));
		assertEquals(0xfffffffffffffffbL,
			NumericUtilities.getUnsignedAlignedValue(0xfffffffffffffff8L, 5));
		assertEquals(0xfffffffffffffff6L,
			NumericUtilities.getUnsignedAlignedValue(0xfffffffffffffff3L, 5));
		assertEquals(0xffffffffffffffecL,
			NumericUtilities.getUnsignedAlignedValue(0xffffffffffffffecL, 5));
		assertEquals(0xffffffffffffffecL,
			NumericUtilities.getUnsignedAlignedValue(0xffffffffffffffe8L, 5));
		assertEquals(0, NumericUtilities.getUnsignedAlignedValue(0, 5));
		assertEquals(5, NumericUtilities.getUnsignedAlignedValue(3, 5));
		assertEquals(0xa, NumericUtilities.getUnsignedAlignedValue(8, 5));

	}",4
"(double lon1, double lon2)","public class LonDiff {
public static double lonDiff(double lon1, double lon2) {
    return Math.IEEEremainder(lon1 - lon2, 360.0);
  }
}","@Test
  public void testLonDiff() {
    assertThat(LatLonPoints.lonDiff(90, 89)).isEqualTo(1);
    assertThat(LatLonPoints.lonDiff(90, 99)).isEqualTo(-9);

    assertThat(LatLonPoints.lonDiff(90 - 360, 89 + 360)).isEqualTo(1);
    assertThat(LatLonPoints.lonDiff(90 - 360, 99 + 360)).isEqualTo(-9);
  }",1
(double lat),"public class LatNormal {
public static double latNormal(double lat) {
    if (lat < -90.) {
      return -90.;
    } else {
      return Math.min(lat, 90.);
    }
  }
}","@Test
  public void testLatNormal() {
    assertThat(LatLonPoints.latNormal(89.5)).isEqualTo(89.5);
    assertThat(LatLonPoints.latNormal(92)).isEqualTo(90);
    assertThat(LatLonPoints.latNormal(-99)).isEqualTo(-90);
  }",2
(byte v),"public class ConvertSignedByte {
public static int convertSignedByte(byte v) {
    int sign = ((v & 0x80) != 0) ? -1 : 1;
    int value = v & 0x7f;
    return sign * value;
  }
}","@Test
  public void testConvertSignedByte() {
    System.out.printf(""byte == convertSignedByte == convertSignedByte2 == hex%n"");
    for (int i = 125; i < 256; i++) {
      byte b = (byte) i;
      System.out.printf(""%d == %d == %d == %s%n"", b, convertSignedByte(b), convertSignedByte2(b),
          Long.toHexString((long) i));
      assertEquals(convertSignedByte(b), convertSignedByte2(b));
    }
  }",1
(int i),"public class IntToByte {
public final static byte[] intToByte(int i) {
        byte[] bt = new byte[4];
        bt[0] = (byte) (0xff & i);
        bt[1] = (byte) ((0xff00 & i) >> 8);
        bt[2] = (byte) ((0xff0000 & i) >> 16);
        bt[3] = (byte) ((0xff000000 & i) >> 24);
        return bt;
    }
}","@Test
    public void testIntsToByte() throws UnsupportedEncodingException {
        int[] arr = new int[]{0xE4, 0xb8, 0xAD, 0xE6, 0x96, 0x87};
        byte[] bt = ConvertUtil.intToByte(arr);
        String str = new String(bt);
        System.out.println(str);

        int[] tt = new int[]{0xD6, 0xD0, 0xCE, 0xC4};
        String strs = new String(ConvertUtil.intToByte(tt), ""GBK"");
        System.out.println(strs);
    }",1
(char c),"public class ToAscii {
public final static int toAscii(char c) {
        if (c <= 0xFF) {
            return c;
        } else {
            return 0x3F;
        }
    }
}","@Test
    public void testToAscii() {

    }",2
(char c),"public class IsWhitespace {
public final static boolean isWhitespace(char c) {
        return c <= ' ';
    }
}","@Test
    public void testIsWhitespace() {

    }",1
(char c),"public class IsAlpha {
public final static boolean isAlpha(char c) {
        return ((c >= 'a') && (c <= 'z')) || ((c >= 'A') && (c <= 'Z'));
    }
}","@Test
    public void testIsAlpha() {

    }",4
(char c),"public class IsHexDigit {
public final static boolean isHexDigit(char c) {
        return (c >= '0' && c <= '9') || ((c >= 'a') && (c <= 'f')) || ((c >= 'A') && (c <= 'F'));
    }
}","@Test
    public void testIsHexDigit() {

    }",6
(char c),"public class IsDigit {
public final static boolean isDigit(char c) {
        return c >= '0' && c <= '9';
    }
}","@Test
    public void testIsDigit() {

    }",2
(int c),"public class IsSubDelimiter {
public final static boolean isSubDelimiter(int c) {
        switch (c) {
            case '!':
            case '$':
            case '&':
            case '\'':
            case '(':
            case ')':
            case '*':
            case '+':
            case ',':
            case ';':
            case '=':
                return true;
            default:
                return false;
        }
    }
}","@Test
    public void testIsSubDelimiter() {

    }",2
(byte b),"public class ToChar {
public static char toChar(byte b) {
        return (char) (b & 0xFF);
    }
}","@Test
    public void testToChar() {

    }",1
(char c),"public class IsLowercaseAlpha {
public final static boolean isLowercaseAlpha(char c) {
        return (c >= 'a') && (c <= 'z');
    }
}","@Test
    public void testIsLowercaseAlpha() {

    }",2
(char c),"public class IsUppercaseAlpha {
public final static boolean isUppercaseAlpha(char c) {
        return (c >= 'A') && (c <= 'Z');
    }
}","@Test
    public void testIsUppercaseAlpha() {

    }",2
(int c),"public class IsGenericDelimiter {
public final static boolean isGenericDelimiter(int c) {
        switch (c) {
            case ':':
            case '/':
            case '?':
            case '#':
            case '[':
            case ']':
            case '@':
                return true;
            default:
                return false;
        }
    }
}","@Test
    public void testIsGenericDelimiter() {

    }",2
"(int x, int m)","public class ReciprocalMod {
public static int reciprocalMod(int x, int m) {
		if (!(0 <= x && x < m))
			throw new IllegalArgumentException();
		
		// Based on a simplification of the extended Euclidean algorithm
		int y = x;
		x = m;
		int a = 0;
		int b = 1;
		while (y != 0) {
			int z = x % y;
			int c = a - x / y * b;
			x = y;
			y = z;
			a = b;
			b = c;
		}
		if (x == 1)
			return a >= 0 ? a : a + m;
		else
			throw new IllegalArgumentException(""Reciprocal does not exist"");
	}
}","@Test public void testReciprocalMod() {
		int[][] goodCases = {
			{1, 2, 1},
			{1, 3, 1},
			{2, 3, 2},
			{1, 4, 1},
			{3, 4, 3},
			{1, 5, 1},
			{2, 5, 3},
			{3, 5, 2},
			{4, 5, 4},
			{2, 7, 4},
			{3, 7, 5},
			{4, 7, 2},
			{5, 7, 3},
			{6, 7, 6},
			{18585, 26128, 5705},
			{4352341, 7559949, 3054661},
			{290514683, 936234758, 903930729},
			{735803087, 1384775511, 1321131185},
			{1, 2147483647, 1},
			{2, 2147483647, 1073741824},
			{188080773, 2147483647, 1201032874},
			{527995520, 2147483647, 1215591224},
			{1154582780, 2147483647, 193267031},
			{1321286464, 2147483647, 95844396},
			{2147483645, 2147483647, 1073741823},
			{2147483646, 2147483647, 2147483646},
		};
		for (int[] cs : goodCases)
			assertEquals(cs[2], Library.reciprocalMod(cs[0], cs[1]));
		
		int[][] badCases = {
			// Values out of range
			{Integer.MIN_VALUE, Integer.MIN_VALUE},
			{-1, -1},
			{0, -1},
			{-1, 0},
			{0, 0},
			{1, 1},
			{3, 2},
			{Integer.MAX_VALUE, 1},
			// Values not coprime
			{2, 4},
			{2, 6},
			{3, 6},
			{44100, 48000},
			{77, 2147483646},
			{30783, 2147483646},
		};
		for (int[] cs : badCases) {
			try {
				Library.reciprocalMod(cs[0], cs[1]);
				Assert.fail();
			} catch (IllegalArgumentException e) {}  // Pass
		}
	}",5
"(int x, int y, int m)","public class PowMod {
public static int powMod(int x, int y, int m) {
		if (x < 0)
			throw new IllegalArgumentException(""Negative base not supported"");
		if (y < 0)
			throw new IllegalArgumentException(""Modular reciprocal not supported"");
		if (m <= 0)
			throw new IllegalArgumentException(""Modulus must be positive"");
		if (m == 1)
			return 0;
		
		// Exponentiation by squaring
		int z = 1;
		for (; y != 0; y >>>= 1) {
			if ((y & 1) != 0)
				z = (int)((long)z * x % m);
			x = (int)((long)x * x % m);
		}
		return z;
	}
}","@Test public void testPowMod() {
		assertEquals(0, Library.powMod(0, 0, 1));
		assertEquals(0, Library.powMod(1, 0, 1));
		assertEquals(0, Library.powMod(0, 1, 1));
		assertEquals(0, Library.powMod(1, 1, 1));
		assertEquals(0, Library.powMod(2, 3, 1));
		assertEquals(1, Library.powMod(0, 0, 2));
		assertEquals(1, Library.powMod(1, 0, 2));
		assertEquals(1, Library.powMod(2, 0, 2));
		assertEquals(0, Library.powMod(0, 1, 2));
		assertEquals(1, Library.powMod(1, 1, 2));
		assertEquals(0, Library.powMod(2, 1, 2));
		assertEquals(0, Library.powMod(0, 2, 2));
		assertEquals(1, Library.powMod(1, 2, 2));
		assertEquals(0, Library.powMod(2, 2, 2));
		assertEquals(1, Library.powMod(2, 2, 3));
		assertEquals(4, Library.powMod(4, 3, 5));
		assertEquals(3, Library.powMod(7, 7, 10));
		assertEquals(326216098, Library.powMod(78051657, 234602, 456087413));
		assertEquals(1488576545, Library.powMod(2147480000, 2147483645, 2147483647));
	}",7
(int exitCode),"public class IsTarSuccessful {
public static boolean isTarSuccessful (int exitCode) {
        return exitCode == 0 || exitCode == 1;
    }
}","@Test
    public void isTarSuccessful () {
        int[] failCodes = { Integer.MIN_VALUE, Integer.MAX_VALUE, 2, -1, 100, -100 };
        for (int failCode : failCodes) {
            assertFalse(ShellUtils.isTarSuccessful(failCode));
        }
        int[] successCodes = { 1, 0 };
        for (int successCode : successCodes) {
            assertTrue(ShellUtils.isTarSuccessful(successCode));
        }
    }",2
(int p),"public class Pow2 {
public static double pow2(int p) {
        if (p < 0) {
            return 1.0 / (1L << -p);
        }
        if (p > 0) {
            return 1L << p;
        }

        return 1.0;
    }
}","@Test
    public void testPow2() {
        assertThat(HllUtil.pow2(0)).isEqualTo(1.0);
        assertThat(HllUtil.pow2(8)).isEqualTo(256.0);
        assertThat(HllUtil.pow2(-8)).isEqualTo(0.00390625);
    }",3
"(int n1,int n2)","public class Add {
public int add(int n1,int n2){
        return n1+n2;
    }
}","@Test
    public void addTest(){
        int actual=calc.add(12,13);
        assertEquals(25,actual);
    }",1
(int seriesIndexInChart),"public class GenerateXValue {
public int generateXValue(int seriesIndexInChart) {
        
        return (seriesIndexInChart*2)+1;
        
    }
}","@Test
    public void generateXValue() {
        
        // execute & assert
        assertEquals(1, aggregatedSeriesXValueGenerator.generateXValue(0));
        assertEquals(3, aggregatedSeriesXValueGenerator.generateXValue(1));
        assertEquals(5, aggregatedSeriesXValueGenerator.generateXValue(2));
        assertEquals(7, aggregatedSeriesXValueGenerator.generateXValue(3));
        
    }",1
(int value),"public class CeilPow2 {
public static int ceilPow2(int value) {
        int i = value;
        if ((i != 0) && (i & (i - 1)) > 0) {
            i |= (i >>> 1);
            i |= (i >>> 2);
            i |= (i >>> 4);
            i |= (i >>> 8);
            i |= (i >>> 16);
            i++;

            if (i < 0) {
                i >>>= 1;
            }
        }

        return i;
    }
}","@Test
    public void testCeilPow2() {
        Assert.assertEquals(16, Numbers.ceilPow2(15));
        Assert.assertEquals(16, Numbers.ceilPow2(16));
        Assert.assertEquals(32, Numbers.ceilPow2(17));
    }",4
"(int col, int row)","public class FormatAsString {
private String formatAsString(int col, int row) {
    return """"; // FIXME or copy from excel poi
  }
}","@Test
    public void testReadOdf() throws IOException {
        final SpreadSheet spreadSheet = new SpreadSheet(new File(""src/test/resources/formulas.ods""));
        List<Sheet> sheets = spreadSheet.getSheets();
        for (Sheet sheet : sheets) {
            for(int rowIndex = 0; rowIndex < sheet.getMaxRows(); rowIndex++) {
                for(int columnIndex = 0; columnIndex < sheet.getMaxColumns(); columnIndex++) {
                    final Range dataRange = sheet.getDataRange();
                    final Range cell = dataRange.getCell(rowIndex, columnIndex);
                    if(cell.getValue() == null) continue;

                    System.out.println(""cell name: ""+formatAsString(columnIndex, rowIndex));
                    System.out.println(""valueType=""+cell.getValue().getClass().getName());
                    final Object value = cell.getValue();
                    System.out.println(""value: ""+value);
                    System.out.println(""Formula: ""+cell.getFormula());
                }
            }
        }
    }",1
(double angle),"public class AngleWrap {
public static double angleWrap(double angle) {
        double negTauToTau = angle % (Math.PI * 2);

        if (Math.abs(negTauToTau) > Math.PI) {
            negTauToTau -= Math.copySign(Math.PI * 2, negTauToTau);
        }
        return negTauToTau;
    }
}","@Test
    void angleWrap() {
        // Standard cases
        assertEquals(MathUtil.angleWrap(Math.PI * 4.5), Math.PI / 2, MathUtil.EPSILON);
        assertEquals(MathUtil.angleWrap(Math.PI * 5.5), -Math.PI / 2, MathUtil.EPSILON);

        // Works for large numbers
        assertEquals(MathUtil.angleWrap(Math.PI * 1000000), 0, MathUtil.EPSILON);
    }",2
(double d),"public class Clamp {
public static double clamp(double d) {
        return Math.min(Math.max(d, -1), 1);
    }
}","@Test
    void clamp() {
        // Upper and lower bounds work normally
        assertEquals(MathUtil.clamp(1.25), 1.0);
        assertEquals(MathUtil.clamp(-5.5), -1.0);

        // Works for large and infinite numbers
        assertEquals(MathUtil.clamp(Double.MAX_VALUE), 1.0);
        assertEquals(MathUtil.clamp(Double.NEGATIVE_INFINITY), -1.0);

        // Doesn't change values in range
        assertEquals(MathUtil.clamp(0.10118304), 0.10118304);
        assertEquals(MathUtil.clamp(-0.8572), -0.8572);
    }",1
"(double control, double deadZone)","public class DeadZone {
public static double deadZone(double control, double deadZone) {
        return Math.abs(control) > deadZone ? control : 0;
    }
}","@Test
    void deadZone() {
        // Ensure we don't cut off things above the deadzone
        assertEquals(MecanumUtil.deadZone(1.0, 0.5), 1.0);
        assertEquals(MecanumUtil.deadZone(0.8, 0.5), 0.8);
        assertEquals(MecanumUtil.deadZone(-0.6, 0.5), -0.6);

        // If it's right on the edge, we should hit the deadzone
        assertEquals(MecanumUtil.deadZone(0.5, 0.5), 0.0);
        assertEquals(MecanumUtil.deadZone(-0.5, 0.5), 0.0);

        // If it's under, we should hit the deadzone as well
        assertEquals(MecanumUtil.deadZone(0.2, 0.5), 0.0);
        assertEquals(MecanumUtil.deadZone(0.0, 0.5), 0.0);
        assertEquals(MecanumUtil.deadZone(-0.3, 0.5), 0.0);
    }",1
"(double d, double thresh)","public class DeadZone {
public static double deadZone(double d, double thresh) {
        return (Math.abs(d) < thresh) ? 0 : d;
    }
}","@Test
    void deadZone() {
        assertEquals(MathUtil.deadZone(0.02, 0.2), 0);
        assertEquals(MathUtil.deadZone(0.3, 0.2), 0.3);

        assertEquals(MathUtil.deadZone(-0.02, 0.2), 0);
        assertEquals(MathUtil.deadZone(-0.3, 0.2), -0.3);
    }",1
"(double d, double power)","public class PowRetainingSign {
public static double powRetainingSign(double d, double power) {
        // In case d is super small, just make it zero
        if (Math.abs(d) < 1e-14) {
            return 0;
        }
        return Math.copySign(Math.pow(Math.abs(d), power), d);
    }
}","@Test
    void powRetainingSign() {
        assertEquals(4, MathUtil.powRetainingSign(2, 2));
        assertEquals(-4, MathUtil.powRetainingSign(-2, 2));

        double EXPECTED_1_5_POWER = Math.sqrt(Math.pow(2, 3));

        assertEquals(EXPECTED_1_5_POWER, MathUtil.powRetainingSign(2, 1.5));
        assertEquals(-EXPECTED_1_5_POWER, MathUtil.powRetainingSign(-2, 1.5));
    }",2
(int n),"public class NibbleToChar {
public static char nibbleToChar(int n)
        {
        n = n & 0xF;
        return (n <= 9)
                ? (char) ('0' + n)
                : (char) ('A' - 0xA + n);
        }
}","@Test
    public void testNibbleToChar()
        {
        Assert.assertEquals(nibbleToChar(0x00), '0');
        Assert.assertEquals(nibbleToChar(0x01), '1');
        Assert.assertEquals(nibbleToChar(0x02), '2');
        Assert.assertEquals(nibbleToChar(0x03), '3');
        Assert.assertEquals(nibbleToChar(0x04), '4');
        Assert.assertEquals(nibbleToChar(0x05), '5');
        Assert.assertEquals(nibbleToChar(0x06), '6');
        Assert.assertEquals(nibbleToChar(0x07), '7');
        Assert.assertEquals(nibbleToChar(0x08), '8');
        Assert.assertEquals(nibbleToChar(0x09), '9');
        Assert.assertEquals(nibbleToChar(0x0A), 'A');
        Assert.assertEquals(nibbleToChar(0x0B), 'B');
        Assert.assertEquals(nibbleToChar(0x0C), 'C');
        Assert.assertEquals(nibbleToChar(0x0D), 'D');
        Assert.assertEquals(nibbleToChar(0x0E), 'E');
        Assert.assertEquals(nibbleToChar(0x0F), 'F');
        Assert.assertEquals(nibbleToChar(0x10), '0');
        Assert.assertEquals(nibbleToChar(0x21), '1');
        Assert.assertEquals(nibbleToChar(0x32), '2');
        Assert.assertEquals(nibbleToChar(0x43), '3');
        Assert.assertEquals(nibbleToChar(0x54), '4');
        Assert.assertEquals(nibbleToChar(0x65), '5');
        Assert.assertEquals(nibbleToChar(0x76), '6');
        Assert.assertEquals(nibbleToChar(0x87), '7');
        Assert.assertEquals(nibbleToChar(0x98), '8');
        Assert.assertEquals(nibbleToChar(0xA9), '9');
        Assert.assertEquals(nibbleToChar(0xBA), 'A');
        Assert.assertEquals(nibbleToChar(0xCB), 'B');
        Assert.assertEquals(nibbleToChar(0xDC), 'C');
        Assert.assertEquals(nibbleToChar(0xED), 'D');
        Assert.assertEquals(nibbleToChar(0xFE), 'E');
        Assert.assertEquals(nibbleToChar(0xFF), 'F');
        }",1
(char ch),"public class IsHexit {
public static boolean isHexit(char ch)
        {
        // hexits in the unicode range appear in this order:
        //   {..., 0, ..., 9, ..., A, ..., F, ..., a, ..., f, ...}
        // so a hexit has to be in the range 0..f, and the entire character
        // range from 0..f is only 0x36 (so it fits inside a long mask)
        return ch >= '0' & ch <= 'f' & ((1L << ('f' - ch)) &
                // 3               4               5               6
                // 0123456789ABCDEF0123456789ABCDEF0123456789ABCDEF0123456
                // 0123456789:;<=>?@ABCDEFGHIJKLMNOPQRSTUVWXYZ[/]^_`abcdef
                0b01111111111000000011111100000000000000000000000000111111L) != 0;
        }
}","@Test
    public void testIsHexit()
        {
        Assert.assertTrue(isHexit('0'));
        Assert.assertTrue(isHexit('1'));
        Assert.assertTrue(isHexit('2'));
        Assert.assertTrue(isHexit('3'));
        Assert.assertTrue(isHexit('4'));
        Assert.assertTrue(isHexit('5'));
        Assert.assertTrue(isHexit('6'));
        Assert.assertTrue(isHexit('7'));
        Assert.assertTrue(isHexit('8'));
        Assert.assertTrue(isHexit('9'));
        Assert.assertTrue(isHexit('A'));
        Assert.assertTrue(isHexit('B'));
        Assert.assertTrue(isHexit('C'));
        Assert.assertTrue(isHexit('D'));
        Assert.assertTrue(isHexit('E'));
        Assert.assertTrue(isHexit('F'));
        Assert.assertTrue(isHexit('a'));
        Assert.assertTrue(isHexit('b'));
        Assert.assertTrue(isHexit('c'));
        Assert.assertTrue(isHexit('d'));
        Assert.assertTrue(isHexit('e'));
        Assert.assertTrue(isHexit('f'));
        Assert.assertFalse(isHexit('.'));
        Assert.assertFalse(isHexit('/'));
        Assert.assertFalse(isHexit(':'));
        Assert.assertFalse(isHexit(';'));
        Assert.assertFalse(isHexit((char) 0));
        Assert.assertFalse(isHexit(' '));
        Assert.assertFalse(isHexit('~'));
        Assert.assertFalse(isHexit('@'));
        Assert.assertFalse(isHexit('`'));
        Assert.assertFalse(isHexit('G'));
        Assert.assertFalse(isHexit('g'));
        }",1
(char ch),"public class IsDigit {
public static boolean isDigit(char ch)
        {
        return ch >= '0' & ch <= '9';
        }
}","@Test
    public void testIsDigit()
        {
        Assert.assertTrue(isDigit('0'));
        Assert.assertTrue(isDigit('1'));
        Assert.assertTrue(isDigit('2'));
        Assert.assertTrue(isDigit('3'));
        Assert.assertTrue(isDigit('4'));
        Assert.assertTrue(isDigit('5'));
        Assert.assertTrue(isDigit('6'));
        Assert.assertTrue(isDigit('7'));
        Assert.assertTrue(isDigit('8'));
        Assert.assertTrue(isDigit('9'));
        Assert.assertFalse(isDigit('.'));
        Assert.assertFalse(isDigit('/'));
        Assert.assertFalse(isDigit(':'));
        Assert.assertFalse(isDigit(';'));
        Assert.assertFalse(isDigit((char) 0));
        Assert.assertFalse(isDigit(' '));
        Assert.assertFalse(isDigit('~'));
        Assert.assertFalse(isDigit('A'));
        Assert.assertFalse(isDigit('a'));
        Assert.assertFalse(isDigit('F'));
        Assert.assertFalse(isDigit('f'));
        }",1
(char ch),"public class IsCharEscaped {
public static boolean isCharEscaped(char ch)
        {
        if (ch < 0x80)
            {
            return ch < 0x20 || ch == '\'' || ch == '\""' || ch == '\\' || ch == 0x7F;
            }
        else
            {
            return !Character.isValidCodePoint(ch) ||
                    Character.getType(ch) == Character.CONTROL ||
                    ch == '\u2028' || ch == '\u2029';
            }
        }
}","@Test
    public void testIsCharEscaped()
        {
        // the automatically-escaped portion of the ascii range
        for (int i = 0; i < 0x20; ++i)
            {
            Assert.assertTrue(isCharEscaped((char) i));
            }

        // the rest of the ascii range
        for (int i = 0x20; i <= 0x7F; ++i)
            {
            Assert.assertEquals(i == '\\' || i == '\'' || i == '\""' || i == 0x7F, isCharEscaped((char) i));
            }

        // other chars that are used as line separators
        Assert.assertTrue(isCharEscaped((char) 0x0085));  // NEL
        Assert.assertTrue(isCharEscaped((char) 0x2028));  // line sep
        Assert.assertTrue(isCharEscaped((char) 0x2029));  // para sep

        // some random non-escaped chars outside of ASCII range
        for (int i = 0x20A0; i <= 0x20BE; ++i)
            {
            Assert.assertFalse(isCharEscaped((char) i));
            }
        }",9
(int ms),"public class SleepMs {
public static void sleepMs(int ms) {
		try {
			Thread.sleep(ms);
		} catch(Exception ex) {
			
		}
	}
}","@Test
	public void testSleep() {
		long start = System.currentTimeMillis();
		BulldogUtil.sleepMs(10);
		long delta = System.currentTimeMillis() - start;
		TestCase.assertEquals(10, delta, 5);
		
		start = System.currentTimeMillis();
		BulldogUtil.sleepMs(1);
		delta = System.currentTimeMillis() - start;
		TestCase.assertEquals(1, delta, 5);
		
		start = System.currentTimeMillis();
		BulldogUtil.sleepMs(100);
		delta = System.currentTimeMillis() - start;
		TestCase.assertEquals(100, delta, 5);
		
		start = System.currentTimeMillis();
		BulldogUtil.sleepMs(500);
		delta = System.currentTimeMillis() - start;
		TestCase.assertEquals(500, delta, 5);
		
		start = System.currentTimeMillis();
		BulldogUtil.sleepMs(25);
		delta = System.currentTimeMillis() - start;
		TestCase.assertEquals(25, delta, 5);
	}",2
(int ns),"public class SleepNs {
public static void sleepNs(int ns) {
	    long start = System.nanoTime();
	    long end = 0;
	 
	    do {
	        end = System.nanoTime();
	    } while(start + ns >= end);
	}
}","@Test
	public void testSleepNs() {
		// This is hardly testable and won't be precise anyway.
		// The method call alone will change results drastically
	}",2
(byte b),"public class Reverse {
public static byte reverse(byte b) {
		b = (byte) ((b & 0xF0) >> 4 | (b & 0x0F) << 4);
		b = (byte) ((b & 0xCC) >> 2 | (b & 0x33) << 2);
		b = (byte) ((b & 0xAA) >> 1 | (b & 0x55) << 1);
	    return b;
	}
}","@Test
	public void testReversing() {
		TestCase.assertEquals((byte)0b10000000, BitMagic.reverse((byte)0b00000001));
		TestCase.assertEquals((byte)0b11000000, BitMagic.reverse((byte)0b00000011));
		TestCase.assertEquals((byte)0b10001000, BitMagic.reverse((byte)0b00010001));
		TestCase.assertEquals((byte)0x00, BitMagic.reverse((byte)0x00));
		TestCase.assertEquals((byte)0xFF, BitMagic.reverse((byte)0xFF));
	}",1
(byte b),"public class ToBitString {
public static String toBitString(byte b) {
		String s = String.format(""0b%8s"", Integer.toBinaryString(b & 0xFF)).replace(' ', '0');
		return s;
	}
}","@Test
	public void testBitToString() {
		TestCase.assertEquals(""0b00000000"", BitMagic.toBitString((byte)0b00000000));
		TestCase.assertEquals(""0b00100010"", BitMagic.toBitString((byte)0b00100010));
		TestCase.assertEquals(""0b11111111"", BitMagic.toBitString((byte)0b11111111));
		TestCase.assertEquals(""0b0000000000000000"", BitMagic.toBitString((short)0b00000000));
		TestCase.assertEquals(""0b0000000000100010"", BitMagic.toBitString((short)0b00100010));
		TestCase.assertEquals(""0b0000000011111111"", BitMagic.toBitString((short)0b11111111));
		TestCase.assertEquals(""0b00000000000000000000000000000000"", BitMagic.toBitString(0b00000000));
		TestCase.assertEquals(""0b00000000000000000000000000100010"", BitMagic.toBitString(0b00100010));
		TestCase.assertEquals(""0b00000000000000000000000011111111"", BitMagic.toBitString(0b11111111));
		TestCase.assertEquals(""0b0000000000000000000000000000000000000000000000000000000000000000"", BitMagic.toBitString(0b00000000L));
		TestCase.assertEquals(""0b0000000000000000000000000000000000000000000000000000000000100010"", BitMagic.toBitString(0b00100010L));
		TestCase.assertEquals(""0b0000000000000000000000000000000000000000000000000000000011111111"", BitMagic.toBitString(0b11111111L));
	}",1
"(double pixelX, double scaleFactor, int tileSize)","public class PixelXToTileX {
public static long pixelXToTileX(double pixelX, double scaleFactor, int tileSize) {
		return (long) Math.min(Math.max(pixelX / tileSize, 0), scaleFactor - 1);
	}
}","@Test
	public void pixelXToTileXTest() {
		for (int tileSize : TILE_SIZES) {
			for (byte zoomLevel = ZOOM_LEVEL_MIN; zoomLevel <= ZOOM_LEVEL_MAX; ++zoomLevel) {
				Assert.assertEquals(0, MercatorProjection.pixelXToTileX(0, zoomLevel, tileSize));
				Assert.assertEquals(0, MercatorProjection.pixelXToTileX(0, MercatorProjection.zoomLevelToScaleFactor(zoomLevel), tileSize));
			}
		}
	}",1
"(double pixelY, double scaleFactor, int tileSize)","public class PixelYToTileY {
public static long pixelYToTileY(double pixelY, double scaleFactor, int tileSize) {
		return (long) Math.min(Math.max(pixelY / tileSize, 0), scaleFactor - 1);
	}
}","@Test
	public void pixelYToTileYTest() {
		for (int tileSize : TILE_SIZES) {
			for (byte zoomLevel = ZOOM_LEVEL_MIN; zoomLevel <= ZOOM_LEVEL_MAX; ++zoomLevel) {
				Assert.assertEquals(0, MercatorProjection.pixelYToTileY(0, zoomLevel, tileSize));
				Assert.assertEquals(0, MercatorProjection.pixelYToTileY(0, MercatorProjection.zoomLevelToScaleFactor(zoomLevel), tileSize));
			}
		}
	}",1
"(long tileNumber, int tileSize)","public class TileToPixel {
public static long tileToPixel(long tileNumber, int tileSize) {
		return tileNumber * tileSize;
	}
}","@Test
	public void tileToPixelTest() {
		for (int tileSize : TILE_SIZES) {
			Assert.assertEquals(0, MercatorProjection.tileToPixel(0, tileSize));
			Assert.assertEquals(tileSize, MercatorProjection.tileToPixel(1, tileSize));
			Assert.assertEquals(tileSize * 2, MercatorProjection.tileToPixel(2, tileSize));
		}
	}",1
(byte zoomLevel),"public class ZoomLevelToScaleFactor {
public static double zoomLevelToScaleFactor(byte zoomLevel) {
		return Math.pow(2, zoomLevel);
	}
}","@Test
	public void zoomLevelToScaleFactorTest() {
		for (byte zoomLevel = ZOOM_LEVEL_MIN; zoomLevel <= ZOOM_LEVEL_MAX; ++zoomLevel) {
			double scaleFactor = MercatorProjection.zoomLevelToScaleFactor(zoomLevel);
			Assert.assertEquals(zoomLevel, MercatorProjection.scaleFactorToZoomLevel(scaleFactor), 0.0001f);
		}
	}",1
(byte zoomLevel),"public class GetMaxTileNumber {
public static long getMaxTileNumber(byte zoomLevel) {
		if (zoomLevel < 0) {
			throw new IllegalArgumentException(""zoomLevel must not be negative: "" + zoomLevel);
		} else if (zoomLevel == 0) {
			return 0;
		}
		return (2 << zoomLevel - 1) - 1;
	}
}","@Test
	public void getMaxTileNumberTest() {
		Assert.assertEquals(0, Tile.getMaxTileNumber((byte) 0));
		Assert.assertEquals(1, Tile.getMaxTileNumber((byte) 1));
		Assert.assertEquals(3, Tile.getMaxTileNumber((byte) 2));
		Assert.assertEquals(7, Tile.getMaxTileNumber((byte) 3));
		Assert.assertEquals(1023, Tile.getMaxTileNumber((byte) 10));
		Assert.assertEquals(1048575, Tile.getMaxTileNumber((byte) 20));
		Assert.assertEquals(1073741823, Tile.getMaxTileNumber((byte) 30));

		verifyInvalidMaxTileNumber((byte) -1);
		verifyInvalidMaxTileNumber(Byte.MIN_VALUE);
	}",3
(double seconds),"public class ConvertSecondsToNanoseconds {
public static long convertSecondsToNanoseconds(double seconds) {
        return (long) (seconds * 1000000000L);
    }
}","@Test
    public void testConversion() {
        assertEquals(UnitConverter.convertSecondsToNanoseconds(-1), -1000000000L);
        assertEquals(UnitConverter.convertSecondsToNanoseconds(0), 0L);
        assertEquals(UnitConverter.convertSecondsToNanoseconds(7), 7000000000L);
        assertEquals(UnitConverter.convertSecondsToNanoseconds(-1.34), -1340000000L);
        assertEquals(UnitConverter.convertSecondsToNanoseconds(0.0), 0L);
        assertEquals(UnitConverter.convertSecondsToNanoseconds(6.99), 6990000000L);
    }",1
(int in),"public class Int2ubyte {
public static final byte int2ubyte(int in) {
        in = ((in < 0) ? in = 0 - in : in) % 256;
        return (in > 127) ? (byte) (in - 256) : (byte) in;
    }
}","@Test
    public void testint2ubyte() {
        assertEquals(IPUtils.int2ubyte(255), (byte) -1);
        assertEquals(IPUtils.int2ubyte(0), (byte) 0);
        assertEquals(IPUtils.int2ubyte(127), (byte) 127);
        assertEquals(IPUtils.int2ubyte(129), (byte) -127);
        assertEquals(IPUtils.int2ubyte(128), (byte) -128);
        assertEquals(IPUtils.int2ubyte(130), (byte) -126);
    }",1
(byte in),"public class Ubyte2int {
public static final int ubyte2int(byte in) {
        return (in < 0) ? (int) in + 256 : (int) in;
    }
}","@Test
    public void testubyte2int() {
        assertEquals(IPUtils.ubyte2int((byte) -1), 255);
        assertEquals(IPUtils.ubyte2int((byte) 0), 0);
        assertEquals(IPUtils.ubyte2int((byte) 127), 127);
        assertEquals(IPUtils.ubyte2int((byte) -127), 129);
        assertEquals(IPUtils.ubyte2int((byte) -128), 128);
        assertEquals(IPUtils.ubyte2int((byte) -126), 130);
    }",1
(byte nibble),"public class Nibble2int {
public static int nibble2int(byte nibble) {
        int out;
        switch (nibble) {
            case '0':
                out = 0;
                break;
            case '1':
                out = 1;
                break;
            case '2':
                out = 2;
                break;
            case '3':
                out = 3;
                break;
            case '4':
                out = 4;
                break;
            case '5':
                out = 5;
                break;
            case '6':
                out = 6;
                break;
            case '7':
                out = 7;
                break;
            case '8':
                out = 8;
                break;
            case '9':
                out = 9;
                break;
            case 'a':
                out = 10;
                break;
            case 'b':
                out = 11;
                break;
            case 'c':
                out = 12;
                break;
            case 'd':
                out = 13;
                break;
            case 'e':
                out = 14;
                break;
            case 'f':
                out = 15;
                break;
            case 'A':
                out = 10;
                break;
            case 'B':
                out = 11;
                break;
            case 'C':
                out = 12;
                break;
            case 'D':
                out = 13;
                break;
            case 'E':
                out = 14;
                break;
            case 'F':
                out = 15;
                break;
            default:
                out = -1;
                break;
        }
        return out;
    }
}","@Test
    public void nibble2int() {
        assertEquals(IPUtils.nibble2int((byte) 'f'), 15);
        assertEquals(IPUtils.nibble2int((byte) 'F'), 15);
        assertEquals(IPUtils.nibble2int((byte) 'X'), -1); // -1 means No conversion possible
        assertEquals(IPUtils.nibble2int((byte) '0'), 0);
        assertEquals(IPUtils.nibble2int((byte) '7'), 7);
    }",2
(byte bytes[]),"public class AsHex {
protected static String asHex(byte bytes[]) {
        StringBuilder sb = new StringBuilder(bytes.length * 2);

        for (int i = 0; i < bytes.length; i++) {
            if ((bytes[i] & 0xff) < 0x10) {
                sb.append(""0"");
            }

            sb.append(Long.toString(bytes[i] & 0xff, 16));
        }

        return sb.toString();
    }
}","@Test
    public void AsHex() {
        byte[] testBytes;
        String actual;
        String expected;

        testBytes = new byte[]{0, 0, 0};
        expected = ""000000"";
        actual = CryptoUtil.asHex(testBytes);
        assertEquals(""3 byte min value"", expected, actual);

        testBytes = new byte[]{-1, -1, -1};
        expected = ""ffffff"";
        actual = CryptoUtil.asHex(testBytes);
        assertEquals(""3 byte max value"", expected, actual);

        testBytes = new byte[]{16, 16, 16};
        expected = ""101010"";
        actual = CryptoUtil.asHex(testBytes);
        assertEquals(""3 byte 16s place"", expected, actual);

        testBytes = new byte[]{1, 1, 1};
        expected = ""010101"";
        actual = CryptoUtil.asHex(testBytes);
        assertEquals(""3 byte 1s place"", expected, actual);
    }",3
(byte nibble),"public class Nibble2Int {
public static int nibble2Int(byte nibble) {
        int out;
        switch (nibble) {
            case '0':
                out = 0;
                break;
            case '1':
                out = 1;
                break;
            case '2':
                out = 2;
                break;
            case '3':
                out = 3;
                break;
            case '4':
                out = 4;
                break;
            case '5':
                out = 5;
                break;
            case '6':
                out = 6;
                break;
            case '7':
                out = 7;
                break;
            case '8':
                out = 8;
                break;
            case '9':
                out = 9;
                break;
            case 'a':
                out = 10;
                break;
            case 'b':
                out = 11;
                break;
            case 'c':
                out = 12;
                break;
            case 'd':
                out = 13;
                break;
            case 'e':
                out = 14;
                break;
            case 'f':
                out = 15;
                break;
            case 'A':
                out = 10;
                break;
            case 'B':
                out = 11;
                break;
            case 'C':
                out = 12;
                break;
            case 'D':
                out = 13;
                break;
            case 'E':
                out = 14;
                break;
            case 'F':
                out = 15;
                break;
            default:
                out = -1;
                break;
        }
        return out;
    }
}","@Test
    public void testInt2NibbleMap() {
        int i;
        byte[] expectedHex = new byte[]{'0', '1', '2', '3',
            '4', '5', '6', '7',
            '8', '9', 'A', 'B',
            'C', 'D', 'E', 'F',
            'a', 'b', 'c', 'd',
            'e', 'f'};

        int[] controlInts = {0, 1, 2, 3, 4, 5, 6, 7, 8, 9, 10, 11, 12, 13, 14, 15,
            10, 11, 12, 13, 14, 15};
        for (i = 0; i < controlInts.length; i++) {
            assertEquals(BitConverters.nibble2Int(expectedHex[i]), controlInts[i]);
        }
    }",2
(int in),"public class Int2ubyte {
public static byte int2ubyte(int in) {
        in &= 0xff;
        return (in < 128) ? (byte) in : (byte) (in - 256);
    }
}","@Test
    public void testint2ubyte() {
        int i;
        int[] controlInts = {0, 2, 4, 8, 16, 32, 64, 127, 128, 129, 255};
        byte[] expectedBytes = {(byte) 0x00, (byte) 0x02, (byte) 0x04, (byte) 0x08,
            (byte) 0x10, (byte) 0x20, (byte) 0x40, (byte) 0x7f, (byte) 0x80,
            (byte) 0x81, (byte) 0xff};

        for (i = 0; i < controlInts.length; i++) {
            assertEquals(expectedBytes[i], BitConverters.int2ubyte(controlInts[i]));
        }
    }",1
(byte in),"public class Ubyte2int {
public static int ubyte2int(byte in) {
        return (in >= 0) ? (int) in : (int) in + 256;
    }
}","@Test
    public void testubyte2int() {
        int i;
        byte[] controlBytes = {(byte) 0xff, (byte) 0x80, (byte) 0x7f};
        int[] expectedInts = {255, 128, 127};
        for (i = 0; i < controlBytes.length; i++) {
            assertEquals(expectedInts[i], BitConverters.ubyte2int(controlBytes[i]));
        }

        //exuastive test
        for (i = 0; i < 256; i++) {
            assertEquals(i, BitConverters.ubyte2int(BitConverters.int2ubyte(i)));
        }
    }",1
(long ipLong),"public class Long2ip {
public static String long2ip(long ipLong) {
        long o4 = (ipLong >> 24) & 0xFF;
        long o3 = (ipLong >> 16) & 0xFF;
        long o2 = (ipLong >> 8) & 0xFF;
        long o1 = (ipLong >> 0) & 0xFF;
        return String.format(""%d.%d.%d.%d"", o4, o3, o2, o1);
    }
}","@Test
    public void shouldConvertLong2IpString() {
        assertTrue(""172.16.0.0"".equals(IPv4ToolSet.long2ip(2886729728L)));
    }",1
(short half),"public class ConvertHalfToFloat {
public static float convertHalfToFloat(short half) {
        switch ((int) half) {
            case 0x0000:
                return 0f;
            case 0x8000:
                return -0f;
            case 0x7c00:
                return Float.POSITIVE_INFINITY;
            case 0xfc00:
                return Float.NEGATIVE_INFINITY;
            // TODO: Support for NaN?
            default:
                return Float.intBitsToFloat(((half & 0x8000) << 16)
                        | (((half & 0x7c00) + 0x1C000) << 13)
                        | ((half & 0x03FF) << 13));
        }
    }
}","@Test
    public void testConvertHalfToFloat() {
        assertEquals(Float.POSITIVE_INFINITY, FastMath.convertHalfToFloat((short)31744), 0.0f);
        assertEquals(0.0f, FastMath.convertHalfToFloat((short)0), 0.0f);
        assertEquals(65504.0f, FastMath.convertHalfToFloat((short)31743), 0.0f);
        assertEquals(-65536.0f, FastMath.convertHalfToFloat((short)-1024), 0.0f);
        assertEquals(-65504.0f, FastMath.convertHalfToFloat((short)-1025), 0.0f);
    }",2
"(double m00, double m01, double m02,
            double m03, double m10, double m11, double m12, double m13,
            double m20, double m21, double m22, double m23, double m30,
            double m31, double m32, double m33)","public class Determinant {
public static float determinant(double m00, double m01, double m02,
            double m03, double m10, double m11, double m12, double m13,
            double m20, double m21, double m22, double m23, double m30,
            double m31, double m32, double m33) {

        double det01 = m20 * m31 - m21 * m30;
        double det02 = m20 * m32 - m22 * m30;
        double det03 = m20 * m33 - m23 * m30;
        double det12 = m21 * m32 - m22 * m31;
        double det13 = m21 * m33 - m23 * m31;
        double det23 = m22 * m33 - m23 * m32;
        return (float) (m00 * (m11 * det23 - m12 * det13 + m13 * det12) - m01
                * (m10 * det23 - m12 * det03 + m13 * det02) + m02
                * (m10 * det13 - m11 * det03 + m13 * det01) - m03
                * (m10 * det12 - m11 * det02 + m12 * det01));
    }
}","@Test
    public void testDeterminant() {
        assertEquals(20.0f, FastMath.determinant(
                5.0,  -7.0,  2.0,  2.0,
                0.0,   3.0,  0.0, -4.0,
               -5.0,  -8.0,  0.0,  3.0,
                0.0,   5.0,  0.0, -6.0), 0.0f);

        assertEquals(0.0f, FastMath.determinant(
                1.0,  2.0,  3.0,  4.0,
                5.0,  6.0,  7.0,  8.0,
                9.0,  10.0, 11.0, 12.0,
                13.0, 14.0, 15.0, 16.0), 0.0f);
    }",1
(int number),"public class NearestPowerOfTwo {
public static int nearestPowerOfTwo(int number) {
        number--;
        number |= number >> 1;
        number |= number >> 2;
        number |= number >> 4;
        number |= number >> 8;
        number |= number >> 16;
        number++;
        number += (number == 0) ? 1 : 0;
        return number;
    }
}","@Test
    public void testNearestPowerOfTwo() {
        for (int i = -100; i < 1; i++) {
            assert FastMath.nearestPowerOfTwo(i) == 1;
        }
        for (int i = 1; i < 10000; i++) {
            int nextPowerOf2 = FastMath.nearestPowerOfTwo(i);
            assert i <= nextPowerOf2;
            assert FastMath.isPowerOfTwo(nextPowerOf2);
            assert nextPowerOf2 == nearestPowerOfTwoSlow(i);
        }
    }",1
(int iValue),"public class Sign {
public static int sign(int iValue) {
        if (iValue > 0) {
            return 1;
        }
        if (iValue < 0) {
            return -1;
        }
        return 0;
    }
}","@Test
    public void testSign() {
        assertEquals(-1, FastMath.sign(-2_147_483_647));
        assertEquals(1, FastMath.sign(1));
        assertEquals(0, FastMath.sign(0));
        assertEquals(0.0f, FastMath.sign(0.0f), 0.0f);
    }",3
(int argb),"public class ColorToHTML {
static String colorToHTML(int argb) {
        return String.format(""#%06X"", argb & 0xffffff);
    }
}","@Test
    public void testColorToHTML() {
        assertEquals(""#C7EBFC"", MissionLog.colorToHTML(0xffc7ebfc));
        assertEquals(""#C7EBFC"", MissionLog.colorToHTML(0xc7ebfc));
        assertEquals(""#07EBFC"", MissionLog.colorToHTML(0xff07ebfc));
        assertEquals(""#07EBFC"", MissionLog.colorToHTML(0x7ebfc));
        assertEquals(""#00EBFC"", MissionLog.colorToHTML(0xff00ebfc));
        assertEquals(""#00EBFC"", MissionLog.colorToHTML(0xebfc));
        assertEquals(""#0000FC"", MissionLog.colorToHTML(0xff0000fc));
        assertEquals(""#0000FC"", MissionLog.colorToHTML(0xfc));
    }",1
(int n),"public class RGBToHex {
public static String RGBToHex(int n) {
        StringBuilder sb = new StringBuilder();
        sb.append(Integer.toHexString(n));
        // Add '0' character at first index if the string length < 2.
        if (sb.length() < 2) {
            sb.insert(0, '0');
        }

        return sb.toString().toUpperCase();
    }
}","@Test
    public void colorUtils_RGBToHex() {
        assertEquals(ColorUtils.RGBToHex(0), ""00"");
        assertEquals(ColorUtils.RGBToHex(16), ""10"");
        assertEquals(ColorUtils.RGBToHex(255), ""FF"");
    }",2
(int i),"public class IntToIp {
public static String intToIp(int i) {
        StringBuilder out = new StringBuilder(15);
        out.append((i >> 24) & 0xFF);
        out.append(""."");
        out.append((i >> 16) & 0xFF);
        out.append(""."");
        out.append((i >> 8) & 0xFF);
        out.append(""."");
        out.append(i & 0xFF);

        return out.toString();
    }
}","@Test
	public void testIntToIp() {
		assertEquals(""0.0.0.0"", IPUtil.intToIp(0));
		assertEquals(""0.0.0.255"", IPUtil.intToIp(255));
		assertEquals(""0.0.1.255"", IPUtil.intToIp((1 * 256) + 255));
		assertEquals(""0.25.1.255"", IPUtil.intToIp((25 * 256 * 256) + (1 * 256) + 255));
		assertEquals(""32.25.1.255"", IPUtil.intToIp((32 * 256 * 256 * 256) + (25 * 256 * 256) + (1 * 256) + 255));
		assertEquals(""255.255.255.255"", IPUtil.intToIp((255 * 256 * 256 * 256) + (255 * 256 * 256) + (255 * 256) + 255));
	}",1
"( long start, long end )","public class FormatInterval {
public String formatInterval( long start, long end )
    {
        long diff = end - start;

        long interval = diff / 1000L;

        long hours = interval / 3600L;

        interval -= hours * 3600;

        long minutes = interval / 60;

        interval -= minutes * 60;

        long seconds = interval;

        if ( hours > 0 )
        {
            return Long.toString( hours ) + ""h "" + Long.toString( minutes ) + ""m "" + Long.toString( seconds ) + ""s"";
        }

        if ( minutes > 0 )
        {
            return Long.toString( minutes ) + ""m "" + Long.toString( seconds ) + ""s"";
        }

        return Long.toString( seconds ) + ""s"";
    }
}","@Test
    public void testIntervalFormatting()
        throws Exception
    {
        FormatterTool tool = new FormatterTool( null );

        assertEquals( ""10s"", tool.formatInterval( 0, makeTime( 0, 0, 10 ) ) );

        assertEquals( ""1m 0s"", tool.formatInterval( 0, makeTime( 0, 1, 0 ) ) );

        assertEquals( ""1m 10s"", tool.formatInterval( 0, makeTime( 0, 1, 10 ) ) );

        assertEquals( ""1h 0m 0s"", tool.formatInterval( 0, makeTime( 1, 0, 0 ) ) );

        assertEquals( ""1h 10m 0s"", tool.formatInterval( 0, makeTime( 1, 10, 0 ) ) );

        assertEquals( ""1h 1m 10s"", tool.formatInterval( 0, makeTime( 1, 1, 10 ) ) );

        assertEquals( ""8s"", tool.formatInterval( 1112561981137L, 1112561990023L ) );
    }",3
(int value),"public class IntToBytes {
public static byte[] intToBytes(int value) {
        return new byte[]{(byte) (value >>> 24), (byte) (value >>> 16), (byte) (value >>> 8), (byte) (value)

        };
    }
}","@Test
    public void intToBytes() {
        assertIntBytesConvert(0);
        assertIntBytesConvert(1);
        assertIntBytesConvert(-1);
        assertIntBytesConvert(500);
        assertIntBytesConvert(-500);
        assertIntBytesConvert(Integer.MAX_VALUE);
        assertIntBytesConvert(Integer.MIN_VALUE);

    }",1
(double percent),"public class Percentage {
public static boolean percentage(double percent) {
        return Math.random() <= percent * 0.01;
    }
}","@Test
    public void percentage() {

        int isTrue = 0;
        int isFalse = 0;
        for (int i = 0; i < 100; i++) {
            boolean a = UtilComponent.percentage(5.5);

            if (a)
                isTrue++;
            else
                isFalse++;
        }

        System.out.println(""True: "" + isTrue);
        System.out.println(""False: "" + isFalse);
    }",1
"(double bearing1, double bearing2)","public class GetBearingDifferenceDegrees {
public static double getBearingDifferenceDegrees(double bearing1, double bearing2) {
        if (bearing1 < 0)
            bearing1 += 360;
        if (bearing2 > 180)
            bearing2 -= 360;
        double result = bearing1 - bearing2;
        if (result > 180)
            result -= 360;
        return result;
    }
}","@Test
    public final void testBearingDifference() {
        double precision = 0.00001;
        Assert.assertEquals(15.0, Position.getBearingDifferenceDegrees(20, 5), precision);
        Assert.assertEquals(15.0, Position.getBearingDifferenceDegrees(20, 365), precision);
        Assert.assertEquals(15.0, Position.getBearingDifferenceDegrees(20, 5), precision);
        Assert.assertEquals(15.0, Position.getBearingDifferenceDegrees(380, 5), precision);
        Assert.assertEquals(-25, Position.getBearingDifferenceDegrees(-20, 5), precision);
        Assert.assertEquals(5, Position.getBearingDifferenceDegrees(-20, -25), precision);
    }",4
(byte b),"public class ByteToBoolean {
static boolean byteToBoolean(byte b) {
    return b != 0x0;
  }
}","@Test
  public void byteToBooleanTest() {
    assertTrue(BoolLayout.byteToBoolean((byte)1));
    assertTrue(BoolLayout.byteToBoolean((byte)127));
    assertTrue(BoolLayout.byteToBoolean((byte)-128));
    assertTrue(BoolLayout.byteToBoolean((byte)255));
    assertFalse(BoolLayout.byteToBoolean((byte)0));
  }",1
(boolean b),"public class BooleanToByte {
static byte booleanToByte(boolean b) {
    return (byte)(b ? 0x1 : 0x0);
  }
}","@Test
  public void booleanToByteTest() {
    assertEquals((byte)1, BoolLayout.booleanToByte(true));
    assertEquals((byte)0, BoolLayout.booleanToByte(false));
  }",1
(short i16),"public class Float16to32 {
static float float16to32(short i16) {
    return Float.intBitsToFloat((int)i16 << 16);
  }
}","@Test
  public void testFloat16to32() {

    // Zero and subnormals
    assertEquals(0.0f, Bfloat16Layout.float16to32((short)0x0000), 0);
    assertEquals(-0.0f, Bfloat16Layout.float16to32((short)0x8000), 0);
    assertEquals(9.18355E-41f, Bfloat16Layout.float16to32((short)0x0001), 1e-8f);
    assertEquals(-9.403955E-38, Bfloat16Layout.float16to32((short)0x8200), 1e-8f);

    // Infinite and NaN
    assertEquals(Float.POSITIVE_INFINITY, Bfloat16Layout.float16to32((short)0x7F80), 0);
    assertEquals(Float.NEGATIVE_INFINITY, Bfloat16Layout.float16to32((short)0xFF80), 0);
    assertEquals(Float.NaN, Bfloat16Layout.float16to32((short)0x7FC0), 0);
    assertEquals(Float.intBitsToFloat(0xFFFFFFFF), Bfloat16Layout.float16to32((short)0x7FC0), 0);

    // Normalized
    assertEquals(1.0f, Bfloat16Layout.float16to32((short)0x3F80), 0);
    assertEquals(-1.0f, Bfloat16Layout.float16to32((short)0xBF80), 0);
    assertEquals(100.0f, Bfloat16Layout.float16to32((short)0x42C8), 0);
    assertEquals(-101.0f, Bfloat16Layout.float16to32((short)0xC2CA), 0);
    assertEquals(1.1171875f, Bfloat16Layout.float16to32((short)0x3F8F), 0);
    assertEquals(131072f, Bfloat16Layout.float16to32((short)0x4800), 0);
    assertEquals(3.3895314e38f, Bfloat16Layout.float16to32((short)0x7F7F), 0);
    assertEquals(-3.3895314e38f, Bfloat16Layout.float16to32((short)0xFF7F), 0);
    assertEquals(1.6171875f, Bfloat16Layout.float16to32((short)0x3FCF), 0);
    assertEquals(65536.0, Bfloat16Layout.float16to32((short)0x4780), 0);
  }",1
(double value),"public class Pow2 {
public static double pow2(double value) {
    return value * value;
  }
}","@Test
  public void test_pow2() {
    assertThat(MathUtils.pow2(3)).isEqualTo(9);
    assertThat(MathUtils.pow2(2)).isEqualTo(4);
    assertThat(MathUtils.pow2(1)).isEqualTo(1);
    assertThat(MathUtils.pow2(0)).isEqualTo(0);
    assertThat(MathUtils.pow2(-1)).isEqualTo(1);
    assertThat(MathUtils.pow2(-2)).isEqualTo(4);
    assertThat(MathUtils.pow2(-3)).isEqualTo(9);
    assertThat(MathUtils.pow2(Double.POSITIVE_INFINITY)).isEqualTo(Double.POSITIVE_INFINITY);
    assertThat(MathUtils.pow2(Double.NEGATIVE_INFINITY)).isEqualTo(Double.POSITIVE_INFINITY);
    assertThat(MathUtils.pow2(Double.NaN)).isNaN();
    assertThat(MathUtils.pow2(Double.POSITIVE_INFINITY)).isEqualTo(Math.pow(Double.POSITIVE_INFINITY, 2));
    assertThat(MathUtils.pow2(Double.NEGATIVE_INFINITY)).isEqualTo(Math.pow(Double.NEGATIVE_INFINITY, 2));
    assertThat(MathUtils.pow2(Double.NaN)).isNaN();
  }",1
(double value),"public class Pow3 {
public static double pow3(double value) {
    return value * value * value;
  }
}","@Test
  public void test_pow3() {
    assertThat(MathUtils.pow3(3)).isEqualTo(27);
    assertThat(MathUtils.pow3(2)).isEqualTo(8);
    assertThat(MathUtils.pow3(1)).isEqualTo(1);
    assertThat(MathUtils.pow3(0)).isEqualTo(0);
    assertThat(MathUtils.pow3(-1)).isEqualTo(-1);
    assertThat(MathUtils.pow3(-2)).isEqualTo(-8);
    assertThat(MathUtils.pow3(-3)).isEqualTo(-27);
    assertThat(MathUtils.pow3(Double.POSITIVE_INFINITY)).isEqualTo(Double.POSITIVE_INFINITY);
    assertThat(MathUtils.pow3(Double.NEGATIVE_INFINITY)).isEqualTo(Double.NEGATIVE_INFINITY);
    assertThat(MathUtils.pow3(Double.NaN)).isNaN();
    assertThat(MathUtils.pow3(Double.POSITIVE_INFINITY)).isEqualTo(Math.pow(Double.POSITIVE_INFINITY, 3));
    assertThat(MathUtils.pow3(Double.NEGATIVE_INFINITY)).isEqualTo(Math.pow(Double.NEGATIVE_INFINITY, 3));
    assertThat(MathUtils.pow3(Double.NaN)).isNaN();
  }",1
"(double value, double tolerance)","public class NearZero {
public static boolean nearZero(double value, double tolerance) {
    return value >= -tolerance && value <= tolerance;
  }
}","@Test
  public void test_nearZero() {
    assertThat(MathUtils.nearZero(0, 0)).isTrue();
    assertThat(MathUtils.nearZero(-0, 0)).isTrue();

    assertThat(MathUtils.nearZero(0, 0.5)).isTrue();
    assertThat(MathUtils.nearZero(-0, 0.5)).isTrue();

    assertThat(MathUtils.nearZero(0.5, 0.5)).isTrue();
    assertThat(MathUtils.nearZero(Math.nextAfter(0.5, -1000d), 0.5)).isTrue();
    assertThat(MathUtils.nearZero(Math.nextAfter(0.5, 1000d), 0.5)).isFalse();

    assertThat(MathUtils.nearZero(-0.5, 0.5)).isTrue();
    assertThat(MathUtils.nearZero(Math.nextAfter(-0.5, -1000d), 0.5)).isFalse();
    assertThat(MathUtils.nearZero(Math.nextAfter(-0.5, 1000d), 0.5)).isTrue();

    assertThat(MathUtils.nearZero(Double.POSITIVE_INFINITY, 0.5)).isFalse();
    assertThat(MathUtils.nearZero(Double.NEGATIVE_INFINITY, 0.5)).isFalse();
    assertThat(MathUtils.nearZero(Double.NaN, 0.5)).isFalse();
  }",2
(double value),"public class Pow4 {
public static double pow4(double value) {
    return value * value * value * value;
  }
}","@Test
  public void test_pow4() {
    assertThat(MathUtils.pow4(3)).isEqualTo(81);
    assertThat(MathUtils.pow4(2)).isEqualTo(16);
    assertThat(MathUtils.pow4(1)).isEqualTo(1);
    assertThat(MathUtils.pow4(0)).isEqualTo(0);
    assertThat(MathUtils.pow4(-1)).isEqualTo(1);
    assertThat(MathUtils.pow4(-2)).isEqualTo(16);
    assertThat(MathUtils.pow4(-3)).isEqualTo(81);
    assertThat(MathUtils.pow4(Double.POSITIVE_INFINITY)).isEqualTo(Double.POSITIVE_INFINITY);
    assertThat(MathUtils.pow4(Double.NEGATIVE_INFINITY)).isEqualTo(Double.POSITIVE_INFINITY);
    assertThat(MathUtils.pow4(Double.NaN)).isNaN();
    assertThat(MathUtils.pow4(Double.POSITIVE_INFINITY)).isEqualTo(Math.pow(Double.POSITIVE_INFINITY, 4));
    assertThat(MathUtils.pow4(Double.NEGATIVE_INFINITY)).isEqualTo(Math.pow(Double.NEGATIVE_INFINITY, 4));
    assertThat(MathUtils.pow4(Double.NaN)).isNaN();
  }",1
"(double value, double tolerance)","public class NearOne {
public static boolean nearOne(double value, double tolerance) {
    return value >= 1 - tolerance && value <= 1 + tolerance;
  }
}","@Test
  public void test_nearOne() {
    assertThat(MathUtils.nearOne(1, 0)).isTrue();
    assertThat(MathUtils.nearOne(1, 0.5)).isTrue();

    assertThat(MathUtils.nearOne(1.5, 0.5)).isTrue();
    assertThat(MathUtils.nearOne(Math.nextAfter(1.5, -1000d), 0.5)).isTrue();
    assertThat(MathUtils.nearOne(Math.nextAfter(1.5, 1000d), 0.5)).isFalse();

    assertThat(MathUtils.nearOne(0.5, 0.5)).isTrue();
    assertThat(MathUtils.nearOne(Math.nextAfter(0.5, -1000d), 0.5)).isFalse();
    assertThat(MathUtils.nearOne(Math.nextAfter(0.5, 1000d), 0.5)).isTrue();

    assertThat(MathUtils.nearOne(Double.POSITIVE_INFINITY, 0.5)).isFalse();
    assertThat(MathUtils.nearOne(Double.NEGATIVE_INFINITY, 0.5)).isFalse();
    assertThat(MathUtils.nearOne(Double.NaN, 0.5)).isFalse();
  }",2
(double x),"public class Acos {
public static double acos(double x) {
    return Math.acos(x);
  }
}","@Test
  public void testNull1() {
    assertThatIllegalArgumentException()
        .isThrownBy(() -> TrigonometricFunctionUtils.acos(null));
  }",1
(double x),"public class Atan {
public static double atan(double x) {
    return Math.atan(x);
  }
}","@Test
  public void testNull5() {
    assertThatIllegalArgumentException()
        .isThrownBy(() -> TrigonometricFunctionUtils.atan(null));
  }",1
(double x),"public class Asin {
public static double asin(double x) {

    return Math.asin(x);
  }
}","@Test
  public void testNull3() {
    assertThatIllegalArgumentException()
        .isThrownBy(() -> TrigonometricFunctionUtils.asin(null));
  }",1
(double x),"public class Asinh {
public static double asinh(double x) {
    return Math.log(x + Math.sqrt(x * x + 1));
  }
}","@Test
  public void testNull4() {
    assertThatIllegalArgumentException()
        .isThrownBy(() -> TrigonometricFunctionUtils.asinh(null));
  }",1
(double x),"public class Cos {
public static double cos(double x) {
    return Math.cos(x);
  }
}","@Test
  public void testNull7() {
    assertThatIllegalArgumentException()
        .isThrownBy(() -> TrigonometricFunctionUtils.cos(null));
  }",1
(double x),"public class Cosh {
public static double cosh(double x) {
    return Math.cosh(x);
  }
}","@Test
  public void testNull8() {
    assertThatIllegalArgumentException()
        .isThrownBy(() -> TrigonometricFunctionUtils.cosh(null));
  }",1
(double x),"public class Sin {
public static double sin(double x) {
    return Math.sin(x);
  }
}","@Test
  public void testNull9() {
    assertThatIllegalArgumentException()
        .isThrownBy(() -> TrigonometricFunctionUtils.sin(null));
  }",1
(double x),"public class Sinh {
public static double sinh(double x) {
    return Math.sinh(x);
  }
}","@Test
  public void testNull10() {
    assertThatIllegalArgumentException()
        .isThrownBy(() -> TrigonometricFunctionUtils.sinh(null));
  }",1
(double x),"public class Tan {
public static double tan(double x) {
    return Math.tan(x);
  }
}","@Test
  public void testNull11() {
    assertThatIllegalArgumentException()
        .isThrownBy(() -> TrigonometricFunctionUtils.tan(null));
  }",1
(double x),"public class Tanh {
public static double tanh(double x) {
    return Math.tanh(x);
  }
}","@Test
  public void testNull12() {
    assertThatIllegalArgumentException()
        .isThrownBy(() -> TrigonometricFunctionUtils.tanh(null));
  }",1
(double x),"public class Square {
@Deprecated
  public static double square(double x) {
    return x * x;
  }
}","@Test
  @SuppressWarnings(""deprecation"")
  public void testSquare() {
    for (int i = 0; i < 100; i++) {
      final double x = Math.random();
      assertThat(FunctionUtils.square(x)).isCloseTo(x * x, offset(EPS));
    }
  }",1
(double x),"public class Cube {
@Deprecated
  public static double cube(double x) {
    return x * x * x;
  }
}","@Test
  @SuppressWarnings(""deprecation"")
  public void testCube() {
    for (int i = 0; i < 100; i++) {
      final double x = Math.random();
      assertThat(FunctionUtils.cube(x)).isCloseTo(x * x * x, offset(EPS));
    }
  }",1
(long in),"public class LongToInt {
public static int longToInt(long in) {
        return in > Integer.MAX_VALUE ? Integer.MAX_VALUE : in < Integer.MIN_VALUE ? Integer.MIN_VALUE : (int) in;
    }
}","@Test
    void testLongToInt() {
        int result = CommonHelper.longToInt(1597599136443L);
        Assertions.assertEquals(Integer.MAX_VALUE, result);

        int result1 = CommonHelper.longToInt(1L);
        Assertions.assertEquals(1, result1);
    }",1
(int n),"public class Fibo {
public static int fibo(int n) {
        if (n < 0) {
            throw new IllegalArgumentException(""n must be positive"");
        }
        if (n <= 1) {
            return n;
        }
        return fibo(n - 1) + fibo(n - 2);
    }
}","@Test(name = ""validate the fib suite - exception expected"")
    public void testFibException() {
        assumeThat(expectedException).isNotNull();
        assertWhen((p) -> Fibo.fibo(p), x).throwException(
                instanceOf(expectedException));
    }",3
"(int givenValue, int maxValue, int maxHeight)","public class GetRelativeHeight {
protected int getRelativeHeight(int givenValue, int maxValue, int maxHeight) {
        try {
            return (maxHeight * givenValue) / maxValue;
        } catch (Exception e) {
            return 0;
        }
    }
}","@Test
    public void shouldCalculateTheCorrectRelativeHeight() throws Exception {
        StockOnHandGraphBar stockOnHandGraphBar = new StockOnHandGraphBar();
        assertThat(stockOnHandGraphBar.getRelativeHeight(80, 100, 100), is(80));
        assertThat(stockOnHandGraphBar.getRelativeHeight(382, 394, 298), is(288));

    }",2
(double x),"public class Ilogit {
public static double ilogit(double x) {
		return 1 / (1 + Math.exp(-x));
	}
}","@Test
	public void testIlogit() {
		double[] xarr = {-10, 5, 0, 20, 23.7, 0.3};
		for (double x : xarr) {
			assertEquals(x, MathUtil.logit(MathUtil.ilogit(x)), 0.000001);
		}
	}",1
(double net),"public class GetOutput {
public double getOutput(double net) {
		if (net > 0d)
			return 1d;
		else
			return -1d;
	}
}","@Test
	public void testGetOutput() {
		double result = instance.getOutput(net);
		assertEquals(expected, result, 0.0);
	}",2
(double price),"public class DeterminePriceCatForCPD {
public static Integer determinePriceCatForCPD(double price)
    {
        if (price >= 0 && price <= 3)
        {
            return 1;
        }
        if (price > 3 && price <= 5)
        {
            return 2;
        }
        if (price > 5)
        {
            return 3;
        }
        return 3;
    }
}","@Test
    public void determinePriceCatForCPD() {
        double d = 10.456;
        assertEquals(3, (int) CommonUtil.determinePriceCatForCPD(d));
        d = 005D;
        assertEquals(2, (int) CommonUtil.determinePriceCatForCPD(d));
        d = 0.69999999999999;
        assertEquals(1, (int) CommonUtil.determinePriceCatForCPD(d));
        d = 7.123456789;
        assertEquals(3, (int) CommonUtil.determinePriceCatForCPD(d));
        d = -1D;
        assertEquals(3, (int) CommonUtil.determinePriceCatForCPD(d));
        d = 1.9633331;
        assertEquals(1, (int) CommonUtil.determinePriceCatForCPD(d));
    }",6
(double price),"public class DeterminePriceCatForCPT {
public static Integer determinePriceCatForCPT(double price)
    {
        if (price >= 0 && price <= 60000)
        {
            return 1;
        }
        if (price > 60000 && price <= 400000)
        {
            return 2;
        }
        if (price > 400000)
        {
            return 3;
        }
        return 3;
    }
}","@Test
    public void determinePriceCatForCPT() {
        double d = 10.456;
        assertEquals(1, (int) CommonUtil.determinePriceCatForCPT(d));
        d = 300000D;
        assertEquals(2, (int) CommonUtil.determinePriceCatForCPT(d));
        d = 69999999999999D;
        assertEquals(3, (int) CommonUtil.determinePriceCatForCPT(d));
        d = 123.456789;
        assertEquals(1, (int) CommonUtil.determinePriceCatForCPT(d));
        d = -1D;
        assertEquals(3, (int) CommonUtil.determinePriceCatForCPT(d));

    }",6
"(double d1, double d2)","public class EqualNumbers {
public static boolean equalNumbers(double d1, double d2)
    {
        if (Math.abs(d1 - d2) <= 0.001)
        {
            return true;
        }
        return false;
    }
}","@Test
    public void equalNumbers() {
        double d1 = 1.0000, d2 = 2.0000;
        assertFalse(CommonUtil.equalNumbers(d1, d2));
        d2 = 1.0001;
        assertTrue(CommonUtil.equalNumbers(d1, d2));
        d2 = 1.001;
        assertTrue(CommonUtil.equalNumbers(d1, d2));
        d2 = 1.01;
        assertFalse(CommonUtil.equalNumbers(d1, d2));
    }",2
(double price),"public class DeterminePriceCatForCPM {
public static Integer determinePriceCatForCPM(double price)
    {
        if (price >= 0.0 && price <= 12)
        {
            return 1;
        }
        if (price > 12 && price <= 25)
        {
            return 2;
        }
        if (price > 25)
        {
            return 3;
        }
        return 3;
    }
}","@Test
    public void determinePriceCatForCPM() {
        double d = 123.456;
        assertEquals(3, (int) CommonUtil.determinePriceCatForCPM(d));
        d = 456789123456D;
        assertEquals(3, (int) CommonUtil.determinePriceCatForCPM(d));
        d = 11.9999999;
        assertEquals(1, (int) CommonUtil.determinePriceCatForCPM(d));
        d = 12.00001;
        assertEquals(2, (int) CommonUtil.determinePriceCatForCPM(d));
        d = 25.00001;
        assertEquals(3, (int) CommonUtil.determinePriceCatForCPM(d));
    }",6
(double price),"public class DeterminePriceCatForCPC {
public static Integer determinePriceCatForCPC(double price)
    {
        if (price >= 0.0 && price <= 0.7)
        {
            return 1;
        }
        if (price > 0.7 && price <= 2)
        {
            return 2;
        }
        if (price > 2)
        {
            return 3;
        }
        return 3;
    }
}","@Test
    public void determinePriceCatForCPC() {
        double d = 10.456;
        assertEquals(3, (int) CommonUtil.determinePriceCatForCPC(d), 0);
        d = 005D;
        assertEquals(3, (int) CommonUtil.determinePriceCatForCPC(d), 0);
        d = 0.69999999999999;
        assertEquals(1, (int) CommonUtil.determinePriceCatForCPC(d), 0);
        d = 0.70000001;
        assertEquals(2, (int) CommonUtil.determinePriceCatForCPC(d), 0);
        d = -1D;
        assertEquals(3, (int) CommonUtil.determinePriceCatForCPC(d), 0);
        d = 1.9633331;
        assertEquals(2, (int) CommonUtil.determinePriceCatForCPC(d), 0);
    }",6
(int i),"public class ToHexString {
public static String toHexString(int i) {
        int count = 1, j = i;

        if (i < 0) {
            count = 8;
        } else {
            while ((j = j >>> 4) != 0) {
                count++;
            }
        }

        char[] buffer = new char[count];
        do {
            int t = i & 15;
            if (t > 9) {
                t = t - 10 + 'a';
            } else {
                t += '0';
            }
            buffer[--count] = (char) t;
            i = i >>> 4;
        } while (count > 0);
        return new String(buffer);
    }
}","@Test public void test_toHexStringI() {
        // Test for method java.lang.String java.lang.IntegerUtil.toHexString(int)

        String[] hexvals = {""0"", ""1"", ""2"", ""3"", ""4"", ""5"", ""6"", ""7"", ""8"", ""9"",
                ""a"", ""b"", ""c"", ""d"", ""e"", ""f""};

        for (int i = 0; i < 16; i++) {
            assertTrue(""Incorrect string returned "" + hexvals[i], Integers.toHexString(i).equals(hexvals[i]));
        }

        assertTrue(""Returned incorrect hex string: ""
                + Integers.toHexString(Integers.MAX_VALUE), Integers.toHexString(
                Integers.MAX_VALUE).equals(""7fffffff""));
        assertTrue(""Returned incorrect hex string: ""
                + Integers.toHexString(Integers.MIN_VALUE), Integers.toHexString(
                Integers.MIN_VALUE).equals(""80000000""));
    }",5
(int i),"public class ToBinaryString {
public static String toBinaryString(int i) {
        int count = 1, j = i;

        if (i < 0) {
            count = 32;
        } else {
            while ((j = j >>> 1) != 0) {
                count++;
            }
        }

        char[] buffer = new char[count];
        do {
            buffer[--count] = (char) ((i & 1) + '0');
            i = i >>> 1;
        } while (count > 0);
        return new String(buffer);
    }
}","@Test public void test_toBinaryStringI() {
        // Test for method java.lang.String
        // java.lang.Integer.toBinaryString(int)
        assertEquals(""Incorrect string returned"", ""11"", Integers.toBinaryString(3));
        assertEquals(""Incorrect string returned"", ""1111111111111111111111111111111"",
                Integers.toBinaryString(Integers.MAX_VALUE));
        assertEquals(""Incorrect string returned"", ""10000000000000000000000000000000"",
                Integers.toBinaryString(Integers.MIN_VALUE));
    }",4
(int i),"public class HighestOneBit {
public static int highestOneBit(int i) {
        i |= (i >> 1);
        i |= (i >> 2);
        i |= (i >> 4);
        i |= (i >> 8);
        i |= (i >> 16);
        return (i & ~(i >>> 1));
    }
}","@Test public void test_highestOneBitI() {
        assertEquals(0x08, Integers.highestOneBit(0x0A));
        assertEquals(0x08, Integers.highestOneBit(0x0B));
        assertEquals(0x08, Integers.highestOneBit(0x0C));
        assertEquals(0x08, Integers.highestOneBit(0x0F));
        assertEquals(0x80, Integers.highestOneBit(0xFF));

        assertEquals(0x080000, Integers.highestOneBit(0x0F1234));
        assertEquals(0x800000, Integers.highestOneBit(0xFF9977));

        assertEquals(0x80000000, Integers.highestOneBit(0xFFFFFFFF));

        assertEquals(0, Integers.highestOneBit(0));
        assertEquals(1, Integers.highestOneBit(1));
        assertEquals(0x80000000, Integers.highestOneBit(-1));
    }",1
(int i),"public class LowestOneBit {
public static int lowestOneBit(int i) {
        return (i & (-i));
    }
}","@Test public void test_lowestOneBitI() {
        assertEquals(0x10, Integers.lowestOneBit(0xF0));

        assertEquals(0x10, Integers.lowestOneBit(0x90));
        assertEquals(0x10, Integers.lowestOneBit(0xD0));

        assertEquals(0x10, Integers.lowestOneBit(0x123490));
        assertEquals(0x10, Integers.lowestOneBit(0x1234D0));

        assertEquals(0x100000, Integers.lowestOneBit(0x900000));
        assertEquals(0x100000, Integers.lowestOneBit(0xD00000));

        assertEquals(0x40, Integers.lowestOneBit(0x40));
        assertEquals(0x40, Integers.lowestOneBit(0xC0));

        assertEquals(0x4000, Integers.lowestOneBit(0x4000));
        assertEquals(0x4000, Integers.lowestOneBit(0xC000));

        assertEquals(0x4000, Integers.lowestOneBit(0x99994000));
        assertEquals(0x4000, Integers.lowestOneBit(0x9999C000));

        assertEquals(0, Integers.lowestOneBit(0));
        assertEquals(1, Integers.lowestOneBit(1));
        assertEquals(1, Integers.lowestOneBit(-1));
    }",1
(int i),"public class ReverseBytes {
public static int reverseBytes(int i) {
        int b3 = i >>> 24;
        int b2 = (i >>> 8) & 0xFF00;
        int b1 = (i & 0xFF00) << 8;
        int b0 = i << 24;
        return (b0 | b1 | b2 | b3);
    }
}","@Test public void test_reverseBytesI() {
        assertEquals(0xAABBCCDD, Integers.reverseBytes(0xDDCCBBAA));
        assertEquals(0x11223344, Integers.reverseBytes(0x44332211));
        assertEquals(0x00112233, Integers.reverseBytes(0x33221100));
        assertEquals(0x20000002, Integers.reverseBytes(0x02000020));
    }",1
"(int i, int distance)","public class RotateLeft {
public static int rotateLeft(int i, int distance) {
        if (distance == 0) {
            return i;
        }
        /*
         * According to JLS3, 15.19, the right operand of a shift is always
         * implicitly masked with 0x1F, which the negation of 'distance' is
         * taking advantage of.
         */
        return ((i << distance) | (i >>> (-distance)));
    }
}","@Test public void test_rotateLeftII() {
        assertEquals(0xF, Integers.rotateLeft(0xF, 0));
        assertEquals(0xF0, Integers.rotateLeft(0xF, 4));
        assertEquals(0xF00, Integers.rotateLeft(0xF, 8));
        assertEquals(0xF000, Integers.rotateLeft(0xF, 12));
        assertEquals(0xF0000, Integers.rotateLeft(0xF, 16));
        assertEquals(0xF00000, Integers.rotateLeft(0xF, 20));
        assertEquals(0xF000000, Integers.rotateLeft(0xF, 24));
        assertEquals(0xF0000000, Integers.rotateLeft(0xF, 28));
        assertEquals(0xF0000000, Integers.rotateLeft(0xF0000000, 32));
    }",2
"(int i, int distance)","public class RotateRight {
public static int rotateRight(int i, int distance) {
        if (distance == 0) {
            return i;
        }
        /*
         * According to JLS3, 15.19, the right operand of a shift is always
         * implicitly masked with 0x1F, which the negation of 'distance' is
         * taking advantage of.
         */
        return ((i >>> distance) | (i << (-distance)));
    }
}","@Test public void test_rotateRightII() {
        assertEquals(0xF, Integers.rotateRight(0xF0, 4));
        assertEquals(0xF, Integers.rotateRight(0xF00, 8));
        assertEquals(0xF, Integers.rotateRight(0xF000, 12));
        assertEquals(0xF, Integers.rotateRight(0xF0000, 16));
        assertEquals(0xF, Integers.rotateRight(0xF00000, 20));
        assertEquals(0xF, Integers.rotateRight(0xF000000, 24));
        assertEquals(0xF, Integers.rotateRight(0xF0000000, 28));
        assertEquals(0xF0000000, Integers.rotateRight(0xF0000000, 32));
        assertEquals(0xF0000000, Integers.rotateRight(0xF0000000, 0));
    }",2
(int i),"public class BitCount {
public static int bitCount(int i) {
        i -= ((i >> 1) & 0x55555555);
        i = (i & 0x33333333) + ((i >> 2) & 0x33333333);
        i = (((i >> 4) + i) & 0x0F0F0F0F);
        i += (i >> 8);
        i += (i >> 16);
        return (i & 0x0000003F);
    }
}","@Test public void test_bitCountI() {
        assertEquals(0, Integers.bitCount(0x0));
        assertEquals(1, Integers.bitCount(0x1));
        assertEquals(1, Integers.bitCount(0x2));
        assertEquals(2, Integers.bitCount(0x3));
        assertEquals(1, Integers.bitCount(0x4));
        assertEquals(2, Integers.bitCount(0x5));
        assertEquals(2, Integers.bitCount(0x6));
        assertEquals(3, Integers.bitCount(0x7));
        assertEquals(1, Integers.bitCount(0x8));
        assertEquals(2, Integers.bitCount(0x9));
        assertEquals(2, Integers.bitCount(0xA));
        assertEquals(3, Integers.bitCount(0xB));
        assertEquals(2, Integers.bitCount(0xC));
        assertEquals(3, Integers.bitCount(0xD));
        assertEquals(3, Integers.bitCount(0xE));
        assertEquals(4, Integers.bitCount(0xF));

        assertEquals(8, Integers.bitCount(0xFF));
        assertEquals(12, Integers.bitCount(0xFFF));
        assertEquals(16, Integers.bitCount(0xFFFF));
        assertEquals(20, Integers.bitCount(0xFFFFF));
        assertEquals(24, Integers.bitCount(0xFFFFFF));
        assertEquals(28, Integers.bitCount(0xFFFFFFF));
        assertEquals(32, Integers.bitCount(0xFFFFFFFF));
    }",1
(long l),"public class ToHexString {
public static String toHexString(long l) {
        int count = 1;
        long j = l;

        if (l < 0) {
            count = 16;
        } else {
            while ((j >>= 4) != 0) {
                count++;
            }
        }

        char[] buffer = new char[count];
        do {
            int t = (int) (l & 15);
            if (t > 9) {
                t = t - 10 + 'a';
            } else {
                t += '0';
            }
            buffer[--count] = (char) t;
            l >>= 4;
        } while (count > 0);
        return new String(buffer);
    }
}","@Test public void test_toHexStringJ() {
        assertEquals(""Incorrect hex string returned"", ""54e0845"", Longs.toHexString(89000005L));
        assertEquals(""Incorrect hex string returned"", ""8000000000000000"", Longs.toHexString(Longs.MIN_VALUE));
        assertEquals(""Incorrect hex string returned"", ""7fffffffffffffff"", Longs.toHexString(Longs.MAX_VALUE));
    }",5
(long l),"public class ToBinaryString {
public static String toBinaryString(long l) {
        int count = 1;
        long j = l;

        if (l < 0) {
            count = 64;
        } else {
            while ((j >>= 1) != 0) {
                count++;
            }
        }

        char[] buffer = new char[count];
        do {
            buffer[--count] = (char) ((l & 1) + '0');
            l >>= 1;
        } while (count > 0);
        return new String(buffer);
    }
}","@Test public void test_toBinaryStringJ() {
        // Test for method java.lang.String java.lang.Long.toBinaryString(long)
        assertEquals(""Incorrect binary string returned"", ""11011001010010010000"",
                Longs.toBinaryString(890000L));
        assertEquals(""Incorrect binary string returned"",
                ""1000000000000000000000000000000000000000000000000000000000000000"",
                Longs.toBinaryString(Longs.MIN_VALUE)
        );
        assertEquals(""Incorrect binary string returned"",
                ""111111111111111111111111111111111111111111111111111111111111111"",
                Longs.toBinaryString(Longs.MAX_VALUE)
        );
    }",4
(long lng),"public class BitCount {
public static int bitCount(long lng) {
        lng = (lng & 0x5555555555555555L) + ((lng >> 1) & 0x5555555555555555L);
        lng = (lng & 0x3333333333333333L) + ((lng >> 2) & 0x3333333333333333L);
        // adjust for 64-bit integer
        int i = (int) ((lng >>> 32) + lng);
        i = (i & 0x0F0F0F0F) + ((i >> 4) & 0x0F0F0F0F);
        i = (i & 0x00FF00FF) + ((i >> 8) & 0x00FF00FF);
        i = (i & 0x0000FFFF) + ((i >> 16) & 0x0000FFFF);
        return i;
    }
}","@Test public void test_bitCountJ() {
        assertEquals(0, Longs.bitCount(0x0));
        assertEquals(1, Longs.bitCount(0x1));
        assertEquals(1, Longs.bitCount(0x2));
        assertEquals(2, Longs.bitCount(0x3));
        assertEquals(1, Longs.bitCount(0x4));
        assertEquals(2, Longs.bitCount(0x5));
        assertEquals(2, Longs.bitCount(0x6));
        assertEquals(3, Longs.bitCount(0x7));
        assertEquals(1, Longs.bitCount(0x8));
        assertEquals(2, Longs.bitCount(0x9));
        assertEquals(2, Longs.bitCount(0xA));
        assertEquals(3, Longs.bitCount(0xB));
        assertEquals(2, Longs.bitCount(0xC));
        assertEquals(3, Longs.bitCount(0xD));
        assertEquals(3, Longs.bitCount(0xE));
        assertEquals(4, Longs.bitCount(0xF));

        assertEquals(8, Longs.bitCount(0xFF));
        assertEquals(12, Longs.bitCount(0xFFF));
        assertEquals(16, Longs.bitCount(0xFFFF));
        assertEquals(20, Longs.bitCount(0xFFFFF));
        assertEquals(24, Longs.bitCount(0xFFFFFF));
        assertEquals(28, Longs.bitCount(0xFFFFFFF));
        assertEquals(64, Longs.bitCount(0xFFFFFFFFFFFFFFFFL));
    }",1
(long lng),"public class HighestOneBit {
public static long highestOneBit(long lng) {
        lng |= (lng >> 1);
        lng |= (lng >> 2);
        lng |= (lng >> 4);
        lng |= (lng >> 8);
        lng |= (lng >> 16);
        lng |= (lng >> 32);
        return (lng & ~(lng >>> 1));
    }
}","@Test public void test_highestOneBitJ() {
        assertEquals(0x08, Longs.highestOneBit(0x0A));
        assertEquals(0x08, Longs.highestOneBit(0x0B));
        assertEquals(0x08, Longs.highestOneBit(0x0C));
        assertEquals(0x08, Longs.highestOneBit(0x0F));
        assertEquals(0x80, Longs.highestOneBit(0xFF));

        assertEquals(0x080000, Longs.highestOneBit(0x0F1234));
        assertEquals(0x800000, Longs.highestOneBit(0xFF9977));

        assertEquals(0x8000000000000000L, Longs.highestOneBit(0xFFFFFFFFFFFFFFFFL));

        assertEquals(0, Longs.highestOneBit(0));
        assertEquals(1, Longs.highestOneBit(1));
        assertEquals(0x8000000000000000L, Longs.highestOneBit(-1));
    }",1
"(long lng, int distance)","public class RotateRight {
public static long rotateRight(long lng, int distance) {
        if (distance == 0) {
            return lng;
        }
        /*
         * According to JLS3, 15.19, the right operand of a shift is always
         * implicitly masked with 0x3F, which the negation of 'distance' is
         * taking advantage of.
         */
        return ((lng >>> distance) | (lng << (-distance)));
    }
}","@Test public void test_rotateRightJI() {
        assertEquals(0xF, Longs.rotateRight(0xF0, 4));
        assertEquals(0xF, Longs.rotateRight(0xF00, 8));
        assertEquals(0xF, Longs.rotateRight(0xF000, 12));
        assertEquals(0xF, Longs.rotateRight(0xF0000, 16));
        assertEquals(0xF, Longs.rotateRight(0xF00000, 20));
        assertEquals(0xF, Longs.rotateRight(0xF000000, 24));
        assertEquals(0xF, Longs.rotateRight(0xF0000000L, 28));
        assertEquals(0xF000000000000000L, Longs.rotateRight(0xF000000000000000L, 64));
        assertEquals(0xF000000000000000L, Longs.rotateRight(0xF000000000000000L, 0));

    }",2
(long lng),"public class LowestOneBit {
public static long lowestOneBit(long lng) {
        return (lng & (-lng));
    }
}","@Test public void test_lowestOneBitJ() {
        assertEquals(0x10, Longs.lowestOneBit(0xF0));

        assertEquals(0x10, Longs.lowestOneBit(0x90));
        assertEquals(0x10, Longs.lowestOneBit(0xD0));

        assertEquals(0x10, Longs.lowestOneBit(0x123490));
        assertEquals(0x10, Longs.lowestOneBit(0x1234D0));

        assertEquals(0x100000, Longs.lowestOneBit(0x900000));
        assertEquals(0x100000, Longs.lowestOneBit(0xD00000));

        assertEquals(0x40, Longs.lowestOneBit(0x40));
        assertEquals(0x40, Longs.lowestOneBit(0xC0));

        assertEquals(0x4000, Longs.lowestOneBit(0x4000));
        assertEquals(0x4000, Longs.lowestOneBit(0xC000));

        assertEquals(0x4000, Longs.lowestOneBit(0x99994000));
        assertEquals(0x4000, Longs.lowestOneBit(0x9999C000));

        assertEquals(0, Longs.lowestOneBit(0));
        assertEquals(1, Longs.lowestOneBit(1));
        assertEquals(1, Longs.lowestOneBit(-1));
    }",1
"(long lng, int distance)","public class RotateLeft {
public static long rotateLeft(long lng, int distance) {
        if (distance == 0) {
            return lng;
        }
        /*
         * According to JLS3, 15.19, the right operand of a shift is always
         * implicitly masked with 0x3F, which the negation of 'distance' is
         * taking advantage of.
         */
        return ((lng << distance) | (lng >>> (-distance)));
    }
}","@Test public void test_rotateLeftJI() {
        assertEquals(0xF, Longs.rotateLeft(0xF, 0));
        assertEquals(0xF0, Longs.rotateLeft(0xF, 4));
        assertEquals(0xF00, Longs.rotateLeft(0xF, 8));
        assertEquals(0xF000, Longs.rotateLeft(0xF, 12));
        assertEquals(0xF0000, Longs.rotateLeft(0xF, 16));
        assertEquals(0xF00000, Longs.rotateLeft(0xF, 20));
        assertEquals(0xF000000, Longs.rotateLeft(0xF, 24));
        assertEquals(0xF0000000L, Longs.rotateLeft(0xF, 28));
        assertEquals(0xF000000000000000L, Longs.rotateLeft(0xF000000000000000L, 64));
    }",2
(long lng),"public class ReverseBytes {
public static long reverseBytes(long lng) {
        long b7 = lng >>> 56;
        long b6 = (lng >>> 40) & 0xFF00L;
        long b5 = (lng >>> 24) & 0xFF0000L;
        long b4 = (lng >>> 8) & 0xFF000000L;
        long b3 = (lng & 0xFF000000L) << 8;
        long b2 = (lng & 0xFF0000L) << 24;
        long b1 = (lng & 0xFF00L) << 40;
        long b0 = lng << 56;
        return (b0 | b1 | b2 | b3 | b4 | b5 | b6 | b7);
    }
}","@Test public void test_reverseBytesJ() {
        assertEquals(0xAABBCCDD00112233L, Longs.reverseBytes(0x33221100DDCCBBAAL));
        assertEquals(0x1122334455667788L, Longs.reverseBytes(0x8877665544332211L));
        assertEquals(0x0011223344556677L, Longs.reverseBytes(0x7766554433221100L));
        assertEquals(0x2000000000000002L, Longs.reverseBytes(0x0200000000000020L));
    }",1
(long days),"public class DaysToMillis {
public static long daysToMillis(long days)
	{
		long daysInMillis = days * 24L * 60L * 60000L;
		return daysInMillis;
	}
}","@Test
	public void testDaysToMillis()
	{
		System.out.println(""daysToMillis"");
		long days = 1L;
		long expResult = 86400000L;
		long result = TimeUtil.daysToMillis(days);
		assertEquals(expResult, result);
	}",1
(int retryCount),"public class ValidateRetryCount {
public static void validateRetryCount(int retryCount) {
    if (retryCount < 0) {
      throw new IllegalArgumentException(""retryCount must be positive"");
    }
  }
}","@Test
  public void validateRetryCount() {
    assertThrows(IllegalArgumentException.class, () -> Validator.validateRetryCount(-1));
  }",2
(long delayInMilliSecs),"public class ValidateDelay {
public static void validateDelay(long delayInMilliSecs) {
    if (delayInMilliSecs < 0) {
      throw new IllegalArgumentException(""delayInMilliSecs must be positive"");
    }
  }
}","@Test
  public void validateDelay() {
    assertThrows(IllegalArgumentException.class, () -> Validator.validateDelay(-100L));
  }",2
(double value),"public class CeilLong {
public static long ceilLong(double value) {
        return (long) Math.ceil(value);
    }
}","@Test
    public void testCeilLong() throws Exception {
        assertThat(MathExt.ceilLong(0.0), is(0L));
        assertThat(MathExt.ceilLong(1.0), is(1L));
        assertThat(MathExt.ceilLong(1.5), is(2L));
        assertThat(MathExt.ceilLong(1.9), is(2L));
        assertThat(MathExt.ceilLong(2.0), is(2L));
        assertThat(MathExt.ceilLong(2.5), is(3L));
        assertThat(MathExt.ceilLong(2.9), is(3L));
    }",1
(double value),"public class FloorLong {
public static long floorLong(double value) {
        return (long) Math.floor(value);
    }
}","@Test
    public void testFloorLong() throws Exception {
        assertThat(MathExt.floorLong(0.0), is(0L));
        assertThat(MathExt.floorLong(1.0), is(1L));
        assertThat(MathExt.floorLong(1.5), is(1L));
        assertThat(MathExt.floorLong(1.9), is(1L));
        assertThat(MathExt.floorLong(2.0), is(2L));
        assertThat(MathExt.floorLong(2.5), is(2L));
        assertThat(MathExt.floorLong(2.9), is(2L));
    }",1
(double value),"public class ConstrainLongitude360 {
public static double constrainLongitude360(double value) {
        double val = value % 360.0;
        return val < 0.0 ? val + 360.0 : val;
    }
}","@Test
    public void constrainLongitude360() {
        assertEquals(0, GISUtils.constrainLongitude360(-360), 1e-8);
        assertEquals(90, GISUtils.constrainLongitude360(-270), 1e-8);
        assertEquals(180, GISUtils.constrainLongitude360(-180), 1e-8);
        assertEquals(270, GISUtils.constrainLongitude360(-90), 1e-8);
        assertEquals(0, GISUtils.constrainLongitude360(-0), 1e-8);
        assertEquals(0, GISUtils.constrainLongitude360(0), 1e-8);
        assertEquals(90, GISUtils.constrainLongitude360(90), 1e-8);
        assertEquals(180, GISUtils.constrainLongitude360(180), 1e-8);
        assertEquals(270, GISUtils.constrainLongitude360(270), 1e-8);
        assertEquals(0, GISUtils.constrainLongitude360(360), 1e-8);
        assertEquals(90, GISUtils.constrainLongitude360(450), 1e-8);
        assertEquals(180, GISUtils.constrainLongitude360(540), 1e-8);
        assertEquals(270, GISUtils.constrainLongitude360(630), 1e-8);
        assertEquals(0, GISUtils.constrainLongitude360(720), 1e-8);
    }",1
"(int buffer[], int xResolution, int yResolution)","public class FlipSecondScanline {
public static int[] flipSecondScanline(int buffer[], int xResolution, int yResolution) {
		int bufferTwo[] = buffer.clone();

		for (int y=0; y<yResolution; y++) {
			if (y%2==1) {
				int ofs = y*xResolution;
				for (int x=0; x<xResolution; x++) {
					bufferTwo[ofs+x] = buffer[xResolution+ofs-x-1];
				}
			}
		}		
		return bufferTwo;
	}
}","@Test
	public void testFlip3x8() {
		int[] ret;
		int[] buffer = new int[] {
			0,0,0,
			1,2,3,			
			4,5,6,
			7,8,9,
			0,1,1,
			0,2,2,
			0,3,3,
			0,4,4,
		};
		
		ret = OutputHelper.flipSecondScanline(buffer, 3, 8);
		assertEquals(0, ret[0]);
		assertEquals(3, ret[3]);
		assertEquals(2, ret[4]);
		assertEquals(1, ret[5]);
		assertEquals(4, ret[6]);
	}",4
(long value),"public class LongToByteArray {
public static byte[] longToByteArray(long value) {
		return new byte[] {
				(byte)((value >>> 56) & 0xFF),
				(byte)((value >>> 48) & 0xFF),
				(byte)((value >>> 40) & 0xFF),
				(byte)((value >>> 32) & 0xFF),
				(byte)((value >>> 24) & 0xFF),
				(byte)((value >>> 16) & 0xFF),
				(byte)((value >>> 8) & 0xFF),
				(byte)(value & 0xFF)
		};
	}
}","@Test
	public final void testLongToByteArray() {
		// Setup the resources for the test.
		long l = 0x1234859623475620L;
		byte[] expectedResult = new byte[]{0x12, 0x34, (byte)0x85, (byte)0x96, 0x23, 0x47, 0x56, 0x20};
		
		// Call the method under test.
		byte[] result = ByteUtils.longToByteArray(l);
		
		// Verify the result.
		assertThat(""Returned byte array must be equal to 'expectedResult'"", result, is(equalTo(expectedResult)));
	}",1
(int value),"public class IntToByteArray {
public static byte[] intToByteArray(int value) {
		return new byte[] {
				(byte)((value >>> 24) & 0xFF),
				(byte)((value >>> 16) & 0xFF),
				(byte)((value >>> 8) & 0xFF),
				(byte)(value & 0xFF)
		};
	}
}","@Test
	public final void testIntToByteArray() {
		// Setup the resources for the test.
		int i = 0x98563214;
		byte[] expectedResult = new byte[]{(byte)0x98, 0x56, 0x32, 0x14};
		
		// Call the method under test.
		byte[] result = ByteUtils.intToByteArray(i);
		
		// Verify the result.
		assertThat(""Returned byte array must be equal to 'expectedResult'"", result, is(equalTo(expectedResult)));
	}",1
(short value),"public class ShortToByteArray {
public static byte[] shortToByteArray(short value) {
		byte[] b = new byte[2];
		b[0] = (byte)((value >> 8) & 0xFF);
		b[1] = (byte)(value & 0xFF);
		return b;
	}
}","@Test
	public final void testShortToByteArray() {
		// Setup the resources for the test.
		short s = 0x7FFF;
		byte[] expectedResult = new byte[]{0x7F, (byte)0xFF};
		
		// Call the method under test.
		byte[] result = ByteUtils.shortToByteArray(s);
		
		// Verify the result.
		assertThat(""Returned byte array must be equal to 'expectedResult'"", result, is(equalTo(expectedResult)));
	}",1
(byte b),"public class ByteToInt {
public static int byteToInt(byte b) {
		return (int) b & 0xFF;
	}
}","@Test
	public final void testByteToInt() {
		// Setup the resources for the test.
		byte b = (byte)0xF8;
		int expectedResult = 0xF8;
		
		// Call the method under test.
		int result = ByteUtils.byteToInt(b);
		
		// Verify the result.
		assertThat(""Returned int must be equal to 'expectedResult'"", result, is(equalTo(expectedResult)));
	}",1
"(long nodeCount, long relationshipCount)","public class Density {
public static double density(long nodeCount, long relationshipCount) {
        return (nodeCount > 0L) ? (double) relationshipCount / (nodeCount * (nodeCount - 1)) : 0;
    }
}","@Test
    void graphBasedDensity() {
        assertEquals(GraphStatistics.density(graph), 0.5);
    }",1
"(boolean implicit, double value, double currentValue)","public class ComputeTargetQui {
public static double computeTargetQui(boolean implicit, double value, double currentValue) {
    // We want Qui to change based on value. What's the target value, Qui'?
    if (implicit) {
      // Target is really 1, or 0, depending on whether value is positive or negative.
      // This wouldn't account for the strength though. Instead the target is a function
      // of the current value and strength. If the current value is c, and value is positive
      // then the target is somewhere between c and 1 depending on the strength. If current
      // value is already >= 1, there's no effect. Similarly for negative values.
      if (value > 0.0f && currentValue < 1.0) {
        double diff = 1.0 - Math.max(0.0, currentValue);
        return currentValue + (value / (1.0 + value)) * diff;
      }
      if (value < 0.0f && currentValue > 0.0) {
        double diff = -Math.min(1.0, currentValue);
        return currentValue + (value / (value - 1.0)) * diff;
      }
      // No change
      return Double.NaN;
    } else {
      // Non-implicit -- value is supposed to be the new value
      return value;
    }
  }
}","@Test
  public void testImplicitQui() {
    assertNaN(ALSUtils.computeTargetQui(true, 0.0, 1.0));
    assertNaN(ALSUtils.computeTargetQui(true, 0.0, 0.0));
    assertNaN(ALSUtils.computeTargetQui(true, 0.0, -1.0));
    assertNaN(ALSUtils.computeTargetQui(true, 0.5, 1.0));
    assertNaN(ALSUtils.computeTargetQui(true, -0.5, 0.0));
    assertEquals(0.75, ALSUtils.computeTargetQui(true, 1.0, 0.5));
    assertEquals(0.25, ALSUtils.computeTargetQui(true, -1.0, 0.5));
    for (double d : new double[] { -1.0 , 0.0, 0.5, 1.0, 2.0 }) {
      assertEquals(d, ALSUtils.computeTargetQui(false, d, 0.0));
    }
  }",6
(int permissions),"public class PermissionsToUmask {
public static int permissionsToUmask(int permissions) {
    // the umask contains exactly the bits that the permissions don't have
    return permissions ^ 0777; // note this is octal
  }
}","@Test
  public void testPermissionsToUmask() {
    Assert.assertEquals(0000, FileUtils.permissionsToUmask(0777));
    Assert.assertEquals(0022, FileUtils.permissionsToUmask(0755));
    Assert.assertEquals(0002, FileUtils.permissionsToUmask(0775));
    Assert.assertEquals(0137, FileUtils.permissionsToUmask(0640));
    Assert.assertEquals(0077, FileUtils.permissionsToUmask(0700));
    Assert.assertEquals(0777, FileUtils.permissionsToUmask(0000));

    Assert.assertEquals(""000"", FileUtils.permissionsToUmask(""777""));
    Assert.assertEquals(""022"", FileUtils.permissionsToUmask(""755""));
    Assert.assertEquals(""002"", FileUtils.permissionsToUmask(""775""));
    Assert.assertEquals(""137"", FileUtils.permissionsToUmask(""640""));
    Assert.assertEquals(""077"", FileUtils.permissionsToUmask(""700""));
    Assert.assertEquals(""777"", FileUtils.permissionsToUmask(""000""));

    Assert.assertEquals(""000"", FileUtils.permissionsToUmask(""rwxrwxrwx""));
    Assert.assertEquals(""022"", FileUtils.permissionsToUmask(""rwxr-xr-x""));
    Assert.assertEquals(""002"", FileUtils.permissionsToUmask(""rwxrwxr-x""));
    Assert.assertEquals(""137"", FileUtils.permissionsToUmask(""rw-r-----""));
    Assert.assertEquals(""077"", FileUtils.permissionsToUmask(""rwx------""));
    Assert.assertEquals(""777"", FileUtils.permissionsToUmask(""---------""));
  }",1
(long timestamp),"public class ComputeTimeDifference {
protected long computeTimeDifference(long timestamp) {
		return (System.currentTimeMillis() - timestamp) / 1000; // output in seconds
	}
}","@Test
	public void testComputeTimeDifference() throws Exception {
		assertEquals(task.computeTimeDifference(timestamp), 0);
		assertTrue(task.computeTimeDifference(timestamp-50000) < 300);
		assertFalse(task.computeTimeDifference(timestamp-350000) < 300);
	}",1
(int x),"public class IsOdd {
public static boolean isOdd(int x) {
		if (x % 2 == 1)
			return true;
		return false;
	}
}","@Test
	public void testIsOdd() {
		assertTrue(isOdd(3));
		assertFalse(isOdd(12));
	}",2
(int x),"public class IsEven {
public static boolean isEven(int x) {
		if (x % 2 == 0)
			return true;
		return false;
	}
}","@Test
	public void testIsEven() {
		assertTrue(isEven(2));
		assertFalse(isEven(5));
	}",2
(int n),"public class Factorial {
public static int factorial(int n) {

		if (n < 0)
			throw new IllegalArgumentException(""n must be >= 0"");

		int value = 1;
		for (int i = 2; i <= n; i++)
			value *= i;
		return value;

	}
}","@Test
	public void testFactorialTest() {

		assertEquals(1, factorial(0));
		assertEquals(1, factorial(1));
		assertEquals(2, factorial(2));
		assertEquals(6, factorial(3));
		assertEquals(120, factorial(5));

	}",3
(int initialSize),"public class GetPowerOfTwoSize {
public static int getPowerOfTwoSize(int initialSize) {
		double log_of_initialSize_to_base_2 = Math.log(initialSize) / Math.log(2);
		return (int) Math.pow(2, Math.ceil(log_of_initialSize_to_base_2));
	}
}","@Test
	public void testGetPowerOfTwoSize() {
		int actual = FourierTransform.getPowerOfTwoSize(13);
		assertEquals(16, actual);

		assertEquals(256, FourierTransform.getPowerOfTwoSize(256));
	}",1
"(double bearing1,
			double bearing2)","public class GetBearingDifferenceDegrees {
public static double getBearingDifferenceDegrees(double bearing1,
			double bearing2) {
		if (bearing1 < 0)
			bearing1 += 360;
		if (bearing2 > 180)
			bearing2 -= 360;
		double result = bearing1 - bearing2;
		if (result > 180)
			result -= 360;
		return result;
	}
}","@Test
	public final void testBearingDifference() {
		double precision = 0.00001;
		Assert.assertEquals(15.0, Position.getBearingDifferenceDegrees(20, 5),
				precision);
		Assert.assertEquals(15.0,
				Position.getBearingDifferenceDegrees(20, 365), precision);
		Assert.assertEquals(15.0, Position.getBearingDifferenceDegrees(20, 5),
				precision);
		Assert.assertEquals(15.0, Position.getBearingDifferenceDegrees(380, 5),
				precision);
		Assert.assertEquals(-25, Position.getBearingDifferenceDegrees(-20, 5),
				precision);
		Assert.assertEquals(5, Position.getBearingDifferenceDegrees(-20, -25),
				precision);
	}",4
(int messageId),"public class IsClassAPositionReport {
public static boolean isClassAPositionReport(int messageId) {
		return messageId == 1 || messageId == 2 || messageId == 3;
	}
}","@Test
	public void testIsClassAPositionReport() {
		assertTrue(Util.isClassAPositionReport(1));
		assertTrue(Util.isClassAPositionReport(2));
		assertTrue(Util.isClassAPositionReport(3));
		assertFalse(Util.isClassAPositionReport(4));
	}",3
"(int value, int step)","public class Round {
public static int round(int value, int step) {
		int roundDownOrUp = (int) Math.round(((double) (value % step)) / step);
		int result = ((int) (value / step)) * step;
		if (roundDownOrUp != 0)
			result += roundDownOrUp * step;
		return result;
	}
}","@Test public void round_returns_an_int_rounded_at_specified_step() {
		assertEquals(0, MathUtils.round(1, 20));
		assertEquals(20, MathUtils.round(18, 20));
		assertEquals(20, MathUtils.round(22, 20));
		assertEquals(40, MathUtils.round(35, 20));
		assertEquals(40, MathUtils.round(30, 20));
		assertEquals(0, MathUtils.round(-5, 20));
		assertEquals(-20, MathUtils.round(-17, 20));
	}",2
"(int weight, int height)","public class Calculate {
public double calculate(int weight, int height) {
		return weight / ((double) Math.pow(height /100d, 2.5));
	}
}","@Test public void returns_expected() {
		BMI bmi = new BMI();
		Assert.assertEquals(16.1, bmi.calculate(70, 180), 0.1);
	}",1
(int maxTurnCosts),"public class CountBitValue {
public static int countBitValue(int maxTurnCosts) {
        if (maxTurnCosts < 0)
            throw new IllegalArgumentException(""maxTurnCosts cannot be negative "" + maxTurnCosts);

        int counter = 0;
        while (maxTurnCosts > 0) {
            maxTurnCosts >>= 1;
            counter++;
        }
        return counter;
    }
}","@Test
    public void testCountBitValue() throws Exception {
        assertEquals(1, Helper.countBitValue(1));
        assertEquals(2, Helper.countBitValue(2));
        assertEquals(2, Helper.countBitValue(3));
        assertEquals(3, Helper.countBitValue(4));
        assertEquals(3, Helper.countBitValue(7));
        assertEquals(4, Helper.countBitValue(8));
        assertEquals(5, Helper.countBitValue(20));
    }",3
"(double aX, double aY, double bX, double bY, double cX, double cY)","public class IsClockwise {
public boolean isClockwise(double aX, double aY, double bX, double bY, double cX, double cY) {
        // simply compare angles between a,b and b,c
        final double angleDiff = (cX - aX) * (bY - aY) - (cY - aY) * (bX - aX);
        return angleDiff < 0;
    }
}","@Test
    public void testIsClockwise() {
        Coordinate a = new Coordinate(0.1, 1);
        Coordinate b = new Coordinate(0.2, 0.8);
        Coordinate c = new Coordinate(0.6, 0.3);
        assertTrue(isClockwise(a, b, c));
        assertTrue(isClockwise(b, c, a));
        assertTrue(isClockwise(c, a, b));
        assertFalse(isClockwise(c, b, a));
        assertFalse(isClockwise(a, c, b));
        assertFalse(isClockwise(b, a, c));
    }",1
"(double value, double min, double max)","public class KeepIn {
public static double keepIn(double value, double min, double max) {
        return Math.max(min, Math.min(value, max));
    }
}","@Test
    public void testKeepIn() {
        assertEquals(2, Helper.keepIn(2, 1, 4), 1e-2);
        assertEquals(3, Helper.keepIn(2, 3, 4), 1e-2);
        assertEquals(3, Helper.keepIn(-2, 3, 4), 1e-2);
    }",1
"(int q, int n)","public class ConvertQNToDouble {
protected double convertQNToDouble(int q, int n) {

        // convert it to a double
        double qDouble = (double) q;

        // get the sign bit
        int signBit = (q >> 15) & 0x1;
        int sign = 0;
        if (signBit == 0) {
            sign = 1;
        }
        else {
            sign = -1;
        }

        // multiply it by 2^(-n)
        return sign * qDouble * Math.pow(2, -1 * n);

    }
}","@Test
    public void testConvertQn() {
        int q1 = 53;
        int n1 = 2;
        double expected1 = 13.37;
        assertEquals(expected1, testNode.convertQNToDouble(q1, n1), 0.25);

        int q2 = 12868;
        int n2 = 12;
        double expected2 = 3.1417;
        assertEquals(expected2, testNode.convertQNToDouble(q2, n2), 0.0002);

        int q3 = 87;
        int n3 = 5;
        double expected3 = 2.7181;
        assertEquals(expected3, testNode.convertQNToDouble(q3, n3), 0.0312);

        int q4 = 69388;
        int n4 = 14;
        double expected4 = 4.2351;
        assertEquals(expected4, testNode.convertQNToDouble(q4, n4), 0.00006);

        int q5 = 3900;
        int n5 = 8;
        double expected5 = 15.2352;
        assertEquals(expected5, testNode.convertQNToDouble(q5, n5), 0.0039);

        int q6 = 0;
        int n6 = 10;
        double expected6 = 0.0;
        assertEquals(expected6, testNode.convertQNToDouble(q6, n6), 0.0);

        // int max for q14
        int q7 = 0x7FFF;
        int n7 = 1;
        double expected7 = 16383.5;
        assertEquals(expected7, testNode.convertQNToDouble(q7, n7), 0.0);

        // int min for q14
        int q8 = 0x8000;
        int n8 = 1;
        double expected8 = -16384.0;
        assertEquals(expected8, testNode.convertQNToDouble(q8, n8), 0.0);


    }",2
(int docId),"public class GetSplit {
public static int[] getSplit(int docId) {
        if (docId <= 0) {
            throw new IllegalArgumentException(""docId must be positive"");
        }
        int[] ret = new int[3];
        ret[0] = docId / 1000000;
        ret[1] = (docId % 1000000) / 1000;
        ret[2] = docId % 1000;
        return ret;
    }
}","@Test
    public void testGetSplit() {
        assertArrayEquals(new int[] { 2, 345, 678 },
                StructuredDirectory.getSplit(2345678));
        assertArrayEquals(new int[] { 22, 345, 678 },
                StructuredDirectory.getSplit(22345678));
        assertArrayEquals(new int[] { 0, 1, 234 },
                StructuredDirectory.getSplit(1234));
        assertArrayEquals(new int[] { 0, 0, 78 },
                StructuredDirectory.getSplit(78));
    }",2
"(double sse, int count)","public class GetRootMeanSquareError {
private double getRootMeanSquareError(double sse, int count) {
        return Math.sqrt(sse / ((double) count));
    }
}","@Test
    public void testGetRootMeanSquareError() {
        System.out.println(""getRootMeanSquareError"");
        setCalibrationData(host);
        host.setRamMb(32244);        
        CpuOnlySplinePolynomialEnergyPredictor instance = new CpuOnlySplinePolynomialEnergyPredictor();
        double result = instance.getRootMeanSquareError(host);
        assert(result >= 0.0);
    }",1
(long instant),"public class GetJavaGpsFromInstant {
public static long getJavaGpsFromInstant(long instant) {
        return instant - 19000;
    }
}","@Test
    public void testGetJavaGpsFromInstant() {
        String utc = ""2010-01-01T00:00:00"";
        String javagps = ""2010-01-01T00:00:15.000"";
        SimpleDateFormat sdf = new SimpleDateFormat(""yyyy-MM-dd'T'HH:mm:ss.SSS"");
        sdf.setTimeZone(TimeZone.getTimeZone(""UTC""));
        long instant = TimeEncoding.parse(utc);
        long jt = TimeEncoding.getJavaGpsFromInstant(instant);
        String s = sdf.format(new Date(jt));
        assertEquals(javagps, s);
    }",1
"(byte b, int mask)","public class Mask {
int mask(byte b, int mask) {
        switch (mask) {
        case 0:
            return (b & ~3); // 00
        case 1:
            return (b & ~3) | 1; // 10
        case 2:
            return (b & ~3) | 2; // 01
        default:
            return (b & ~3) | 3; // 11
        }
    }
}","@Test
    public void testMask() {
        MD5IdFactory idFactory = new MD5IdFactory();
        for (int i = -128; i < 128; i++) {
            int val1 = idFactory.mask((byte) i, 0);
            int val2 = idFactory.mask((byte) i, 1);
            int val3 = idFactory.mask((byte) i, 2);
            int val4 = idFactory.mask((byte) i, 3);
            System.out.println(i + "" :  "" + val1 + "" "" + val2 + "" "" + val3 + "" "" + val4);
        }
    }",2
"(char fillChar, int count)","public class FillString {
public static String fillString(char fillChar, int count) {

    // creates a string of 'x' repeating characters
    char[] chars = new char[count];
    java.util.Arrays.fill(chars, fillChar);
    return new String(chars);
  }
}","@Test
  public void testFillString() {

    String actual = ""test"";
    String resultRight = ""test    "";
    String resultLeft = ""    test"";

    Assert.assertEquals(StringTool.fillStringRight(actual, ' ', 8), resultRight);
    Assert.assertEquals(StringTool.fillStringRight(actual, ' ', 2), ""te"");

    Assert.assertEquals(StringTool.fillStringLeft(actual, ' ', 8), resultLeft);
    Assert.assertEquals(StringTool.fillStringLeft(actual, ' ', 2), ""st"");

    Assert.assertEquals(StringTool.fillStringLeft(resultRight, ' ', 4), ""    "");
  }",1
"(int completedOperationCount, int totalOperationCount, double incompleteOperationPercentTotal)","public class CalculatePercentComplete {
protected static double calculatePercentComplete(int completedOperationCount, int totalOperationCount, double incompleteOperationPercentTotal)
    {
        return (totalOperationCount > 0)
            ? ((completedOperationCount * 100d) + incompleteOperationPercentTotal) / totalOperationCount
            : 0d;
    }
}","@Test(dataProvider = ""calculatePercentCompleteProvider"")
    public void testCalculatePercentComplete(int completedOperationCount, int totalOperationCount, double incompleteOperationPercentTotal, double EXPECTED_VALUE)
    {
        Assert.assertEquals(AgendaProgressThread.calculatePercentComplete(completedOperationCount, totalOperationCount, incompleteOperationPercentTotal), EXPECTED_VALUE);
    }",1
"(double Yt, double YtminusN, double Ft, int N)","public class SimpleMovingAverageQuick {
public static double simpleMovingAverageQuick(double Yt, double YtminusN, double Ft, int N) {
        double SMA=(Yt-YtminusN)/N+Ft;

        return SMA;
    }
}","@Test
    public void testSimpleMovingAverageQuick() {
        logger.info(""simpleMovingAverageQuick"");
        double Yt = 23.5;
        double YtminusN = 20.0;
        double Ft = 23.0;
        int N = 3;
        double expResult = 24.166666666667;
        double result = Smoothing.simpleMovingAverageQuick(Yt, YtminusN, Ft, N);
        assertEquals(expResult, result, Constants.DOUBLE_ACCURACY_HIGH);
    }",1
(int k),"public class Factorial {
public static double factorial(int k) {
        double factorial=1.0;
        while(k>0) {
            factorial*=k;
            --k;
        }
        
        return factorial;
    }
}","@Test
    public void testFactorial() {
        logger.info(""factorial"");
        int k = 10;
        double expResult = 3628800.0;
        double result = Arithmetics.factorial(k);
        Assert.assertEquals(expResult, result, Constants.DOUBLE_ACCURACY_HIGH);
    }",2
"(double Ytminus1, double Stminus1, double a)","public class SimpleExponentialSmoothingQuick {
public static double simpleExponentialSmoothingQuick(double Ytminus1, double Stminus1, double a) {
        double EMA=a*Ytminus1+(1-a)*Stminus1;

        return EMA;
    }
}","@Test
    public void testSimpleExponentialSmoothingQuick() {
        logger.info(""simpleExponentialSmoothingQuick"");
        double Ytminus1 = 23.5;
        double Stminus1 = 23.240433133179;
        double a = 0.9;
        double expResult = 23.474043313318;
        double result = Smoothing.simpleExponentialSmoothingQuick(Ytminus1, Stminus1, a);
        assertEquals(expResult, result, Constants.DOUBLE_ACCURACY_HIGH);
    }",1
"(int n, int k)","public class Combination {
public static double combination(int n, int k) {
        if(n<k) {
            throw new IllegalArgumentException(""The n can't be smaller than k."");
        }
        double combinations=1.0;
        double lowerBound = n-k;
        for(int i=n;i>lowerBound;i--) {
            combinations *= i/(i-lowerBound);
        }
        return combinations;
    }
}","@Test
    public void testCombination() {
        logger.info(""combination"");
        int n = 52;
        int k = 5;
        double expResult = 2598960.0;
        double result = Arithmetics.combination(n, k);
        assertEquals(expResult, result, Constants.DOUBLE_ACCURACY_HIGH);
    }",3
"(double d, double base)","public class Log {
public static double log(double d, double base) {
        if(base==1.0 || base<=0.0) {
            throw new IllegalArgumentException(""Invalid base for logarithm."");
        }
        return Math.log(d)/Math.log(base);
    }
}","@Test
    public void testLog() {
        logger.info(""log"");
        double d = 100.0;
        double base = 10.0;
        double expResult = 2.0;
        double result = PHPMethods.log(d, base);
        assertEquals(expResult, result, Constants.DOUBLE_ACCURACY_HIGH);
    }",3
"(double d, int i)","public class Round {
public static double round(double d, int i) {
        double multiplier = Math.pow(10, i);
        return Math.round(d*multiplier)/multiplier;
    }
}","@Test
    public void testRound() {
        logger.info(""round"");
        double d = 42.4242;
        int i = 2;
        double expResult = 42.42;
        double result = PHPMethods.round(d, i);
        assertEquals(expResult, result, Constants.DOUBLE_ACCURACY_HIGH);
    }",1
"(double std, double mean)","public class Cv {
public static double cv(double std, double mean) {
        if(mean==0) {
            return Double.POSITIVE_INFINITY;
        }
        
        double cv = std/mean;
        
        return cv;
    }
}","@Test
    public void testCv() {
        logger.info(""cv"");
        double std = 24.475346516758;
        double mean = 5.36775;
        double expResult = 4.5597031375824;
        double result = Descriptives.cv(std, mean);
        assertEquals(expResult, result, Constants.DOUBLE_ACCURACY_HIGH);
    }",2
(double Z),"public class LogGamma {
public static double logGamma(double Z) {
        double S = 1.0 + 76.18009173/Z-86.50532033/(Z+1.0)+24.01409822/(Z+2.0)-1.231739516/(Z+3.0)+0.00120858003/(Z+4.0)-0.00000536382/(Z+5.0);
        double LG = (Z-0.5)*Math.log(Z+4.5)-(Z+4.5)+Math.log(S*2.50662827465);
        
        return LG;
    }
}","@Test
    public void testLogGamma() {
        logger.info(""LogGamma"");
        double Z = 3.0;
        double expResult = 0.69314718044741;
        double result = ContinuousDistributions.logGamma(Z);
        assertEquals(expResult, result, Constants.DOUBLE_ACCURACY_HIGH);
    }",1
"(double x, double lamda)","public class ExponentialCdf {
public static double exponentialCdf(double x, double lamda) {
        if(x<0 || lamda<=0) {
            throw new IllegalArgumentException(""All the parameters must be positive."");
        }
        
        double probability = 1.0 - Math.exp(-lamda*x);
        
        return probability;
    }
}","@Test
    public void testExponentialCdf() {
        logger.info(""ExponentialCdf"");
        double x = 3.0;
        double lamda = 10.0;
        double expResult = 0.99999999999991;
        double result = ContinuousDistributions.exponentialCdf(x, lamda);
        assertEquals(expResult, result, Constants.DOUBLE_ACCURACY_HIGH);
    }",3
(double z),"public class GaussCdf {
public static double gaussCdf(double z) {
        // input = z-value (-inf to +inf)
        // output = p under Normal curve from -inf to z
        // e.g., if z = 0.0, function returns 0.5000
        // ACM Algorithm #209
        double y; // 209 scratch variable
        double p; // result. called ‘z’ in 209
        double w; // 209 scratch variable

        if (z == 0.0) {
            p = 0.0;
        }
        else {
            y = Math.abs(z) / 2.0;
            if (y >= 3.0) {
                p = 1.0;
            }
            else if (y < 1.0) {
                w = y * y;
                p = ((((((((0.000124818987 * w
                  - 0.001075204047) * w + 0.005198775019) * w
                  - 0.019198292004) * w + 0.059054035642) * w
                  - 0.151968751364) * w + 0.319152932694) * w
                  - 0.531923007300) * w + 0.797884560593) * y * 2.0;
            }
            else {
                y = y - 2.0;
                p = (((((((((((((-0.000045255659 * y
                  + 0.000152529290) * y - 0.000019538132) * y
                  - 0.000676904986) * y + 0.001390604284) * y
                  - 0.000794620820) * y - 0.002034254874) * y
                  + 0.006549791214) * y - 0.010557625006) * y
                  + 0.011630447319) * y - 0.009279453341) * y
                  + 0.005353579108) * y - 0.002141268741) * y
                  + 0.000535310849) * y + 0.999936657524;
            }
        }

        if (z > 0.0) {
            return (p + 1.0) / 2.0;
        }
        
        return (1.0 - p) / 2.0;
    }
}","@Test
    public void testGaussCdf() {
        logger.info(""GaussCdf"");
        double z = 3.0;
        double expResult = 0.9986501025724;
        double result = ContinuousDistributions.gaussCdf(z);
        assertEquals(expResult, result, Constants.DOUBLE_ACCURACY_HIGH);
    }",5
"(double x, double a, double b)","public class UniformCdf {
public static double uniformCdf(double x, double a, double b) {
        if(a>=b) {
            throw new IllegalArgumentException(""The a must be smaller than b."");
        }
        
        double probabilitySum;
        if(x<a) {
            probabilitySum=0.0;
        }
        else if(x<b) {
            probabilitySum=(x-a)/(b-a);
        }
        else {
            probabilitySum=1;
        }

        return probabilitySum;
    }
}","@Test
    public void testUniformCdf() {
        logger.info(""UniformCdf"");
        double x = 3.0;
        double a = 2.0;
        double b = 10.0;
        double expResult = 0.125;
        double result = ContinuousDistributions.uniformCdf(x, a, b);
        assertEquals(expResult, result, Constants.DOUBLE_ACCURACY_HIGH);
    }",4
(double p),"public class GaussInverseCdf {
public static double gaussInverseCdf(double p) {
        final double P_LOW  = 0.02425D;
        final double P_HIGH = 1.0D - P_LOW;
        final double ICDF_A[] =
            { -3.969683028665376e+01,  2.209460984245205e+02,
              -2.759285104469687e+02,  1.383577518672690e+02,
              -3.066479806614716e+01,  2.506628277459239e+00 };
        final double ICDF_B[] =
            { -5.447609879822406e+01,  1.615858368580409e+02,
              -1.556989798598866e+02,  6.680131188771972e+01,
              -1.328068155288572e+01 };
        final double ICDF_C[] =
            { -7.784894002430293e-03, -3.223964580411365e-01,
              -2.400758277161838e+00, -2.549732539343734e+00,
              4.374664141464968e+00,  2.938163982698783e+00 };
        final double ICDF_D[] =
            { 7.784695709041462e-03,  3.224671290700398e-01,
              2.445134137142996e+00,  3.754408661907416e+00 };
        
        // Define break-points.
        // variable for result
        double z;

        if(p == 0) {
            z = Double.NEGATIVE_INFINITY;
        }
        else if(p == 1) {
            z = Double.POSITIVE_INFINITY;
        }
        else if(Double.isNaN(p) || p < 0 || p > 1) {
            z = Double.NaN;
        }
        else if( p < P_LOW ) { // Rational approximation for lower region:
          double q  = Math.sqrt(-2*Math.log(p));
          z = (((((ICDF_C[0]*q+ICDF_C[1])*q+ICDF_C[2])*q+ICDF_C[3])*q+ICDF_C[4])*q+ICDF_C[5]) / ((((ICDF_D[0]*q+ICDF_D[1])*q+ICDF_D[2])*q+ICDF_D[3])*q+1);
        }
        else if ( P_HIGH < p ) { // Rational approximation for upper region:
          double q  = Math.sqrt(-2*Math.log(1-p));
          z = -(((((ICDF_C[0]*q+ICDF_C[1])*q+ICDF_C[2])*q+ICDF_C[3])*q+ICDF_C[4])*q+ICDF_C[5]) / ((((ICDF_D[0]*q+ICDF_D[1])*q+ICDF_D[2])*q+ICDF_D[3])*q+1);
        } 
        else { // Rational approximation for central region:
          double q = p - 0.5D;
          double r = q * q;
          z = (((((ICDF_A[0]*r+ICDF_A[1])*r+ICDF_A[2])*r+ICDF_A[3])*r+ICDF_A[4])*r+ICDF_A[5])*q / (((((ICDF_B[0]*r+ICDF_B[1])*r+ICDF_B[2])*r+ICDF_B[3])*r+ICDF_B[4])*r+1);
        }
        
        return z;
    }
}","@Test
    public void testGaussInverseCdf() {
        logger.info(""GaussInverseCdf"");
        double p = 0.32;
        double expResult = -0.46769879942903;
        double result = ContinuousDistributions.gaussInverseCdf(p);
        assertEquals(expResult, result, Constants.DOUBLE_ACCURACY_HIGH);
    }",8
"(double p, double mu, double sigma)","public class NormalQuantile {
public static double normalQuantile(double p, double mu, double sigma) {
        // The inverse of cdf.
        if(sigma<0) {
            throw new IllegalArgumentException(""The sigma parameter must be positive."");
        }    
        else if(sigma==0) {
            return mu;
        }
        
        double r;
        double val;
            
        double q=p - 0.5;

        if (0.075 <= p && p <= 0.925) {
            r = 0.180625 - q * q;
            val = q * (((((((r * 2509.0809287301226727 + 33430.575583588128105) * r + 67265.770927008700853) * r
                + 45921.953931549871457) * r + 13731.693765509461125) * r + 1971.5909503065514427) * r + 133.14166789178437745) * r
                + 3.387132872796366608) / (((((((r * 5226.495278852854561 + 28729.085735721942674) * r + 39307.89580009271061) * r
                + 21213.794301586595867) * r + 5394.1960214247511077) * r + 687.1870074920579083) * r + 42.313330701600911252) * r + 1);
        }
        else { /* closer than 0.075 from {0,1} boundary */
            /* r = min(p, 1-p) < 0.075 */
            if (q > 0) {
                r = 1 - p;
            }
            else {
                r = p;/* = R_DT_Iv(p) ^=  p */
            }
            
            r = Math.sqrt(-Math.log(r)); /* r = sqrt(-log(r))  <==>  min(p, 1-p) = exp( - r^2 ) */

            if (r <= 5.0) { /* <==> min(p,1-p) >= exp(-25) ~= 1.3888e-11 */
                r += -1.6;
                val = (((((((r * 7.7454501427834140764e-4 + 0.0227238449892691845833) * r + 0.24178072517745061177) * r
                    + 1.27045825245236838258) * r + 3.64784832476320460504) * r + 5.7694972214606914055) * r
                    + 4.6303378461565452959) * r + 1.42343711074968357734) / (((((((r * 1.05075007164441684324e-9 + 5.475938084995344946e-4) * r
                    + 0.0151986665636164571966) * r + 0.14810397642748007459) * r + 0.68976733498510000455) * r + 1.6763848301838038494) * r
                    + 2.05319162663775882187) * r + 1.0);
            }
            else { /* very close to  0 or 1 */
                r += -5.0;
                val = (((((((r * 2.01033439929228813265e-7 + 2.71155556874348757815e-5) * r + 0.0012426609473880784386) * r
                    + 0.026532189526576123093) * r + 0.29656057182850489123) * r + 1.7848265399172913358) * r + 5.4637849111641143699) * r
                    + 6.6579046435011037772) / (((((((r * 2.04426310338993978564e-15 + 1.4215117583164458887e-7)* r
                    + 1.8463183175100546818e-5) * r + 7.868691311456132591e-4) * r + 0.0148753612908506148525) * r
                    + 0.13692988092273580531) * r + 0.59983220655588793769) * r + 1.0);
            }

            if (q < 0.0) {
                val = -val;
            }
            /* return (q >= 0.)? r : -r ;*/
        }
        return mu + sigma * val;    
    }
}","@Test
    public void testNormalQuantile() {
        logger.info(""normalQuantile"");
        double p = 0.32;
        double mu = 1.0;
        double sigma = 1.0;
        double expResult = 0.53230120088549;
        double result = ContinuousDistributions.normalQuantile(p, mu, sigma);
        assertEquals(expResult, result, Constants.DOUBLE_ACCURACY_HIGH);
    }",8
(double z),"public class Kolmogorov {
public static double kolmogorov(double z) {
        //Kolmogorov distribution. Error<.0000001
        if (z<0.27) {
            return 0.0;
        } 
        else if (z>3.2) {
            return 1.1;
        } 

        double ks=0;
        double y=-2*z*z;
        for(int i=27;i>=1;i=i-2) {
            ks=Math.exp(i*y)*(1-ks);
        }
        return 1.0-2.0*ks;
    }
}","@Test
    public void testKolmogorov() {
        logger.info(""Kolmogorov"");
        double z = 2.0;
        double expResult = 0.99932907474422;
        double result = ContinuousDistributions.kolmogorov(z);
        assertEquals(expResult, result, Constants.DOUBLE_ACCURACY_HIGH);
    }",4
"(int k, double p)","public class BernoulliCdf {
public static double bernoulliCdf(int k, double p) {
        if(p<0) {
            throw new IllegalArgumentException(""The probability p can't be negative."");
        }
        
        double probabilitySum=0.0;
        if(k<0) {
            
        }
        else if(k<1) { //aka k==0
            probabilitySum=(1-p);
        }
        else { //k>=1 aka k==1
            probabilitySum=1.0;
        }
        
        return probabilitySum;
    }
}","@Test
    public void testBernoulliCdf() {
        logger.info(""BernoulliCdf"");
        int k = 1;
        double p = 0.5;
        double expResult = 1.0;
        double result = DiscreteDistributions.bernoulliCdf(k, p);
        assertEquals(expResult, result, Constants.DOUBLE_ACCURACY_HIGH);
    }",4
"(boolean k, double p)","public class Bernoulli {
public static double bernoulli(boolean k, double p) {
        if(p<0) {
            throw new IllegalArgumentException(""The probability p can't be negative."");
        }
        
        return (k)?p:(1-p);
    }
}","@Test
    public void testBernoulli() {
        logger.info(""Bernoulli"");
        boolean k = true;
        double p = 0.5;
        double expResult = 0.5;
        double result = DiscreteDistributions.bernoulli(k, p);
        assertEquals(expResult, result, Constants.DOUBLE_ACCURACY_HIGH);
    }",2
(int n),"public class Uniform {
public static double uniform(int n) {
        if(n<1) {
            throw new IllegalArgumentException(""The n must be larger than 1."");
        }
        
        double probability = 1.0/n;
        
        return probability;
    }
}","@Test
    public void testUniform() {
        logger.info(""Uniform"");
        int n = 10;
        double expResult = 0.1;
        double result = DiscreteDistributions.uniform(n);
        assertEquals(expResult, result, Constants.DOUBLE_ACCURACY_HIGH);
    }",2
"(int k, double p)","public class Geometric {
public static double geometric(int k, double p) {
        if(k<=0 || p<0) {
            throw new IllegalArgumentException(""All the parameters must be positive."");
        }
        
        double probability = Math.pow(1-p,k-1)*p;
        
        return probability;
    }
}","@Test
    public void testGeometric() {
        logger.info(""Geometric"");
        int k = 3;
        double p = 0.5;
        double expResult = 0.125;
        double result = DiscreteDistributions.geometric(k, p);
        assertEquals(expResult, result, Constants.DOUBLE_ACCURACY_HIGH);
    }",3
(long blockId),"public class ComputeBlockIndex {
public static int computeBlockIndex(long blockId) {
    return (int) (blockId & 0x3fffffff);
  }
}","@Test
  public void computeBlockIndexTest() {
    Assert.assertEquals(0, BlockInfo.computeBlockIndex(1073741824));
    Assert.assertEquals(1, BlockInfo.computeBlockIndex(1073741825));
    Assert.assertEquals(1073741822, BlockInfo.computeBlockIndex(2147483646));
    Assert.assertEquals(1073741823, BlockInfo.computeBlockIndex(2147483647));
    Assert.assertEquals(0, BlockInfo.computeBlockIndex(3221225472L));
    Assert.assertEquals(1, BlockInfo.computeBlockIndex(3221225473L));
    Assert.assertEquals(1073741822, BlockInfo.computeBlockIndex(4294967294L));
    Assert.assertEquals(1073741823, BlockInfo.computeBlockIndex(4294967295L));
  }",1
(long blockId),"public class ComputeInodeId {
public static int computeInodeId(long blockId) {
    return (int) (blockId >> 30);
  }
}","@Test
  public void computeInodeIdTest() {
    Assert.assertEquals(1, BlockInfo.computeInodeId(1073741824));
    Assert.assertEquals(1, BlockInfo.computeInodeId(1073741825));
    Assert.assertEquals(1, BlockInfo.computeInodeId(2147483646));
    Assert.assertEquals(1, BlockInfo.computeInodeId(2147483647));
    Assert.assertEquals(3, BlockInfo.computeInodeId(3221225472L));
    Assert.assertEquals(3, BlockInfo.computeInodeId(3221225473L));
    Assert.assertEquals(3, BlockInfo.computeInodeId(4294967294L));
    Assert.assertEquals(3, BlockInfo.computeInodeId(4294967295L));
  }",1
"(byte zoomLevel, int tileSize)","public class GetMapSize {
public static long getMapSize(byte zoomLevel, int tileSize) {
        if (zoomLevel < 0) {
            throw new IllegalArgumentException(""zoom level must not be negative: "" + zoomLevel);
        }
        return (long) tileSize << zoomLevel;
    }
}","@Test
    public void getMapSizeTest() {
        for (int tileSize : TILE_SIZES) {
            for (byte zoomLevel = ZOOM_LEVEL_MIN; zoomLevel <= ZOOM_LEVEL_MAX; ++zoomLevel) {
                long factor = Math.round(MercatorProjection.zoomLevelToScaleFactor(zoomLevel));
                Assert.assertEquals(tileSize * factor, MercatorProjection.getMapSize(zoomLevel, tileSize));
                Assert.assertEquals(MercatorProjection.getMapSizeWithScaleFactor(MercatorProjection.zoomLevelToScaleFactor(zoomLevel), tileSize),
                        MercatorProjection.getMapSize(zoomLevel, tileSize));
            }
            verifyInvalidGetMapSize((byte) -1, tileSize);
        }
    }",2
"(double pixelX, byte zoomLevel, int tileSize)","public class PixelXToTileX {
public static int pixelXToTileX(double pixelX, byte zoomLevel, int tileSize) {
        return (int) Math.min(Math.max(pixelX / tileSize, 0), Math.pow(2, zoomLevel) - 1);
    }
}","@Test
    public void pixelXToTileXTest() {
        for (int tileSize : TILE_SIZES) {
            for (byte zoomLevel = ZOOM_LEVEL_MIN; zoomLevel <= ZOOM_LEVEL_MAX; ++zoomLevel) {
                Assert.assertEquals(0, MercatorProjection.pixelXToTileX(0, zoomLevel, tileSize));
                Assert.assertEquals(0, MercatorProjection.pixelXToTileXWithScaleFactor(0, MercatorProjection.zoomLevelToScaleFactor(zoomLevel), tileSize));
            }
        }
    }",1
"(double pixelY, byte zoomLevel, int tileSize)","public class PixelYToTileY {
public static int pixelYToTileY(double pixelY, byte zoomLevel, int tileSize) {
        return (int) Math.min(Math.max(pixelY / tileSize, 0), Math.pow(2, zoomLevel) - 1);
    }
}","@Test
    public void pixelYToTileYTest() {
        for (int tileSize : TILE_SIZES) {
            for (byte zoomLevel = ZOOM_LEVEL_MIN; zoomLevel <= ZOOM_LEVEL_MAX; ++zoomLevel) {
                Assert.assertEquals(0, MercatorProjection.pixelYToTileY(0, zoomLevel, tileSize));
                Assert.assertEquals(0, MercatorProjection.pixelYToTileYWithScaleFactor(0, MercatorProjection.zoomLevelToScaleFactor(zoomLevel), tileSize));
            }
        }
    }",1
"(double pixelX, long mapSize)","public class PixelXToLongitude {
public static double pixelXToLongitude(double pixelX, long mapSize) {
        if (pixelX < 0 || pixelX > mapSize) {
            throw new IllegalArgumentException(""invalid pixelX coordinate "" + mapSize + "": "" + pixelX);
        }
        return 360 * ((pixelX / mapSize) - 0.5);
    }
}","@Test
    public void pixelXToLongitudeTest() {
        for (int tileSize : TILE_SIZES) {
            for (byte zoomLevel = ZOOM_LEVEL_MIN; zoomLevel <= ZOOM_LEVEL_MAX; ++zoomLevel) {
                long mapSize = MercatorProjection.getMapSize(zoomLevel, tileSize);
                double longitude = MercatorProjection.pixelXToLongitude(0, mapSize);
                Assert.assertEquals(LatLongUtils.LONGITUDE_MIN, longitude, 0);
                longitude = MercatorProjection.pixelXToLongitudeWithScaleFactor(0, MercatorProjection.zoomLevelToScaleFactor(zoomLevel), tileSize);
                Assert.assertEquals(LatLongUtils.LONGITUDE_MIN, longitude, 0);

                longitude = MercatorProjection.pixelXToLongitude((float) mapSize / 2, mapSize);
                Assert.assertEquals(0, longitude, 0);
                mapSize = MercatorProjection.getMapSizeWithScaleFactor(MercatorProjection.zoomLevelToScaleFactor(zoomLevel), tileSize);
                longitude = MercatorProjection.pixelXToLongitudeWithScaleFactor((float) mapSize / 2, MercatorProjection.zoomLevelToScaleFactor(zoomLevel), tileSize);
                Assert.assertEquals(0, longitude, 0);

                longitude = MercatorProjection.pixelXToLongitude(mapSize, mapSize);
                Assert.assertEquals(LatLongUtils.LONGITUDE_MAX, longitude, 0);
                longitude = MercatorProjection.pixelXToLongitudeWithScaleFactor(mapSize, MercatorProjection.zoomLevelToScaleFactor(zoomLevel), tileSize);
                Assert.assertEquals(LatLongUtils.LONGITUDE_MAX, longitude, 0);
            }

            verifyInvalidPixelXToLongitude(-1, (byte) 0, tileSize);
            verifyInvalidPixelXToLongitude(tileSize + 1, (byte) 0, tileSize);
        }
    }",3
"(long tileNumber, int tileSize)","public class TileToPixel {
public static long tileToPixel(long tileNumber, int tileSize) {
        return tileNumber * tileSize;
    }
}","@Test
    public void tileToPixelTest() {
        for (int tileSize : TILE_SIZES) {
            Assert.assertEquals(0, MercatorProjection.tileToPixel(0, tileSize));
            Assert.assertEquals(tileSize, MercatorProjection.tileToPixel(1, tileSize));
            Assert.assertEquals(tileSize * 2, MercatorProjection.tileToPixel(2, tileSize));
        }
    }",1
(byte zoomLevel),"public class ZoomLevelToScaleFactor {
public static double zoomLevelToScaleFactor(byte zoomLevel) {
        return Math.pow(2, zoomLevel);
    }
}","@Test
    public void zoomLevelToScaleFactorTest() {
        for (byte zoomLevel = ZOOM_LEVEL_MIN; zoomLevel <= ZOOM_LEVEL_MAX; ++zoomLevel) {
            double scaleFactor = MercatorProjection.zoomLevelToScaleFactor(zoomLevel);
            Assert.assertEquals(zoomLevel, MercatorProjection.scaleFactorToZoomLevel(scaleFactor), 0.0001f);
        }
    }",1
"(double pixelY, long mapSize)","public class PixelYToLatitude {
public static double pixelYToLatitude(double pixelY, long mapSize) {
        if (pixelY < 0 || pixelY > mapSize) {
            throw new IllegalArgumentException(""invalid pixelY coordinate "" + mapSize + "": "" + pixelY);
        }
        double y = 0.5 - (pixelY / mapSize);
        return 90 - 360 * Math.atan(Math.exp(-y * (2 * Math.PI))) / Math.PI;
    }
}","@Test
    public void pixelYToLatitudeTest() {
        for (int tileSize : TILE_SIZES) {
            for (byte zoomLevel = ZOOM_LEVEL_MIN; zoomLevel <= ZOOM_LEVEL_MAX; ++zoomLevel) {
                long mapSize = MercatorProjection.getMapSize(zoomLevel, tileSize);
                double latitude = MercatorProjection.pixelYToLatitude(0, mapSize);
                Assert.assertEquals(MercatorProjection.LATITUDE_MAX, latitude, 0);
                latitude = MercatorProjection.pixelYToLatitudeWithScaleFactor(0, MercatorProjection.zoomLevelToScaleFactor(zoomLevel), tileSize);
                Assert.assertEquals(MercatorProjection.LATITUDE_MAX, latitude, 0);

                latitude = MercatorProjection.pixelYToLatitude((float) mapSize / 2, mapSize);
                Assert.assertEquals(0, latitude, 0);
                mapSize = MercatorProjection.getMapSizeWithScaleFactor(MercatorProjection.zoomLevelToScaleFactor(zoomLevel), tileSize);
                latitude = MercatorProjection.pixelYToLatitudeWithScaleFactor((float) mapSize / 2, MercatorProjection.zoomLevelToScaleFactor(zoomLevel), tileSize);
                Assert.assertEquals(0, latitude, 0);

                latitude = MercatorProjection.pixelYToLatitude(mapSize, mapSize);
                Assert.assertEquals(MercatorProjection.LATITUDE_MIN, latitude, 0);
                latitude = MercatorProjection.pixelYToLatitudeWithScaleFactor(mapSize, MercatorProjection.zoomLevelToScaleFactor(zoomLevel), tileSize);
                Assert.assertEquals(MercatorProjection.LATITUDE_MIN, latitude, 0);
            }

            verifyInvalidPixelYToLatitude(-1, (byte) 0, tileSize);
            verifyInvalidPixelYToLatitude(tileSize + 1, (byte) 0, tileSize);
        }
    }",3
(byte zoomLevel),"public class GetMaxTileNumber {
public static int getMaxTileNumber(byte zoomLevel) {
        if (zoomLevel < 0) {
            throw new IllegalArgumentException(""zoomLevel must not be negative: "" + zoomLevel);
        } else if (zoomLevel == 0) {
            return 0;
        }
        return (2 << zoomLevel - 1) - 1;
    }
}","@Test
    public void getMaxTileNumberTest() {
        Assert.assertEquals(0, Tile.getMaxTileNumber((byte) 0));
        Assert.assertEquals(1, Tile.getMaxTileNumber((byte) 1));
        Assert.assertEquals(3, Tile.getMaxTileNumber((byte) 2));
        Assert.assertEquals(7, Tile.getMaxTileNumber((byte) 3));
        Assert.assertEquals(1023, Tile.getMaxTileNumber((byte) 10));
        Assert.assertEquals(1048575, Tile.getMaxTileNumber((byte) 20));
        Assert.assertEquals(1073741823, Tile.getMaxTileNumber((byte) 30));

        verifyInvalidMaxTileNumber((byte) -1);
        verifyInvalidMaxTileNumber(Byte.MIN_VALUE);
    }",3
(long value),"public class GetFiveBytes {
public static byte[] getFiveBytes(long value) {
        if (value < 0) {
            throw new IllegalArgumentException(""negative value not allowed: "" + value);
        } else if (value > 1099511627775L) {
            throw new IllegalArgumentException(""value out of range: "" + value);
        }
        return new byte[]{(byte) (value >> 32), (byte) (value >> 24), (byte) (value >> 16), (byte) (value >> 8),
                (byte) value};
    }
}","@Test
    public void getFiveBytesTest() {
        byte[] fiveBytes = Serializer.getFiveBytes(0);
        Assert.assertArrayEquals(new byte[]{0, 0, 0, 0, 0}, fiveBytes);

        fiveBytes = Serializer.getFiveBytes(5);
        Assert.assertArrayEquals(new byte[]{0, 0, 0, 0, 5}, fiveBytes);
    }",3
"(int N, int M)","public class GRID {
static String GRID(int N, int M) {
		String d = ""R"";
		String p = d;
		int[][] a = new int[N][M];
		int c = 1, x = 0, y = 0, n = 0;

		while (c <= N * M) {
			

			if (a[x][y] == 0) {
				a[x][y] = c++;

			} else {
				n++;
				n = n % 4;
			}

			switch (n) {
			case 0:
				if (y < M - 1 && a[x][y + 1] < 1)
					y++;
				else {
					n = 1;
					p = d;
					d = ""D"";
					x++;
				}
				break;

			case 1:
				if (x < N - 1 && a[x + 1][y] < 1)
					x++;
				else {
					y--;
					n = 2;
					p = d;
					d = ""L"";
				}
				break;

			case 2:
				if (y > 0 && a[x][y - 1] < 1) {
					y--;
				} else {
					x--;
					n = 3;
					p = d;
					d = ""U"";
				}
				break;
			case 3:
				if (x > 0 && a[x - 1][y] < 1) {
					x--;
				} else {
					y++;
					n = 0;
					p = d;
					d = ""R"";
				}
				break;
			default:
				break;
			}

		}

		return p;

	}
}","@Test
	public final void testGRID() {
		String actual = Matrix.GRID(2, 2);		
		Assert.assertEquals(""L"",actual);
		
		actual = Matrix.GRID(3, 3);		
		Assert.assertEquals(""R"",actual);
	}",12
(int n),"public class SpiralMatrix {
static int[][] SpiralMatrix(int n) {
		int[][] a = new int[n][n];
		int c = 1, x = 0, y = 0;
		int d = 0;
		while (c <= n * n) {
			if (a[x][y] == 0) {
				a[x][y] = c++;

			} else {
				d++;
				d = d % 4;
			}

			switch (d) {
			case 0:
				if (y < n - 1 && a[x][y + 1] < 1)
					y++;
				else {
					d = 1;
					x++;
				}
				break;

			case 1:
				if (x < n - 1 && a[x + 1][y] < 1)
					x++;
				else {
					y--;
					d = 2;
				}
				break;

			case 2:
				if (y > 0 && a[x][y - 1] < 1) {
					y--;
				} else {
					x--;
					d = 3;
				}
				break;
			case 3:
				if (x > 0 && a[x - 1][y] < 1) {
					x--;
				} else {
					y++;
					d = 0;
				}
				break;
			default:
				break;
			}

		}
		return a;
	}
}","@Test
	public final void testSpiralMatrix() {
		int[][] expecteds = new int[1][1];
		expecteds[0][0] = 1;

		int n = 1;
		int[][] actuals = Matrix.SpiralMatrix(n);

		for (int i = 0; i < n; i++) {
			Assert.assertArrayEquals(expecteds[i], actuals[i]);
		}
		
		n = 2;
		actuals = Matrix.SpiralMatrix(n);

		expecteds = new int[][]{{1,2},{4,3}};
		for (int i = 0; i < n; i++) {
			Assert.assertArrayEquals(expecteds[i], actuals[i]);
		}
		
		n = 3;
		actuals = Matrix.SpiralMatrix(n);

		expecteds = new int[][]{{1,2,3},{8,9,4},{7,6,5}};
		for (int i = 0; i < n; i++) {
			Assert.assertArrayEquals(expecteds[i], actuals[i]);
		}
		
		n = 5;
		actuals = Matrix.SpiralMatrix(n);

		expecteds = new int[][]{{1,2,3,4,5},{16,17,18,19,6},{15,24,25,20,7},{14,23,22,21,8},{13,12,11,10,9}};
		for (int i = 0; i < n; i++) {
			Assert.assertArrayEquals(expecteds[i], actuals[i]);
		}
	}",12
(long val),"public class RoundUpTo8 {
static long roundUpTo8(long val)
    {
        long rem = val & 7;
        if (rem != 0)
            val += 8L - rem;
        return val;
    }
}","@Test
    public void testRoundUp8()
    {
        Assert.assertEquals(Util.roundUpTo8(0), 0);
        Assert.assertEquals(Util.roundUpTo8(1), 8);
        Assert.assertEquals(Util.roundUpTo8(2), 8);
        Assert.assertEquals(Util.roundUpTo8(3), 8);
        Assert.assertEquals(Util.roundUpTo8(4), 8);
        Assert.assertEquals(Util.roundUpTo8(5), 8);
        Assert.assertEquals(Util.roundUpTo8(6), 8);
        Assert.assertEquals(Util.roundUpTo8(7), 8);
        Assert.assertEquals(Util.roundUpTo8(8), 8);
        Assert.assertEquals(Util.roundUpTo8(121), 128);
        Assert.assertEquals(Util.roundUpTo8(128), 128);
        Assert.assertEquals(Util.roundUpTo8(BIG + 121), BIG + 128);
        Assert.assertEquals(Util.roundUpTo8(BIG + 128), BIG + 128);
    }",2
(long val),"public class BitNum {
static int bitNum(long val)
    {
        int bit = 0;
        for (; val != 0L; bit++)
            val >>>= 1;
        return bit;
    }
}","@Test
    public void testBitNum()
    {
        Assert.assertEquals(Util.bitNum(0), 0);
        Assert.assertEquals(Util.bitNum(1), 1);
        Assert.assertEquals(Util.bitNum(2), 2);
        Assert.assertEquals(Util.bitNum(4), 3);
        Assert.assertEquals(Util.bitNum(8), 4);
        Assert.assertEquals(Util.bitNum(16), 5);
        Assert.assertEquals(Util.bitNum(32), 6);
        Assert.assertEquals(Util.bitNum(64), 7);
        Assert.assertEquals(Util.bitNum(128), 8);
        Assert.assertEquals(Util.bitNum(256), 9);
        Assert.assertEquals(Util.bitNum(1024), 11);
        Assert.assertEquals(Util.bitNum(65536), 17);
    }",2
(int x),"public class IsPower2 {
public static boolean isPower2(int x) {
        return x > 0 && (x & (x - 1)) == 0;
    }
}","@Test
    public void testIsPower2() {
        System.out.println(""isPower2"");
        assertEquals(false, MathEx.isPower2(-1));
        assertEquals(false, MathEx.isPower2(0));
        assertEquals(true, MathEx.isPower2(1));
        assertEquals(true, MathEx.isPower2(2));
        assertEquals(false, MathEx.isPower2(3));
        assertEquals(true, MathEx.isPower2(4));
        assertEquals(true, MathEx.isPower2(8));
        assertEquals(true, MathEx.isPower2(16));
        assertEquals(true, MathEx.isPower2(32));
        assertEquals(true, MathEx.isPower2(64));
        assertEquals(true, MathEx.isPower2(128));
        assertEquals(true, MathEx.isPower2(256));
        assertEquals(true, MathEx.isPower2(512));
        assertEquals(true, MathEx.isPower2(1024));
        assertEquals(true, MathEx.isPower2(65536));
        assertEquals(true, MathEx.isPower2(131072));
    }",2
(double x),"public class Sqr {
public static double sqr(double x) {
        return x * x;
    }
}","@Test
    public void testSqr() {
        System.out.println(""sqr"");
        assertEquals(0, MathEx.sqr(0), 1E-10);
        assertEquals(1, MathEx.sqr(1), 1E-10);
        assertEquals(4, MathEx.sqr(2), 1E-10);
        assertEquals(9, MathEx.sqr(3), 1E-10);
    }",1
(int n),"public class Factorial {
public static double factorial(int n) {
        if (n < 0) {
            throw new IllegalArgumentException(""n has to be non-negative."");
        }

        double f = 1.0;
        for (int i = 2; i <= n; i++) {
            f *= i;
        }

        return f;
    }
}","@Test
    public void testFactorial() {
        System.out.println(""factorial"");
        assertEquals(1.0, MathEx.factorial(0), 1E-7);
        assertEquals(1.0, MathEx.factorial(1), 1E-7);
        assertEquals(2.0, MathEx.factorial(2), 1E-7);
        assertEquals(6.0, MathEx.factorial(3), 1E-7);
        assertEquals(24.0, MathEx.factorial(4), 1E-7);
    }",3
"(int zoom, int tilesize)","public class Resolution {
public static double resolution(int zoom, int tilesize)
{
  if (zoom > 0)
  {
    return 180.0 / tilesize / Math.pow(2.0, zoom - 1.0);
  }

  return 0.0;
}
}","@Test
@Category(UnitTest.class)
public void resolution()
{
  for (int i = 0; i < resolutions.length; i++)
  {
    double res = TMSUtils.resolution(i + 1, ts);
    Assert.assertEquals(""Bad resolution"", resolutions[i], res, 0.000000001);
  }
}",2
"(int var, boolean sign)","public class MakeLiteral {
public static int makeLiteral(int var, boolean sign) {
        return (2 * var + (sign ? 1 : 0));
    }
}","@Test(groups = ""1s"")
    public void testMakeLiteral() throws Exception {

    }",1
(int l),"public class Negated {
public static int negated(int l) {
        return (l ^ 1);
    }
}","@Test(groups = ""1s"")
    public void testNegated() throws Exception {

    }",1
(int l),"public class Sign {
public static boolean sign(int l) {
        return (l & 1) != 0;
    }
}","@Test(groups = ""1s"")
    public void testSign() throws Exception {
        Assert.assertTrue(SatSolver.sign(3));
        Assert.assertTrue(SatSolver.sign(1));
        Assert.assertFalse(SatSolver.sign(0));
        Assert.assertFalse(SatSolver.sign(2));

        int ta = SatSolver.makeLiteral(a,true);
        Assert.assertEquals(ta, 1);
        Assert.assertTrue(SatSolver.sign(ta));

        int fa = SatSolver.makeLiteral(a,false);
        Assert.assertEquals(fa, 0);
        Assert.assertFalse(SatSolver.sign(fa));
    }",1
(int l),"public class Var {
public static int var(int l) {
        return (l >> 1);
    }
}","@Test(groups = ""1s"")
    public void testVar() throws Exception {

    }",1
"(int x, int y)","public class DivFloor {
public static int divFloor(int x, int y) {
        if (y == 0) {
            return Integer.MAX_VALUE;
        } else {
            return Math.floorDiv(x,y);
        }
    }
}","@Test(groups=""1s"", timeOut=60000)
    public void testDivFloor() throws Exception {
        Assert.assertEquals(0, MathUtils.divFloor(3,5));
        Assert.assertEquals(-1, MathUtils.divFloor(-3,5));
        Assert.assertEquals(-1, MathUtils.divFloor(3,-5));
        Assert.assertEquals(0, MathUtils.divFloor(-3,-5));
        Assert.assertEquals(-1, MathUtils.divFloor(-3,3));
        Assert.assertEquals(-1, MathUtils.divFloor(-1,3));
        Assert.assertEquals(1, MathUtils.divFloor(3,3));
        Assert.assertEquals(Integer.MAX_VALUE, MathUtils.divFloor(10,0));
    }",2
"(int x, int y)","public class SafeAdd {
public static int safeAdd(int x, int y){
        int r = x + y;
        // HD 2-12 Overflow iff both arguments have the opposite sign of the result
        if (((x ^ r) & (y ^ r)) < 0) {
            long rr = (long)x + y;
            return rr > 0 ? Integer.MAX_VALUE:Integer.MIN_VALUE;
        }
        return r;
    }
}","@Test(groups=""1s"", timeOut=60000)
    public void testSafeAdd() {
        Assert.assertEquals(MathUtils.safeAdd(1, 1), 2);
        Assert.assertEquals(MathUtils.safeAdd(Integer.MAX_VALUE, 1), Integer.MAX_VALUE);
        Assert.assertEquals(MathUtils.safeAdd(Integer.MIN_VALUE, -1), Integer.MIN_VALUE);
    }",2
"(int x, int y)","public class DivCeil {
public static int divCeil(int x, int y) {
        if (y == 0) {
            return Integer.MIN_VALUE;
        } else {
            int r = x / y;
//            // if the signs are the same and modulo not zero, round up
            if ((x ^ y) > 0 && (r * y != x)) {
                r++;
            }
            return r;
        }
    }
}","@Test(groups=""1s"", timeOut=60000)
    public void testDivCeil() throws Exception {
        Assert.assertEquals(1, MathUtils.divCeil(3,5));
        Assert.assertEquals(0, MathUtils.divCeil(-3,5));
        Assert.assertEquals(0, MathUtils.divCeil(3,-5));
        Assert.assertEquals(1, MathUtils.divCeil(-3,-5));
        Assert.assertEquals(-1, MathUtils.divCeil(-3,3));
        Assert.assertEquals(0, MathUtils.divCeil(-1,3));
        Assert.assertEquals(1, MathUtils.divCeil(3,3));
        Assert.assertEquals(Integer.MIN_VALUE, MathUtils.divCeil(10,0));
    }",4
"(int x, int y)","public class SafeSubstract {
public static int safeSubstract(int x, int y){
        int r = x - y;
        // HD 2-12 Overflow iff both arguments have the opposite sign of the result
        if (((x ^ y) & (x ^ r)) < 0) {
            long rr = (long)x - y;
            return rr > 0 ? Integer.MAX_VALUE:Integer.MIN_VALUE;
        }
        return r;
    }
}","@Test(groups=""1s"", timeOut=60000)
    public void testSafeSubstract() {
        Assert.assertEquals(MathUtils.safeSubstract(1, 1), 0);
        Assert.assertEquals(MathUtils.safeSubstract(Integer.MIN_VALUE, 1), Integer.MIN_VALUE);
        Assert.assertEquals(MathUtils.safeSubstract(Integer.MAX_VALUE, -1), Integer.MAX_VALUE);
    }",2
"(int x, int y)","public class SafeMultiply {
public static int safeMultiply(int x, int y){
        long r = (long)x * (long)y;
        // HD 2-12 Overflow iff both arguments have the opposite sign of the result
        if ((int)r != r) {
            return r > 0 ? Integer.MAX_VALUE:Integer.MIN_VALUE;
        }
        return (int)r;
    }
}","@Test(groups=""1s"", timeOut=60000)
    public void testSafeMultiply() {
        Assert.assertEquals(MathUtils.safeMultiply(1, 1), 1);
        Assert.assertEquals(MathUtils.safeMultiply(Integer.MAX_VALUE, 10), Integer.MAX_VALUE);
        Assert.assertEquals(MathUtils.safeSubstract(Integer.MIN_VALUE, 10), Integer.MIN_VALUE);
    }",2
(char charCode),"public class IsWhitespace {
public static boolean isWhitespace(char charCode) {
    return Character.isWhitespace(charCode)  ||
        Character.getType(charCode) == Character.SPACE_SEPARATOR;
  }
}","@Test
  public void testNoBreakSpace() {
    Assert.assertTrue(StringUtil.isWhitespace(0x00A0));
    Assert.assertTrue(StringUtil.isWhitespace(0x2007));
    Assert.assertTrue(StringUtil.isWhitespace(0x202F));

    Assert.assertTrue(StringUtil.isWhitespace((char) 0x00A0));
    Assert.assertTrue(StringUtil.isWhitespace((char) 0x2007));
    Assert.assertTrue(StringUtil.isWhitespace((char) 0x202F));
  }",2
(int numBits),"public class NumSubnetBitsToSubnetLong {
static long numSubnetBitsToSubnetLong(int numBits) {
    return ~(0xFFFFFFFFL >> numBits) & 0xFFFFFFFFL;
  }
}","@Test
  public void numSubnetBitsToSubnetLong() {
    // Test the boundaries (0 and 32) as well as a representative sample of intermediate values.
    assertThat(Ip.numSubnetBitsToSubnetLong(0), equalTo(0L));
    assertThat(Ip.numSubnetBitsToSubnetLong(4), equalTo(0xF0000000L));
    assertThat(Ip.numSubnetBitsToSubnetLong(17), equalTo(0xFFFF8000L));
    assertThat(Ip.numSubnetBitsToSubnetLong(31), equalTo(0xFFFFFFFEL));
    assertThat(Ip.numSubnetBitsToSubnetLong(32), equalTo(0xFFFFFFFFL));
  }",1
"(double value, int maxValue)","public class NormalizeDegreeValue {
public static double normalizeDegreeValue(double value, int maxValue) {
        int range = 2 * maxValue;

        if (value > 0) {

            value = (value + maxValue - 1) % range;

            if (value < 0) {
                value += range;
            }

            return (value - maxValue + 1);
        } else {
            value = (value + maxValue) % range;

            if (value < 0) {
                value += range;
            }

            return (value - maxValue);
        }
    }
}","@Test
    public void testNormalizeDegreeValue() {

        double value1 = TileFactory.normalizeDegreeValue(-210, 180);
        Assert.assertEquals(150, value1, 0.00001);
        double value2 = TileFactory.normalizeDegreeValue(-91, 90);
        Assert.assertEquals(89, value2, 0.00001);

        double value3 = TileFactory.normalizeDegreeValue(210, 180);
        Assert.assertEquals(-150, value3, 0.00001);
        double value4 = TileFactory.normalizeDegreeValue(91, 90);
        Assert.assertEquals(-89, value4, 0.00001);
    }",4
"(int beginIndex, int endIndex)","public class GetMiddleIndex {
static public int getMiddleIndex(int beginIndex, int endIndex)
    {
        return beginIndex + (endIndex - beginIndex) / 2;
    }
}","@Test
    void getMiddleIndexTest()
    {
        assertEquals(5, Utils.getMiddleIndex(0, 10));
    }",1
"(long n, double p)","public class OptimalNumOfBits {
static long optimalNumOfBits(long n, double p) {
    if (p == 0) {
      p = Double.MIN_VALUE;
    }
    return (long) (-n * Math.log(p) / (Math.log(2) * Math.log(2)));
  }
}","@Test
  public void testBloomNumBits() {
    assertEquals(0, Bloom1Filter.optimalNumOfBits(0, 0));
    assertEquals(1549, Bloom1Filter.optimalNumOfBits(1, 0));
    assertEquals(0, Bloom1Filter.optimalNumOfBits(0, 1));
    assertEquals(0, Bloom1Filter.optimalNumOfBits(1, 1));
    assertEquals(7, Bloom1Filter.optimalNumOfBits(1, 0.03));
    assertEquals(72, Bloom1Filter.optimalNumOfBits(10, 0.03));
    assertEquals(729, Bloom1Filter.optimalNumOfBits(100, 0.03));
    assertEquals(7298, Bloom1Filter.optimalNumOfBits(1000, 0.03));
    assertEquals(72984, Bloom1Filter.optimalNumOfBits(10000, 0.03));
    assertEquals(729844, Bloom1Filter.optimalNumOfBits(100000, 0.03));
    assertEquals(7298440, Bloom1Filter.optimalNumOfBits(1000000, 0.03));
    assertEquals(6235224, Bloom1Filter.optimalNumOfBits(1000000, 0.05));
  }",2
"(long n, double p)","public class OptimalNumOfBits {
static int optimalNumOfBits(long n, double p) {
    if (p == 0) {
      p = Double.MIN_VALUE;
    }
    return (int) (-n * Math.log(p) / (Math.log(2) * Math.log(2)));
  }
}","@Test
  public void testBloomNumBits() {
    assertEquals(0, BloomFilter.optimalNumOfBits(0, 0));
    assertEquals(1549, BloomFilter.optimalNumOfBits(1, 0));
    assertEquals(0, BloomFilter.optimalNumOfBits(0, 1));
    assertEquals(0, BloomFilter.optimalNumOfBits(1, 1));
    assertEquals(7, BloomFilter.optimalNumOfBits(1, 0.03));
    assertEquals(72, BloomFilter.optimalNumOfBits(10, 0.03));
    assertEquals(729, BloomFilter.optimalNumOfBits(100, 0.03));
    assertEquals(7298, BloomFilter.optimalNumOfBits(1000, 0.03));
    assertEquals(72984, BloomFilter.optimalNumOfBits(10000, 0.03));
    assertEquals(729844, BloomFilter.optimalNumOfBits(100000, 0.03));
    assertEquals(7298440, BloomFilter.optimalNumOfBits(1000000, 0.03));
    assertEquals(6235224, BloomFilter.optimalNumOfBits(1000000, 0.05));
  }",2
(int smallBlind),"public class GetBigBlind {
public static int getBigBlind(int smallBlind)
    {
        return smallBlind * 2;
    }
}","@Test
    public void testNextBigBlind()
    {
        assertEquals(20, TournamentTools.getBigBlind(10));
    }",1
(int maxSmallBlind),"public class GetNextSmallBlind {
public static int getNextSmallBlind(int maxSmallBlind)
    {
        if (maxSmallBlind == 0)
        {
            return 100;
        }
        int result = maxSmallBlind;
        int exp = 0;
        while(result % 10 == 0)
        {
            exp++;
            result /= 10;
        }
        if (result == 2)
        {
            result = 5;
        }
        else
        {
            result *= 2;
        }
        while(exp > 0)
        {
            exp--;
            result *= 10;
        }
        return result;
    }
}","@Test
    public void testNextSmallBlind()
    {
        assertEquals(20, TournamentTools.getNextSmallBlind(10));
        assertEquals(200, TournamentTools.getNextSmallBlind(100));
        assertEquals(500, TournamentTools.getNextSmallBlind(200));
        assertEquals(1000, TournamentTools.getNextSmallBlind(500));
        assertEquals(2000, TournamentTools.getNextSmallBlind(1000));
    }",5
"(long cuboidToCheck, long parentCuboid)","public class IsDescendant {
public static boolean isDescendant(long cuboidToCheck, long parentCuboid) {
        return (cuboidToCheck & parentCuboid) == cuboidToCheck;
    }
}","@Test
    public void isDescendantTest() {
        Assert.assertTrue(CuboidStatsUtil.isDescendant(6L, 239L));
        Assert.assertTrue(!CuboidStatsUtil.isDescendant(4L, 50L));
    }",1
"(byte _byte, int position)","public class GetBit {
public static int getBit(byte _byte, int position) {
        position--;
        return _byte >> position & 1;
    }
}","@Test
    public void testGetBit() throws Exception {
        assertEquals(0, ArraysUtil.getBit((byte) 126, 0));
        assertEquals(0, ArraysUtil.getBit((byte) 119, 4));
        assertEquals(1, ArraysUtil.getBit((byte) 126, 6));
    }",1
(int value),"public class Int2bytes {
public static byte[] int2bytes(int value) {
        return new byte[] {(byte) (value >>> 24), (byte) (value >>> 16), (byte) (value >>> 8), (byte) value};
    }
}","@Test
    public void testInt2bytes() throws Exception {
        assertArrayEquals(new byte[] {0, 14, -89, -24}, ArraysUtil.int2bytes(960488));
        assertArrayEquals(new byte[] {0, 0, 0, 127}, ArraysUtil.int2bytes(127));
        assertArrayEquals(new byte[] {0, 39, 17, -24}, ArraysUtil.int2bytes(2560488));
    }",1
"(byte _byte, int position, boolean value)","public class SetBit {
public static byte setBit(byte _byte, int position, boolean value) {
        position--;
        return (byte) (value ? _byte | 1 << position : _byte & ~(1 << position));
    }
}","@Test
    public void testSetBit() throws Exception {
        assertEquals(81, ArraysUtil.setBit((byte) 80, 1, true));
        assertEquals(119, ArraysUtil.setBit((byte) 127, 4, false));
    }",1
(byte x),"public class ReverseBitsByte {
public static byte reverseBitsByte(byte x) {
        int intSize = 8;
        byte y = 0;
        for (int position = intSize - 1; position >= 0; position--) {
            y += ((x & 1) << position);
            x >>= 1;
        }
        return y;
    }
}","@Test
    public void testReverseBitsByte() throws Exception {
        assertEquals(0, ArraysUtil.reverseBitsByte((byte) 0));
        assertEquals(-1, ArraysUtil.reverseBitsByte((byte) 255));
        assertEquals(12, ArraysUtil.reverseBitsByte((byte) 48));
        assertEquals(125, ArraysUtil.reverseBitsByte((byte) 190));
    }",2
(int prefixLength),"public class GetBytesLength {
public static int getBytesLength(int prefixLength) {
        return (int) Math.ceil((0xFF & prefixLength) / 8.0);
    }
}","@Test
    public void testGetBytesLength() throws Exception {
        assertEquals(1, IpPrefixConv.getBytesLength(1));
        assertEquals(16, IpPrefixConv.getBytesLength(127));
    }",1
"(long value, int base, int newBase)","public class ConvertBase {
public static long convertBase(long value, int base, int newBase){
        long result = value;
        if (newBase!=base){
            result = Double.valueOf((double) value * Math.pow(10, base - newBase)).longValue();
        }
        return result;
    }
}","@Test
    public void testConvertBase() throws Exception {
        long result = Format.convertBase(16,0,1);
        Assert.assertTrue(result==1);

        result = Format.convertBase(16,1,0);
        Assert.assertTrue(result==160);

        result = Format.convertBase(16,0,2);
        Assert.assertTrue(result==0);

        result = Format.convertBase(16,1,1);
        Assert.assertTrue(result==16);
    }",2
(long cents),"public class FromCentsToEuro {
public static double fromCentsToEuro(long cents) {
        return ((double) cents / 100.0);
    }
}","@Test
    public void testCentsToEuro() {
        long cents = 100;
        double euro = PriceHelper.fromCentsToEuro(cents);
        assertThat(euro).isEqualTo(1.0);
    }",1
"(int rowNum, int colNum)","public class CellToA1 {
public static String cellToA1(int rowNum, int colNum) {
    // To store result (Excel column name)
    StringBuilder colLabel = new StringBuilder();

    while (colNum > 0) {
      // Find remainder
      int rem = colNum % 26;

      // If remainder is 0, then a
      // 'Z' must be there in output
      if (rem == 0) {
        colLabel.append(""Z"");
        colNum = (colNum / 26) - 1;
      } else {
        colLabel.append((char) ((rem - 1) + 'A'));
        colNum = colNum / 26;
      }
    }

    // Reverse the string and print result
    return colLabel.reverse().toString() + rowNum;
  }
}","@Test
  public void testA1Notation() {
    String a1 = IOHelper.cellToA1(1, 1);
    assertEquals(""A1"", a1);

    a1 = IOHelper.cellToA1(100, 200);
    assertEquals(""GR100"", a1);

    a1 = IOHelper.cellToA1(39, 8459);
    assertEquals(""LMI39"", a1);
  }",3
(boolean value),"public class EncodeBoolean {
public static byte[] encodeBoolean(boolean value) {
        return value ? new byte[] { 1 } : new byte[] { 0 };
    }
}","@Test
    public void encode_boolean() {
        byte[] encoded = TlvEncoder.encodeBoolean(true);

        // check value
        assertEquals(1, encoded.length);
        assertEquals(1, encoded[0]);
    }",1
(char a),"public class IsAlpha {
public static boolean isAlpha(char a) {
    return ((a >= 'a' && a <= 'z') || (a >= 'A' && a <= 'Z'));
  }
}","@Test
  public void testCharUtilsIsAlpha() {
    char[] arr = { 'a', 'Z', 'f', 'X' };
    for (char a : arr) {
      Assert.assertTrue(CharUtils.isAlpha(a));
    }

    char[] arr2 = { '0', '9', '[', '~' };
    for (char a : arr2) {
      Assert.assertFalse(CharUtils.isAlpha(a));
    }
  }",4
(char a),"public class IsHex {
public static boolean isHex(char a) {
    return (a >= '0' && a <= '9') || (a >= 'a' && a <= 'f') || (a >= 'A' && a <= 'F');
  }
}","@Test
  public void testCharUtilsIsHex() {
    char[] arr = { 'a', 'A', '0', '9' };
    for (char a : arr) {
      Assert.assertTrue(CharUtils.isHex(a));
    }

    char[] arr2 = { '~', ';', 'Z', 'g' };
    for (char a : arr2) {
      Assert.assertFalse(CharUtils.isHex(a));
    }
  }",6
(char a),"public class IsNumeric {
public static boolean isNumeric(char a) {
    return a >= '0' && a <= '9';
  }
}","@Test
  public void testCharUtilsIsNumeric() {
    char[] arr = { '0', '4', '6', '9' };
    for (char a : arr) {
      Assert.assertTrue(CharUtils.isNumeric(a));
    }

    char[] arr2 = { 'a', '~', 'A', 0 };
    for (char a : arr2) {
      Assert.assertFalse(CharUtils.isNumeric(a));
    }
  }",2
"(double base, double n)","public class Magnitude {
public static double magnitude(double base, double n) {
		double logN = Math.log(Math.abs(n))/Math.log(base);
		return Math.signum(n) * Math.pow(base, Math.floor(logN));
	}
}","@Test
	public void testMagnitude() {
		assertEquals( -0.01, MathUtils.magnitude(10.0,  -0.05), DELTA);
		assertEquals(  0.01, MathUtils.magnitude(10.0,   0.05), DELTA);
		assertEquals(  1.00, MathUtils.magnitude(10.0,   3.14), DELTA);
		assertEquals( 10.00, MathUtils.magnitude(10.0,  54.32), DELTA);
		assertEquals(100.00, MathUtils.magnitude(10.0, 123.45), DELTA);
	}",1
"(double a, double b, double delta)","public class AlmostEqual {
public static boolean almostEqual(double a, double b, double delta) {
		return Math.abs(a - b) <= delta;
	}
}","@Test
	public void testAlmostEqual() {
		double delta = 1e-5;
		assertTrue(MathUtils.almostEqual(1.0, 1.0, delta));
		assertFalse(MathUtils.almostEqual(1.0, 2.0, delta));
		assertTrue(MathUtils.almostEqual(1.0, 1.0 + 0.5*delta, delta));
		assertFalse(MathUtils.almostEqual(1.0, 1.0 + 2.0*delta, delta));
	}",1
"(double a, double precision)","public class Round {
public static double round(double a, double precision) {
		if (precision == 0.0) {
			return 0.0;
		}
		return Math.round(a/precision) * precision;
	}
}","@Test
	public void testRound() {
		assertEquals(1.0, MathUtils.round(1.0/1.0, 1e-1), DELTA);
		assertEquals(0.7, MathUtils.round(2.0/3.0, 1e-1), DELTA);
		assertEquals(0.5, MathUtils.round(1.0/2.0, 1e-1), DELTA);
		assertEquals(0.3, MathUtils.round(1.0/3.0, 1e-1), DELTA);
		assertEquals(0.1, MathUtils.round(1.0/9.0, 1e-1), DELTA);
		assertEquals(1.00, MathUtils.round(1.0/1.0, 1e-2), DELTA);
		assertEquals(0.67, MathUtils.round(2.0/3.0, 1e-2), DELTA);
		assertEquals(0.50, MathUtils.round(1.0/2.0, 1e-2), DELTA);
		assertEquals(0.33, MathUtils.round(1.0/3.0, 1e-2), DELTA);
		assertEquals(0.11, MathUtils.round(1.0/9.0, 1e-2), DELTA);
		// Test with precision 0.0
		assertEquals(0.0, MathUtils.round(1.0, 0.0), DELTA);
	}",2
"(double a, double precision)","public class Ceil {
public static double ceil(double a, double precision) {
		if (precision == 0.0) {
			return 0.0;
		}
		return Math.ceil(a/precision) * precision;
	}
}","@Test
	public void testCeil() {
		assertEquals(1.0, MathUtils.ceil(1.0/1.0, 1e-1), DELTA);
		assertEquals(0.7, MathUtils.ceil(2.0/3.0, 1e-1), DELTA);
		assertEquals(0.5, MathUtils.ceil(1.0/2.0, 1e-1), DELTA);
		assertEquals(0.4, MathUtils.ceil(1.0/3.0, 1e-1), DELTA);
		assertEquals(0.2, MathUtils.ceil(1.0/9.0, 1e-1), DELTA);
		assertEquals(1.00, MathUtils.ceil(1.0/1.0, 1e-2), DELTA);
		assertEquals(0.67, MathUtils.ceil(2.0/3.0, 1e-2), DELTA);
		assertEquals(0.50, MathUtils.ceil(1.0/2.0, 1e-2), DELTA);
		assertEquals(0.34, MathUtils.ceil(1.0/3.0, 1e-2), DELTA);
		assertEquals(0.12, MathUtils.ceil(1.0/9.0, 1e-2), DELTA);
		// Test with precision 0.0
		assertEquals(0.0, MathUtils.ceil(1.0, 0.0), DELTA);
	}",2
"(double a, double precision)","public class Floor {
public static double floor(double a, double precision) {
		if (precision == 0.0) {
			return 0.0;
		}
		return Math.floor(a/precision) * precision;
	}
}","@Test
	public void testFloor() {
		assertEquals(1.0, MathUtils.floor(1.0/1.0, 1e-1), DELTA);
		assertEquals(0.6, MathUtils.floor(2.0/3.0, 1e-1), DELTA);
		assertEquals(0.5, MathUtils.floor(1.0/2.0, 1e-1), DELTA);
		assertEquals(0.3, MathUtils.floor(1.0/3.0, 1e-1), DELTA);
		assertEquals(0.1, MathUtils.floor(1.0/9.0, 1e-1), DELTA);
		assertEquals(1.00, MathUtils.floor(1.0/1.0, 1e-2), DELTA);
		assertEquals(0.66, MathUtils.floor(2.0/3.0, 1e-2), DELTA);
		assertEquals(0.50, MathUtils.floor(1.0/2.0, 1e-2), DELTA);
		assertEquals(0.33, MathUtils.floor(1.0/3.0, 1e-2), DELTA);
		assertEquals(0.11, MathUtils.floor(1.0/9.0, 1e-2), DELTA);
		// Test with precision 0.0
		assertEquals(0.0, MathUtils.floor(1.0, 0.0), DELTA);
	}",2
(char ch),"public class IsSpace {
public static boolean isSpace(char ch) {
    return Character.isSpaceChar(ch) || (ch == '\t') || (ch == '\n');
  }
}","@Test
  public void isSpaceCharRecognizedTabs() {
    assertTrue(""tab not recognized as space"", ParseCtxt.isSpace('\t'));
  }",3
"(long size, int blockSize)","public class RoundUp {
public static long roundUp(long size, int blockSize) {
        return ((size + blockSize - 1) / blockSize) * blockSize;
    }
}","@Test
	public void testRoundUp() {
        assertEquals(0, roundUp(0, 16));
        assertEquals(16, roundUp(1, 16));
        assertEquals(16, roundUp(16, 16));
        assertEquals(32, roundUp(17, 16));
    }",1
(char ch),"public class IsKanji {
public static boolean isKanji(char ch) {
        return (ch >= 19968) && (ch <= 40864);
    }
}","@Test
    public void testKanji() {
        assertTrue(KanjiUtils.isKanji('艦'));
        assertFalse(KanjiUtils.isKanji('か'));
        assertFalse(KanjiUtils.isKanji('キ'));
        assertFalse(KanjiUtils.isKanji('ー'));
        assertFalse(KanjiUtils.isKanji('っ'));
        assertFalse(KanjiUtils.isKanji('ゃ'));
        assertFalse(KanjiUtils.isKanji('ゅ'));
        assertFalse(KanjiUtils.isKanji('ょ'));
        assertFalse(KanjiUtils.isKanji('ャ'));
        assertFalse(KanjiUtils.isKanji('ュ'));
        assertFalse(KanjiUtils.isKanji('ョ'));
    }",2
(char multiplierChar),"public class GetMultiplier {
public long getMultiplier(char multiplierChar) {
    long multiplier = 1;
    multiplierChar = Character.toLowerCase(multiplierChar);
    switch (multiplierChar) {
      case 't':
        multiplier = multiplier * 1024;
      case 'g':
        multiplier = multiplier * 1024;
      case 'm':
        multiplier = multiplier * 1024;
      case 'k':
        multiplier = multiplier * 1024;
        break;
    }
    return multiplier;
  }
}","@Test (dataProvider = ""testGetMultiplier"")
  public void testGetMultiplier(char c, long multiplier) throws Exception {
    FileSize fs = new FileSize(1);
    Assert.assertEquals(fs.getMultiplier(c), multiplier);
  }",2
"(double oldAvg, double oldCount, double newValue)","public class GetCumulativeMovingAverage {
public static double getCumulativeMovingAverage(double oldAvg, double oldCount, double newValue) {
        return (newValue + (oldCount * oldAvg)) / (oldCount + 1);
    }
}","@Test
    public void testGetCumulativeMovingAverage() {
        double oldAvg = 0.0;
        double oldCount = 0.0;
        double newValue = 10.0;
        double expResult = 10.0;
        double result = MathUtil.getCumulativeMovingAverage(oldAvg, oldCount, newValue);
        assertEquals(expResult, result, 0.00000001);
        oldAvg = result;
        oldCount++;
        newValue = 16.0;
        expResult = 13.0;
        result = MathUtil.getCumulativeMovingAverage(oldAvg, oldCount, newValue);
        assertEquals(expResult, result, 0.00000001);
        oldAvg = result;
        oldCount++;
        newValue = 16.0;
        expResult = 14.0;
        result = MathUtil.getCumulativeMovingAverage(oldAvg, oldCount, newValue);
        assertEquals(expResult, result, 0.00000001);
        oldAvg = result;
        oldCount++;
        newValue = 6.0;
        expResult = 12.0;
        result = MathUtil.getCumulativeMovingAverage(oldAvg, oldCount, newValue);
        assertEquals(expResult, result, 0.00000001);
    }",1
(double lambda),"public class Exp {
public static double exp(double lambda) {
        return -Math.log(1 - Math.random()) / lambda;
    }
}","@Test
    public void testExp_1()
            throws Exception {
        double lambda = 1.0;

        double result = StdRandom.exp(lambda);

    }",1
"(int num1, int num2)","public class Sum {
public int sum(int num1, int num2){
		return num1 + num2;
	}
}","@Test
	public void testSum(){
		//calc = new Calculator();
		assertEquals(777, calc.sum(666, 111));
	}",1
"(int num1, int num2)","public class StaticSum {
public static int staticSum(int num1, int num2){
		return num1 + num2;
	}
}","@Test
	public void testStaticSum(){
		//calc = new Calculator();
		assertEquals(777, Calculator.staticSum(666, 111));
	}",1
(long value),"public class Humanize {
public static String humanize(long value) {
        if (value < 0) {
            return '-' + humanize(-value);
        } else if (value > 1000000000000000000L) {
            return Double.toString(
                    (value + 500000000000000L) / 1000000000000000L * 1000000000000000L / 1000000000000000000.0) + 'E';
        } else if (value > 100000000000000000L) {
            return Double.toString(
                    (value + 50000000000000L) / 100000000000000L * 100000000000000L / 1000000000000000.0) + 'P';
        } else if (value > 10000000000000000L) {
            return Double
                    .toString((value + 5000000000000L) / 10000000000000L * 10000000000000L / 1000000000000000.0) + 'P';
        } else if (value > 1000000000000000L) {
            return Double
                    .toString((value + 500000000000L) / 1000000000000L * 1000000000000L / 1000000000000000.0) + 'P';
        } else if (value > 100000000000000L) {
            return Double.toString((value + 50000000000L) / 100000000000L * 100000000000L / 1000000000000.0) + 'T';
        } else if (value > 10000000000000L) {
            return Double.toString((value + 5000000000L) / 10000000000L * 10000000000L / 1000000000000.0) + 'T';
        } else if (value > 1000000000000L) {
            return Double.toString((value + 500000000) / 1000000000 * 1000000000 / 1000000000000.0) + 'T';
        } else if (value > 100000000000L) {
            return Double.toString((value + 50000000) / 100000000 * 100000000 / 1000000000.0) + 'G';
        } else if (value > 10000000000L) {
            return Double.toString((value + 5000000) / 10000000 * 10000000 / 1000000000.0) + 'G';
        } else if (value > 1000000000) {
            return Double.toString((value + 500000) / 1000000 * 1000000 / 1000000000.0) + 'G';
        } else if (value > 100000000) {
            return Double.toString((value + 50000) / 100000 * 100000 / 1000000.0) + 'M';
        } else if (value > 10000000) {
            return Double.toString((value + 5000) / 10000 * 10000 / 1000000.0) + 'M';
        } else if (value > 1000000) {
            return Double.toString((value + 500) / 1000 * 1000 / 1000000.0) + 'M';
        } else if (value > 100000) {
            return Double.toString((value + 50) / 100 * 100 / 1000.0) + 'K';
        } else if (value > 10000) {
            return Double.toString((value + 5) / 10 * 10 / 1000.0) + 'K';
        } else if (value > 1000) {
            return Double.toString(value / 1000.0) + 'K';
        } else {
            return Long.toString(value) + ' ';
        }
    }
}","@Test
    public void testHumanize() {
        assertEquals(humanize(0), ""0 "");
        assertEquals(humanize(1), ""1 "");
        assertEquals(humanize(12), ""12 "");
        assertEquals(humanize(123), ""123 "");
        assertEquals(humanize(1234), ""1.234K"");
        assertEquals(humanize(1200), ""1.2K"");
        assertEquals(humanize(12345), ""12.35K"");
        assertEquals(humanize(123456), ""123.5K"");
        assertEquals(humanize(1234567), ""1.235M"");
        assertEquals(humanize(12345678), ""12.35M"");
        assertEquals(humanize(123456789), ""123.5M"");
        assertEquals(humanize(1234567890), ""1.235G"");
        assertEquals(humanize(12345678901L), ""12.35G"");
        assertEquals(humanize(123456789012L), ""123.5G"");
        assertEquals(humanize(1234567890123L), ""1.235T"");
        assertEquals(humanize(12345678901234L), ""12.35T"");
        assertEquals(humanize(123456789012345L), ""123.5T"");
        assertEquals(humanize(1234567890123456L), ""1.235P"");
        assertEquals(humanize(12345678901234567L), ""12.35P"");
        assertEquals(humanize(123456789012345678L), ""123.5P"");
        assertEquals(humanize(1234567890123456789L), ""1.235E"");
    }",18
(long timeDiff),"public class FormatTimeSortable {
public static String formatTimeSortable(long timeDiff) {
    StringBuilder buf = new StringBuilder();
    long hours = timeDiff / (60 * 60 * 1000);
    long rem = (timeDiff % (60 * 60 * 1000));
    long minutes = rem / (60 * 1000);
    rem = rem % (60 * 1000);
    long seconds = rem / 1000;

    // if hours is more than 99 hours, it will be set a max value format
    if (hours > 99) {
      hours = 99;
      minutes = 59;
      seconds = 59;
    }

    buf.append(String.format(""%02d"", hours));
    buf.append(""hrs, "");

    buf.append(String.format(""%02d"", minutes));
    buf.append(""mins, "");

    buf.append(String.format(""%02d"", seconds));
    buf.append(""sec"");
    return buf.toString();
  }
}","@Test
  public void testFormatTimeSortable() {
    long timeDiff = 523452311;
    String timeDiffStr = ""99hrs, 59mins, 59sec"";

    assertEquals(""Incorrect time diff string returned"", timeDiffStr,
        StringUtils.formatTimeSortable(timeDiff));
  }",2
(long value),"public class CastToIntSafely {
protected static int castToIntSafely(long value) {
    if (value > Integer.MAX_VALUE) {
      return Integer.MAX_VALUE;
    }
    return Long.valueOf(value).intValue();
  }
}","@Test
  public void testCastToIntSafely() {
    assertEquals(0, Resource.castToIntSafely(0));
    assertEquals(1, Resource.castToIntSafely(1));
    assertEquals(Integer.MAX_VALUE,
        Resource.castToIntSafely(Integer.MAX_VALUE));

    assertEquals(""Cast to Integer.MAX_VALUE if the long is greater than ""
            + ""Integer.MAX_VALUE"", Integer.MAX_VALUE,
        Resource.castToIntSafely(Integer.MAX_VALUE + 1L));
    assertEquals(""Cast to Integer.MAX_VALUE if the long is greater than ""
            + ""Integer.MAX_VALUE"", Integer.MAX_VALUE,
        Resource.castToIntSafely(Long.MAX_VALUE));
  }",2
"(int number, int digitIndex)","public class GetDigitFromNumber {
public static int getDigitFromNumber(int number, int digitIndex) {
        // TODO error check and efficiency (maybe put powers of 10 to array)
        return number / (int)Math.pow(10, digitIndex) % 10;
    }
}","@Test
    public void testGetDigitFromNumber() {
        Assert.assertEquals(MathUtils.getDigitFromNumber(2233445, 0), 5);
        Assert.assertEquals(MathUtils.getDigitFromNumber(2233445, 1), 4);
        Assert.assertEquals(MathUtils.getDigitFromNumber(2233445, 2), 4);
        Assert.assertEquals(MathUtils.getDigitFromNumber(2233445, 3), 3);
        Assert.assertEquals(MathUtils.getDigitFromNumber(2233445, 4), 3);
        Assert.assertEquals(MathUtils.getDigitFromNumber(2233445, 5), 2);
        Assert.assertEquals(MathUtils.getDigitFromNumber(2233445, 6), 2);
    }",1
(char charCode),"public class IsWhitespace {
public static boolean isWhitespace(char charCode) {
    return Character.isWhitespace(charCode)  || 
    Character.getType(charCode) == Character.SPACE_SEPARATOR;
  }
}","@Test
  public void testNoBreakSpace() {
    assertTrue(StringUtil.isWhitespace(0x00A0));
    assertTrue(StringUtil.isWhitespace(0x2007));
    assertTrue(StringUtil.isWhitespace(0x202F));
    
    assertTrue(StringUtil.isWhitespace((char) 0x00A0));
    assertTrue(StringUtil.isWhitespace((char) 0x2007));
    assertTrue(StringUtil.isWhitespace((char) 0x202F));
  }",2
"(long startTime, long currentTime)","public class RenderTimeString {
static String renderTimeString(long startTime, long currentTime) {
		long elapsed = currentTime - startTime;
		StringBuilder sb = new StringBuilder(Long.toString(elapsed/1000)).append('.');
		long ms = elapsed % 1000;
		if (ms < 100) {
			sb.append('0');
		}
		if (ms < 10) {
			sb.append('0');
		}
		sb.append(ms).append('s');
		return sb.toString();
	}
}","@Test
	public void testRenderTimeString() {
		assertEquals(""0.001s"", ProcessState.renderTimeString(0, 1));
		assertEquals(""0.010s"", ProcessState.renderTimeString(0, 10));
		assertEquals(""0.100s"", ProcessState.renderTimeString(0, 100));
		assertEquals(""1.000s"", ProcessState.renderTimeString(0, 1000));
		assertEquals(""1.001s"", ProcessState.renderTimeString(0, 1001));
		assertEquals(""1.010s"", ProcessState.renderTimeString(0, 1010));
	}",3
(int c),"public class Encode {
static public byte[] encode(int c) {
    if (c < 0x80)
      return new byte[] { (byte)c };
    byte[] buf;
    if (c < 0x800) {
      buf = new byte[2];
      buf[0] = (byte)((c >> 6) | (0x80 | 0x40));
    }
    else if (c < 0x10000) {
      buf = new byte[3];
      buf[0] = (byte)((c >> (2 * 6)) | (0x80 | 0x40 | 0x20));
    }
    else {
      buf = new byte[4];
      buf[0] = (byte)((c >> (3 * 6)) | (0x80 | 0x40 | 0x20 | 0x10));
    }
    for (int i = buf.length - 1; i > 0; i--) {
      buf[i] = (byte)((c & 0x3F) | 0x80);
      c >>= 6;
    }
    return buf;
  }
}","@Test
  public void testEncode() throws UnsupportedEncodingException {
    for (int i = 0; i < 0x10FFFF; i++) {
      if (Utf16.isSurrogate(i))
        continue;
      char[] chars;
      if (i <= 0xFFFF)
        chars = new char[] { (char)i };
      else
      chars = new char[] { Utf16.surrogate1(i), Utf16.surrogate2(i) };
      Assert.assertEquals(Utf8.encode(i), new String(chars).getBytes(""UTF-8""));
    }
  }",5
"(int number, int base)","public class ConvertBase {
public static String convertBase(int number, int base) {
    // special case
    if (number == 0)
      return ""0"";

    if (base > 62)
      throw new IllegalArgumentException(""base must be 62 or less: base="" + base);
    if (base <= 0)
      throw new IllegalArgumentException(""base must be greater than zero: base="" + base);

    StringBuffer conversion = new StringBuffer();

    if (base == 1) {
      for (int i = 0; i < number; i++)
        conversion.append(""1"");
      return conversion.toString();
    }

    String digits = ""0123456789ABCDEFGHIJKLMNOPQRSTUVWXYZabcdefghijklmnopqrstuvwxyz"";
    while (number > 0) {
      int digitIndex = number % base;
      conversion.insert(0, digits.charAt(digitIndex));
      number = number / base;
    }
    return conversion.toString();
  }
}","@Test
  public void testConvertBase() {
    assertEquals(""0"", BaseConversion.convertBase(0, 1));
    assertEquals(""11111"", BaseConversion.convertBase(5, 1));
    assertEquals(""101"", BaseConversion.convertBase(5, 2));
    assertEquals(""12"", BaseConversion.convertBase(5, 3));
    assertEquals(""11"", BaseConversion.convertBase(5, 4));
    assertEquals(""10"", BaseConversion.convertBase(5, 5));
    assertEquals(""5"", BaseConversion.convertBase(5, 6));

    assertEquals(""1111111111111111"", BaseConversion.convertBase(16, 1));
    assertEquals(""10000"", BaseConversion.convertBase(16, 2));
    assertEquals(""121"", BaseConversion.convertBase(16, 3));
    assertEquals(""100"", BaseConversion.convertBase(16, 4));
    assertEquals(""31"", BaseConversion.convertBase(16, 5));
    assertEquals(""24"", BaseConversion.convertBase(16, 6));
    assertEquals(""22"", BaseConversion.convertBase(16, 7));
    assertEquals(""20"", BaseConversion.convertBase(16, 8));
    assertEquals(""17"", BaseConversion.convertBase(16, 9));
    assertEquals(""16"", BaseConversion.convertBase(16, 10));
    assertEquals(""15"", BaseConversion.convertBase(16, 11));
    assertEquals(""14"", BaseConversion.convertBase(16, 12));
    assertEquals(""13"", BaseConversion.convertBase(16, 13));
    assertEquals(""12"", BaseConversion.convertBase(16, 14));
    assertEquals(""11"", BaseConversion.convertBase(16, 15));
    assertEquals(""10"", BaseConversion.convertBase(16, 16));
    assertEquals(""G"", BaseConversion.convertBase(16, 17));

    assertEquals(""4000"", BaseConversion.convertBase(953312, 62));
    assertEquals(""C00"", BaseConversion.convertBase(46128, 62));
    assertEquals(""90"", BaseConversion.convertBase(558, 62));
    assertEquals(""2"", BaseConversion.convertBase(2, 62));
    assertEquals(""4C92"", BaseConversion.convertBase(1000000, 62));

  }",7
(int n),"public class IsNotPrime {
public static boolean isNotPrime(int n) {
    if (n < 2 || (n & 0x1) == 0) { // < 2 or even
      return n != 2;
    }
    int max = 1 + (int) Math.sqrt(n);
    for (int d = 3; d <= max; d += 2) {
      if (n % d == 0) {
        return true;
      }
    }
    return false;
  }
}","@Test
  public void testIsNotPrime() {
    assertTrue(RandomUtils.isNotPrime(Integer.MIN_VALUE));
    assertTrue(RandomUtils.isNotPrime(-1));
    assertTrue(RandomUtils.isNotPrime(0));
    assertTrue(RandomUtils.isNotPrime(1));
    assertTrue(!RandomUtils.isNotPrime(2));
    assertTrue(!RandomUtils.isNotPrime(3));
    assertTrue(RandomUtils.isNotPrime(4));
    assertTrue(!RandomUtils.isNotPrime(5));
    assertTrue(RandomUtils.isNotPrime(Integer.MAX_VALUE - 1));   
    assertTrue(!RandomUtils.isNotPrime(Integer.MAX_VALUE)); // 2^31 - 1
  }",5
"(double min, double max)","public class CreateNumericalDescription {
public static String createNumericalDescription(double min, double max) {
    return min + "","" + max;
  }
}","@Test
  public void testCreateNumericalDescription() {
    String description = DescriptionUtils.createNumericalDescription(-5.1, 12.32);
    assertEquals(""-5.1,12.32"", description);
  }",1
"(double oldCount,
                                      double oldAverage,
                                      double newCount,
                                      double newTotalTime)","public class AddToAverage {
public static double addToAverage(double oldCount,
                                      double oldAverage,
                                      double newCount,
                                      double newTotalTime) {
        if (newCount==0) {
            return oldAverage;
        }
        double newAverage = newTotalTime / newCount;
        return
            ((oldCount) / (newCount + oldCount) * oldAverage) +
                (newCount / (newCount + oldCount) * newAverage);
    }
}","@Test
    void addToAverage() {
        double average = 1.0;
        double avergeCount = 1.0;

        double newAverage = MetricsUtil.addToAverage(avergeCount, average, 1.0, 1.0);
        assertEquals(1.0, newAverage, DELTA);

        newAverage = MetricsUtil.addToAverage(avergeCount, average, 20.0, 20.0);
        assertEquals(1.0, newAverage, DELTA);

        newAverage = MetricsUtil.addToAverage(avergeCount, average, 0, 0);
        assertEquals(1.0, newAverage, DELTA);
    }",2
"(double oldCount,
                                     double oldAverage,
                                     double newCount,
                                     double newAverage)","public class AddAverages {
public static double addAverages(double oldCount,
                                     double oldAverage,
                                     double newCount,
                                     double newAverage) {
        if (newCount==0) {
            return oldAverage;
        }
        return
            ((oldCount) / (newCount + oldCount) * oldAverage) +
                (newCount / (newCount + oldCount) * newAverage);
    }
}","@Test
    void addAverages() {
        double average = 1.0;
        double avergeCount = 1.0;

        double newAverage = MetricsUtil.addAverages(avergeCount, average, 5.0, 1.0);
        assertEquals(1.0, newAverage, DELTA);

        newAverage = MetricsUtil.addAverages(avergeCount, average, 20.0, 1.0);
        assertEquals(1.0, newAverage, DELTA);

        newAverage = MetricsUtil.addAverages(avergeCount, average, 0, 0);
        assertEquals(1.0, newAverage, DELTA);
    }",2
(long unsignedValue),"public class UnsignedLongToSignedLong {
public static long unsignedLongToSignedLong(long unsignedValue) {
        return unsignedValue & 0x7fff_ffff_ffff_ffffL;
    }
}","@Test
    public void testUnsignedLongToSignedLong() {
        assertEquals(1L, ParseUtil.unsignedLongToSignedLong(Long.MAX_VALUE + 2));
        assertEquals(123L, ParseUtil.unsignedLongToSignedLong(123));
        assertEquals(9223372036854775807L, ParseUtil.unsignedLongToSignedLong(9223372036854775807L));
    }",1
(int unsignedValue),"public class UnsignedIntToLong {
public static long unsignedIntToLong(int unsignedValue) {
        // use standard Java widening conversion to long which does
        // sign-extension,
        // then drop any copies of the sign bit, to prevent the value being
        // considered a negative one by Java if it is set
        long longValue = unsignedValue;
        return longValue & 0xffff_ffffL;
    }
}","@Test
    public void testUnsignedIntToLong() {
        assertEquals(0L, ParseUtil.unsignedIntToLong(0));
        assertEquals(123L, ParseUtil.unsignedIntToLong(123));
        assertEquals(4294967295L, ParseUtil.unsignedIntToLong(0xffffffff));
    }",1
(int x),"public class GetUnsignedInt {
public static long getUnsignedInt(int x) {
        return x & 0x0000_0000_ffff_ffffL;
    }
}","@Test
    public void testGetUnsignedInt() {
        assertEquals(4294967295L, FormatUtil.getUnsignedInt(-1));
    }",1
(int s),"public class GetAppropriateLoggingInterval {
public static int getAppropriateLoggingInterval(int s){
				
		int interval = s/10;
		// rounded to lowest power of 10. 
		double exponent = Math.floor(Math.log10((double) interval));
		int roundedInterval = (int) Math.pow(10, exponent); 
		
		if (roundedInterval >= 1) {
			return roundedInterval;
		}
		else {
			return 1;
		}
		
	}
}","@Test
	public void test() {
				
		assertEquals(LoggingIntervalUtil.getAppropriateLoggingInterval(16777216), 1000000);
		assertEquals(LoggingIntervalUtil.getAppropriateLoggingInterval(10), 1);
		assertEquals(LoggingIntervalUtil.getAppropriateLoggingInterval(-10), 1);
		assertEquals(LoggingIntervalUtil.getAppropriateLoggingInterval(Integer.MIN_VALUE), 1);
		assertTrue(LoggingIntervalUtil.getAppropriateLoggingInterval(Integer.MAX_VALUE) > 1000000);
	}",2
"(double fromValue, double toValue,
      double ratio)","public class InterpolatePair {
public static double interpolatePair(double fromValue, double toValue,
      double ratio) {
    return ratio * (toValue - fromValue) + fromValue;
  }
}","@Test
  public void testInterpolatePair() {
    assertEquals(10.5, interpolatePair(0.0, 10.0, 4.0, 8.0, -1.0), 0.0);
    assertEquals(10.0, interpolatePair(0.0, 10.0, 4.0, 8.0, 0.0), 0.0);
    assertEquals(9.5, interpolatePair(0.0, 10.0, 4.0, 8.0, 1.0), 0.0);
    assertEquals(9.0, interpolatePair(0.0, 10.0, 4.0, 8.0, 2.0), 0.0);
    assertEquals(8.5, interpolatePair(0.0, 10.0, 4.0, 8.0, 3.0), 0.0);
    assertEquals(8.0, interpolatePair(0.0, 10.0, 4.0, 8.0, 4.0), 0.0);
    assertEquals(7.5, interpolatePair(0.0, 10.0, 4.0, 8.0, 5.0), 0.0);

  }",1
"(long lowAddr, int lowSize, long highAddr)","public class IsAdjacent {
boolean isAdjacent(long lowAddr, int lowSize, long highAddr) {
    return (lowAddr + lowSize) == highAddr;
  }
}","@Test
  public void isAdjacentBoundaryConditions() {
    SlabImpl chunk = new SlabImpl(10);
    this.freeListManager = createFreeListManager(ma, new Slab[] {chunk});

    assertThat(!this.freeListManager.isAdjacent(Long.MAX_VALUE - 4, 4, Long.MAX_VALUE + 1));
    assertThat(this.freeListManager.isAdjacent(Long.MAX_VALUE - 4, 4, Long.MAX_VALUE));
    assertThat(this.freeListManager.isAdjacent(-8L, 4, -4L));
    long lowAddr = Long.MAX_VALUE;
    long highAddr = lowAddr + 4;
    assertThat(this.freeListManager.isAdjacent(lowAddr, 4, highAddr));
    assertThat(!this.freeListManager.isAdjacent(lowAddr, 4, highAddr - 1));
    assertThat(!this.freeListManager.isAdjacent(lowAddr, 4, highAddr + 1));
    lowAddr = highAddr;
    highAddr = lowAddr + 4;
    assertThat(this.freeListManager.isAdjacent(lowAddr, 4, highAddr));
    assertThat(!this.freeListManager.isAdjacent(highAddr, 4, lowAddr));
  }",1
(long size),"public class IsSmallEnough {
boolean isSmallEnough(long size) {
    return size <= Integer.MAX_VALUE;
  }
}","@Test
  public void isSmallEnoughBoundaryConditions() {
    SlabImpl chunk = new SlabImpl(10);
    this.freeListManager = createFreeListManager(ma, new Slab[] {chunk});

    assertThat(this.freeListManager.isSmallEnough(Integer.MAX_VALUE));
    assertThat(this.freeListManager.isSmallEnough(Integer.MAX_VALUE - 1));
    assertThat(!this.freeListManager.isSmallEnough(Integer.MAX_VALUE + 1L));
    assertThat(!this.freeListManager.isSmallEnough(Long.MAX_VALUE));
  }",1
(long n),"public class NFactExact {
public static long nFactExact(long n) {

		if (n == 0)
			return 1;

		long s = 1;
		for (int i = 1; i <= n; i++) {
			s *= i;
		}

		return s;
	}
}","@Test
	public final void testNfactExact() {
		assertTrue(""method is invisible"", true);
	}",3
"(long D, long gt, long S)","public class Hg {
public static double hg(long D, long gt, long S) {

		double dgt = 0;
		for (int i = 1; i <= D - gt; i++) {
			dgt += Math.log(i);
		}

		double ds = 0;
		for (int i = 1; i <= D - S; i++) {
			ds += Math.log(i);
		}

		double dgts = 0;
		for (int i = 1; i <= D - gt - S; i++) {
			dgts += Math.log(i);
		}

		double d = 0;
		for (int i = 1; i <= D; i++) {
			d += Math.log(i);
		}

		double P = Math.exp(dgt + ds - dgts - d);

		return P;
	}
}","@Test
	public final void testHg() {
		System.out.println(Stat.hg(10, 10, 20));
	}",5
(double p),"public class Logoggs {
public static double logoggs(double p) {
		return Math.log(p) - Math.log(1 - p);
	}
}","@Test
	public final void testLogoggs() {
		double arg1s[] = { 0.05, 0.1, 0.15, 0.2, 0.25, 0.3, 0.35, 0.4, 0.45,
						   0.5, 0.55, 0.6, 0.65, 0.7, 0.75, 0.8, 0.85, 0.9, 0.95
						 };
		double ress[] = { -2.944, -2.197, -1.735, -1.386, -1.099, -0.847,
						  -0.619, -0.405, -0.201, 0, 0.201, 0.405, 0.619, 0.847, 1.099,
						  1.386, 1.735, 2.197, 2.944
						};
		List<ModelDoubleDouble> testData = TestDataManager.fillTestCasesDoubleDouble(arg1s, ress);
		for (ModelDoubleDouble datum: testData) {
			assertEquals(datum.getRes(), Stat.logoggs(datum.getArg1()), TestDataManager.DELTA_DOUBLE);
		}
	}",1
(double logodds),"public class Logit {
public static double logit(double logodds) {
		return Math.exp(logodds) / (1 + Math.exp(logodds));
	}
}","@Test
	public final void testLogit() {
		double arg1s[] = { 0.05, 0.1, 0.15, 0.2, 0.25, 0.3, 0.35, 0.4, 0.45,
						   0.5, 0.55, 0.6, 0.65, 0.7, 0.75, 0.8, 0.85, 0.9, 0.95
						 };
		double ress[] = { 0.512, 0.525, 0.537, 0.55, 0.562, 0.574, 0.587,
						  0.599, 0.611, 0.622, 0.634, 0.646, 0.657, 0.668, 0.679, 0.69,
						  0.701, 0.711, 0.721
						};
		List<ModelDoubleDouble> testData = TestDataManager.fillTestCasesDoubleDouble(arg1s, ress);
		for (ModelDoubleDouble datum: testData) {
			assertEquals(datum.getRes(), Stat.logit(datum.getArg1()), TestDataManager.DELTA_DOUBLE);
		}
	}",1
(double q_exp),"public class GetNormalizedP_simple {
public static double getNormalizedP_simple(double q_exp) {
		return 0.5 + Math.sqrt(q_exp) / 2;
	}
}","@Test
	public final void testGetNormalizedP_simple() {
		for (double i=0; i<=1; i+=0.05) {
			double normalizedProbability = Pricing.getNormalizedP_simple(i);
			assertTrue(normalizedProbability>0 && normalizedProbability<=1);
		}
	}",1
(double p),"public class GetNormalizedQexp_simple {
public static double getNormalizedQexp_simple(double p) {
		return Math.pow(2 * (p - 0.5), 2);
	}
}","@Test
	public final void testGetNormalizedQexp_simple() {
		for (double i=0; i<=1; i+=0.05) {
			double normalizedProbability = Pricing.getNormalizedQexp_simple(i);
			assertTrue(normalizedProbability>0 && normalizedProbability<=1);
		}
	}",1
"(int min, int max, int target)","public class Bounded {
public static int bounded(int min, int max, int target) {
        target = Math.max(min, target);
        target = Math.min(max, target);
        return target;
    }
}","@Test
	public void numberWithinBounds() {
		assertTrue(0 == bounded(0, 0, 0));
		assertTrue(1 == bounded(1, 1, 1));
		assertTrue(-1 == bounded(-1, -1, -1));

		assertTrue(-1 == bounded(-1, 1, -1));
		assertTrue(0 == bounded(-1, 1, 0));
		assertTrue(1 == bounded(-1, 1, 1));

		assertTrue(0 == bounded(0, 1, -1));
		assertTrue(-1 == bounded(-1, 1, -2));

		assertTrue(1 == bounded(0, 1, 2));
		assertTrue(-1 == bounded(-3, -1, 0));
	}",1
"(int d1, int d2, int d3, int d4, int d5)","public class Threes {
public static int threes(int d1, int d2, int d3, int d4, int d5) {
        int s;
        s = 0;
        if (d1 == 3) s += 3;
        if (d2 == 3) s += 3;
        if (d3 == 3) s += 3;
        if (d4 == 3) s += 3;
        if (d5 == 3) s += 3;
        return s;
    }
}","@Test
    public void test_threes() {
        assertEquals(6, Yatzy.threes(1,2,3,2,3));
        assertEquals(12, Yatzy.threes(2,3,3,3,3));
    }",6
"(int d1, int d2, int d3, int d4, int d5)","public class Chance {
public static int chance(int d1, int d2, int d3, int d4, int d5)
    {
        int total = 0;
        total += d1;
        total += d2;
        total += d3;
        total += d4;
        total += d5;
        return total;
    }
}","@Test
    public void chance_scores_sum_of_all_dice() {
        int expected = 15;
        int actual = Yatzy.chance(2,3,4,5,1);
        assertEquals(expected, actual);
        assertEquals(16, Yatzy.chance(3,3,4,5,1));
    }",1
"(int d1, int d2, int d3, int d4, int d5)","public class Twos {
public static int twos(int d1, int d2, int d3, int d4, int d5) {
        int sum = 0;
        if (d1 == 2) sum += 2;
        if (d2 == 2) sum += 2;
        if (d3 == 2) sum += 2;
        if (d4 == 2) sum += 2;
        if (d5 == 2) sum += 2;
        return sum;
    }
}","@Test
    public void test_2s() {
        assertEquals(4, Yatzy.twos(1,2,3,2,6));
        assertEquals(10, Yatzy.twos(2,2,2,2,2));
    }",6
"(int d1, int d2, int d3, int d4, int d5)","public class Ones {
public static int ones(int d1, int d2, int d3, int d4, int d5) {
        int sum = 0;
        if (d1 == 1) sum++;
        if (d2 == 1) sum++;
        if (d3 == 1) sum++;
        if (d4 == 1) sum++;
        if (d5 == 1)
            sum++;

        return sum;
    }
}","@Test public void test_1s() {
        assertTrue(Yatzy.ones(1,2,3,4,5) == 1);
        assertEquals(2, Yatzy.ones(1,2,1,4,5));
        assertEquals(0, Yatzy.ones(6,2,2,4,5));
        assertEquals(4, Yatzy.ones(1,2,1,1,1));
    }",6
"(int d1, int d2, int d3, int d4, int d5)","public class Three_of_a_kind {
public static int three_of_a_kind(int d1, int d2, int d3, int d4, int d5)
    {
        int[] t;
        t = new int[6];
        t[d1-1]++;
        t[d2-1]++;
        t[d3-1]++;
        t[d4-1]++;
        t[d5-1]++;
        for (int i = 0; i < 6; i++)
            if (t[i] >= 3)
                return (i+1) * 3;
        return 0;
    }
}","@Test
    public void three_of_a_kind()
    {
        assertEquals(9, Yatzy.three_of_a_kind(3,3,3,4,5));
        assertEquals(15, Yatzy.three_of_a_kind(5,3,5,4,5));
        assertEquals(9, Yatzy.three_of_a_kind(3,3,3,3,5));
    }",3
"(int d1, int d2, int d3, int d4, int d5)","public class FullHouse {
public static int fullHouse(int d1, int d2, int d3, int d4, int d5)
    {
        int[] tallies;
        boolean _2 = false;
        int i;
        int _2_at = 0;
        boolean _3 = false;
        int _3_at = 0;




        tallies = new int[6];
        tallies[d1-1] += 1;
        tallies[d2-1] += 1;
        tallies[d3-1] += 1;
        tallies[d4-1] += 1;
        tallies[d5-1] += 1;

        for (i = 0; i != 6; i += 1)
            if (tallies[i] == 2) {
                _2 = true;
                _2_at = i+1;
            }

        for (i = 0; i != 6; i += 1)
            if (tallies[i] == 3) {
                _3 = true;
                _3_at = i+1;
            }

        if (_2 && _3)
            return _2_at * 2 + _3_at * 3;
        else
            return 0;
    }
}","@Test
    public void fullHouse() {
        assertEquals(18, Yatzy.fullHouse(6,2,2,2,6));
        assertEquals(0, Yatzy.fullHouse(2,3,4,5,6));
    }",7
"(int d1, int d2, int d3, int d4, int d5)","public class SmallStraight {
public static int smallStraight(int d1, int d2, int d3, int d4, int d5)
    {
        int[] tallies;
        tallies = new int[6];
        tallies[d1-1] += 1;
        tallies[d2-1] += 1;
        tallies[d3-1] += 1;
        tallies[d4-1] += 1;
        tallies[d5-1] += 1;
        if (tallies[0] == 1 &&
            tallies[1] == 1 &&
            tallies[2] == 1 &&
            tallies[3] == 1 &&
            tallies[4] == 1)
            return 15;
        return 0;
    }
}","@Test
    public void smallStraight() {
        assertEquals(15, Yatzy.smallStraight(1,2,3,4,5));
        assertEquals(15, Yatzy.smallStraight(2,3,4,5,1));
        assertEquals(0, Yatzy.smallStraight(1,2,2,4,5));
    }",6
"(int d1, int d2, int d3, int d4, int d5)","public class LargeStraight {
public static int largeStraight(int d1, int d2, int d3, int d4, int d5)
    {
        int[] tallies;
        tallies = new int[6];
        tallies[d1-1] += 1;
        tallies[d2-1] += 1;
        tallies[d3-1] += 1;
        tallies[d4-1] += 1;
        tallies[d5-1] += 1;
        if (tallies[1] == 1 &&
            tallies[2] == 1 &&
            tallies[3] == 1 &&
            tallies[4] == 1
            && tallies[5] == 1)
            return 20;
        return 0;
    }
}","@Test
    public void largeStraight() {
        assertEquals(20, Yatzy.largeStraight(6,2,3,4,5));
        assertEquals(20, Yatzy.largeStraight(2,3,4,5,6));
        assertEquals(0, Yatzy.largeStraight(1,2,2,4,5));
    }",6
"(int d1, int d2, int d3, int d4, int d5)","public class Two_pair {
public static int two_pair(int d1, int d2, int d3, int d4, int d5)
    {
        int[] counts = new int[6];
        counts[d1-1]++;
        counts[d2-1]++;
        counts[d3-1]++;
        counts[d4-1]++;
        counts[d5-1]++;
        int n = 0;
        int score = 0;
        for (int i = 0; i < 6; i += 1)
            if (counts[6-i-1] >= 2) {
                n++;
                score += (6-i);
            }
        if (n == 2)
            return score * 2;
        else
            return 0;
    }
}","@Test
    public void two_Pair() {
        assertEquals(16, Yatzy.two_pair(3,3,5,4,5));
        assertEquals(16, Yatzy.two_pair(3,3,5,5,5));
    }",4
"(int d1, int d2, int d3, int d4, int d5)","public class Score_pair {
public static int score_pair(int d1, int d2, int d3, int d4, int d5)
    {
        int[] counts = new int[6];
        counts[d1-1]++;
        counts[d2-1]++;
        counts[d3-1]++;
        counts[d4-1]++;
        counts[d5-1]++;
        int at;
        for (at = 0; at != 6; at++)
            if (counts[6-at-1] >= 2)
                return (6-at)*2;
        return 0;
    }
}","@Test
    public void one_pair() {
        assertEquals(6, Yatzy.score_pair(3,4,3,5,6));
        assertEquals(10, Yatzy.score_pair(5,3,3,3,5));
        assertEquals(12, Yatzy.score_pair(5,3,6,6,5));
    }",3
(int bit),"public class ByteForBit {
protected static int byteForBit(int bit) {
    return (bit / 7);
  }
}","@Test
  public void testByteForBit() throws Exception {
    assertEquals(0, byteForBit(0));
    assertEquals(0, byteForBit(6));
    assertEquals(1, byteForBit(7));
    assertEquals(1, byteForBit(13));
    assertEquals(2, byteForBit(14));
  }",1
(long initialState),"public class LongToBytes {
protected static byte[] longToBytes(long initialState) {
		byte[] b = new byte[8];
		for(int i = 0; i < 8; i++) {
			b[7 - i] = (byte) (initialState >>> (i * 8));
		}
		return b;
	}
}","@Test
	public void testLongToBytes() {
		byte[] bytes1 = new byte[] { 0, 0, 1, 8, 0, 0, 7, 16 };
		long val = GameOfLife.bytesToLong(bytes1);
		byte[] bytes2 = GameOfLife.longToBytes(val);
		assertEquals(bytes2[0], 0);
		assertEquals(bytes2[1], 0);
		assertEquals(bytes2[2], 1);
		assertEquals(bytes2[3], 8);
		assertEquals(bytes2[4], 0);
		assertEquals(bytes2[5], 0);
		assertEquals(bytes2[6], 7);
		assertEquals(bytes2[7], 16);
	}",2
(char ch),"public class HexDigitToInt {
public static int hexDigitToInt(char ch) {
    if (ch >= '0' && ch <= '9') {
      return ch - '0';
    } else if (ch >= 'a' && ch <= 'f') {
      return ch - 'a' + 10;
    } else if (ch >= 'A' && ch <= 'F') {
      return ch - 'A' + 10;
    }
    return -1;
  }
}","@Test
  public void testHexDigitToInt() {
    for (int i = 0; i < HEX_DIGIT.length; i++) {
      assertEquals(PluginUtils.hexDigitToInt(HEX_DIGIT[i]), i);
      assertEquals(PluginUtils.hexDigitToInt(Character.toUpperCase(HEX_DIGIT[i])), i);
    }
    assertEquals(PluginUtils.hexDigitToInt('x'), -1);
    assertEquals(PluginUtils.hexDigitToInt('Y'), -1);
    assertEquals(PluginUtils.hexDigitToInt('-'), -1);
  }",7
"(int n, int k)","public class BinomialCoeff {
public static long binomialCoeff(int n, int k) {
    if (n <= k) {
      return 1;
    }
    int c;
    if (k > n - k) { // take advantage of symmetry
      k = n - k;
    }
    c = 1;
    for (int i = 0; i < k; i++) {
      c *= (n - i);
      c /= (i + 1);

    }
    return c;
  }
}","@Test
  public void testBinomialCoeff() throws Exception {
    // choose(7, 3) = 35
    long result = MathUtils.binomialCoeff(7, 3);
    assertEquals(35, result);

    // Check when k > n-k
    // choose(5,3) = 10
    result = MathUtils.binomialCoeff(5, 3);
    assertEquals(result, 10);
  }",4
"(double input, double min, double max)","public class Clamp {
public static double clamp(double input, double min, double max) {
    return
      (input < min) ? min :
      (input > max) ? max :
        input;
  }
}","@Test
  public void testClamp() {
    assertEquals(2, MathUtils.clamp(7, 0, 2), 0.001);
    assertEquals(0, MathUtils.clamp(-5, 0, 2), 0.001);
  }",1
(double t),"public class Sigmoid {
public static double sigmoid(double t) {
    return 1.0 / (1.0 + Math.exp(-t));
  }
}","@Test
  public void testSigmoid() {
    assertTrue(MathUtils.sigmoid(100.0) <= 1.0);
    assertTrue(MathUtils.sigmoid(100.0) >= 0.0);
    assertEquals(0.5, MathUtils.sigmoid(0.0), 0.001);
    assertTrue(MathUtils.sigmoid(-100.0) >= 0.0);
    assertTrue(MathUtils.sigmoid(-100.0) <= 1.0);
  }",1
"(int one, int two)","public class Compare {
public static int compare(int one, int two) {
    return Integer.compare(one, two);
  }
}","@Test
  public void testUnicodeBug() {
    String bb = ByteUtil.toString(new byte[] {
      -16, -99, -124, -85
    });
    String allah = ByteUtil.toString(new byte[] {
      -17, -73, -78
    });

    //double-flat symbol
    byte[] bbB = ByteUtil.fromString(bb);
    // allah in arabic
    byte[] allahB = ByteUtil.fromString(allah);

    // string compare should NOT be equivalent to byte compare for certain utf8 things.
    assertNotEquals(CmpUtil.compare(bbB, allahB), CmpUtil.compare(bb, allah));
    assertNotEquals(CmpUtil.compare(allahB, bbB), CmpUtil.compare(allah, bb));
  }",1
"(double x, double y)","public class Equals {
public static boolean equals(double x, double y) {
        return new Double(x).equals(new Double(y));
    }
}","@Test
    public void testEqualsDouble() {
        final double x = 1234.5678;
        Assert.assertTrue(MathUtils.equals(x, x));
        Assert.assertFalse(MathUtils.equals(x, -x));

        // Special cases (cf. semantics of JDK's ""Double"").
        // 1. NaN
        Assert.assertTrue(MathUtils.equals(Double.NaN, Double.NaN));
        // 2. Negative zero
        final double mZero = -0d;
        final double zero = 0d;
        Assert.assertTrue(MathUtils.equals(zero, zero));
        Assert.assertTrue(MathUtils.equals(mZero, mZero));
        Assert.assertFalse(MathUtils.equals(mZero, zero));
    }",1
"(double x,
                                            double originalDelta)","public class RepresentableDelta {
public static double representableDelta(double x,
                                            double originalDelta) {
        return x + originalDelta - x;
    }
}","@Test
    public void testRepresentableDelta() {
        int nonRepresentableCount = 0;
        final double x = 100;
        final int numTrials = 10000;
        for (int i = 0; i < numTrials; i++) {
            final double originalDelta = FastMath.random();
            final double delta = Precision.representableDelta(x, originalDelta);
            if (delta != originalDelta) {
                ++nonRepresentableCount;
            }
        }

        Assert.assertTrue(nonRepresentableCount / (double) numTrials > 0.9);
    }",1
"(int flag, int style)","public class FlagIsSet {
public static boolean flagIsSet(int flag, int style) {
		return (style & flag) == flag;
	}
}","@Test
	public void flagIsSet() {
		Assert.assertTrue(SwtMisc.flagIsSet(SWT.NONE, SWT.NONE));

		Assert.assertTrue(SwtMisc.flagIsSet(SWT.BOLD, SWT.BOLD));
		Assert.assertFalse(SwtMisc.flagIsSet(SWT.ITALIC, SWT.BOLD));
		Assert.assertFalse(SwtMisc.flagIsSet(SWT.BOLD, SWT.ITALIC));
		Assert.assertTrue(SwtMisc.flagIsSet(SWT.ITALIC, SWT.ITALIC));

		Assert.assertTrue(SwtMisc.flagIsSet(SWT.NONE, SWT.BOLD | SWT.ITALIC));
		Assert.assertTrue(SwtMisc.flagIsSet(SWT.BOLD, SWT.BOLD | SWT.ITALIC));
		Assert.assertTrue(SwtMisc.flagIsSet(SWT.ITALIC, SWT.BOLD | SWT.ITALIC));
		Assert.assertFalse(SwtMisc.flagIsSet(37, SWT.BOLD | SWT.ITALIC));
	}",1
"(int flag, boolean isSet, int style)","public class SetFlag {
public static int setFlag(int flag, boolean isSet, int style) {
		return isSet ? (style | flag) : (style & ~flag);
	}
}","@Test
	public void setFlag() {
		Assert.assertEquals(SWT.BOLD, SwtMisc.setFlag(SWT.BOLD, true, SWT.NONE));
		Assert.assertEquals(SWT.BOLD, SwtMisc.setFlag(SWT.BOLD, true, SWT.BOLD));
		Assert.assertEquals(SWT.NONE, SwtMisc.setFlag(SWT.BOLD, false, SWT.BOLD));

		Assert.assertEquals(SWT.BOLD | SWT.ITALIC, SwtMisc.setFlag(SWT.ITALIC, true, SWT.BOLD));
		Assert.assertEquals(SWT.ITALIC, SwtMisc.setFlag(SWT.BOLD, false, SWT.ITALIC | SWT.BOLD));
		Assert.assertEquals(SWT.BOLD, SwtMisc.setFlag(SWT.ITALIC, false, SWT.ITALIC | SWT.BOLD));
		Assert.assertEquals(SWT.BOLD, SwtMisc.setFlag(SWT.ITALIC, false, SWT.BOLD));
	}",1
(int bitCount),"public class BitCountToByteCount {
public static int bitCountToByteCount(int bitCount) {
    return (bitCount + 7) >>> 3;
  }
}","@Test
  public void bitCountToByteCount() {
    Assert.assertEquals(0, MathUtils.bitCountToByteCount(0));
    Assert.assertEquals(1, MathUtils.bitCountToByteCount(1));
    Assert.assertEquals(1, MathUtils.bitCountToByteCount(8));
    Assert.assertEquals(2, MathUtils.bitCountToByteCount(9));
    Assert.assertEquals(2, MathUtils.bitCountToByteCount(16));
    Assert.assertEquals(3, MathUtils.bitCountToByteCount(17));
  }",1
(byte b),"public class NumberOfLeadingZeros {
public static int numberOfLeadingZeros(byte b) {
    return Integer.numberOfLeadingZeros(b & 0xFF) - 24;
  }
}","@Test
  public void numberOfLeadingZerosOfByte() {
    for (int i = Byte.MIN_VALUE; i <= Byte.MAX_VALUE; ++i) {
      byte b = (byte) i;
      int actual = MathUtils.numberOfLeadingZeros(b);
      int expected = b < 0 ? 0 : (b == 0 ? 8 : Integer.numberOfLeadingZeros(i) - 24);
      Assert.assertEquals(expected, actual);
    }
  }",1
"(int a, int b)","public class Gcd {
public static int gcd(int a, int b) {
    while (b != 0) {
      int oldB = b;
      b = a % b;
      a = oldB;
    }
    return Math.abs(a);
  }
}","@Test
  public void gcd() {
    for (int i = -64; i < 64; ++i) {
      for (int j = -64; j < 64; ++j) {
        checkGcd(0, i, j);
        checkGcd(Integer.MAX_VALUE, i, j);
        checkGcd(Integer.MIN_VALUE, i, j);
      }
    }
  }",2
(double [] array),"public class Max {
public static double max(double [] array) {
		double max = Double.MIN_VALUE;
		for(int i = 0; i < array.length; i++)
			if (array[i] > max) 
				max = array[i];
		return max;
	}
}","@Test
	public void testMax() {
		double [] array = new double[10];
		int j = -5;
		for (int i = 0; i < 10; i++)
			array[i] = j++;
		assertEquals(""ArrayUtil.max failed"", ArrayUtil.max(array),4.0, 0.99);
	}",3
"(int nrRead, int totalNrNread)","public class CalcNewNrReadSize {
protected static int calcNewNrReadSize(int nrRead, int totalNrNread) {
		if (totalNrNread < 0) {
			return totalNrNread;
		}
		if (totalNrNread > (Integer.MAX_VALUE - nrRead)) {
			return -1;
		} else {
			return (totalNrNread + nrRead);
		}
	}
}","@Test
	public void testCalcNrRead() {
		Integer[] testData = new Integer[] {
			// nrRead, totalNrRead, reault
			0, 0, 0,
			1, 1, 2,
			10, Integer.MAX_VALUE - 10, Integer.MAX_VALUE,
			1, Integer.MAX_VALUE - 1, Integer.MAX_VALUE,
			10, Integer.MAX_VALUE - 9, -1
		};
		for (int i = 0; i < testData.length; i += 3) {
			int actualResult = IOUtil.calcNewNrReadSize(testData[i], testData[i + 1]);
			int expectedResult = testData[i + 2];
			assertEquals((i / 3) + "" : "" + testData[i] + "", "" + testData[i + 1], expectedResult, actualResult);
		}
	}",3
"(double sum, int count)","public class Average {
public static double average(double sum, int count) {
        return sum / count;
    }
}","@Test
    public void testAverage() {
        assertTrue(Math.abs(FillGaps.average(0, 5) - 0) < 0.001);
        assertTrue(Math.abs(FillGaps.average(12, 6) - 2) < 0.001);
        assertTrue(Math.abs(FillGaps.average(1, 1) - 1) < 0.001);
    }",1
"(double from, double to, int gapsCount)","public class LinearInterpolate {
public static double[] linearInterpolate(double from, double to, int gapsCount) {
        double[] res = new double[gapsCount + 2];

        // the first and last value should be from and to
        res[0] = from;
        res[res.length - 1] = to;

        // calculate the gradient over the two points
        double gradient = (to - from) / (gapsCount + 1);

        for (int i = 1; i < res.length - 1; i++) {
            res[i] = res[i-1] + gradient;

        }

        return res;
    }
}","@Test
    public void testLinearInterpolate() {
        assertTrue(checkDoubleArrayEquality(FillGaps.linearInterpolate(1,7,5), new double[] {1,2,3,4,5,6,7}));
        assertTrue(checkDoubleArrayEquality(FillGaps.linearInterpolate(5.7, 25.5, 5), new double[] {5.7, 9, 12.3, 15.6, 18.9, 22.2, 25.5}));
        assertTrue(checkDoubleArrayEquality(FillGaps.linearInterpolate(6.9, 19.3, 2), new double[] {6.9, 11.033, 15.166, 19.3}));
        assertTrue(checkDoubleArrayEquality(FillGaps.linearInterpolate(5, 15, 1), new double[] {5, 10, 15}));
        assertTrue(checkDoubleArrayEquality(FillGaps.linearInterpolate(3, -5, 7), new double[] {3, 2, 1, 0, -1, -2, -3, -4, -5}));
    }",2
(int value),"public class NextPowerOfTwo {
static int nextPowerOfTwo(int value) {
        if (value == 0) {
            return 1;
        }
        value--;
        value |= value >>> 1;
        value |= value >>> 2;
        value |= value >>> 4;
        value |= value >>> 8;
        value |= value >>> 16;
        return value + 1;
    }
}","@Test
    public void testNextPowerOfTwo() {
        assertEquals(1, Bag.nextPowerOfTwo(0));
        assertEquals(1, Bag.nextPowerOfTwo(1));
        assertEquals(2, Bag.nextPowerOfTwo(2));
        assertEquals(4, Bag.nextPowerOfTwo(3));
        assertEquals(1 << 31, Bag.nextPowerOfTwo((1 << 30) + 1));
    }",2
"(long val, int padTo)","public class ToHexString {
public static String toHexString(long val, int padTo) {
        char arr[] = Long.toHexString(val).toCharArray();
        String ret = """";
        // prepend the right number of leading zeros
        int i = 0;
        for (; i < (padTo * 2 - arr.length); i++) {
            ret += ""0"";
//            if ((i % 2) != 0)
//                ret += "":"";
        }
        for (int j = 0; j < arr.length; j++) {
            ret += arr[j];
//            if ((((i + j) % 2) != 0) && (j < (arr.length - 1)))
//                ret += "":"";
        }
        return ret;
    }
}","@Test
    public void testToHexString() throws Exception {
        Assert.assertTrue(HexString.toHexString(1L,6) != null);
        Assert.assertTrue(HexString.toHexString(1L) != null);
    }",3
(int num),"public class AddDigits {
static int addDigits(int num) {
        if (num < 10) return num;
        int i, count = 0;
        while ((i = num % 10) != 0 || num >= 10) {
            count += i;
            num -= i;
            num /= 10;
        }
        return addDigits(count);
    }
}","@Test
    public void addDigitsTest() {

        assertEquals(-1, AddDigitsSolution.addDigits(-1));
        assertEquals(0, AddDigitsSolution.addDigits(0));
        assertEquals(1, AddDigitsSolution.addDigits(100));
        assertEquals(2, AddDigitsSolution.addDigits(38));
        assertEquals(3, AddDigitsSolution.addDigits(579));
    }",4
(int num),"public class AddDigitsWisdom {
static int addDigitsWisdom(int num) {
        return 1 + (num - 1) % 9;
    }
}","@Test
    public void addDigitsWisdomTest() {

        assertEquals(-1, AddDigitsSolution.addDigitsWisdom(-1));
        assertEquals(0, AddDigitsSolution.addDigitsWisdom(0));
        assertEquals(1, AddDigitsSolution.addDigitsWisdom(100));
        assertEquals(2, AddDigitsSolution.addDigitsWisdom(38));
        assertEquals(3, AddDigitsSolution.addDigitsWisdom(579));
    }",1
"(double d, int point)","public class SavePoint {
public static String savePoint(double d, int point) {
        return String.format(""%."".concat(point + ""f""), d);
    }
}","@Test
    public void savePointTest() {
        assertEquals(""0.23"", DecimalUtils.saveTwoPoint(0.23456d));
        assertEquals(""1.23"", DecimalUtils.saveTwoPoint(1.23456d));
        assertEquals(""11.23"", DecimalUtils.saveTwoPoint(11.23456d));
        assertEquals(""1.23"", DecimalUtils.saveTwoPoint(01.23456d));
        assertEquals(""10.23"", DecimalUtils.saveTwoPoint(010.23456d));

        assertEquals(""10"", DecimalUtils.savePoint(010.23456d, 0));
        assertEquals(""10.2"", DecimalUtils.savePoint(010.23456d, 1));
        assertEquals(""10.2345600000"", DecimalUtils.savePoint(010.23456d, 10));
    }",1
(int n),"public class Perm {
public static int[] perm(int n) {
        int[] a = new int[n];
        for (int i = 0; i < n; i++) a[i] = i;
        for (int i = 0; i < n; i++) {
            int r = i + (int) (Math.random() * (n - i));   // between i and N-1
            int temp = a[i];
            a[i] = a[r];
            a[r] = temp;
        }
        return a;
    }
}","@Test
    public void permTest() {
        assertNotEquals(""[9,0,8,3,5,7,2,10,4,1,6] "", JSON.toJSONString(perm(11)));
    }",3
(int num),"public class CountBits {
static int[] countBits(int num) {
        if (num < 0) return null;

        int[] result = new int[num + 1];
        String binary;
        int count;
        //[0, 1, 10, 11, 100, 101]
        for (int i = 0; i <= num; i++) {
            binary = Integer.toBinaryString(i);
            count = 0;
            for (char c : binary.toCharArray()) {
                if (c == '1')
                    count++;
            }
            result[i] = count;
        }
        return result;
    }
}","@Test
    public void countingBits() {

        assertNull(CountingBitsSolution.countBits(-1));
        assertEquals(0, CountingBitsSolution.countBits(0)[0]);

        int[] result = CountingBitsSolution.countBits(5);
        int[] except = new int[]{0, 1, 1, 2, 1, 2};
        for (int i = 0; i < 5; i++) {
            assertEquals(except[i], result[i]);
        }
        long b = System.currentTimeMillis();
        CountingBitsSolution.countBits(SUPPRESS_TEST_LIMITATION);
        long e = System.currentTimeMillis();
        System.out.println(e - b);      //20
    }",5
(int num),"public class CountBitsWisdom {
static int[] countBitsWisdom(int num) {
        if (num < 0) return null;

        int[] f = new int[num + 1];
        //0, 1, 1, 2, 1, 2
        for (int i = 1; i <= num; i++) f[i] = f[i >> 1] + (i & 1);
        return f;
    }
}","@Test
    public void countingBitsWisdom() {

        assertNull(CountingBitsSolution.countBitsWisdom(-1));
        assertEquals(0, CountingBitsSolution.countBitsWisdom(0)[0]);

        int[] result = CountingBitsSolution.countBitsWisdom(5);
        int[] except = new int[]{0, 1, 1, 2, 1, 2};
        for (int i = 0; i < 5; i++) {
            assertEquals(except[i], result[i]);
        }
        long b = System.currentTimeMillis();
        CountingBitsSolution.countBitsWisdom(SUPPRESS_TEST_LIMITATION);
        long e = System.currentTimeMillis();
        System.out.println(e - b);      //1
    }",3
"(int a, int b)","public class Sum {
static int sum(int a, int b) {
        if (a == 0) return b;
        if (b == 0) return a;
        int temp;
        while (b != 0) {
            temp = a & b;
            a = a ^ b;
            b = temp << 1;
        }
        return a;
    }
}","@Test
    public void sum() {

        assertEquals(0, SumTwoIntegerSolution.sum(0, 0));
        assertEquals(1, SumTwoIntegerSolution.sum(1, 0));
        assertEquals(2, SumTwoIntegerSolution.sum(0, 2));
        assertEquals(6, SumTwoIntegerSolution.sum(3, 3));
        assertEquals(Integer.MAX_VALUE, SumTwoIntegerSolution.sum(Integer.MAX_VALUE - 10, 10));
    }",4
(int n),"public class CountNumbersWithUniqueDigits {
static int countNumbersWithUniqueDigits(int n) {

        if (n == 0) return 1;

        int res = 10;
        int uniqueDigits = 9;
        int availableNumber = 9;
        while (n-- > 1 && availableNumber > 0) {
            uniqueDigits = uniqueDigits * availableNumber;
            res += uniqueDigits;
            availableNumber--;
        }
        return res;
    }
}","@Test
    public void countNumbersWithUniqueDigits() {

        assertEquals(91, CountNumbersUniqueDigitsSolution.countNumbersWithUniqueDigits(2));
    }",4
(long l),"public class ExtractRight {
public static int extractRight(long l) {
        return (int) l;
    }
}","@Test
    void extractRight() {
        Assertions.assertEquals(RIGHT, BitwiseUtils.extractRight(VALUE));
    }",1
(long l),"public class ExtractLeft {
public static int extractLeft(long l) {
        return (int) (l >> 32);
    }
}","@Test
    void extractLeft() {
        Assertions.assertEquals(LEFT, BitwiseUtils.extractLeft(VALUE));
    }",1
(int iSum),"public class GetCheckCode18 {
public static String getCheckCode18(int iSum) {
        String sCode = """";
        switch (iSum % 11) {
            case 10:
                sCode = ""2"";
                break;
            case 9:
                sCode = ""3"";
                break;
            case 8:
                sCode = ""4"";
                break;
            case 7:
                sCode = ""5"";
                break;
            case 6:
                sCode = ""6"";
                break;
            case 5:
                sCode = ""7"";
                break;
            case 4:
                sCode = ""8"";
                break;
            case 3:
                sCode = ""9"";
                break;
            case 2:
                sCode = ""x"";
                break;
            case 1:
                sCode = ""0"";
                break;
            case 0:
                sCode = ""1"";
                break;
        }
        return sCode;
    }
}","@Test
    public void testGetCheckCode18() throws Exception {

    }",2
"(long value, int length)","public class IntegerToBytes {
public static byte[] integerToBytes(long value, int length) {
        final byte[] data = new byte[length];
        for (int i = 0; i < length; i++) {
            data[i] = (byte) (value >> (length - i - 1) * 8);
        }
        return data;
    }
}","@Test
    public void integerToBytes() {
        // 1-byte signed integer.
        TestUtils.assertEquals(new byte[] {0x00}, ConversionUtils.integerToBytes(0, 1));
        TestUtils.assertEquals(new byte[] {0x01}, ConversionUtils.integerToBytes(1, 1));
        TestUtils.assertEquals(new byte[] {(byte) 0xff}, ConversionUtils.integerToBytes(-1, 1));
        TestUtils.assertEquals(new byte[] {0x7f}, ConversionUtils.integerToBytes(127, 1));
        TestUtils.assertEquals(new byte[] {(byte) 0x81}, ConversionUtils.integerToBytes(-127, 1));
        TestUtils.assertEquals(new byte[] {(byte) 0x80}, ConversionUtils.integerToBytes(-128, 1));
        
        // 2-byte signed integer.
        TestUtils.assertEquals(new byte[] {0x00, 0x00}, ConversionUtils.integerToBytes(0, 2));
        TestUtils.assertEquals(new byte[] {0x00, 0x01}, ConversionUtils.integerToBytes(1, 2));
        TestUtils.assertEquals(new byte[] {0x00, 0x7f}, ConversionUtils.integerToBytes(127, 2));
        TestUtils.assertEquals(new byte[] {0x00, (byte) 0x80}, ConversionUtils.integerToBytes(128, 2));
        TestUtils.assertEquals(new byte[] {0x00, (byte) 0xff}, ConversionUtils.integerToBytes(255, 2));
        TestUtils.assertEquals(new byte[] {0x01, 0x00}, ConversionUtils.integerToBytes(256, 2));
        TestUtils.assertEquals(new byte[] {0x01, 0x01}, ConversionUtils.integerToBytes(257, 2));
        TestUtils.assertEquals(new byte[] {(byte) 0xff, (byte) 0xff}, ConversionUtils.integerToBytes(-1, 2));
        TestUtils.assertEquals(new byte[] {(byte) 0xff, (byte) 0x01}, ConversionUtils.integerToBytes(-255, 2));
        TestUtils.assertEquals(new byte[] {(byte) 0xff, (byte) 0x00}, ConversionUtils.integerToBytes(-256, 2));
        TestUtils.assertEquals(new byte[] {(byte) 0xfe, (byte) 0xff}, ConversionUtils.integerToBytes(-257, 2));
        
        // 4-byte signed integer.
        TestUtils.assertEquals(new byte[] {0x00, 0x00, 0x00, 0x01}, ConversionUtils.integerToBytes(0x00000001, 4));
        TestUtils.assertEquals(new byte[] {0x11, 0x22, 0x33, 0x44}, ConversionUtils.integerToBytes(0x11223344, 4));
        TestUtils.assertEquals(new byte[] {0x7f, (byte) 0xff, (byte) 0xff, (byte) 0xff}, ConversionUtils.integerToBytes(Integer.MAX_VALUE, 4));
        TestUtils.assertEquals(new byte[] {(byte) 0x80, 0x00, 0x00, 0x00}, ConversionUtils.integerToBytes(Integer.MIN_VALUE, 4));
        TestUtils.assertEquals(new byte[] {(byte) 0xff, (byte) 0xff, (byte) 0xff, (byte) 0xff}, ConversionUtils.integerToBytes(0xffffffffL, 4));

        // 8-byte signed integer.
        TestUtils.assertEquals(new byte[] {0x11, 0x22, 0x33, 0x44, 0x55, 0x66, 0x77, (byte) 0x88}, ConversionUtils.integerToBytes(0x1122334455667788L, 8));
    }",2
"(double x1, double y1, double x2, double y2)","public class PointDirection {
public static double pointDirection(double x1, double y1, double x2, double y2)
    {
        return Math.atan2(y2 - y1, x2 - x1);
    }
}","@Test
    public void testPointDirection() throws Exception {
        assertEquals(Utils.pointDirection(-1.0, -1.0, 5.0, 5.0), Math.PI / 4.0, 0.01);
    }",1
"(int value, int benchmark)","public class CalculateScore {
public static float calculateScore(int value, int benchmark) {
    if (value <= benchmark) {
      return 100f;
    } else if (value <= 4f * benchmark) {
      return (((-1f / (3f * benchmark)) * value) + (4f / 3f)) * 100f;
    } else {
      return 0;
    }
  }
}","@Test
  public void test1() {
    assertEquals(98.66f, ScoreCalculator.calculateScore(208, 200), 0.01f);
  }",3
"(double x1, double y1, double x2, double y2)","public class Distance {
public static double distance(double x1, double y1, double x2, double y2) {
        return Math.sqrt((x1 - x2) * (x1 - x2) + (y1 - y2) * (y1 - y2));
    }
}","@Test
    public void testDistance() throws Exception {
        assertEquals(Utils.distance(-2.0, -1.0, -1.0, 0.0), 1.41, 0.1);
    }",1
"(double angle1, double angle2)","public class AngleDifference {
public static double angleDifference(double angle1, double angle2)
    {
        return ((((angle1 - angle2) % (Math.PI * 2.0)) + (Math.PI * 3)) % (Math.PI * 2)) - Math.PI;
    }
}","@Test
    public void testAngleDifference() throws Exception {
        assertEquals(Utils.angleDifference(Math.PI * 8.0, Math.PI), -Math.PI, 0.01);
    }",1
"(double x1, double y1, double x2, double y2)","public class DistanceSquared {
public static double distanceSquared(double x1, double y1, double x2, double y2) {
        return (x1 - x2) * (x1 - x2) + (y1 - y2) * (y1 - y2);
    }
}","@Test
    public void testDistanceSquared() throws Exception {
        assertEquals(Utils.distanceSquared(-2.0, -1.0, -1.0, 0.0), 2.00, 0.1);
    }",1
(double d),"public class Floor {
public static int floor(double d) {
		return (int) Math.floor(d);
	}
}","@Test
	public void floor() {
		assertEquals(3, Functions.floor(3.141592654d));
	}",1
(int year),"public class IsLeapYear {
public static boolean isLeapYear(int year) {
        return !((year % 4 != 0) || ((year % 100 == 0) && (year % 400 != 0)));
    }
}","@Test
    public void test_isLeapYear() throws Exception {
        assertEquals(false, isLeapYear(2014));
        assertEquals(false, isLeapYear(2015));
        assertEquals(true, isLeapYear(2016));
        assertEquals(false, isLeapYear(2017));
    }",3
(int dint),"public class Month {
public static int month(int dint) {
        return dint / 100 % 100;
    }
}","@Test
    public void test_month() throws Exception {
        assertEquals(9, Dint.month(20140912));
    }",1
(int dint),"public class Day {
public static int day(int dint) {
        return dint % 100;
    }
}","@Test
    public void test_day() throws Exception {
        assertEquals(12, Dint.day(20140912));
    }",1
(int dint),"public class Year {
public static int year(int dint) {
        return dint / 10000;
    }
}","@Test
    public void test_year() throws Exception {
        assertEquals(2014, Dint.year(20140912));
    }",1
(double v),"public class Round {
public static long round(double v) {
		// Use Math.round to tackle the special cases of +/- Infinity and NaN
		long result = Math.round(v);
		// The only special case kicks in if the value is negative and has a
		// 0.5 part.
		if (v < 0.0 && (result - v) == 0.5) {
			return result - 1;
		}
		return result;
	}
}","@Test
	public void testRound() {
		assertEquals(""round 0.5"", 1L, MathUtil.round(0.5));
		assertEquals(""round -0.5"", -1L, MathUtil.round(-0.5));
		assertEquals(""round 50.5"", 51L, MathUtil.round(50.5));
		assertEquals(""round -50.5"", -51L, MathUtil.round(-50.5));
		assertEquals(""round +Infinity"", Long.MAX_VALUE, MathUtil.round(Double.POSITIVE_INFINITY));
		assertEquals(""round -Infinity"", Long.MIN_VALUE, MathUtil.round(Double.NEGATIVE_INFINITY));
		assertEquals(""round NaN"", 0L, MathUtil.round(Double.NaN));
	}",3
(long ms),"public class WaitQuietly {
public static void waitQuietly(long ms) {
    try {
      Thread.sleep(ms);
    } catch (InterruptedException | IllegalArgumentException e) {
    }
  }
}","@Test
  public void testSleepQuietly() throws Exception {
    waitQuietly(-1);
    waitQuietly(5);
  }",2
(long value),"public class GetFiveBytes {
public static byte[] getFiveBytes(long value) {
		if (value < 0) {
			throw new IllegalArgumentException(""negative value not allowed: "" + value);
		} else if (value > 1099511627775L) {
			throw new IllegalArgumentException(""value out of range: "" + value);
		}
		return new byte[] { (byte) (value >> 32), (byte) (value >> 24), (byte) (value >> 16), (byte) (value >> 8),
				(byte) value };
	}
}","@Test
	public void getFiveBytesTest() {
		byte[] fiveBytes = Serializer.getFiveBytes(0);
		Assert.assertArrayEquals(new byte[] { 0, 0, 0, 0, 0 }, fiveBytes);

		fiveBytes = Serializer.getFiveBytes(5);
		Assert.assertArrayEquals(new byte[] { 0, 0, 0, 0, 5 }, fiveBytes);
	}",3
"(int minLon1, int maxLon1, int minLat1, int maxLat1, int minLon2, int maxLon2,
			int minLat2, int maxLat2)","public class Overlaps {
public static boolean overlaps(int minLon1, int maxLon1, int minLat1, int maxLat1, int minLon2, int maxLon2,
			int minLat2, int maxLat2) {
		return !(minLon1 > maxLon2 || minLon2 > maxLon1 || minLat1 > maxLat2 || minLat2 > maxLat1);
	}
}","@Test
	public void testOverlapsRect() {
		Rect r1 = new Rect(0, 1000000, 50000000, 51000000);

		// same
		Rect r2 = new Rect(0, 1000000, 50000000, 51000000);
		// single boundary in common
		Rect r3 = new Rect(-1000000, 0, 45000000, 55000000);
		// inclusion
		Rect r4 = new Rect(-1000000, 2000000, 45000000, 55000000);
		// outside
		Rect r5 = new Rect(0, 1000000, 55000000, 56000000);

		assertTrue(r1.overlaps(r2));
		assertTrue(r1.overlaps(r3));
		assertTrue(r1.overlaps(r4));
		assertFalse(r1.overlaps(r5));

	}",4
"(long reading, long floor, long ceiling)","public class IsBetween {
public static boolean isBetween(long reading, long floor, long ceiling) {
		return reading < ceiling && reading > floor;
	}
}","@Test
	public void testBetween(){
		assertThat(RangeFunctions.isBetween(2,1,3), is(true));
		assertThat(RangeFunctions.isBetween(1,1,3), is(false));
		assertThat(RangeFunctions.isBetween(3,1,3), is(false));
	}",2
"(long reading, long value)","public class IsAbove {
public static boolean isAbove(long reading, long value) {
		return reading > value;
	}
}","@Test
	public void testAbove(){
		assertThat(RangeFunctions.isAbove(2,2), is(false));
		assertThat(RangeFunctions.isAbove(3,2), is(true));
	}",1
"(long reading, long value)","public class IsBelow {
public static boolean isBelow(long reading, long value) {
		return reading < value;
	}
}","@Test
	public void testBelow(){
		assertThat(RangeFunctions.isBelow(1,2), is(true));
		assertThat(RangeFunctions.isBelow(2,2), is(false));
	}",1
( long parsedPartSize ),"public class ConvertToInt {
protected int convertToInt( long parsedPartSize ) {
    return (int) Long.min( Integer.MAX_VALUE, parsedPartSize );
  }
}","@Test
    public void testConvertToInt() throws Exception {
      S3FileSystem s3FileSystem = getTestInstance();
  
      // TEST 1: below int max
      assertEquals( 10, s3FileSystem.convertToInt( 10L ) );
  
      // TEST 2: at int max
      assertEquals( Integer.MAX_VALUE, s3FileSystem.convertToInt( (long) Integer.MAX_VALUE ) );
  
      // TEST 3: above int max
      assertEquals( Integer.MAX_VALUE, s3FileSystem.convertToInt( 5L* 1024L * 1024L * 1024L ) );
    }",1
( long value ),"public class ToMinutes {
public static long toMinutes( long value ) {
        return value / (60L * 1000L);
    }
}","@Test
    public void testToMinutes() throws Exception {

        assertEquals( 5, Milliseconds.toMinutes( 5 * 60 * 1000 ) );

    }",1
(double d),"public class FormatDoubleToString {
public static String formatDoubleToString(double d) {
        if(d == (long) d)
            return String.format(""%d"",(long)d);
        else
            return String.format(""%s"",d);
    }
}","@Test
    public void testFormatDouble() {

        assertEquals(""123"", FormatUtil.formatDoubleToString(123.000));
        assertEquals(""123"", FormatUtil.formatDoubleToString(123));
        assertEquals(""123.1"", FormatUtil.formatDoubleToString(123.100));
        assertEquals(""123.12"", FormatUtil.formatDoubleToString(123.1200));
        assertEquals(""123.123"", FormatUtil.formatDoubleToString(123.123));
        assertEquals(""-123"", FormatUtil.formatDoubleToString(-123));
        assertEquals(""-123.1"", FormatUtil.formatDoubleToString(-123.100000));

    }",2
"(double k, double x, double beta)","public class GetAlphaAdjoint {
protected double[] getAlphaAdjoint(double k, double x, double beta) {

    double w1 = Math.pow(x, -beta);
    double w2 = x - k;
    double w3 = w2 * w1;

    double w2Bar = w1;
    double w1Bar = w2;

    double[] res = new double[4];
    res[0] = w3;
    res[1] = -w2Bar; // kBar
    res[2] = w2Bar - beta * w1 / x * w1Bar; // xBar
    res[3] = -Math.log(x) * w3; // betaBar

    return res;
  }
}","@Test
  public void alphaTest() {
    final double k = 123;
    final double x = 204;
    final double beta = 2.3;

    final BjerksundStenslandModel bs = new BjerksundStenslandModel();

    final double[] sense = bs.getAlphaAdjoint(k, x, beta);
    final double[] parms = new double[] {k, x, beta };
    final int n = parms.length;
    final double eps = 1e-5;
    for (int i = 0; i < n; i++) {
      final double[] temp = Arrays.copyOf(parms, n);
      temp[i] += eps;
      final double up = bs.getAlphaAdjoint(temp[0], temp[1], temp[2])[0];
      temp[i] -= 2 * eps;
      final double down = bs.getAlphaAdjoint(temp[0], temp[1], temp[2])[0];
      final double fd = (up - down) / 2 / eps;
      assertEquals(fd, sense[i + 1], Math.abs(fd) * 1e-8);
    }
  }",1
"(double gamma, double b, double sigmaSq)","public class GetKappaAdjoint {
protected double[] getKappaAdjoint(double gamma, double b, double sigmaSq) {
    double[] res = new double[4];
    double temp = 2 * b / sigmaSq;
    res[0] = temp + 2 * gamma - 1;
    res[1] = 2.0; // gammaBar
    res[2] = 2 / sigmaSq; // bBar
    res[3] = -temp / sigmaSq; // sigmasqBar
    return res;
  }
}","@Test
  public void kappaTest() {
    final double[] gammaSet = new double[] {0, 1, 0.9, 2.3 };
    final double[] bSet = {-0.03, 0, 0.04 };
    final double sigma = 0.3;
    final double sigmaSq = sigma * sigma;

    final BjerksundStenslandModel bs = new BjerksundStenslandModel();

    for (final double gamma : gammaSet) {
      for (final double b : bSet) {

        final double[] sense = bs.getKappaAdjoint(gamma, b, sigmaSq);
        final double[] parms = new double[] {gamma, b, sigmaSq };
        final int n = parms.length;
        final double eps = 1e-5;
        for (int i = 0; i < n; i++) {
          final double[] temp = Arrays.copyOf(parms, n);
          temp[i] += eps;
          final double up = bs.getKappaAdjoint(temp[0], temp[1], temp[2])[0];
          temp[i] -= 2 * eps;
          final double down = bs.getKappaAdjoint(temp[0], temp[1], temp[2])[0];
          final double fd = (up - down) / 2 / eps;
          assertEquals(fd, sense[i + 1], Math.abs(fd) * 2e-8);
        }
      }
    }
  }",1
"(double gamma, double r, double b, double sigmaSq)","public class GetLambdaAdjoint {
protected double[] getLambdaAdjoint(double gamma, double r, double b, double sigmaSq) {
    double[] res = new double[5];
    double temp = 0.5 * gamma * (gamma - 1);
    res[0] = -r + gamma * b + temp * sigmaSq; // lambda
    res[1] = b + (gamma - 0.5) * sigmaSq; // gammaBar
    res[2] = -1.0; // rBar
    res[3] = gamma; // bBar
    res[4] = temp; // sigmasqBar
    return res;
  }
}","@Test
  public void lambdaTest() {
    final double[] gammaSet = new double[] {0, 1, 0.9, 2.3 };
    final double r = 0.1;
    final double[] bSet = {-0.03, 0, 0.04, r };
    final double sigma = 0.3;
    final double sigmaSq = sigma * sigma;

    final BjerksundStenslandModel bs = new BjerksundStenslandModel();

    for (final double gamma : gammaSet) {
      for (final double b : bSet) {

        final double[] sense = bs.getLambdaAdjoint(gamma, r, b, sigmaSq);
        final double[] parms = new double[] {gamma, r, b, sigmaSq };
        final int n = parms.length;
        final double eps = 1e-5;
        for (int i = 0; i < n; i++) {
          final double[] temp = Arrays.copyOf(parms, n);
          temp[i] += eps;
          final double up = bs.getLambdaAdjoint(temp[0], temp[1], temp[2], temp[3])[0];
          temp[i] -= 2 * eps;
          final double down = bs.getLambdaAdjoint(temp[0], temp[1], temp[2], temp[3])[0];
          final double fd = (up - down) / 2 / eps;
          assertEquals(fd, sense[i + 1], Math.abs(fd) * 1e-8);
        }
      }
    }
  }",1
(long memory),"public class MakeVmMemoryDivisibleBy4 {
public static long makeVmMemoryDivisibleBy4(long memory) {
      if ((memory % 4) == 0) {
         return memory;
      } else {
         long temp = memory / 4;
         return temp * 4;
      }
   }
}","@Test
   public void testMakeVmMemoryDivisibleBy4() {
      long max = Long.MAX_VALUE;
      max = CommonUtil.makeVmMemoryDivisibleBy4(max);
      assertTrue(max > 0);
   }",2
(int statusCode),"public class IsRedirectStatusCode {
public static boolean isRedirectStatusCode(int statusCode) {
	switch (statusCode) {
		// TODO check why 301 is not mentioned in TR
	    case 301: // fall through
	    case 302: // fall through
	    case 303: // fall through
	    case 307:
		return true;

	    default:
		return false;
	}
    }
}","@Test
    public void testIsRedirectStatusCode() {
	boolean result = TR03112Utils.isRedirectStatusCode(200);
	Assert.assertFalse(result);
	result = TR03112Utils.isRedirectStatusCode(300);
	Assert.assertFalse(result);
	result = TR03112Utils.isRedirectStatusCode(301);
	Assert.assertTrue(result);
	result = TR03112Utils.isRedirectStatusCode(302);
	Assert.assertTrue(result);
	result = TR03112Utils.isRedirectStatusCode(303);
	Assert.assertTrue(result);
	result = TR03112Utils.isRedirectStatusCode(304);
	Assert.assertFalse(result);
	result = TR03112Utils.isRedirectStatusCode(305);
	Assert.assertFalse(result);
	result = TR03112Utils.isRedirectStatusCode(306);
	Assert.assertFalse(result);
	result = TR03112Utils.isRedirectStatusCode(307);
	Assert.assertTrue(result);
	result = TR03112Utils.isRedirectStatusCode(400);
	Assert.assertFalse(result);
    }",2
(byte dataCoding),"public class GetMaxCharacters {
public static int getMaxCharacters(byte dataCoding) {
        switch (dataCoding) {
            case 0:case 1: return 160; // these are 7bit, return full length
            // JP and KR are suppose to use multi-byte character. This is probably needed to be tested once we get more
            // people using those charset so they can maximize their allowed number of characters in single message.
            // For now assume it is the same one as double byte characters
            case 5:case 10:case 13: // just to be safe for japanese
            case 8:
            case 14: // just to be safe for korean
                return 70;
            default: return 140;
        }
    }
}","@Test
    public void testGetMaxCharacters() throws Exception {
        Assert.assertEquals(160, DataCodingSpecification.getMaxCharacters((byte)0));
        Assert.assertEquals(160, DataCodingSpecification.getMaxCharacters((byte)1));
        Assert.assertEquals(140, DataCodingSpecification.getMaxCharacters((byte)2));
        Assert.assertEquals(140, DataCodingSpecification.getMaxCharacters((byte)3));
        Assert.assertEquals(140, DataCodingSpecification.getMaxCharacters((byte)4));
        Assert.assertEquals(70, DataCodingSpecification.getMaxCharacters((byte)5));
        Assert.assertEquals(140, DataCodingSpecification.getMaxCharacters((byte)6));
        Assert.assertEquals(140, DataCodingSpecification.getMaxCharacters((byte)7));
        Assert.assertEquals(70, DataCodingSpecification.getMaxCharacters((byte)8));
        Assert.assertEquals(70, DataCodingSpecification.getMaxCharacters((byte)10));
        Assert.assertEquals(70, DataCodingSpecification.getMaxCharacters((byte)13));
        Assert.assertEquals(70, DataCodingSpecification.getMaxCharacters((byte)14));
    }",2
(int c),"public class IsSupplemental {
public static boolean isSupplemental(int c) {
        return (c >= 0x10000 && c <= 0x10FFFF);
    }
}","@Test
	public void testIsSupplemental() {
		assertTrue(XMLChar.isSupplemental(0x10004));
		assertFalse(XMLChar.isSupplemental(0x32));
	}",2
"(char h, char l)","public class Supplemental {
public static int supplemental(char h, char l) {
        return (h - 0xD800) * 0x400 + (l - 0xDC00) + 0x10000;
    }
}","@Test
	public void testSupplemental() {
		char h = (char)0xD801;
		char l = (char)0xDC02;
		int supplemental = 0x400 + 2 + 0x10000;
		assertEquals(new Integer(supplemental), new Integer(XMLChar.supplemental(h, l)));
		assertEquals(new Character(h), new Character(XMLChar.highSurrogate(supplemental)));
		assertEquals(new Character(l), new Character(XMLChar.lowSurrogate(supplemental)));
	}",1
(int c),"public class IsHighSurrogate {
public static boolean isHighSurrogate(int c) {
        return (0xD800 <= c && c <= 0xDBFF);
    }
}","@Test
	public void testIsHighSurrogate() {
		assertTrue(XMLChar.isHighSurrogate(0xD800));
		assertFalse(XMLChar.isHighSurrogate(0xD7FF));
	}",2
(int c),"public class IsLowSurrogate {
public static boolean isLowSurrogate(int c) {
        return (0xDC00 <= c && c <= 0xDFFF);
    }
}","@Test
	public void testIsLowSurrogate() {
		assertTrue(XMLChar.isLowSurrogate(0xDC00));
		assertFalse(XMLChar.isLowSurrogate(0xD800));
	}",2
(int c),"public class IsMarkup {
public static boolean isMarkup(int c) {
        return c == '<' || c == '&' || c == '%';
    }
}","@Test
	public void testIsMarkup() {
		assertTrue(XMLChar.isMarkup('<'));
		assertTrue(XMLChar.isMarkup('&'));
		assertTrue(XMLChar.isMarkup('%'));
		assertFalse(XMLChar.isMarkup('a'));
	}",3
"(double min, double max)","public class CreateNumericalDescription {
static String createNumericalDescription(double min, double max) {
    return min + "","" + max;
  }
}","@Test
  public void testCreateNumericalDescription() {
    String description = DescriptionUtils.createNumericalDescription(-5.1, 12.32);
    assertEquals(""-5.1,12.32"", description);
  }",1
"(int index, int lastPageIndex, boolean isRtl)","public class IsIndexBeforeLastPage {
static boolean isIndexBeforeLastPage(int index, int lastPageIndex, boolean isRtl) {
        return isRtl ? index > lastPageIndex : index < lastPageIndex;
    }
}","@Test
    public void testIsIndexBeforeLastPage() {
        assertTrue(WelcomeUtils.isIndexBeforeLastPage(1, 3, false));
        assertFalse(WelcomeUtils.isIndexBeforeLastPage(3, 3, false));
        assertFalse(WelcomeUtils.isIndexBeforeLastPage(4, 3, false));
        assertTrue(WelcomeUtils.isIndexBeforeLastPage(2, 0, true));
        assertFalse(WelcomeUtils.isIndexBeforeLastPage(0, 0, true));
        assertFalse(WelcomeUtils.isIndexBeforeLastPage(0, 1, true));
    }",1
"(long start, long end, int numReducers)","public class FindWidth {
public static long findWidth(long start, long end, int numReducers) {
    return Long.divideUnsigned(end - start, numReducers) + 1;
  }
}","@Test
  public void partition_gives_value_in_range() {
    long start = 1473897600000000000L;
    long end = TimestampConverters.MILLISECONDS.toNanoseconds(1473995927455L);
    Configuration conf = new Configuration();
    conf.set(PcapJob.START_TS_CONF, toUnsignedString(start));
    conf.set(PcapJob.END_TS_CONF, toUnsignedString(end));
    conf.set(PcapJob.WIDTH_CONF, """" + PcapJob.findWidth(start, end, 10));
    PcapJob.PcapPartitioner partitioner = new PcapJob.PcapPartitioner();
    partitioner.setConf(conf);
    assertThat(""Partition not in range"",
        partitioner.getPartition(new LongWritable(1473978789181189000L), new BytesWritable(), 10),
        equalTo(8));
  }",1
(int value),"public class IntToByteArray {
protected static byte[] intToByteArray(int value) {
		return new byte[] { (byte) (value >>> 24), (byte) (value >>> 16),
				(byte) (value >>> 8), (byte) value };
	}
}","@Test
	public void testIntToByteArray() {
		// Positive int
		byte[] posBytes = new byte[] { 0x00, 0x00, 0x00, 0x2a };
		assertArrayEquals(posBytes, Utils.intToByteArray(42));

		// Zero
		byte[] zeroBytes = new byte[] { (byte) 0x00, (byte) 0x00, (byte) 0x00,
				(byte) 0x00 };
		assertArrayEquals(zeroBytes, Utils.intToByteArray(0));

		// Negative int
		byte[] negBytes = new byte[] { (byte) 0xff, (byte) 0xff, (byte) 0xff,
				(byte) 0xf4 };
		assertArrayEquals(negBytes, Utils.intToByteArray(-12));
	}",1
"(int objectCount, int count, int index)","public class RoundRobinPart {
public static int[] roundRobinPart(int objectCount, int count, int index) {
        if (objectCount < 0 || index < 0 || count < 1 || index >= count) {
            throw new IllegalArgumentException(""objectCount="" + objectCount + "", count="" + count + "", index="" + index);
        }

        int[] res = new int[objectCount / count + (objectCount % count > index ? 1 : 0)];
        for (int i = 0, j = index; j < objectCount; i++, j += count) {
            res[i] = j;
        }
        return res;
    }
}","@Test
    public void test_roundRobinPart() {
        assertArrayEquals(new int[] {},
                roundRobinPart(0, 2, 0));
        assertArrayEquals(new int[] {0},
                roundRobinPart(1, 1, 0));
        assertArrayEquals(new int[] {0},
                roundRobinPart(1, 2, 0));
        assertArrayEquals(new int[] {},
                roundRobinPart(1, 2, 1));
        assertArrayEquals(new int[] {0, 1},
                roundRobinPart(2, 1, 0));
        assertArrayEquals(new int[] {0},
                roundRobinPart(2, 2, 0));
        assertArrayEquals(new int[] {1},
                roundRobinPart(2, 2, 1));
        assertArrayEquals(new int[] {0, 2},
                roundRobinPart(3, 2, 0));
        assertArrayEquals(new int[] {1},
                roundRobinPart(3, 2, 1));
    }",6
(int codePoint),"public class IsDigit {
static boolean isDigit(int codePoint) {
        return Character.isDigit(codePoint);
    }
}","@Test
    public void checkRangesDigit() {

        List<Integer> issues = new ArrayList<>();
        Pattern pattern = Pattern.compile(WordPattern.DIGIT.getCaseSensitive());
        for (int codePoint = 0; codePoint < Character.MAX_CODE_POINT; codePoint++) {
            String string = String.valueOf(Character.toChars(codePoint));
            boolean matchPattern = pattern.matcher(string).matches();
            boolean recognizeString = WordPatternRecognizer.isDigit(codePoint);
            Assert.assertTrue(matchPattern == recognizeString);
            if (matchPattern != recognizeString)
                issues.add(codePoint);
        }
        display(issues);
    }",1
"(int width, int height)","public class OnSize {
protected void onSize(int width, int height) {}
}","@Test
  public void testRejectNAWS() throws Exception {
    final AtomicReference<Boolean> serverValue = new AtomicReference<>();
    WindowSizeOptionHandler optionHandler = new WindowSizeOptionHandler(20, 10, false, false, false, false);
    testOptionValue(new Supplier<TelnetHandler>() {
      @Override
      public TelnetHandler get() {
        return new TelnetHandler() {
          @Override
          protected void onOpen(TelnetConnection conn) {
            conn.writeDoOption(Option.NAWS);
          }
          @Override
          protected void onNAWS(boolean naws) {
            serverValue.set(naws);
            testComplete();
          }
          @Override
          protected void onSize(int width, int height) {
            super.onSize(width, height);
          }
        };
      }
    }, optionHandler);
    assertEquals(false, serverValue.get());
    assertEquals(false, optionHandler.getAcceptLocal());
  }",1
(int errorCode),"public class IsBrotliOk {
static boolean isBrotliOk(int errorCode) {
    return errorCode >= 0;
  }
}","@Test
  public void error_codes_which_are_positive_are_OK() throws Exception {
    assertThat(BrotliErrorChecker.isBrotliOk(-1)).isFalse();
    assertThat(BrotliErrorChecker.isBrotliOk(0)).isTrue();
    assertThat(BrotliErrorChecker.isBrotliOk(1)).isTrue();
  }",1
(int n),"public class IsPrimeFast {
public static boolean isPrimeFast(int n) {
    int m = (int) Math.sqrt(n);
    for (int i = 2; i < m; i++) {
      if (n % i == 0) {
        return false;
      }
    }
    return true;
  }
}","@Test
  public void testPrime() {
    Assert.assertTrue(Primes.isPrimeFast(Integer.MAX_VALUE));
  }",3
(long value),"public class ToBytes {
public static byte[] toBytes(long value) {

    long v = value;
    byte[] bytes = new byte[8];
    for (int i = 7; i >= 0; i--) {
      bytes[i] = (byte) v;
      v >>= 8;
    }
    return bytes;
  }
}","@Test
  public void testToBytes() {

    assertThat(BinaryType.toBytes(0x0FEDCBA98)).containsExactly(0x0FE, 0x0DC, 0x0BA, 0x098);
    assertThat(BinaryType.toBytes(0x0FEDCBA9876543210L)).containsExactly(0x0FE, 0x0DC, 0x0BA, 0x098, 0x076, 0x054, 0x032, 0x010);
  }",2
(int codePoint),"public class IsWhitespace {
public static boolean isWhitespace(int codePoint) {
		// Whitespace character are space, tab, newline and carriage return:
		return codePoint == 0x20 || codePoint == 0x9 || codePoint == 0xA || codePoint == 0xD;
	}
}","@Test
	public final void testIsWhitespace() {
		assertFalse(TurtleUtil.isWhitespace(';'));
	}",4
(int color),"public class IsTransparent {
public static boolean isTransparent(int color) {
        return (color & 0xFF000000) == 0 ? true : false;
    }
}","@Test
    @Covers(""public static boolean isTransparent(int)"")
    public void isTransparent() {
        assertTrue(ColorHelper.isTransparent(TRANSPARENT));
        assertFalse(ColorHelper.isTransparent(NEAR_BLACK));
        assertFalse(ColorHelper.isTransparent(BLACK));
        assertFalse(ColorHelper.isTransparent(WHITE));
    }",1
(int color),"public class IsOpaque {
public static boolean isOpaque(int color) {
        return (color & 0xFF000000) == 0xFF000000 ? true : false;
    }
}","@Test
    @Covers(""public static boolean isOpaque(int)"")
    public void isOpaque() {
        assertFalse(ColorHelper.isOpaque(TRANSPARENT));
        assertFalse(ColorHelper.isOpaque(NEAR_BLACK));
        assertTrue(ColorHelper.isOpaque(BLACK));
        assertTrue(ColorHelper.isOpaque(WHITE));
    }",1
(int value),"public class MakeOpaque {
public static int makeOpaque(int value) {
        return (value & 0x00ffffff) | 0xff000000;
    }
}","@Test
    @Covers(""public static int makeOpaque(int)"")
    public void makeOpaque() {
        assertEquals(BLACK, ColorHelper.makeOpaque(TRANSPARENT));
        assertEquals(BLACK, ColorHelper.makeOpaque(NEAR_BLACK));
        assertEquals(BLACK, ColorHelper.makeOpaque(BLACK));
        assertEquals(WHITE, ColorHelper.makeOpaque(WHITE));
    }",1
(long milliseconds),"public class AsHoursMinutesSeconds {
public static String asHoursMinutesSeconds(long milliseconds) {

        if (milliseconds < 0) {
            throw new IllegalArgumentException();
        }

        long seconds = 0;
        long minutes = 0;
        long hours = 0;

        if (milliseconds > 1000) {
            seconds = milliseconds / 1000;
        }

        if (seconds > 60) {
            minutes = seconds / 60;
            seconds = seconds % 60;
        }

        if (minutes > 60) {
            hours = minutes / 60;
            minutes = minutes % 60;
        }

        StringBuilder res = new StringBuilder();
        if (hours > 0) {
            res.append(hours).append(""h "");
        }
        if (hours > 0 || minutes > 0) {
            res.append(minutes).append(""m "");
        }
        res.append(seconds).append('s');
        return res.toString();
    }
}","@Test
    public void testConversions() {

        Collection<Object[]> stringNumberPairs = ReadableDurationTest.data();

        for (Object[] stringAndNumber : stringNumberPairs) {
            String result = (String) stringAndNumber[0];
            Integer milliseconds = (Integer) stringAndNumber[1];

            assertEquals(result, DateTimeUtil.asHoursMinutesSeconds(milliseconds));
        }

    }",8
"(int hour, int minute, int second)","public class GetFormattedDate {
public String getFormattedDate(int hour, int minute, int second) {
        throw new UnsupportedOperationException(""Not supported yet."");
    }
}","@Test
    public void testGetFormattedDate() {
        ZonedDateTime date = ZonedDateTime.of(2015, 10, 5, 13, 30,30, 0, ZoneId.of(""America/New_York""));
        String expectedString = ""20151005 13:30:30"";
        
        String formattedDate = broker.getFormattedDate(date);
        assertEquals(expectedString, formattedDate);
    }",1
(int year),"public class GetTwoDigitYearString {
public static String getTwoDigitYearString(int year) {
        String yearString = Integer.toString(year);
        return yearString.substring(yearString.length() - 2);        
    }
}","@Test
    public void testGetTwoDigitYearString() {
        assertEquals(""17"", FuturesUtil.getTwoDigitYearString(2017));
        assertEquals(""17"", FuturesUtil.getTwoDigitYearString(17));
    }",1
(int year),"public class GetOneDigitYearString {
public static String getOneDigitYearString(int year) {
        String yearString = Integer.toString(year);
        return yearString.substring(yearString.length() - 1);
    }
}","@Test
    public void testGetOneDigitYearString() {
        assertEquals(""7"", FuturesUtil.getOneDigitYearString(2017));
        assertEquals(""7"", FuturesUtil.getOneDigitYearString(17));
    }",1
(long distance),"public class LogDistance {
static int logDistance(long distance)
    {
        return (int) Math.floor(Math.pow(Math.log10(distance), 3)) + 10;
    }
}","@Test
    public void testLogDistance()
    {
        assertEquals(SCALE_1, ScaleContig.logDistance(1));
        assertEquals(SCALE_10, ScaleContig.logDistance(10));
        assertEquals(SCALE_100, ScaleContig.logDistance(100));
        assertEquals(SCALE_1000, ScaleContig.logDistance(1000));
    }",1
"(int i, int maxDomains)","public class Hue {
static float hue(int i, int maxDomains)
    {
        float colorDistance = 1f / (float) Math.ceil((maxDomains + 2) / 2f) / 2f;
        return i % 2 == 0
                ? 21f / 360f + (i / 2 + 1) * colorDistance
                : 201f / 360f + (float) Math.ceil(i / 2f) * colorDistance;
    }
}","@Test
    public void testHue() {

        assertEquals(21 + 90, 360 * ProteinDomainColors.hue(0, 1), 0.1);

        assertEquals(21 + 90, 360 * ProteinDomainColors.hue(0, 2), 0.1);
        assertEquals(21 + 270, 360 * ProteinDomainColors.hue(1, 2), 0.1);

        assertEquals(21 + 60, 360 * ProteinDomainColors.hue(0, 3), 0.1);
        assertEquals(21 + 180 + 60, 360 * ProteinDomainColors.hue(1, 3), 0.1);
        assertEquals(21 + 120, 360 * ProteinDomainColors.hue(2, 3), 0.1);

        assertEquals(21 + 60, 360 * ProteinDomainColors.hue(0, 4), 0.1);
        assertEquals(21 + 180 + 60, 360 * ProteinDomainColors.hue(1, 4), 0.1);
        assertEquals(21 + 120, 360 * ProteinDomainColors.hue(2, 4), 0.1);
        assertEquals(21 + 180 + 120, 360 * ProteinDomainColors.hue(3, 4), 0.1);

    }",1
"(int value, int min, int max)","public class Constrain {
public static int constrain(int value, int min, int max) {
		return Math.min(max, Math.max(value, min));
	}
}","@Test
	public void testConstrain() {
		int min = -90;
		int max = 90;
		Assert.assertEquals(min, RangeUtil.constrain(min, min, max));
		Assert.assertEquals(min, RangeUtil.constrain(min - 1, min, max));
		Assert.assertEquals(max, RangeUtil.constrain(max, min, max));
		Assert.assertEquals(max, RangeUtil.constrain(max + 1, min, max));
		Assert.assertEquals(max / 2, RangeUtil.constrain(max / 2, min, max));
	}",1
(int digits),"public class BytesFromDigits {
static int bytesFromDigits(int digits) {
        int ret = 0;
        ret += 4 * (digits / 9);
        ret += (digits % 9 + 1) / 2;
        return ret;
    }
}","@Test
    public void testBytesFromDigits() {
        assertEquals(0, FieldParser.bytesFromDigits(0));
        assertEquals(1, FieldParser.bytesFromDigits(1));
        assertEquals(1, FieldParser.bytesFromDigits(2));
        assertEquals(2, FieldParser.bytesFromDigits(3));
        assertEquals(2, FieldParser.bytesFromDigits(4));
        assertEquals(3, FieldParser.bytesFromDigits(5));
        assertEquals(3, FieldParser.bytesFromDigits(6));
        assertEquals(4, FieldParser.bytesFromDigits(7));
        assertEquals(4, FieldParser.bytesFromDigits(8));
        assertEquals(4, FieldParser.bytesFromDigits(9));
        assertEquals(5, FieldParser.bytesFromDigits(10));
        assertEquals(5, FieldParser.bytesFromDigits(11));
        assertEquals(6, FieldParser.bytesFromDigits(12));
        assertEquals(6, FieldParser.bytesFromDigits(13));
        assertEquals(7, FieldParser.bytesFromDigits(14));
        assertEquals(7, FieldParser.bytesFromDigits(15));
        assertEquals(8, FieldParser.bytesFromDigits(16));
        assertEquals(8, FieldParser.bytesFromDigits(17));
        assertEquals(8, FieldParser.bytesFromDigits(18));
        assertEquals(9, FieldParser.bytesFromDigits(19));
        assertEquals(9, FieldParser.bytesFromDigits(20));
    }",1
"(int sceneHeight, int tpRasterHeight)","public class IsHighResolution {
static boolean isHighResolution(int sceneHeight, int tpRasterHeight) {
        return sceneHeight / tpRasterHeight == 2;
    }
}","@Test
    public void testIfModisProductIsHighResolutionProduct() {
        Assert.assertTrue(ModisTiePointGeoCoding.isHighResolution(120, 60));
        Assert.assertTrue(ModisTiePointGeoCoding.isHighResolution(3072, 1536));

        Assert.assertFalse(ModisTiePointGeoCoding.isHighResolution(120, 24));
        Assert.assertFalse(ModisTiePointGeoCoding.isHighResolution(2072, 208));
    }",1
"(int numberOfBins, int maxNumberOfCacheFiles, int preferredBinsPerFile)","public class ComputeBinsPerFile {
static int computeBinsPerFile(int numberOfBins, int maxNumberOfCacheFiles, int preferredBinsPerFile) {
        int numCacheFiles = (int) Math.ceil(numberOfBins / (float) preferredBinsPerFile);
        numCacheFiles = Math.min(numCacheFiles, maxNumberOfCacheFiles);
        int binsPerFile = (int) Math.ceil(numberOfBins / (float) numCacheFiles);
        return binsPerFile < preferredBinsPerFile ? preferredBinsPerFile : binsPerFile;
    }
}","@Test
    public void testComputeBinsPerFile() throws Exception {
        assertEquals(15000, TemporalBinList.computeBinsPerFile(235000, 100, 15000));
        assertEquals(23500, TemporalBinList.computeBinsPerFile(2350000, 100, TemporalBinList.DEFAULT_BINS_PER_FILE));
    }",1
(int number),"public class IsSquareNumber {
static boolean isSquareNumber(int number) {
        int temp = (int) Math.sqrt(number);
        return temp * temp == number;
    }
}","@Test
    public void testIsSquareNumber() throws Exception {
        assertTrue(CsvProductReader.isSquareNumber(1));
        assertTrue(CsvProductReader.isSquareNumber(4));
        assertTrue(CsvProductReader.isSquareNumber(9));
        assertTrue(CsvProductReader.isSquareNumber(16));
        assertFalse(CsvProductReader.isSquareNumber(2));
        assertFalse(CsvProductReader.isSquareNumber(3));
        assertFalse(CsvProductReader.isSquareNumber(5));
        assertFalse(CsvProductReader.isSquareNumber(10));
        assertFalse(CsvProductReader.isSquareNumber(11));
    }",1
"(long durationInMillis, int kilobyteCount)","public class GetDownloadSpeed {
static double getDownloadSpeed(long durationInMillis, int kilobyteCount) {
        return kilobyteCount / (durationInMillis / 1000.0);
    }
}","@Test
    public void testGetDownloadSpeed() {
        assertEquals(1024.0 / 60.0, DAPDownloader.getDownloadSpeed(60 * 1000, 1024), 1E-4);
    }",1
(int columnCount),"public class ComputeLongitudePoints {
static double[] computeLongitudePoints(int columnCount) {
        final double[] longitudePoints = new double[columnCount];
        final double delta = 360.0 / columnCount;
        for (int i = 0; i < longitudePoints.length; i++) {
            longitudePoints[i] = i * delta;
        }
        return longitudePoints;
    }
}","@Test
    public void testLongitudeComputation() throws Exception {
        double[] lons;

        lons = GaussianGridConfig.computeLongitudePoints(2);
        assertEquals(2, lons.length);
        assertEquals(0.0, lons[0], 0.0);
        assertEquals(180.0, lons[1], 0.0);

        lons = GaussianGridConfig.computeLongitudePoints(360);
        assertEquals(360, lons.length);
        assertEquals(0.0, lons[0], 0.0);
        assertEquals(179.0, lons[179], 0.0);
        assertEquals(180.0, lons[180], 0.0);
        assertEquals(359.0, lons[359], 0.0);

        lons = GaussianGridConfig.computeLongitudePoints(9);
        assertEquals(9, lons.length);
        assertEquals(0.0, lons[0], 0.0);
        assertEquals(160.0, lons[4], 0.0);
        assertEquals(320.0, lons[8], 0.0);
    }",2
"(int sourceStepX, int sourceStepY)","public class IsSubSampled {
static boolean isSubSampled(int sourceStepX, int sourceStepY) {
        return sourceStepX != 1 || sourceStepY != 1;
    }
}","@Test
    public void testIsSubSampled() {
         assertTrue(BinnedProductReader.isSubSampled(2, 1));
         assertTrue(BinnedProductReader.isSubSampled(1, 4));

         assertFalse(BinnedProductReader.isSubSampled(1, 1));
    }",2
(double degrees),"public class NormalizeAngle360 {
public static double normalizeAngle360(double degrees) {
        double angle = degrees % 360;
        return angle >= 0 ? angle : (angle < 0 ? 360 + angle : 360 - angle);
    }
}","@Test
    public void testNormalizeDegrees() throws Exception {
        // Starting at the prime meridian, travel eastward around the globe
        assertEquals(""zero"", 0.0, WWMath.normalizeAngle360(0.0), 0);
        assertEquals(""180"", 180.0, WWMath.normalizeAngle360(180.0), 0);
        assertEquals(""181"", 181.0, WWMath.normalizeAngle360(181.0), 0);
        assertEquals(""359"", 359.0, WWMath.normalizeAngle360(359.0), 0);
        assertEquals(""360"", 0.0, WWMath.normalizeAngle360(360.0), 0);
        assertEquals(""361"", 1.0, WWMath.normalizeAngle360(361.0), 0);
        assertEquals(""720"", 0.0, WWMath.normalizeAngle360(720.0), 0);
        assertEquals(""721"", 1.0, WWMath.normalizeAngle360(721.0), 0);
        // Starting at the prime meridian, travel westward around the globe
        assertEquals(""-1"", 359.0, WWMath.normalizeAngle360(-1.0), 0);
        assertEquals(""-359"", 1.0, WWMath.normalizeAngle360(-359.0), 0);
        assertEquals(""-360"", 0.0, WWMath.normalizeAngle360(-360.0), 0);
        assertEquals(""-361"", 359.0, WWMath.normalizeAngle360(-361.0), 0);
        assertEquals(""-719"", 1.0, WWMath.normalizeAngle360(-719.0), 0);
        assertEquals(""-720"", 0.0, WWMath.normalizeAngle360(-720.0), 0);
        assertEquals(""-721"", 359.0, WWMath.normalizeAngle360(-721.0), 0);
        // NaN should be propagated
        assertTrue(""NaN"", Double.isNaN(WWMath.normalizeAngle360(Double.NaN)));
    }",1
(double degrees),"public class NormalizeLatitude {
public static double normalizeLatitude(double degrees) {
        double lat = degrees % 180;
        double normalizedLat = lat > 90 ? 180 - lat : (lat < -90 ? -180 - lat : lat);
        // Determine whether whether the latitude is in the north or south hemisphere
        int numEquatorCrosses = (int) (degrees / 180);
        return (numEquatorCrosses % 2 == 0) ? normalizedLat : -normalizedLat;
    }
}","@Test
    public void testNormalizeLatitude() throws Exception {
        // Orbit the globe, starting at the equator and move north
        // testing the sign at the hemisphere boundaries.
        assertEquals(""zero"", 0.0, Location.normalizeLatitude(0.0), 0);
        assertEquals(""1"", 1.0, Location.normalizeLatitude(1.0), 0);
        // Test at the north pole
        assertEquals(""89"", 89.0, Location.normalizeLatitude(89.0), 0);
        assertEquals(""90"", 90.0, Location.normalizeLatitude(90.0), 0);
        assertEquals(""91"", 89.0, Location.normalizeLatitude(91.0), 0);

        // Test at the equator, continue moving south
        assertEquals(""179"", 1.0, Location.normalizeLatitude(179.0), 0);
        assertEquals(""180"", 0.0, Location.normalizeLatitude(180.0), 0);
        assertEquals(""181"", -1.0, Location.normalizeLatitude(181.0), 0);

        // Test at the south pole
        assertEquals(""269"", -89.0, Location.normalizeLatitude(269.0), 0);
        assertEquals(""270"", -90.0, Location.normalizeLatitude(270.0), 0);
        assertEquals(""271"", -89.0, Location.normalizeLatitude(271.0), 0);

        // Test at the prime meridian
        assertEquals(""359"", -1.0, Location.normalizeLatitude(359.0), 0);
        assertEquals(""360"", 0.0, Location.normalizeLatitude(360.0), 0);
        assertEquals(""361"", 1.0, Location.normalizeLatitude(361.0), 0);
        assertEquals(""721"", 1.0, Location.normalizeLatitude(721.0), 0);

        // Test negative values
        assertEquals(""-1"", -1.0, Location.normalizeLatitude(-1.0), 0);
        assertEquals(""-89"", -89.0, Location.normalizeLatitude(-89.0), 0);
        assertEquals(""-90"", -90.0, Location.normalizeLatitude(-90.0), 0);
        assertEquals(""-91"", -89.0, Location.normalizeLatitude(-91.0), 0);
        assertEquals(""-179"", -1.0, Location.normalizeLatitude(-179.0), 0);
        assertEquals(""-180"", 0.0, Location.normalizeLatitude(-180.0), 0);
        assertEquals(""-181"", 1.0, Location.normalizeLatitude(-181.0), 0);
        assertEquals(""-269"", 89.0, Location.normalizeLatitude(-269.0), 0);
        assertEquals(""-270"", 90.0, Location.normalizeLatitude(-270.0), 0);
        assertEquals(""-271"", 89.0, Location.normalizeLatitude(-271.0), 0);
        assertEquals(""-359"", 1.0, Location.normalizeLatitude(-359.0), 0);
        assertEquals(""-360"", 0.0, Location.normalizeLatitude(-360.0), 0);
        assertEquals(""-361"", -1.0, Location.normalizeLatitude(-361.0), 0);
        assertEquals(""-719"", 1.0, Location.normalizeLatitude(-719.0), 0);
        assertEquals(""-721"", -1.0, Location.normalizeLatitude(-721.0), 0);

        // NaN is propagated.
        assertTrue(""NaN"", Double.isNaN(Location.normalizeLatitude(Double.NaN)));
    }",1
(double degrees),"public class NormalizeLongitude {
public static double normalizeLongitude(double degrees) {
        double lon = degrees % 360;
        return lon > 180 ? lon - 360 : (lon < -180 ? 360 + lon : lon);
    }
}","@Test
    public void testNormalizeLongitude() throws Exception {
        // Test ""normal"" data
        assertEquals(""zero"", 0.0, Location.normalizeLongitude(0.0), 0);
        assertEquals(""270"", -90.0, Location.normalizeLongitude(270.0), 0);
        assertEquals(""-270"", 90.0, Location.normalizeLongitude(-270.0), 0);

        // Test int'l date line boundaries
        assertEquals(""179"", 179.0, Location.normalizeLongitude(179.0), 0);
        assertEquals(""180"", 180.0, Location.normalizeLongitude(180.0), 0);
        assertEquals(""181"", -179.0, Location.normalizeLongitude(181.0), 0);

        // Test prime meridian boundaries
        assertEquals(""1"", 1.0, Location.normalizeLongitude(1.0), 0);
        assertEquals(""-1"", -1.0, Location.normalizeLongitude(-1.0), 0);
        assertEquals(""359"", -1.0, Location.normalizeLongitude(359.0), 0);
        assertEquals(""360"", 0.0, Location.normalizeLongitude(360.0), 0);
        assertEquals(""361"", 1.0, Location.normalizeLongitude(361.0), 0);
        assertEquals(""719"", -1.0, Location.normalizeLongitude(719.0), 0);
        assertEquals(""720"", 0.0, Location.normalizeLongitude(720.0), 0);
        assertEquals(""721"", 1.0, Location.normalizeLongitude(721.0), 0);

        // Assert negative -180 retains sign
        assertEquals(""-180"", -180.0, Location.normalizeLongitude(-180.0), 0);

        // Propagate NaNs
        assertTrue(""NaN"", Double.isNaN(Location.normalizeLongitude(Double.NaN)));
    }",1
(double degrees),"public class ClampLongitude {
public static double clampLongitude(double degrees) {
        return degrees > 180 ? 180 : (degrees < -180 ? -180 : degrees);
    }
}","@Test
    public void testClampLongitude() throws Exception {
        // Test ""normal"" data
        assertEquals(""0"", 0.0, Location.clampLongitude(0.0), 0);
        assertEquals(""PHI"", PHI, Location.clampLongitude(PHI), 0);
        assertEquals(""-PHI"", -PHI, Location.clampLongitude(-PHI), 0);

        // Test boundaries
        assertEquals(""180"", 180.0, Location.clampLongitude(180.0), 0);
        assertEquals(""-180"", -180.0, Location.clampLongitude(-180.0), 0);

        // Test clamping
        assertEquals(""181"", 180.0, Location.clampLongitude(181.0), 0);
        assertEquals(""-181"", -180.0, Location.clampLongitude(-181.0), 0);
    }",1
(double degrees),"public class ClampLatitude {
public static double clampLatitude(double degrees) {
        return degrees > 90 ? 90 : (degrees < -90 ? -90 : degrees);
    }
}","@Test
    public void testClampLatitude() throws Exception {
        // Test ""normal"" data
        assertEquals(""0"", 0.0, Location.clampLatitude(0.0), 0);
        assertEquals(""THETA"", THETA, Location.clampLatitude(THETA), 0);
        assertEquals(""-THETA"", -THETA, Location.clampLatitude(-THETA), 0);

        // Test boundaries
        assertEquals(""90"", 90.0, Location.clampLatitude(90.0), 0);
        assertEquals(""-90"", -90.0, Location.clampLatitude(-90.0), 0);

        // Test clamping
        assertEquals(""91"", 90.0, Location.clampLatitude(91.0), 0);
        assertEquals(""-91"", -90.0, Location.clampLatitude(-91.0), 0);
    }",1
"(double r, double theta)","public class PolarToCartesian {
public static double[] polarToCartesian(double r, double theta) {
		double x = r * Math.cos(theta);
		double y = r * Math.sin(theta);
		return new double[] { x, y };
	}
}","@Test
	public void testPolarToCartesian() {
		double r = Math.sqrt(2);
		double theta = Math.PI / 4.0;
		double[] cart = CartesianGeometricUtilities.polarToCartesian(r, theta);
		double[] actual = { 1, 1 };
		for (int i = 0; i < cart.length; i++) {
			assertEquals(cart[i], actual[i], DOUBLE_THRESHOLD);
		}
	}",1
"(double toScale, int maxDimension)","public class BottomScale {
public static double bottomScale(double toScale, int maxDimension) {
		if(maxDimension == 1) {
			assert toScale == 0 : ""If the dimension is 1, then you can only scale 0"";
			return 0;
		}
		return (toScale / (maxDimension - 1));
	}
}","@Test
	public void testBottomScale() {
		double toScale = 8.0;
		assertEquals(4.0, CartesianGeometricUtilities.bottomScale(toScale, 3), DOUBLE_THRESHOLD);
		assertEquals(0, CartesianGeometricUtilities.bottomScale(0, 1), DOUBLE_THRESHOLD); //special case if max dimension is 1
		assertEquals(2.0, CartesianGeometricUtilities.bottomScale(toScale, 5), DOUBLE_THRESHOLD);
		assertEquals(1.0, CartesianGeometricUtilities.bottomScale(toScale, 9), DOUBLE_THRESHOLD);
	}",2
(double rads),"public class RestrictRadians {
public static double restrictRadians(double rads) {
		while (rads >= 2 * Math.PI) { // if radian exceeds unit circle
			rads -= 2 * Math.PI; // rotate until w/in unit circle parameters
		}
		while (rads < 0) { // if radian is less than unit circle
			rads += 2 * Math.PI; // rotate until w/in unit circle parameters
		}
		return rads;
	}
}","@Test
	public void testRestrictRadians() {
		double rads1 = 4 * Math.PI;
		double rads2 = 4 * Math.PI - .1;
		assertEquals(CartesianGeometricUtilities.restrictRadians(rads1), 0.0, DOUBLE_THRESHOLD);
		assertEquals(CartesianGeometricUtilities.restrictRadians(rads2), 2 * Math.PI - .1, DOUBLE_THRESHOLD);
	}",3
(int runs),"public class TValue {
public static double tValue(int runs) {
                if(runs == 1) throw new IllegalArgumentException(""A t-value with 0 degrees of freedom cannot be computed"");
                else if(runs == 2) return 12.706;//df= 1, p=0.05, two-tailed
                else if(runs == 3) return 4.303;// df=2, p=0.05, two-tailed
                else if(runs == 4) return 3.182;// df=3, p=0.05, two-tailed
                else if(runs == 5) return 2.776;// df=4, p=0.05, two-tailed
                else if(runs == 6) return 2.571;// df=5, p=0.05, two-tailed
                else if(runs == 7) return 2.447;// df=6, p=0.05, two-tailed
                else if(runs == 8) return 2.365;// df=7, p=0.05, two-tailed
                else if(runs == 9) return 2.306;// df=8, p=0.05, two-tailed
                else if(runs == 10) return 2.262;// df=9, p=0.05, two-tailed
                else if(runs == 11) return 2.228;// df=10, p=0.05, two-tailed
                else if(runs == 12) return 2.201;// df=11, p=0.05, two-tailed
                else if(runs == 13) return 2.179;// df=12, p=0.05, two-tailed
                else if(runs == 14) return 2.160;// df=13, p=0.05, two-tailed
                else if(runs == 15) return 2.145;// df=14, p=0.05, two-tailed
                else if(runs == 16) return 2.131;// df=15, p=0.05, two-tailed
                else if(runs == 17) return 2.120;// df=16, p=0.05, two-tailed
                else if(runs == 18) return 2.110;// df=17, p=0.05, two-tailed
                else if(runs == 19) return 2.101;// df=18, p=0.05, two-tailed
                else if(runs == 20) return 2.093;// df=19, p=0.05, two-tailed
                else if(runs == 21) return 2.086;// df=20, p=0.05, two-tailed
                else if(runs == 22) return 2.080;// df=21, p=0.05, two-tailed
                else if(runs == 23) return 2.074;// df=22, p=0.05, two-tailed
                else if(runs == 24) return 2.069;// df=23, p=0.05, two-tailed
                else if(runs == 25) return 2.064;// df=24, p=0.05, two-tailed
                else if(runs == 26) return 2.060;// df=25, p=0.05, two-tailed
                else if(runs == 27) return 2.056;// df=26, p=0.05, two-tailed
                else if(runs == 28) return 2.052;// df=27, p=0.05, two-tailed
                else if(runs == 29) return 2.048;// df=28, p=0.05, two-tailed
                else if(runs == 30) return 2.045;// df=29, p=0.05, two-tailed
                else throw new UnsupportedOperationException(""Still need to expand tValue method to support different values of N: "" + runs);
    }
}","@Test
	public void testTValue() {
		assertEquals(StatisticsUtilities.tValue(29), 2.048, ERROR);
		assertEquals(StatisticsUtilities.tValue(24), 2.069, ERROR);
		assertEquals(StatisticsUtilities.tValue(2), 12.706, ERROR);
		assertEquals(StatisticsUtilities.tValue(13), 2.179, ERROR);
		assertEquals(StatisticsUtilities.tValue(7), 2.447, ERROR);
	}",31
"(int value, int min, int max, int defaultValue)","public class CheckInt {
int checkInt(int value, int min, int max, int defaultValue) {
    if (value >= min && value <= max) {
      return value;
    }
    return defaultValue;
  }
}","@Test
  public void testCheckInt() throws Exception {
    int someInvalidValue = 1;
    int anotherInvalidValue = 2;
    int someValidValue = 3;
    int someDefaultValue = 10;

    int someMin = someInvalidValue + 1;
    int someMax = anotherInvalidValue - 1;

    assertEquals(someDefaultValue, bizConfig.checkInt(someInvalidValue, someMin, Integer.MAX_VALUE, someDefaultValue));
    assertEquals(someDefaultValue, bizConfig.checkInt(anotherInvalidValue, Integer.MIN_VALUE, someMax,
        someDefaultValue));
    assertEquals(someValidValue, bizConfig.checkInt(someValidValue, Integer.MIN_VALUE, Integer.MAX_VALUE,
        someDefaultValue));
  }",3
(long tweet),"public class Tweet {
public static long tweet(long tweet) {
    return tweet;
  }
}","@Test
  public void testTweet() {
    assertEquals(1048L, TweetIDMask.tweet(1048L));
  }",1
"(int colourValue, int colourDistance)","public class UpdateColourValue {
static int updateColourValue(int colourValue, int colourDistance) {
        if (colourDistance < 0) {
            return colourValue + 1;
        } else if (colourDistance > 0) {
            return colourValue - 1;
        } else {
            // This shouldn't actually happen here.
            return colourValue;
        }
    }
}","@Test
    public void updateColourValue() {
        assertThat(ColourGradient.updateColourValue(3, 255), is(2));
        assertThat(ColourGradient.updateColourValue(3, -255), is(4));
        assertThat(ColourGradient.updateColourValue(3, 0), is(3));
    }",3
"(int fromRangeMin, int fromRangeMax, int toRangeMin,
      int toRangeMax, int fromRangeValue)","public class GetIntValueInRange {
public static int getIntValueInRange(int fromRangeMin, int fromRangeMax, int toRangeMin,
      int toRangeMax, int fromRangeValue) {
    int oldRange = (fromRangeMax - fromRangeMin);
    int newRange = (toRangeMax - toRangeMin);
    return (((fromRangeValue - fromRangeMin) * newRange) / oldRange) + toRangeMin;
  }
}","@Test
  public void theValue50InTheOldRangeMustBe100OnTheNewRange(){
    int fromMin = 0;
    int fromMax = 100;
    int toMin = 0;
    int toMax = 200;

    int result = RangeUtils.getIntValueInRange(fromMin, fromMax, toMin, toMax, 50);

    Assert.assertTrue(result == 100);
  }",1
(boolean bool),"public class BoolToInt {
public static int boolToInt (boolean bool) {
        return bool ? 1 : 0;
    }
}","@Test
    public void testBoolToInt () {
        assertEquals(Tools.boolToInt(true), 1);
        assertEquals(Tools.boolToInt(false), 0);
    }",1
(int i),"public class IntToBool {
public static boolean intToBool (int i) {
        return !(i == 0);
    }
}","@Test
    public void testIntToBool () {
        assertEquals(Tools.intToBool(1), true);
        assertEquals(Tools.intToBool(0), false);
        assertEquals(Tools.intToBool(2), true);
        assertEquals(Tools.intToBool(3), true);
    }",1
(int var1),"public class Norm {
public static short norm(int var1) throws ArithmeticException
    {
    	if(var1==0)
    		throw new ArithmeticException(""Value can not be 0"");
    	    	
    	int currValue=var1;    	
    	if(var1<0)
    	{
    		if(var1<=0xC0000000)
    			return 0;
    		    		
    		currValue=~(var1-1);
    	}
    	
    	short count=-1;
    	//check 16 bits sequence
    	if(currValue>>16!=0)
    		currValue=currValue>>16;
    	else
    		count+=16;
    	
    	//check 8 bits sequence
    	if(currValue>>8!=0)
    		currValue=currValue>>8;
    	else
    		count+=8;
    	
    	//check 4 bits sequence
    	if(currValue>>4!=0)
    		currValue=currValue>>4;
    	else
    		count+=4;
    	
    	//check 2 bits sequence
    	if(currValue>>2!=0)
    		currValue=currValue>>2;
    	else
    		count+=2;
    	
    	//check 1 bits sequence
    	if(currValue>>1==0)
    		count+=1;
    	
    	return count;
    }
}","@Test
    public void testNorm() {    
    	//positive values
    	assertEquals(0, BasicFunctions.norm(0x40000000));

        assertEquals(8, BasicFunctions.norm(0x00400000));
        
        assertEquals(17, BasicFunctions.norm(0x00002000));
        
        assertEquals(26, BasicFunctions.norm(0x00000010));
        
        //negative values
        assertEquals(2, BasicFunctions.norm(0xF0000000));

        assertEquals(7, BasicFunctions.norm(0xFF800000));
        
        assertEquals(16, BasicFunctions.norm(0xFFFFC000));
        
        assertEquals(25, BasicFunctions.norm(0xFFFFFFE0));
    }",9
(int byteCnt),"public class OctetsToSeptets {
public static int octetsToSeptets(int byteCnt) {
        int septCnt = (byteCnt * 8 - 1) / 7 + 1;
        return septCnt;
    }
}","@Test(groups = { ""functional.decode"", ""datacoding"" })
    public void testDecode() throws Exception {
        int octetOffset = 8;
        int septetOffset = GSMCharset.octetsToSeptets(octetOffset);

        this.doTestDecode(""123456\r"", new byte[] { 49, -39, -116, 86, -77, 53, 26 }, Gsm7EncodingStyle.bit7_ussd_style, 0, 0);
        this.doTestDecode(""1\r"", new byte[] { -79, 6 }, Gsm7EncodingStyle.bit7_ussd_style, 0, 0);
        this.doTestDecode(""1"", new byte[] { 49 }, Gsm7EncodingStyle.bit7_ussd_style, 0, 0);

        this.doTestDecode(""1234567"", new byte[] { 49, -39, -116, 86, -77, -35, 26 }, Gsm7EncodingStyle.bit7_ussd_style, 0, 0);
        this.doTestDecode(""1234567\r\r"", new byte[] { 49, -39, -116, 86, -77, -35, 26, 13 }, Gsm7EncodingStyle.bit7_ussd_style,
                0, 0);
        this.doTestDecode(""1234567"", new byte[] { 49, -39, -116, 86, -77, -35, 0 }, Gsm7EncodingStyle.bit7_sms_style, 7, 0);
        this.doTestDecode(""1234567\r"", new byte[] { 49, -39, -116, 86, -77, -35, 26 }, Gsm7EncodingStyle.bit7_sms_style, 8, 0);

        // This raw data is from nad1053.pcap, 2nd packet.
        this.doTestDecode(""*125*+31628839999#"", new byte[] { (byte) 0xaa, (byte) 0x98, (byte) 0xac, (byte) 0xa6, 0x5a,
                (byte) 0xcd, 0x62, 0x36, 0x19, 0x0e, 0x37, (byte) 0xcb, (byte) 0xe5, 0x72, (byte) 0xb9, 0x11 },
                Gsm7EncodingStyle.bit7_ussd_style, 0, 0);
        // This raw data is from nad1053.pcap, last packet.
        this.doTestDecode(""You don t have enough credit to call this number. "", new byte[] { (byte) 0xd9, (byte) 0x77, 0x1d,
                0x44, (byte) 0x7e, (byte) 0xbb, 0x41, 0x74, 0x10, 0x3a, 0x6c, 0x2f, (byte) 0x83, (byte) 0xca, (byte) 0xee,
                0x77, (byte) 0xfd, (byte) 0x8c, 0x06, (byte) 0x8d, (byte) 0xe5, 0x65, 0x72, (byte) 0x9a, 0x0e, (byte) 0xa2,
                (byte) 0xbf, 0x41, (byte) 0xe3, 0x30, (byte) 0x9b, 0x0d, (byte) 0xa2, (byte) 0xa3, (byte) 0xd3, 0x73,
                (byte) 0x90, (byte) 0xbb, (byte) 0xde, 0x16, (byte) 0x97, (byte) 0xe5, 0x2e, 0x10 },
                Gsm7EncodingStyle.bit7_ussd_style, 0, 0);
        // The USSD String represented by above raw data
        this.doTestDecode(""ndmgapp2ndmgapp2"", new byte[] { 0x6e, 0x72, (byte) 0xfb, 0x1c, (byte) 0x86, (byte) 0xc3, 0x65, 0x6e,
                0x72, (byte) 0xfb, 0x1c, (byte) 0x86, (byte) 0xc3, 0x65 }, Gsm7EncodingStyle.bit7_ussd_style, 0, 0);
        this.doTestDecode(""*88#"", new byte[] { 0x2a, 0x1c, 0x6e, (byte) 0xd4 }, Gsm7EncodingStyle.bit7_ussd_style, 0, 0);

        this.doTestDecode(""[88]"", new byte[] { 27, 30, 14, -73, -15, 1 }, Gsm7EncodingStyle.bit7_sms_style, 6, 0);
        this.doTestDecode(""[88]"", new byte[] { 1, 2, 3, 4, 5, 6, 7, 8, -64, -122, -121, -61, 109, 124 },
                Gsm7EncodingStyle.bit7_sms_style, 16, septetOffset);

        this.doTestDecode(""Hell"", new byte[] { 1, 2, 3, 4, 5, 6, 7, 8, 0, -78, -52, 102, 3 }, Gsm7EncodingStyle.bit7_sms_style, 14, septetOffset);

        this.doTestDecode(""Hell"", new byte[] { 72, 101, 108, 108 }, Gsm7EncodingStyle.bit8_smpp_style, 0, 0);
        this.doTestDecode(""Hell"", new byte[] { 1, 2, 3, 4, 5, 6, 7, 8, 72, 101, 108, 108 }, Gsm7EncodingStyle.bit8_smpp_style, 0, octetOffset);
        this.doTestDecode(""[88]"", new byte[] { 27, 60, 56, 56, 27, 62 }, Gsm7EncodingStyle.bit8_smpp_style, 0, 0);
        this.doTestDecode(""[88]"", new byte[] { 1, 2, 3, 4, 5, 6, 7, 8, 27, 60, 56, 56, 27, 62 },
                Gsm7EncodingStyle.bit8_smpp_style, 0, octetOffset);

        this.doTestDecode(""He l"", new byte[] { 72, 101, (byte) 200, 108 }, Gsm7EncodingStyle.bit8_smpp_style, 0, 0);
    }",1
(int signedInt),"public class ConvertSignedIntToUnsigned {
public static long convertSignedIntToUnsigned(int signedInt) {
	return signedInt & 0x00000000ffffffffL;
}
}","@Test
  public void convertSignedIntToUnsigned() {
    long unsignedint = BitcoinUtil.convertSignedIntToUnsigned(-1);
    assertEquals( 4294967295L,unsignedint,""-1 from signed int must be 4294967295L unsigned"");
  }",1
(long arg),"public class TryAcquire {
protected boolean tryAcquire(long arg) {
        throw new UnsupportedOperationException();
    }
}","@Test
    public void testTryAcquire() {
        Mutex sync = new Mutex();
        assertTrue(sync.tryAcquire());
        assertTrue(sync.isHeldExclusively());
        sync.release();
        assertFalse(sync.isHeldExclusively());
    }",1
"(short crcValue, byte data)","public class Calculate {
public static short calculate(short crcValue, byte data) {
      short x = (short) (((crcValue >>> 8) ^ data) & 0xff);
      x ^= (x >>> 4);
      return (short) ((crcValue << 8) ^ (x << 12) ^ (x << 5) ^ x);
    }
}","@Test
    public void testCalculateByteArray() throws Exception {
        // According http://reveng.sourceforge.net/crc-catalogue/legend.htm (see ""Appendix"")
        assertEquals(0x29b1, Crc16.calculate(""123456789"".getBytes(""UTF-8"")));
    }",1
"(double x,double y)","public class ComputeAngle {
static float computeAngle (double x,double y) {
        double theta = Math.atan2(y,x) ;
        //the result from atan2 goes from pi to -pi
        if (theta<0){
            theta=2*Math.PI+theta;
        }
        //now return the value in degrees
        return (float)( (theta * 180 / Math.PI) % 360);
    }
}","@Test
    public void computeAngle(){
        //having an accelerometer reading of x = 1.0 y= 0.0
        //should give us 0 as angle

        double angle = RobotController.computeAngle(1.0,0.);
        assertEquals(""(1,0) is 0 deg"",angle,0.,0.);

        angle = RobotController.computeAngle(0,1.);
        assertEquals(""(0,1) is 270 deg"",angle,90.,0.);
        angle = RobotController.computeAngle(-1,.0);
        assertEquals(""(-1,0) is 180 deg"",angle,180.,0.);

        angle = RobotController.computeAngle(0,-1.);
        assertEquals(""For (0,-1) the angle is 90."",angle,270.,0.);

    }",2
(long latency),"public class Pause {
public void pause(long latency) {
        try {
            Thread.sleep(latency);
        } catch (InterruptedException e) {
            e.printStackTrace();
        }
    }
}","@Test
    public void testPause() throws InterruptedException {
        PowerMockito.mockStatic(Thread.class);
        PowerMockito.doNothing().when(Thread.class);
        clock.pause(10000L);
        PowerMockito.verifyStatic();
    }",2
(int n),"public class IsPowerOfTwo {
public boolean isPowerOfTwo(int n) {
        return false;
    }
}","@Test
    public void testIsPowerOfTwo() {
        int[] nums = new int[] {0, 2, -4, 11, 16, -6};
        boolean[] result = {false, true, false, false, true, false};
        for (int i = 0; i < nums.length; i++) {
            Assert.assertEquals(result[i], testObjects[0].isPowerOfTwo(nums[i]));
            Assert.assertEquals(result[i], testObjects[1].isPowerOfTwo(nums[i]));
        }
    }",1
(int n),"public class IsHappy {
public boolean isHappy(int n) {
        return false;
    }
}","@Test
    public void testAll() {
        for (int i = 0; i < nums.length; i++) {
            Assert.assertEquals(results[i], testObject.isHappy(nums[i]));
        }
    }",1
(int value),"public class MostSignificantBit {
static int mostSignificantBit(int value) {
        return 31 - Integer.numberOfLeadingZeros(value);
    }
}","@Test
    public void testMostSignificantBit() {
        // This test provides 100% coverage of the problem space (signed 32-bit integers)
        Assert.assertEquals(-1, AbstractSnatService.mostSignificantBit(0));
        for (int bit = 0; bit < 31; bit++) {
            for (int test = 1 << bit; test < 1 << (bit + 1); test++) {
                Assert.assertEquals(bit, AbstractSnatService.mostSignificantBit(test));
            }
        }
    }",1
"(int color, int alpha)","public class MultiplyColorAlpha {
public static int multiplyColorAlpha(int color, int alpha) {
    if (alpha == 255) {
      return color;
    }
    if (alpha == 0) {
      return color & 0x00FFFFFF;
    }
    alpha = alpha + (alpha >> 7); // make it 0..256
    int colorAlpha = color >>> 24;
    int multipliedAlpha = colorAlpha * alpha >> 8;
    return (multipliedAlpha << 24) | (color & 0x00FFFFFF);
  }
}","@Test
  public void testMultiplyColorAlpha() {
    assertEquals(0x00123456, ColorUtil.multiplyColorAlpha(0xC0123456, 0));
    assertEquals(0x07123456, ColorUtil.multiplyColorAlpha(0xC0123456, 10));
    assertEquals(0x96123456, ColorUtil.multiplyColorAlpha(0xC0123456, 200));
    assertEquals(0xC0123456, ColorUtil.multiplyColorAlpha(0xC0123456, 255));
  }",3
(int serverPort),"public class IsPort {
public static boolean isPort(int serverPort) {
		return serverPort > 0 && serverPort <= 0xFFFF;
	}
}","@Test
	public void testisPort() {
		assertTrue(ServerUtil.isPort(8080));
		assertTrue(ServerUtil.isPort(80));
		assertFalse(ServerUtil.isPort(-1));
		assertFalse(ServerUtil.isPort(65536));
	}",2
(int serverPort),"public class IsSocketPort {
public static boolean isSocketPort(int serverPort) {
		return serverPort > 0x400 && serverPort <= 0xFFFF;
	}
}","@Test
	public void testIsSocketPort() {
		assertTrue(ServerUtil.isSocketPort(8080));
		assertFalse(ServerUtil.isSocketPort(80));
		assertFalse(ServerUtil.isSocketPort(-1));
		assertFalse(ServerUtil.isSocketPort(65536));
	}",2
(int originValue),"public class GetNonNegative {
public static int getNonNegative(int originValue){
        return 0x7fffffff & originValue;
    }
}","@Test
    public void getNonNegative() {

        assertTrue(MathUtil.getNonNegative(Integer.MIN_VALUE)==0);
        assertTrue(MathUtil.getNonNegative(-1)>0);

        assertTrue(MathUtil.getNonNegative(0)==0);
        assertTrue(MathUtil.getNonNegative(1)==1);
        assertTrue(MathUtil.getNonNegative(Integer.MAX_VALUE)==Integer.MAX_VALUE);

    }",1
(boolean dynamicWorkflow),"public class SetDynamicWorkflow {
public void setDynamicWorkflow(boolean dynamicWorkflow) {
        throw new UnsupportedOperationException(""DynamicWorkflow is currently not supported."");
    }
}","@Test(expected = UnsupportedOperationException.class)
    public void testSetDynamicWorkflow() {
        assertTrue(delegate.isDynamicWorkflow() == null);
        delegate.setDynamicWorkflow(true);
        assertTrue(delegate.isDynamicWorkflow());
    }",1
(boolean sampleable),"public class ConvertSampleableBooleanToExpectedB3Value {
public static String convertSampleableBooleanToExpectedB3Value(boolean sampleable) {
        return (sampleable) ? ""1"" : ""0"";
    }
}","@DataProvider(value = {
        ""true"",
        ""false""
    })
    @Test
    public void convertSampleableBooleanToExpectedB3Value_works_as_expected(boolean sampleable) {
        // given
        String expectedResult = (sampleable) ? ""1"" : ""0"";

        // when
        String result = convertSampleableBooleanToExpectedB3Value(sampleable);

        // then
        assertThat(result).isEqualTo(expectedResult);
    }",1
(int n),"public class Ordinalize {
public static String ordinalize(int n) {
    int mod100 = n % 100;
    if (mod100 == 11 || mod100 == 12 || mod100 == 13) {
      return String.valueOf(n) + ""th"";
    }
    switch (n % 10) {
      case 1:
        return String.valueOf(n) + ""st"";
      case 2:
        return String.valueOf(n) + ""nd"";
      case 3:
        return String.valueOf(n) + ""rd"";
      default:
        return String.valueOf(n) + ""th"";
    }
  }
}","@Test
  public void testOrdinal() {
    for (Map.Entry<Integer, String> entry : ordinalNumbers_.entrySet()) {
      assertEquals(entry.getValue(), Strings.ordinalize(entry.getKey()));
      assertEquals(entry.getValue(), Strings.ordinalize(entry.getKey()));
    }
  }",5
"(double a, double b)","public class Sub {
public double sub(double a, double b){
        return a-b;
    }
}","@Test
    public void testSub() {
        Assert.assertEquals(-5.0, aCalculator.sub(10.0, 15.0), 0.01);
        try {
            Thread.sleep(500*1/2);
        } catch (InterruptedException e) {
            e.printStackTrace();
        }
        i++;
    }",1
"(double a, double b)","public class Add {
public double add(double a, double b) {
        return a + b;
    }
}","@Test
    public void addition(){
        Assert.assertEquals(25.0, aCalculator.add(10.0,15.0), 0.01);
    }",1
(long bytes),"public class FormatMemory {
public static String formatMemory(long bytes) {
        return Long.toString(bytes);
    }
}","@Test
    public void testFormatMemory() {
        assertThat(formatMemory(0), is(""0""));
        assertThat(formatMemory(1), is(""1""));
        assertThat(formatMemory(1023), is(""1023""));
        assertThat(formatMemory(1024), is(""1024""));
        assertThat(formatMemory(1000), is(""1000""));
        assertThat(formatMemory(2048), is(""2048""));
        assertThat(formatMemory(2000), is(""2000""));
        assertThat(formatMemory(2048 * 1024), is(""2097152""));
        assertThat(formatMemory(2048 * 2000), is(""4096000""));
        assertThat(formatMemory(2000 * 2000), is(""4000000""));
        assertThat(formatMemory(1_000_000_000_000_000L), is(""1000000000000000""));
        assertThat(formatMemory(1_000_000_000_000_000_000L), is(""1000000000000000000""));
        assertThat(formatMemory(parseMemory(""1Ei"")), is(""1125899906842624""));
        assertThat(formatMemory(parseMemory(""1024Ei"")), is(""1152921504606846976""));
        assertThat(formatMemory(524288000L), is(""524288000""));
    }",1
(int milliCpu),"public class FormatMilliCpu {
public static String formatMilliCpu(int milliCpu) {
        if (milliCpu % 1000 == 0) {
            return Long.toString(milliCpu / 1000L);
        } else {
            return Long.toString(milliCpu) + ""m"";
        }
    }
}","@Test
    public void testFormat() {
        assertThat(formatMilliCpu(1000), is(""1""));
        assertThat(formatMilliCpu(500), is(""500m""));
        assertThat(formatMilliCpu(1), is(""1m""));
    }",2
"(int actualWidth, int actualHeight, int desiredWidth, int desiredHeight)","public class FindBestSampleSize {
static int findBestSampleSize(int actualWidth, int actualHeight, int desiredWidth, int desiredHeight) {
        double wr = (double) actualWidth / desiredWidth;
        double hr = (double) actualHeight / desiredHeight;
        double ratio = Math.min(wr, hr);
        float n = 1.0f;
        while ((n * 2) <= ratio) {
            n *= 2;
        }

        return (int) n;
    }
}","@Test public void findBestSampleSize() {
        // desired == actual == 1
        assertEquals(1, ImageRequest.findBestSampleSize(100, 150, 100, 150));

        // exactly half == 2
        assertEquals(2, ImageRequest.findBestSampleSize(280, 160, 140, 80));

        // just over half == 1
        assertEquals(1, ImageRequest.findBestSampleSize(1000, 800, 501, 401));

        // just under 1/4 == 4
        assertEquals(4, ImageRequest.findBestSampleSize(100, 200, 24, 50));
    }",2
"(int op1, int op2)","public class Add {
public int add(int op1, int op2){
        ////Dummy plugin method
        return op1 + op2;
    }
}","@Test
    public void testAdd() throws Exception {
        //Dummy Test case for plugin method
        MyPlugin plugin = TestUtils.newInstance(MyPlugin.class, ""pluginId"");
        assertEquals(3, plugin.add(1, 2));
        assertEquals(-1, plugin.add(1, -2));
    }",1
(int id),"public class EncodeInt {
public static byte[] encodeInt(int id) {

		byte[] bytes = new byte[2];
		bytes[0] = (byte)(id&0x00ff);
		bytes[1] = (byte)((id&0xff00)>>8);
		return bytes;
	}
}","@Test
	public void twoBytes() {
		int m = 0x01ff;
		byte[] mBytes = UnsignedUtil.encodeInt(m);
		byte[] mBytesBigEndian = reverse (mBytes);
		BigInteger big = new BigInteger(mBytesBigEndian);
		assertTrue (big.intValue() == m);	
		assertTrue(mBytes[0]==-1);
		assertTrue(mBytes[1]==0x01);
	}",1
(int color),"public class Rgb {
private static double[] rgb(int color) {
        int r = (color >> 16) & 0xFF;
        int g = (color >>  8) & 0xFF;
        int b = (color >>  0) & 0xFF;
        return new double[] { r / 255.0, g / 255.0, b / 255.0 };
    }
}","@Test
    public void testRgb() {
        assertEquals(2, Colors.roundRgbColor(0, 128, 0, 16));
    }",1
(long millis),"public class ThreadSleep {
public static void threadSleep(long millis) {
        try {
            Thread.sleep(millis);
        } catch (InterruptedException e) {
            // we simply ignore if sleep was interrupted
        }
    }
}","@Test
    public void threadSleepTest() {
        // GIVEN
        final long testStart = System.currentTimeMillis();
        final long requestedSleepDuration = 85L;
        final long measuringMargin = 100L;

        // WHEN
        WearUtil.threadSleep(requestedSleepDuration);
        final long measuredSleepDuration = System.currentTimeMillis() - testStart;

        // THEN
        // we cannot guarantee to be exact to the millisecond - we add some margin of error
        assertThat(measuredSleepDuration, is(both(greaterThan(60L)).and(lessThan(requestedSleepDuration+measuringMargin))));
    }",2
(boolean enabled),"public class SetEnabledForDebuggableBuild {
public static void setEnabledForDebuggableBuild(boolean enabled) {
    }
}","@Test
    public void setEnabledForDebuggableBuildTest() {
        Distribute.setEnabledForDebuggableBuild(true);
    }",1
"(int address, byte value, long length)","public class Memset {
public native void memset(int address, byte value, long length);
}","@TestTargetNew(
        level = TestLevel.PARTIAL_COMPLETE,
        notes = """",
        method = ""memset"",
        args = {}
    )
    public void testMemset() {
        IMemorySystem memory = Platform.getMemorySystem();
        
        int byteCount = 32;
        int ptr = memory.malloc(byteCount);
        try {
            // Ensure our newly-allocated block isn't zeroed.
            memory.setByte(ptr, (byte) 1);
            assertEquals((byte) 1, memory.getByte(ptr));
            // Check that we can clear memory.
            memory.memset(ptr, (byte) 0, byteCount);
            assertBytesEqual((byte) 0, ptr, byteCount);
            // Check that we can set an arbitrary value.
            memory.memset(ptr, (byte) 1, byteCount);
            assertBytesEqual((byte) 1, ptr, byteCount);
        } finally {
            memory.free(ptr);
        }
    }",1
"(int page, int perPage, int totalEntries)","public class FromIndex {
int fromIndex(int page, int perPage, int totalEntries) {
        // invalid parameters
        if (page <= 0 || perPage <= 0 || totalEntries < 0) {
            return 0;
        }
        // impossible pages
        if ((page - 1) * perPage >= totalEntries) {
            return 0;
        }
        // valid and possible pages
        return (page - 1) * perPage;
    }
}","@Test
    public void testFromIndex() throws Exception {
        PaginationHelper paginationHelper = new PaginationHelper<>(null, null);
        // invalid: just return 0
        // parameters
        assertEquals(0, paginationHelper.fromIndex(0, 1, 2));
        assertEquals(0, paginationHelper.fromIndex(1, 0, 2));
        assertEquals(0, paginationHelper.fromIndex(-1, 1, 2));
        assertEquals(0, paginationHelper.fromIndex(1, -1, 2));
        assertEquals(0, paginationHelper.fromIndex(1, 1, -1));
        // impossible pages
        assertEquals(0, paginationHelper.fromIndex(20, 10, 5));
        assertEquals(0, paginationHelper.fromIndex(2, 10, 10));
        assertEquals(0, paginationHelper.fromIndex(2, 100, 100));

        // valid
        assertEquals(0, paginationHelper.fromIndex(1, 10, 2));
        assertEquals(10, paginationHelper.fromIndex(2, 10, 11));
        assertEquals(264, paginationHelper.fromIndex(23, 12, 1230));
    }",5
"(int page, int perPage, int totalEntries)","public class ToIndex {
int toIndex(int page, int perPage, int totalEntries) {
        // invalid parameters
        if (page <= 0 || perPage <= 0 || totalEntries < 0) {
            return 0;
        }
        // behind the limited range
        if ((page - 1) * perPage >= totalEntries) {
            return 0;
        }
        // valid and possible pages
        return perPage * page < totalEntries ? perPage * page : totalEntries;
    }
}","@Test
    public void testToIndex() throws Exception {
        PaginationHelper paginationHelper = new PaginationHelper<>(null, null);
        // invalid: just return 0
        // parameters
        assertEquals(0, paginationHelper.toIndex(0, 1, 2));
        assertEquals(0, paginationHelper.toIndex(1, 0, 2));
        assertEquals(0, paginationHelper.toIndex(-1, 1, 2));
        assertEquals(0, paginationHelper.toIndex(1, -1, 2));
        assertEquals(0, paginationHelper.toIndex(1, 1, -1));
        // impossible pages
        assertEquals(0, paginationHelper.toIndex(20, 10, 5));
        assertEquals(0, paginationHelper.toIndex(2, 10, 10));
        assertEquals(0, paginationHelper.toIndex(2, 100, 100));

        // valid
        assertEquals(2, paginationHelper.toIndex(1, 10, 2));
        assertEquals(11, paginationHelper.toIndex(2, 10, 11));
        assertEquals(276, paginationHelper.toIndex(23, 12, 1230));
    }",5
(int number),"public class Fibonacci {
public long fibonacci(int number) {
        if (number <= 1) {
            return number;
        }
        return fibonacci(number - 1) + fibonacci(number - 2);
    }
}","@Test
    public void fibonacciTest() {
        //subject under test is created.
        Fibonacci fibonacci = new Fibonacci();

        //and, the helping values holder is created.
        long[] fibonaccies = new long[10];

        // method fibonacci is called
        for(int i = 0; i < 10; i++){
            fibonaccies[i] = fibonacci.fibonacci(i);
        }

        //expected result is returned.
        Assert.assertEquals(0, fibonaccies[0]);
        Assert.assertEquals(1, fibonaccies[1]);
        Assert.assertEquals(1, fibonaccies[2]);
        Assert.assertEquals(2, fibonaccies[3]);
        Assert.assertEquals(3, fibonaccies[4]);
        Assert.assertEquals(5, fibonaccies[5]);
        Assert.assertEquals(8, fibonaccies[6]);
        Assert.assertEquals(13, fibonaccies[7]);
        Assert.assertEquals(21, fibonaccies[8]);
        Assert.assertEquals(34, fibonaccies[9]);
    }",2
(int number),"public class Factorial {
public long factorial(int number) {
        if (number <= 1) {
            return 1;
        }
        return number * factorial(number - 1);
    }
}","@Test
    public void testFactorial() {
        //Factorial object is created
        Factorial factorial = new Factorial();

        //factorial method is called
        long factorial_from_0 = factorial.factorial(0);
        long factorial_from_1 = factorial.factorial(1);
        long factorial_from_5 = factorial.factorial(5);
        long factorial_from_10 = factorial.factorial(10);

        //expected result is returned
        assertEquals(1, factorial_from_0);
        assertEquals(1, factorial_from_1);
        assertEquals(120, factorial_from_5);
        assertEquals(3628800, factorial_from_10);
    }",2
"(short x, short y)","public class MakeInt {
public static int makeInt(short x, short y) {
        return (x << 16) | (y & 0xFFFF);
    }
}","@Test
    public void testMakeInt() throws Exception {
        for (short x = Short.MIN_VALUE; x < Short.MAX_VALUE; x++) {
            for (short y = Short.MIN_VALUE; y < Short.MAX_VALUE; y++) {
                //System.out.println("" :: "" + y);
                short[] result = IntegerTools.getShorts(IntegerTools.makeInt(x,y));
                assert result[0] == x;
                assert result[1] == y;
            }
        }
    }",1
"(int one, int another)","public class Divide {
public int divide(int one, int another) {
        if (another == 0)
            throw new IllegalArgumentException(""Dividor cannot be 0"");
        return one / another;
    }
}","@Test(expected = IllegalArgumentException.class)
    public void testDivide() {
        mCalculator.divide(5, 0);
    }",2
"(int one, int another)","public class Sub {
public int sub(int one, int another) {
        return 0;
    }
}","@Test
    @Ignore(""not test"")
    public void testSub() {
        mCalculator.sub(6, 5);
    }",1
(long segmentId),"public class GetEpoch {
public static int getEpoch(long segmentId) {
        return (int) (segmentId >> 32);
    }
}","@Test
    public void testGetEpoch() {
        UUID txnId = UUID.fromString(""00000065-0000-000a-0000-000000000064"");
        assertEquals(101, NameUtils.getEpoch(txnId));
    }",1
"(double base, int exponent)","public class Pow {
static public double pow(double base, int exponent)
	{
		if (exponent ==  0) return 1;
		if (exponent ==  1) return base;
		if (exponent == -1) return 1/base;
		
		boolean negative;
		
		if (exponent < 0)
		{
			negative = true;
			exponent = -exponent;
		}
		else
			negative = false;
		
		double mod = (exponent%2 == 0) ? 1 : base;
		double p = base;
		
		exponent /= 2;
		
		while (exponent > 0)
		{
			p = p * p;
			exponent /= 2;
		}
		
		mod *= p;
		return negative ? 1/mod : mod;
	}
}","@Test
	public void testPow()
	{
		int i, j;
		
		for (j=-5; j<5; j++)
		{
			if (j == 0) continue;
			
			for (i=-5; i<5; i++)
			{
				assertEquals(Math.pow( 2, i), MathUtils.pow( 2, i), 0);
				assertEquals(Math.pow(-2, i), MathUtils.pow(-2, i), 0);
			}
		}
	}",6
"(double y1, long x1, double y2, long x2, long x)","public class LinearInterpolation {
static final double linearInterpolation(double y1, long x1, double y2, long x2, long x) {
        return y1 + (y2 - y1) / (x2 - x1) * (x - x1);
    }
}","@Test
    public void testLinearInterpolation() {
        assertEquals(1, PositionTime.linearInterpolation(1, 1, 3, 3, 1), 1e-16);
        assertEquals(3, PositionTime.linearInterpolation(1, 1, 3, 3, 3), 1e-16);

        assertEquals(2, PositionTime.linearInterpolation(1, 1, 3, 3, 2), 1e-16);
        assertEquals(10, PositionTime.linearInterpolation(1, 1, 3, 3, 10), 1e-16);

        assertEquals(2.5, PositionTime.linearInterpolation(0, 0, 5, 10, 5), 1e-16);
        assertEquals(4.5, PositionTime.linearInterpolation(0, 0, 5, 10, 9), 1e-16);
    }",1
"(long x, long y)","public class CompareLongs {
static int compareLongs(long x, long y) {
    if (x < y) {
      return -1;
    } else if (x == y) {
      return 0;
    } else {
      return 1;
    }
  }
}","@Test
  public void compareLongs() {
    assertThat(TimeUtils.compareLongs(-1L, 1L)).isLessThan(0);
    assertThat(TimeUtils.compareLongs(10L, 10L)).isEqualTo(0);
    assertThat(TimeUtils.compareLongs(1L, 0L)).isGreaterThan(0);
  }",3
"(int num1, int num2)","public class Divide {
public double divide(int num1, int num2){
        return num1/num2;
    }
}","@Test
    public void divide() throws Exception {
        double num = junitUtils.divide(10,2);
//        double num = junitUtils.divide(10,0);
        System.out.println(""结果：""+num);
    }",1
(int sizeInBytes),"public class Base64SizeInBytes {
static int base64SizeInBytes(int sizeInBytes) {
    int result = sizeInBytes * 4 / 3;
    int remainder = sizeInBytes * 4 % 3;
    return remainder == 0 ? result : result + (4 - remainder);
  }
}","@Test
  public void base64SizeInBytes() {
    Endpoint web = Endpoint.newBuilder().serviceName(""web"").ip(""127.0.0.1"").build();

    Span span1 =
        Span.newBuilder()
            .traceId(""d2f9288a2904503d"")
            .id(""d2f9288a2904503d"")
            .name(""get"")
            .timestamp(TODAY * 1000)
            .duration(1000L)
            .kind(Span.Kind.SERVER)
            .localEndpoint(web)
            .build();

    Span span2 =
        span1
            .toBuilder()
            .kind(Span.Kind.CLIENT)
            .traceId(""d2f9288a2904503d"")
            .parentId(""d2f9288a2904503d"")
            .id(""0f28590523a46541"")
            .build();

    byte[] thrift1 = SpanBytesEncoder.THRIFT.encode(span1);
    assertThat(InternalScribeCodec.base64(thrift1))
        .hasSize(InternalScribeCodec.base64SizeInBytes(thrift1.length));

    byte[] thrift2 = SpanBytesEncoder.THRIFT.encode(span2);
    assertThat(InternalScribeCodec.base64(thrift2))
        .hasSize(InternalScribeCodec.base64SizeInBytes(thrift2.length));
  }",1
"(int v,
                                int w)","public class MakeLong {
public static long makeLong(int v,
                                int w) {
        return (((long) v) << 32) | (w & 0xffffffffL);
    }
}","@Test
    public void testMakeLongPrecondition1() {
        for (int i = 0; i <= 10; i++) {
            try {
                NumberFactory.makeLong(new byte[i]);
                if (i != LONG_SIZE) {
                    Assert.fail(""Exception expected"");
                }
            } catch (IllegalArgumentException e) {
                // Expected.
            }
        }
    }",1
"(int m, int k)","public class GetBase64Digit {
private static int getBase64Digit(int m, int k) {
        return (m >>> (30 - 6 * k)) & 63;
    }
}","@Test
    public void testOffsetSamples() {
        // This is filled with probabilities to hit all edge cases in the fill procedure.
        // The probabilities must have a digit from each of the 5 possible.
        final int[] prob = new int[6];
        prob[0] = 1;
        prob[1] = 1 + 1 << 6;
        prob[2] = 1 + 1 << 12;
        prob[3] = 1 + 1 << 18;
        prob[4] = 1 + 1 << 24;
        // Ensure probabilities sum to 2^30
        prob[5] = (1 << 30) - (prob[0] + prob[1] + prob[2] + prob[3] + prob[4]);

        // To hit all samples requires integers that are under the look-up table limits.
        // So compute the limits here.
        int n1 = 0;
        int n2 = 0;
        int n3 = 0;
        int n4 = 0;
        for (final int m : prob) {
            n1 += getBase64Digit(m, 1);
            n2 += getBase64Digit(m, 2);
            n3 += getBase64Digit(m, 3);
            n4 += getBase64Digit(m, 4);
        }

        final int t1 = n1 << 24;
        final int t2 = t1 + (n2 << 18);
        final int t3 = t2 + (n3 << 12);
        final int t4 = t3 + (n4 << 6);

        // Create values under the limits and bit shift by 2 to reverse what the sampler does.
        final int[] values = new int[] {0, t1, t2, t3, t4, 0xffffffff};
        for (int i = 0; i < values.length; i++) {
            values[i] <<= 2;
        }

        final UniformRandomProvider rng1 = new FixedSequenceIntProvider(values);
        final UniformRandomProvider rng2 = new FixedSequenceIntProvider(values);
        final UniformRandomProvider rng3 = new FixedSequenceIntProvider(values);

        // Create offsets to force storage as 8, 16, or 32-bit
        final int offset1 = 1;
        final int offset2 = 1 << 8;
        final int offset3 = 1 << 16;

        final double[] p1 = createProbabilities(offset1, prob);
        final double[] p2 = createProbabilities(offset2, prob);
        final double[] p3 = createProbabilities(offset3, prob);

        final SharedStateDiscreteSampler sampler1 = MarsagliaTsangWangDiscreteSampler.Enumerated.of(rng1, p1);
        final SharedStateDiscreteSampler sampler2 = MarsagliaTsangWangDiscreteSampler.Enumerated.of(rng2, p2);
        final SharedStateDiscreteSampler sampler3 = MarsagliaTsangWangDiscreteSampler.Enumerated.of(rng3, p3);

        for (int i = 0; i < values.length; i++) {
            // Remove offsets
            final int s1 = sampler1.sample() - offset1;
            final int s2 = sampler2.sample() - offset2;
            final int s3 = sampler3.sample() - offset3;
            Assert.assertEquals(""Offset sample 1 and 2 do not match"", s1, s2);
            Assert.assertEquals(""Offset Sample 1 and 3 do not match"", s1, s3);
        }
    }",1
(double temperatureInCelsius),"public class CelsiusToFahrenheit {
static double celsiusToFahrenheit(double temperatureInCelsius) {
        return (temperatureInCelsius * 1.8) + 32;
    }
}","@Test
    public void celsiusToFahrenheit() throws Exception {
        double result = WeatherUtils.celsiusToFahrenheit(10);
        assertEquals(50, result, 0);
    }",1
(int argCount),"public class GenerateMessagePattern {
static String generateMessagePattern(int argCount) {
        int estimatedSize = 17 + Math.max(0, (argCount * 4) - 2);
        StringBuilder message = new StringBuilder(estimatedSize);
        message.append(""{}.{}("");
        for (int i = 0; i < argCount; i++) {
            if (i > 0) {
                message.append("", "");
            }
            message.append(""{}"");
        }
        message.append("") took {}ms"");
        return message.toString();
    }
}","@Test
    public void testGenerateMessagePattern() {
        assertThat(LoggingInvocationEventHandler.generateMessagePattern(0)).isEqualTo(""{}.{}() took {}ms"");
        assertThat(LoggingInvocationEventHandler.generateMessagePattern(1)).isEqualTo(""{}.{}({}) took {}ms"");
        assertThat(LoggingInvocationEventHandler.generateMessagePattern(2)).isEqualTo(""{}.{}({}, {}) took {}ms"");
        assertThat(LoggingInvocationEventHandler.generateMessagePattern(3)).isEqualTo(""{}.{}({}, {}, {}) took {}ms"");
    }",3
(int x),"public class NextPow2Int {
public static int nextPow2Int(int x) {
        --x;
        x |= x >>> 1;
        x |= x >>> 2;
        x |= x >>> 4;
        x |= x >>> 8;
        x |= x >>> 16;
        return ++x;
    }
}","@Test
    public void testNextPow2Int() {
        assertEquals(2, MathUtil.nextPow2Int(2));
        assertEquals(4, MathUtil.nextPow2Int(3));
        assertEquals(8, MathUtil.nextPow2Int(5));
    }",1
(int n),"public class TriangleSize {
public int triangleSize(int n) {
        return ((n - 1) * n) >>> 1;
    }
}","@Test
    public void testTriangleSize() {
        assertEquals(3, subject.triangleSize(3));
        assertEquals(6, subject.triangleSize(4));
    }",1
(int n),"public class CombinationOfTwo {
protected long combinationOfTwo(int n) {
        // a micooptimization, instead of computing factorial, in case of k=2
        // this is much faster
        return n * (n - 1) >>> 1; //equal to division by 2
    }
}","@Test
    public void testCombinationOfTwo() {
        int n = 5;
        AdjustedRand ari = (AdjustedRand) subject;
        assertEquals(CombinatoricsUtils.binomialCoefficient(n, 2), ari.combinationOfTwo(n));
        n = 15;
        assertEquals(CombinatoricsUtils.binomialCoefficient(n, 2), ari.combinationOfTwo(n));
    }",1
"(double minValue, double maxValue)","public class CountMedian {
protected double countMedian(double minValue, double maxValue) {
        //in case of negative min, we add it again
        //@test [10-(-5)] /2 + (-5) = 7.5 - 5 = 2.5
        //@test 10 - 0 = 5 + 0 = 5
        //@test 1 - (-1) = 1-1 = 0
        return (maxValue - minValue) / 2 + minValue;
    }
}","@Test
    public void testCountMedian() {
        ColorScheme cs = new ColorScheme();
        assertEquals(0.0, cs.countMedian(-10, 10), delta);

    }",1
(double radius),"public class CalculateSurface {
public static double calculateSurface(double radius) {
        return 4.0*Math.PI*radius*radius;
    }
}","@Test
    @DisplayName(""sphere surface calculation - arbitrary"")
    void calculateSurface() {
        assertEquals(Spheres.calculateSurface(3), 4.0*Math.PI*3.0*3.0);
    }",1
(double radius),"public class Circumference {
public static double circumference(double radius) {
        return 2.0 * radius * Math.PI;
    }
}","@Test
    @DisplayName(""circle calculations - circumference"")
    void circumference() {
        double circumference = Circles.circumference(circle.getRadius());
        assertEquals(4 * Math.PI, circumference, 1e-12);
    }",1
(double radius),"public class Area {
public static double area(double radius) {
        return radius * radius * Math.PI;
    }
}","@Test
    @DisplayName(""circle calculations - area"")
    void area() {
        double area = Circles.area(circle.getRadius());
        assertEquals(4 * Math.PI, area, 1e-12);
    }",1
"(int op1, int op2)","public class Add {
public int add(int op1, int op2) {
        return op1 + op2;
    }
}","@Test
    public void testAdd() {
        calculator = new Calculator();
        int total = calculator.add(4, 5);
        assertEquals(""Calculator is not adding correctly"", 9, total);
    }",1
"(int op1, int op2)","public class Diff {
public int diff(int op1, int op2) {
        return op1 - op2;
    }
}","@Test
    public void testDiff() {
        calculator = new Calculator();
        int total = calculator.diff(9, 2);
        assertEquals(""Calculator is not subtracting correctly"", 7, total);
    }",1
( long nanosecondCount ),"public class GetTimeIncrementFromDivision {
public static String getTimeIncrementFromDivision( long nanosecondCount ) {
        String timeUnit = ""second increment"";
        if ( nanosecondCount >= 24l * 60l * 60l * 1000l * 1000l * 1000l ) {
            timeUnit = nanosecondCount / ( 24l * 60l * 60l * 1000l * 1000l * 1000l ) + "" day increment"";
        } else if ( nanosecondCount >= 60l * 60l * 1000l * 1000l * 1000l ) {
            timeUnit = nanosecondCount / ( 60l * 60l * 1000l * 1000l * 1000l ) + "" hour increment"";
        } else if ( nanosecondCount >= 60l * 1000l * 1000l * 1000l ) {
            timeUnit = nanosecondCount / ( 60l * 1000l * 1000l * 1000l ) + "" minute increment"";
        } else if ( nanosecondCount >= 1000l * 1000l * 1000l ) {
            timeUnit = nanosecondCount / ( 1000l * 1000l * 1000l ) + "" second increment"";
        } else if ( nanosecondCount >= 1000l * 1000l ) {
            timeUnit = nanosecondCount / ( 1000l * 1000l ) + "" millisecond increment"";
        } else if ( nanosecondCount >= 1000l ) {
            timeUnit = nanosecondCount / 1000l + "" microsecond increment"";
        } else {
            timeUnit = nanosecondCount + "" nanosecond increment"";
        }
        return timeUnit;
    }
}","@Test
    public void getTimeIncrementFromDivision() {
        assertEquals( ""3 nanosecond increment"", AnalyzeMetricFile.getTimeIncrementFromDivision( 3 ) );
        assertEquals( ""3 microsecond increment"", AnalyzeMetricFile.getTimeIncrementFromDivision( 3000 ) );
        assertEquals( ""3 millisecond increment"", AnalyzeMetricFile.getTimeIncrementFromDivision( 3000000 ) );
        assertEquals( ""3 second increment"", AnalyzeMetricFile.getTimeIncrementFromDivision( 3000000000l ) );
        assertEquals( ""3 second increment"", AnalyzeMetricFile.getTimeIncrementFromDivision( 3000000000l ) );
        assertEquals( ""3 minute increment"", AnalyzeMetricFile.getTimeIncrementFromDivision( 180000000000l ) );
        assertEquals( ""3 hour increment"", AnalyzeMetricFile.getTimeIncrementFromDivision( 10800000000000l ) );
        assertEquals( ""3 day increment"", AnalyzeMetricFile.getTimeIncrementFromDivision( 259200000000000l ) );
    }",7
"(int sequence, int decrement)","public class DecrementSequence {
public static int decrementSequence(int sequence, int decrement) {
        if (sequence < decrement)
            return Integer.MAX_VALUE - (decrement - sequence) + 1;
        return sequence - decrement;
    }
}","@Test
    public void testDecrementSequence() {
        assertEquals(0, DefaultRecordBatch.decrementSequence(5, 5));
        assertEquals(Integer.MAX_VALUE, DefaultRecordBatch.decrementSequence(0, 1));
    }",2
"(int sequence, int increment)","public class IncrementSequence {
public static int incrementSequence(int sequence, int increment) {
        if (sequence > Integer.MAX_VALUE - increment)
            return increment - (Integer.MAX_VALUE - sequence) - 1;
        return sequence + increment;
    }
}","@Test
    public void testIncrementSequence() {
        assertEquals(10, DefaultRecordBatch.incrementSequence(5, 5));
        assertEquals(0, DefaultRecordBatch.incrementSequence(Integer.MAX_VALUE, 1));
        assertEquals(4, DefaultRecordBatch.incrementSequence(Integer.MAX_VALUE - 5, 10));
    }",2
(int N),"public class SumOfSequence {
public int sumOfSequence(int N)
	{
		return N*(N+1)/2;
	}
}","@Test
	public void testSumOfSequence()
	{
		// Exercise
		int result = calc.sumOfSequence(5);
		
		// Verify
		Assert.assertEquals(1+2+3+4+5, result);
	}",1
(int N),"public class SumOfSequence {
public int sumOfSequence(int N)
	{
		int result = 0;
		for(int i=1; i<=N; i++)
			result += i;
		return result;
	}
}","@Test
	public void testSumOfSequence()
	{
		// Exercise
		int result = calc.sumOfSequence(5);
		
		// Verify
		Assert.assertEquals(1+2+3+4+5, result);
	}",2
"(long num, int factor)","public class Down {
public static long down(long num, int factor) {
        if (num < factor) {
            return 0;
        } else if (num % factor == 0) {
            return num;
        } else {
            return num / factor * factor;
        }
    }
}","@Test
    public void testDown() {
        int blockSize = 8 * 1024;
        // less
        Assert.assertEquals(0, Rounding.down(0, blockSize));
        Assert.assertEquals(0, Rounding.down(1, blockSize));
        Assert.assertEquals(0, Rounding.down(2, blockSize));

        // equals
        Assert.assertEquals(blockSize, Rounding.down(blockSize, blockSize));

        // multiple
        Assert.assertEquals(blockSize * 2, Rounding.down(blockSize * 2, blockSize));

        // not multiple
        Assert.assertEquals(blockSize, Rounding.down(blockSize + 3, blockSize));
    }",3
(double percentage),"public class FormatPercentage {
public static String formatPercentage(double percentage) {
        return String.valueOf(Math.floor(percentage));
    }
}","@Test
    public void testFormatPercentage() throws Exception {
        assertThat(TextFormatUtil.formatPercentage(55.8)).isEqualTo(""55.0"");
        Assertions.assertThat(TextFormatUtil.formatPercentage(80.01)).isEqualTo(""80.0"");
        Assertions.assertThat(TextFormatUtil.formatPercentage(80.05)).isEqualTo(""80.0"");
        Assertions.assertThat(TextFormatUtil.formatPercentage(80.15)).isEqualTo(""80.0"");
        Assertions.assertThat(TextFormatUtil.formatPercentage(80.55)).isEqualTo(""80.0"");
    }",1
(double hours),"public class FormatHours {
public static String formatHours(double hours) {
        return String.valueOf(Math.ceil(hours * 100.0) / 100);
    }
}","@Test
    public void testFormatHours() throws Exception {
        assertThat(TextFormatUtil.formatHours(5.812)).isEqualTo(""5.82"");
        Assertions.assertThat(TextFormatUtil.formatHours(12.01)).isEqualTo(""12.01"");
        Assertions.assertThat(TextFormatUtil.formatHours(12.05)).isEqualTo(""12.05"");
        Assertions.assertThat(TextFormatUtil.formatHours(12.15)).isEqualTo(""12.15"");
        Assertions.assertThat(TextFormatUtil.formatHours(12.55)).isEqualTo(""12.55"");
    }",1
(int wordCount),"public class GetWordsCountMessage {
public String getWordsCountMessage(int wordCount) {
        if (wordCount == 1) {
            return wordCount + "" word"";
        }
        return wordCount + "" words"";
    }
}","@Test
    public void canGetWordCountMessage() {
        assertThat(activityEntry.getWordsCountMessage(1)).isEqualTo(""1 word"");
        assertThat(activityEntry.getWordsCountMessage(10)).isEqualTo(""10 words"");
    }",2
"(int type, int extra)","public class FormatMessage {
static String formatMessage(int type, int extra) {
        return ""Type: "" + type + "", "" + ""Extra: "" + extra;
    }
}","@Test
    public void givenTypeAndExtra_whenFormattingMessage_thenReturnsExpectedMessageFormat() {
        String expectedFormat = ""Type: 202, Extra: -218"";

        String actualFormat = ErrorFormatter.formatMessage(TYPE_CODE, EXTRA_CODE);

        assertThat(actualFormat).isEqualTo(expectedFormat);
    }",1
"(double x,
                                            double delta)","public class RepresentableDelta {
public static double representableDelta(double x,
                                            double delta) {
        return x + delta - x;
    }
}","@Test
    void testRepresentableDelta() {
        int nonRepresentableCount = 0;
        final double x = 100;
        final int numTrials = 10000;
        for (int i = 0; i < numTrials; i++) {
            final double originalDelta = Math.random();
            final double delta = Precision.representableDelta(x, originalDelta);
            if (delta != originalDelta) {
                ++nonRepresentableCount;
            }
        }

        Assertions.assertTrue(nonRepresentableCount / (double) numTrials > 0.9);
    }",1
(long z),"public class Depair {
public static long[] depair(long z) {
		long t = (int) Math.floor((Math.sqrt(8 * z + 1) - 1) / 2);
		long x = t * (t + 3) / 2 - z;
		long y = z - t * (t + 1) / 2;

		return new long[]{x, y};
	}
}","@Test
	public void depairTest() {
		TestHelper.load();

		int x = 10;
		int seed = 10;

		long pair = CantorPairing.pair(x, seed);
		long[] depair = CantorPairing.depair(pair);

		assertEquals(x, depair[0]);
		assertEquals(seed, depair[1]);
	}",1
"(int playerLevel, int activeAmount)","public class CheckLevelRestrictionsActive {
public static boolean checkLevelRestrictionsActive(int playerLevel, int activeAmount){
		switch (activeAmount){
			case 0:
			case 1:
			case 2:
				return true;
			case 3:
			case 4:
			case 5:
				return playerLevel >= activeAmount * activeAmount - (5 - activeAmount);
			default:
				return false;
		}
	}
}","@Test
	public void testCheckLevelRestrictionsActive() {
		TestHelper.load();
		assertTrue(Inventory.checkLevelRestrictionsActive(1, 0));
		assertTrue(Inventory.checkLevelRestrictionsActive(1, 1));
		assertTrue(Inventory.checkLevelRestrictionsActive(1, 2));
		assertTrue(Inventory.checkLevelRestrictionsActive(8, 3));
		assertTrue(!Inventory.checkLevelRestrictionsActive(3, 3));
		assertTrue(Inventory.checkLevelRestrictionsActive(17, 4));
		assertTrue(!Inventory.checkLevelRestrictionsActive(3, 4));
		assertTrue(Inventory.checkLevelRestrictionsActive(28, 5));
		assertTrue(!Inventory.checkLevelRestrictionsActive(3, 5));
		assertTrue(!Inventory.checkLevelRestrictionsActive(3, 6));
	}",2
"(long seconds, int nanoseconds)","public class ToDecimal {
public static String toDecimal(long seconds, int nanoseconds)
    {
        StringBuilder sb = new StringBuilder(20)
            .append(seconds)
            .append('.');
        // 14-Mar-2016, tatu: Although we do not yet (with 2.7) trim trailing zeroes,
        //   for general case,
        if (nanoseconds == 0L) {
            // !!! TODO: 14-Mar-2016, tatu: as per [datatype-jsr310], should trim
            //     trailing zeroes
            if (seconds == 0L) {
                return ""0.0"";
            }

//            sb.append('0');
            sb.append(""000000000"");
        } else {
            StringBuilder nanoSB = new StringBuilder(9);
            nanoSB.append(nanoseconds);
            // May need to both prepend leading nanos (if value less than 0.1)
            final int nanosLen = nanoSB.length();
            int prepZeroes = 9 - nanosLen;
            while (prepZeroes > 0) {
                --prepZeroes;
                sb.append('0');
            }

            // !!! TODO: 14-Mar-2016, tatu: as per [datatype-jsr310], should trim
            //     trailing zeroes
            /*
            // AND possibly trim trailing ones
            int i = nanosLen;
            while ((i > 1) && nanoSB.charAt(i-1) == '0') {
                --i;
            }
            if (i < nanosLen) {
                nanoSB.setLength(i);
            }
            */
            sb.append(nanoSB);
        }
        return sb.toString();
    }
}","@Test
    public void testToDecimal01()
    {
        String decimal = DecimalUtils.toDecimal(0, 0);
        assertEquals(""The returned decimal is not correct."", NO_NANOSECS_SER, decimal);

        decimal = DecimalUtils.toDecimal(15, 72);
        assertEquals(""The returned decimal is not correct."", ""15.000000072"", decimal);

        decimal = DecimalUtils.toDecimal(19827342231L, 192837465);
        assertEquals(""The returned decimal is not correct."", ""19827342231.192837465"", decimal);

        decimal = DecimalUtils.toDecimal(19827342231L, 0);
        assertEquals(""The returned decimal is not correct."",
                ""19827342231""+NO_NANOSECS_SUFFIX, decimal);

        decimal = DecimalUtils.toDecimal(19827342231L, 999888000);
        assertEquals(""The returned decimal is not correct."",
                ""19827342231.999888000"", decimal);

        decimal = DecimalUtils.toDecimal(-22704862, 599000000);
        assertEquals(""The returned decimal is not correct."",
                ""-22704862.599000000"", decimal);
    }",4
"(int ordinal, int numTiers)","public class InterpretOrdinal {
static int interpretOrdinal(int ordinal, int numTiers) {
    if (ordinal >= 0) {
      return Math.min(ordinal, numTiers - 1);
    }
    return Math.max(numTiers + ordinal, 0);
  }
}","@Test
  public void interpretTier() throws Exception {
    Assert.assertEquals(0, StorageTierAssoc.interpretOrdinal(0, 1));
    Assert.assertEquals(0, StorageTierAssoc.interpretOrdinal(1, 1));
    Assert.assertEquals(0, StorageTierAssoc.interpretOrdinal(2, 1));
    Assert.assertEquals(0, StorageTierAssoc.interpretOrdinal(-1, 1));
    Assert.assertEquals(0, StorageTierAssoc.interpretOrdinal(-2, 1));
    Assert.assertEquals(0, StorageTierAssoc.interpretOrdinal(-3, 1));
    Assert.assertEquals(0, StorageTierAssoc.interpretOrdinal(Constants.FIRST_TIER, 1));
    Assert.assertEquals(0, StorageTierAssoc.interpretOrdinal(Constants.SECOND_TIER, 1));
    Assert.assertEquals(0, StorageTierAssoc.interpretOrdinal(Constants.LAST_TIER, 1));

    Assert.assertEquals(0, StorageTierAssoc.interpretOrdinal(0, 10));
    Assert.assertEquals(8, StorageTierAssoc.interpretOrdinal(8, 10));
    Assert.assertEquals(9, StorageTierAssoc.interpretOrdinal(9, 10));
    Assert.assertEquals(9, StorageTierAssoc.interpretOrdinal(10, 10));
    Assert.assertEquals(9, StorageTierAssoc.interpretOrdinal(-1, 10));
    Assert.assertEquals(1, StorageTierAssoc.interpretOrdinal(-9, 10));
    Assert.assertEquals(0, StorageTierAssoc.interpretOrdinal(-10, 10));
    Assert.assertEquals(0, StorageTierAssoc.interpretOrdinal(-11, 10));
    Assert.assertEquals(0, StorageTierAssoc.interpretOrdinal(Constants.FIRST_TIER, 10));
    Assert.assertEquals(1, StorageTierAssoc.interpretOrdinal(Constants.SECOND_TIER, 10));
    Assert.assertEquals(9, StorageTierAssoc.interpretOrdinal(Constants.LAST_TIER, 10));
  }",2
(int n),"public class EvenSum {
public static int evenSum(int n) {
        // TODO
        return -1;
    }
}","@Test
    public void evenSum_givenAllPossibilities() throws Exception {
        for (int n = 0; n <= TEST_RANGE; n += TEST_INCREMENT) assertEvenSum(evenSum(n), n);
    }",1
(int index),"public class Remove {
public int remove(int index) {

        //TODO
        return -1;
    }
}","@Test
    public void testRemove() {
        HeadList list = new HeadList();
        list.add(0);
        list.add(-18);
        list.add(1337);
        list.add(17);
        list.add(42);

        assertListRemove(list, -1, Integer.MIN_VALUE);
        assertList(list, ""[0,-18,1337,17,42]"");

        assertListRemove(list, 5, Integer.MIN_VALUE);
        assertList(list, ""[0,-18,1337,17,42]"");

        assertListRemove(list, 0, 0);
        assertList(list, ""[-18,1337,17,42]"");

        assertListRemove(list, 4, Integer.MIN_VALUE);
        assertList(list, ""[-18,1337,17,42]"");

        assertListRemove(list, 3, 42);
        assertList(list, ""[-18,1337,17]"");

        assertListRemove(list, 1, 1337);
        assertList(list, ""[-18,17]"");
    }",1
(int info),"public class Add {
public void add(int info) {

        //TODO

    }
}","@Test
    public void testAdd() {
        HeadList list = new HeadList();
        list.add(1337);
        assertList(list, ""[1337]"");
        list.add(42);
        assertList(list, ""[1337,42]"");
        list.add(0);
        assertList(list, ""[1337,42,0]"");
        list.add(-88);
        assertList(list, ""[1337,42,0,-88]"");

        HeadList list2 = new HeadList();
        list2.add(-19);
        assertList(list2, ""[-19]"");
    }",1
"(int index, int value)","public class Set {
public void set(int index, int value) {
    /*
     * Todo
     */
    }
}","@Test
    public void set_givenNotEmptyArray_thenOverrides() throws Exception {
        setElements(1, 2, 3, 4, 5);
        test.set(2, -3);
        assertElements(1, 2, -3, 4, 5);
    }",1
(int value),"public class IntToLong {
public static long intToLong(int value) {
    return value & 0xffffffffl;
  }
}","@Test
  public void testIntToLong() {
    assertEquals(Unsigned.intToLong(0xffffffff), 0xffffffffl);
    assertEquals(Unsigned.intToLong(0xffff), 0xffffl);
    assertEquals(Unsigned.intToLong(0), 0);
    assertEquals(Unsigned.intToLong(42), 42);
  }",1
(short value),"public class ShortToInt {
public static int shortToInt(short value) {
    return value & 0xffff;
  }
}","@Test
  public void testShortToInt() {
    assertEquals(Unsigned.shortToInt((short) 0xffff), 0xffff);
    assertEquals(Unsigned.shortToInt((short) 0xff), 0xff);
    assertEquals(Unsigned.shortToInt((short) 0), 0);
    assertEquals(Unsigned.shortToInt((short) 42), 42);
  }",1
(byte value),"public class ByteToShort {
public static short byteToShort(byte value) {
    return (short) (value & 0xff);
  }
}","@Test
  public void testByteToShort() {
    assertEquals(Unsigned.byteToShort((byte) 0xff), 0xff);
    assertEquals(Unsigned.byteToShort((byte) 0xf), 0xf);
    assertEquals(Unsigned.byteToShort((byte) 0), 0);
    assertEquals(Unsigned.byteToShort((byte) 42), 42);
  }",1
(int numBits),"public class MaxSigned {
public static int maxSigned(int numBits) {
		if (numBits == 0) return 0;
		return (0b1 << (numBits -1)) -1;
	}
}","@Test
    public void maxSigned() {
        assertEquals(7, IntUtils.maxSigned(4));
    }",2
(int numBits),"public class MaxUnsigned {
public static int maxUnsigned(int numBits) {
		if (numBits > 32) {
			throw new IllegalArgumentException(""integer overflow"");
		}
		if (numBits == 0) return 0;
		if (numBits == 32) return 0xffffffff;
		return (0b1 << (numBits)) -1;
	}
}","@Test
    public void maxSign() {
        assertEquals(0xffffffff,IntUtils.maxUnsigned(32));
    }",4
(int number),"public class GetMaxBitIndex {
public static int getMaxBitIndex(int number) {
    if (number < 0) {
      throw new RuntimeException(""negative numbers unsupported"");
    }
    int maxBit = 0;
    while((number = number >>> 1) >=0) {
      maxBit++;
      if (number == 0) {
        break;
      }
    }    
    return maxBit;
    
  }
}","@Test
  public void testGetMaxBitIndex() {
    assertEquals(1,BitUtils.getMaxBitIndex(1));
    assertEquals(8,BitUtils.getMaxBitIndex(255));
    org.junit.Assert.assertNotSame(8, BitUtils.getMaxBitIndex(256));
  }",4
(int value),"public class SizeOf {
public static int sizeOf(int value) {
        int numBytes = 0;
        do {
            value >>= 7;
            numBytes++;
        } while (value != 0);
        return numBytes;
    }
}","@Test
    public void testVarintSize() {
        int numtests = 1000;
        Random r = new Random(0);
        for (int i = 0; i < 5; i++) {
            int min = (int) Math.pow(2, 7 * i);
            int max = (int) Math.min(Integer.MAX_VALUE, Math.pow(2, 7 * (i + 1)));

            for (int j = 0; j < numtests; j++) {
                int value = r.nextInt(max - min) + min;
                assertEquals(i + 1, ProtobufVarint.sizeOf(value));
            }
        }
    }",2
(long time_ms),"public class GetReadableTime {
public static String getReadableTime(long time_ms) {
        StringBuilder output = new StringBuilder();
        long time_delta = time_ms;

        int milliseconds = (int) (time_delta % 1000);
        time_delta /= 1000;
        int seconds = (int) (time_delta % 60);
        time_delta /= 60;
        int minutes = (int) (time_delta % 60);
        time_delta /= 60;
        int hours = (int) (time_delta % 24);
        int days = (int) (time_delta / 24);

        if (days != 0) {
            output.append(days);
            output.append("" day"");
            if (days > 1) {
                output.append(""s"");
            }
        }
        if ((hours != 0) || (minutes != 0)) {
            if (output.length() > 0) {
                // Use zero-padded hours here as it's longer than a day.
                output.append(String.format("" %02d:%02d:%02d"", hours, minutes, seconds));
            } else {
                // Don't pad hours if less than a day.
                output.append(String.format(""%d:%02d:%02d"", hours, minutes, seconds));
            }
        } else if (output.length() > 0) {
            /*
             * If a day+ with zero hours and zero minutes, just report the days.
             * E.g. ""1 day"", and not ""1 day 35 ms"".
             */
            return output.toString();
        } else if (seconds != 0) {
            output.append(String.format(""%d.%d seconds"", seconds, milliseconds));
        } else if (milliseconds != 0) {
            output.append(String.format(""%d ms"", milliseconds));
        }

        return (output.length() == 0 ? ""0 ms"" : output.toString());
    }
}","@Test
    public void testValues() {
        int i;
        long[] values = {
            0, 100, 1000, 1500, 64000, 124531, 3651782, 86400000, 86434349,
            1075634299, 86480001, 86400001
        };
        String[] expected = {
            ""0 ms"", ""100 ms"", ""1.0 seconds"", ""1.500 seconds"", ""0:01:04"",
            ""0:02:04"", ""1:00:51"", ""1 day"", ""1 day"",
            ""12 days 10:47:14"", ""1 day 00:01:20"", ""1 day""
        };

        for (i = 0; i < values.length; i++) {
            assertEquals(expected[i], StringUtils.getReadableTime(values[i]));
        }
    }",9
"(double firstOperand, double secondOperand)","public class Mul {
public double mul(double firstOperand, double secondOperand) {
        return firstOperand * secondOperand;
    }
}","@Test
    public void mulTwoNumbers() {
        double resultMul = mCalculator.mul(32d, 2d);
        assertThat(resultMul, is(equalTo(64d)));
    }",1
"(byte value, int bitIndex)","public class SetBit {
static byte setBit(byte value, int bitIndex) {
        return (byte)((value | (1 << bitIndex)) & 0xFF);
    }
}","@Test
    public void setBit() {
        assertEquals((byte) 0b01, BitwiseUtil.setBit((byte) 0, 0));
        assertEquals((byte) 0b10, BitwiseUtil.setBit((byte) 0, 1));
        // bitIndex outside of byte range
        assertEquals((byte) 0, BitwiseUtil.setBit((byte) 0, 8));
    }",1
"(byte value, int bitIndex)","public class IsBitSet {
static boolean isBitSet(byte value, int bitIndex) {
        return ((value & (1 << bitIndex)) & 0xFF) != 0;
    }
}","@Test
    public void isBitSet() {
        assertTrue(BitwiseUtil.isBitSet((byte) 0b01, 0));
        assertTrue(BitwiseUtil.isBitSet((byte) 0b10, 1));

        assertFalse(BitwiseUtil.isBitSet((byte) 0b11111110, 0));
        assertFalse(BitwiseUtil.isBitSet((byte) 0b11111101, 1));

        // bitIndex outside of byte range
        assertFalse(BitwiseUtil.isBitSet((byte) 0xFF, 8));
    }",1
"(byte base, int value, int bitmask)","public class ApplyBitRange {
static byte applyBitRange(byte base, int value, int bitmask) {
        return (byte) (base & ~bitmask | (value & bitmask));
    }
}","@Test
    public void applyBitRange() {
        assertEquals((byte) 0b10101010,
                BitwiseUtil.applyBitRange((byte) 0b11111111, 0, 0b01010101));

        assertEquals((byte) 0b11001100,
                BitwiseUtil.applyBitRange((byte) 0b11110000, 0b00001111, 0b00111100));

        // empty mask, no change
        assertEquals((byte) 0b00001111,
                BitwiseUtil.applyBitRange((byte) 0b00001111, 0b11110000, 0));

        // mask outside of byte range, no change
        assertEquals((byte) 1, BitwiseUtil.applyBitRange((byte) 1, -1, 0xFF00));
    }",1
"(byte value, int bitIndex)","public class ClearBit {
static byte clearBit(byte value, int bitIndex) {
        return (byte)((value & ~(1 << bitIndex)) & 0xFF);
    }
}","@Test
    public void clearBit() {
        assertEquals((byte) 0, BitwiseUtil.clearBit((byte) 0b01, 0));
        assertEquals((byte) 0, BitwiseUtil.clearBit((byte) 0b10, 1));
        // bitIndex outside of byte range
        assertEquals((byte) 0xFF, BitwiseUtil.clearBit((byte) 0xFF, 8));
    }",1
(double bytes),"public class HumanReadableByteCount {
public static String humanReadableByteCount(double bytes) {
    if (bytes < 1024) {
      return String.format(""%.1f B"", bytes);
    }
    int exp = (int) (Math.log(bytes) / Math.log(1024));
    String pre = ""KMGTPE"".charAt(exp - 1) + """";
    return String.format(""%.1f %sB"", bytes / Math.pow(1024, exp), pre);
  }
}","@Test
  public void testHumanReadableByteCount() {
    assertEquals(""0.0 B"", NumericUtils.humanReadableByteCount(0));
    assertEquals(""27.0 B"", NumericUtils.humanReadableByteCount(27));
    assertEquals(""1023.0 B"", NumericUtils.humanReadableByteCount(1023));
    assertEquals(""1.0 KB"", NumericUtils.humanReadableByteCount(1024));
    assertEquals(""108.0 KB"", NumericUtils.humanReadableByteCount(110592));
    assertEquals(""27.0 GB"", NumericUtils.humanReadableByteCount(28991029248L));
    assertEquals(""1.7 TB"", NumericUtils.humanReadableByteCount(1855425871872L));
    assertEquals(""8.0 EB"", NumericUtils.humanReadableByteCount(9223372036854775807L));
  }",2
"(int timeInSeconds, int bucketInSeconds)","public class GetWindowFlooredNaturalTime {
public static int getWindowFlooredNaturalTime(int timeInSeconds, int bucketInSeconds) {
		/**
		 * bit shifting division and multiplication doesn't outperform the JIT compiler
		 */
		// return (timeInSeconds >> bucketInSeconds) << bucketInSeconds;
		return ((timeInSeconds / bucketInSeconds) * bucketInSeconds);
	}
}","@Test
	public void testFlooredNaturalTime() {
		int time = (int) (System.currentTimeMillis() / 1000);
		int windowFlooredNaturalTime = TimeUtils.getWindowFlooredNaturalTime(time, 3600);
		assertEquals((time / 3600) * 3600, windowFlooredNaturalTime);
	}",1
(int column),"public class GetColumnClass {
public Class<?> getColumnClass(int column) {
		return Object.class;
	}
}","@Test
	public void testGetColumnClass() {
		assertEquals(Object.class, model.getColumnClass(0));
	}",1
(int value),"public class IsHex {
private boolean isHex(int value) {
        return ((value >= 0x30 && value <= 0x39) || (value >= 0x41 && value <= 0x46)
                || (value >= 0x61 && value <= 0x66));
    }
}","@Test
    public void testIsHex() {
        TelegesisFrame frame = new TelegesisFrame();

        List<Integer> allowed = Arrays.asList(new Integer[] { (int) '0', (int) '1', (int) '2', (int) '3', (int) '4',
                (int) '5', (int) '6', (int) '7', (int) '8', (int) '9', (int) 'A', (int) 'B', (int) 'C', (int) 'D',
                (int) 'E', (int) 'F', (int) 'a', (int) 'b', (int) 'c', (int) 'd', (int) 'e', (int) 'f' });

        Method isHex;
        try {
            isHex = TelegesisFrame.class.getDeclaredMethod(""isHex"", new Class[] { int.class });
            isHex.setAccessible(true);

            for (int value = 0; value < 256; value++) {
                assertEquals(allowed.contains(value), (boolean) isHex.invoke(frame, value));
            }
        } catch (NoSuchMethodException | SecurityException | IllegalArgumentException | IllegalAccessException
                | InvocationTargetException e) {
            e.printStackTrace();
        }
    }",6
(int input),"public class ReturnInputValue {
public int returnInputValue(int input) {
        return input;
    }
}","@Test
    public void shouldReturnGivenValue() {
        JavaClass javaClass = new JavaClass();

        int returnedValue = javaClass.returnInputValue(TEST_VALUE);

        assertThat(returnedValue).isEqualTo(TEST_VALUE);
    }",1
"(int year, int month, int day)","public class ToStandardDate {
public static String toStandardDate(int year, int month, int day) {
        String yearStr = Integer.toString(year);
        String monthStr = Integer.toString(month);
        String dayStr = Integer.toString(day);
        if (month < 10) {
            monthStr = ""0"" + monthStr;
        }
        if (day < 10) {
            dayStr = ""0"" + dayStr;
        }
        StringBuilder builder = new StringBuilder();
        builder.append(yearStr);
        builder.append('-');
        builder.append(monthStr);
        builder.append('-');
        builder.append(dayStr);
        return builder.toString();
    }
}","@Test
    public void testToStandardDate() {
        int y = 1990;
        int m = 5;
        int d = 3;
        assertEquals(""1990-05-03"", DateUtils.toStandardDate(y, m, d));

        y = 1990;
        m = 11;
        d = 3;
        assertEquals(""1990-11-03"", DateUtils.toStandardDate(y, m, d));

        y = 1990;
        m = 5;
        d = 31;
        assertEquals(""1990-05-31"", DateUtils.toStandardDate(y, m, d));

        y = 2018;
        m = 12;
        d = 31;
        assertEquals(""2018-12-31"", DateUtils.toStandardDate(y, m, d));
    }",3
"(int startYear, int endYear)","public class ToYearFormat {
public static String toYearFormat(int startYear, int endYear) {
        return String.format(""%d/%d"", startYear, endYear);
    }
}","@Test
    public void testToYearFormat() {
        int firstYear = 0;
        int secondYear = 0;

        assertEquals(FeedRow.toYearFormat(firstYear, secondYear), ""0/0"");

        firstYear = -5;
        secondYear = -30;

        assertEquals(FeedRow.toYearFormat(firstYear, secondYear), ""-5/-30"");

        firstYear = 2000;
        secondYear = -30;

        assertEquals(FeedRow.toYearFormat(firstYear, secondYear), ""2000/-30"");
    }",1
"(double num, int precision)","public class RoundToDecimals {
public static double roundToDecimals(double num, int precision) {
        if (precision < 0 || precision > 8) {
            throw new IllegalArgumentException(""Precision must be an int from 0 to 8."");
        }
        long multiplier = (long)Math.pow(10, (double)precision);
        return ((int)(num*multiplier))/(double)multiplier;
    }
}","@Test
    public void testRoundToDecimals() {
        double a = 3;

        assertTrue(Utils.isClose(a, Utils.roundToDecimals(a, 0)));
        assertTrue(Utils.isClose(a, Utils.roundToDecimals(a, 1)));

        a = 3.00001;
        assertTrue(Utils.isClose(3, Utils.roundToDecimals(a, 4)));
        assertFalse(Utils.isClose(3, Utils.roundToDecimals(a, 5)));

        a = 3.14723;
        assertTrue(Utils.isClose(3.14, Utils.roundToDecimals(a, 2)));
        assertFalse(Utils.isClose(3.14, Utils.roundToDecimals(a, 3)));

        assertTrue(Utils.isClose(a, Utils.roundToDecimals(a, 8)));

        thrown.expect(IllegalArgumentException.class);
        Utils.roundToDecimals(a, -1);
        Utils.roundToDecimals(a, 9);
    }",3
(boolean excludeOutOfRangeValues),"public class SetExcludeOutOfRangeValues {
public void setExcludeOutOfRangeValues(boolean excludeOutOfRangeValues) {
    }
}","@Test
    public void testSetExcludeOutOfRangeValues() {
        System.out.println(""setExcludeOutOfRangeValues"");
        boolean excludeOutOfRangeValues = false;
        AbstractGraphRow instance = new AbstractGraphRowImpl();
        instance.setExcludeOutOfRangeValues(excludeOutOfRangeValues);
    }",1
(long value),"public class GetHigherKey {
public Long getHigherKey(long value) {
        throw new UnsupportedOperationException();
    }
}","@Test
    public void testGetHigherKey() {
        System.out.println(""getHigherKey"");
        long value = 0L;
        AbstractGraphRow instance = new AbstractGraphRowImpl();
        Long expResult = null;
        try {
            Long result = instance.getHigherKey(value);
            Assert.fail(""Exception expected"");
        } catch (UnsupportedOperationException e) {
        }
    }",1
(int limit),"public class IsPointRepresentative {
public boolean isPointRepresentative(int limit) {
        return true;
    }
}","@Test
    public void testIsPointRepresentative() {
        System.out.println(""isPointRepresentative"");
        int limit = 10;
        AbstractGraphPanelChartElement instance = new AbstractGraphPanelChartElementImpl();
        boolean expResult = true;
        boolean result = instance.isPointRepresentative(limit);
        Assert.assertEquals(expResult, result);
    }",1
(int bits),"public class DLat {
protected static final double dLat(int bits) {
        return 180d / Math.pow(2, bits / 2);
    }
}","@Test
    public void testDLat() {
        assertDLatIs(180d, 0);
        assertDLatIs(180d, 1);
        assertDLatIs(90d, 2);
        assertDLatIs(0.3515625, 18);
        assertDLatIs(0.3515625, 19);
    }",1
(int bits),"public class DLon {
protected static final double dLon(int bits) {
        return 360d / Math.pow(2, (bits + 1) / 2);
    }
}","@Test
    public void testDLon() {
        assertDLonIs(360, 0);
        assertDLonIs(180, 1);
        assertDLonIs(0.0439453125, 25);
        assertDLonIs(0.0439453125, 26);
    }",1
(int value),"public class PreviousPowerOfTwo {
public static int previousPowerOfTwo(int value) {
		final int power = (int)(Math.log(value) / Math.log(2));
		return (int) Math.pow(2, power);
	}
}","@Test
	public void testPreviousPowerOfTwo() {
		for(int power = 16; power > 0; power--) {
			for(int i = (int) Math.pow(2, power) - 1; i >= (int) Math.pow(2, power - 1); i--) {
				Assert.assertEquals((int) Math.pow(2, power - 1), PowerOfTwo.previousPowerOfTwo(i));
			}
		}
		Assert.assertEquals(1, PowerOfTwo.previousPowerOfTwo(1));
	}",1
(int x),"public class Fls {
static int fls(int x) {
        if (x == 0) return 0;

        int r = 32;
        if ((x & 0xffff0000L) == 0) {
            x <<= 16;
            r -= 16;
        }
        if ((x & 0xff000000L) == 0) {
            x <<= 8;
            r -= 8;
        }
        if ((x & 0xf0000000L) == 0) {
            x <<= 4;
            r -= 4;
        }
        if ((x & 0xc0000000L) == 0) {
            x <<= 2;
            r -= 2;
        }
        if ((x & 0x80000000L) == 0) {
            r -= 1;
        }
        return r;
    }
}","@Test
    public void fls() throws Exception {
        assertThat(DvbMath.fls(1), is(1));
        assertThat(DvbMath.fls(0), is(0));
        assertThat(DvbMath.fls(0x80000000), is(32));
    }",7
"(int hash, int size)","public class Mod {
public static int mod(int hash, int size) {
        if (hash < 0) {
            return -hash % size;
        } else {
            return hash % size;
        }
    }
}","@Test
    public void testMod() {
        assertEquals(1, Utils.mod(6, 5));
        assertEquals(1, Utils.mod(-6, 5));
    }",2
(double n),"public class Aint {
public static double aint(double n) {
        return (n >= 0 ? Math.floor(n) : Math.ceil(n));
    }
}","@Test
    public void testAint() {
        assertEquals(3d, Fortran.aint(3.6d), DELTA);
        assertEquals(3d, Fortran.aint(3.4d), DELTA);

        assertEquals(-3d, Fortran.aint(-3.6d), DELTA);
        assertEquals(-3d, Fortran.aint(-3.4d), DELTA);

        assertEquals(3f, Fortran.aint(3.6f), DELTA);
        assertEquals(3f, Fortran.aint(3.4f), DELTA);

        assertEquals(-3f, Fortran.aint(-3.6f), DELTA);
        assertEquals(-3f, Fortran.aint(-3.4f), DELTA);
    }",1
(double n),"public class Anint {
public static double anint(double n) {
        if (n > 0)
            return Math.floor(n + 0.5);
        else if (n < 0)
            return Math.ceil(n - 0.5);
        else
            return 0;
    }
}","@Test
    public void testAnint() {
        assertEquals(4d, Fortran.anint(3.6d), DELTA);
        assertEquals(4d, Fortran.anint(3.5d), DELTA);
        assertEquals(3d, Fortran.anint(3.4d), DELTA);

        assertEquals(-4d, Fortran.anint(-3.6d), DELTA);
        assertEquals(-4d, Fortran.anint(-3.5d), DELTA);
        assertEquals(-3d, Fortran.anint(-3.4d), DELTA);

        assertEquals(4f, Fortran.anint(3.6f), DELTA);
        assertEquals(4f, Fortran.anint(3.5f), DELTA);
        assertEquals(3f, Fortran.anint(3.4f), DELTA);

        assertEquals(-4f, Fortran.anint(-3.6f), DELTA);
        assertEquals(-4f, Fortran.anint(-3.5f), DELTA);
        assertEquals(-3f, Fortran.anint(-3.4f), DELTA);
    }",3
"(double start, double end)","public class DistanceDegrees {
public static double distanceDegrees(double start, double end) {
        double dist = end - start;

        if (dist > 180)
            dist -= 360;
        else if (dist <= -180)
            dist += 360;

        return dist;
    }
}","@Test
    public void testDistanceDegrees() {
        for (double a = 0; a < 360; a++)
            for (double b = 0; b < 360; b++) {
                double dist = Angle.distanceDegrees(a, b);
                assertTrue(-180 < dist && dist <= 180);
                assertEquals(b, Angle.normalizeDegrees(a + dist), DELTA);
            }
    }",3
(double degrees),"public class NormalizeDegrees {
public static double normalizeDegrees(double degrees) {
        degrees %= 360;
        if (degrees < 0) degrees += 360;
        return degrees;
    }
}","@Test
    public void testNormalizeDegrees() {
        assertEquals(0, Angle.normalizeDegrees(0), DELTA);
        assertEquals(0.4, Angle.normalizeDegrees(0.4), DELTA);
        assertEquals(359.6, Angle.normalizeDegrees(-0.4), DELTA);

        assertEquals(0, Angle.normalizeDegrees(360), DELTA);
        assertEquals(0.4, Angle.normalizeDegrees(360.4), DELTA);
        assertEquals(359.4, Angle.normalizeDegrees(-0.6), DELTA);

        assertEquals(180, Angle.normalizeDegrees(180), DELTA);
        assertEquals(180, Angle.normalizeDegrees(540), DELTA);
        assertEquals(180, Angle.normalizeDegrees(-180), DELTA);
        assertEquals(180, Angle.normalizeDegrees(-540), DELTA);
    }",2
(double radians),"public class NormalizeRadians {
public static double normalizeRadians(double radians) {
        radians %= 2 * Math.PI;
        if (radians < 0) radians += 2 * Math.PI;
        return radians;
    }
}","@Test
    public void testNormalizeRadians() {
        assertEquals(0, Angle.normalizeRadians(0), DELTA);
        assertEquals(0.4, Angle.normalizeRadians(0.4), DELTA);
        assertEquals(2 * Math.PI - 0.4, Angle.normalizeRadians(-0.4), DELTA);

        assertEquals(0, Angle.normalizeRadians(2 * Math.PI), DELTA);
        assertEquals(0.4, Angle.normalizeRadians(2 * Math.PI + 0.4), DELTA);
        assertEquals(2 * Math.PI - 0.6, Angle.normalizeRadians(-0.6), DELTA);

        assertEquals(Math.PI, Angle.normalizeRadians(Math.PI), DELTA);
        assertEquals(Math.PI, Angle.normalizeRadians(3 * Math.PI), DELTA);
        assertEquals(Math.PI, Angle.normalizeRadians(-Math.PI), DELTA);
        assertEquals(Math.PI, Angle.normalizeRadians(-3 * Math.PI), DELTA);
    }",2
"(double start, double end)","public class DistanceRadians {
public static double distanceRadians(double start, double end) {
        double dist = end - start;

        if (dist > Math.PI)
            dist -= 2 * Math.PI;
        else if (dist <= -Math.PI)
            dist += 2 * Math.PI;

        return dist;
    }
}","@Test
    public void testDistanceRadians() {
        for (double a = 0; a < 2 * Math.PI; a += Angle.DEGREES_TO_RADIANS)
            for (double b = 0; b < 2 * Math.PI; b += Angle.DEGREES_TO_RADIANS) {
                double dist = Angle.distanceRadians(a, b);
                assertTrue(-Math.PI < dist && dist <= Math.PI);
                assertEquals(b, Angle.normalizeRadians(a + dist), Angle.DEGREES_TO_RADIANS / 2);
            }
    }",3
(int candidate),"public class IsPrime {
public static boolean isPrime(int candidate) {
        if (candidate <= 0)
            throw new IllegalArgumentException(""candidate <= 0"");

        if ((candidate & 1) == 0)
            return (candidate == 2);

        final int root = (int) Math.sqrt(candidate);
        for (int i = 3; i <= root; i += 2)
            if ((candidate % i) == 0)
                return false;

        return true;
    }
}","@Test
    public void testIsPrime() {
        assertTrue(MathUtils.isPrime(1));
        assertTrue(MathUtils.isPrime(2));
        assertTrue(MathUtils.isPrime(3));
        assertTrue(MathUtils.isPrime(3559));

        assertFalse(MathUtils.isPrime(4));
        assertFalse(MathUtils.isPrime(3561));

        try {
            MathUtils.isPrime(0);
            fail(""expected IllegalArgumentException"");
        } catch (IllegalArgumentException e) { }

        try {
            MathUtils.isPrime(-1);
            fail(""expected IllegalArgumentException"");
        } catch (IllegalArgumentException e) { }
    }",5
(double value),"public class ToLongExact {
public static long toLongExact(double value) {
        if (value < Long.MIN_VALUE || value > Long.MAX_VALUE)
            throw new ArithmeticException(""value <> Long: "" + value);

        return (long) value;
    }
}","@Test
    public void testToLongExact() {
        try {
            MathUtils.toLongExact(2.0 * Long.MAX_VALUE);
            fail(""expected ArithmeticException"");
        } catch (ArithmeticException e) { }
        try {
            MathUtils.toLongExact(2.0 * Long.MIN_VALUE);
            fail(""expected ArithmeticException"");
        } catch (ArithmeticException e) { }

        try {
            MathUtils.toLongExact(2f * Long.MAX_VALUE);
            fail(""expected ArithmeticException"");
        } catch (ArithmeticException e) { }
        try {
            MathUtils.toLongExact(2f * Long.MIN_VALUE);
            fail(""expected ArithmeticException"");
        } catch (ArithmeticException e) { }
    }",3
(double value),"public class ToIntExact {
public static int toIntExact(double value) {
        if (value < Integer.MIN_VALUE || value > Integer.MAX_VALUE)
            throw new ArithmeticException(""value <> Integer: "" + value);

        return (int) value;
    }
}","@Test
    public void testToIntExact() {
        try {
            MathUtils.toIntExact(2.0 * Integer.MAX_VALUE);
            fail(""expected ArithmeticException"");
        } catch (ArithmeticException e) { }
        try {
            MathUtils.toIntExact(2.0 * Integer.MIN_VALUE);
            fail(""expected ArithmeticException"");
        } catch (ArithmeticException e) { }

        try {
            MathUtils.toIntExact(2f * Integer.MAX_VALUE);
            fail(""expected ArithmeticException"");
        } catch (ArithmeticException e) { }
        try {
            MathUtils.toIntExact(2f * Integer.MIN_VALUE);
            fail(""expected ArithmeticException"");
        } catch (ArithmeticException e) { }
    }",3
"(double a, double min, double max)","public class Restrict {
public static double restrict(double a, double min, double max) {
        return (a < min ? min : (a > max ? max : a));
    }
}","@Test
    public void testRestrict() {
        assertEquals(0.0, MathUtils.restrict(0.0, -10.0, +10.0), Double.MIN_NORMAL);
        assertEquals(-10.0, MathUtils.restrict(-20.0, -10.0, +10.0), Double.MIN_NORMAL);
        assertEquals(+10.0, MathUtils.restrict(+20.0, -10.0, +10.0), Double.MIN_NORMAL);

        assertEquals(0f, MathUtils.restrict(0f, -10f, +10f), Float.MIN_NORMAL);
        assertEquals(-10f, MathUtils.restrict(-20f, -10f, +10f), Float.MIN_NORMAL);
        assertEquals(+10f, MathUtils.restrict(+20f, -10f, +10f), Float.MIN_NORMAL);

        assertEquals((short) 0, MathUtils.restrict((short) 0, (short) -10, (short) +10));
        assertEquals((short) -10, MathUtils.restrict((short) -20, (short) -10, (short) +10));
        assertEquals((short) +10, MathUtils.restrict((short) +20, (short) -10, (short) +10));

        assertEquals(0, MathUtils.restrict(0, -10, +10));
        assertEquals(-10, MathUtils.restrict(-20, -10, +10));
        assertEquals(+10, MathUtils.restrict(+20, -10, +10));

        assertEquals(0L, MathUtils.restrict(0L, -10L, +10L));
        assertEquals(-10L, MathUtils.restrict(-20L, -10L, +10L));
        assertEquals(+10L, MathUtils.restrict(+20L, -10L, +10L));
    }",1
"(int a, int b)","public class Plus {
public int plus(int a, int b) {
        int c = a + b;
        return 10000 + c;
    }
}","@Test
    public void testPlus01() {
        Assert.assertEquals(10003, bbb.plus(1, 2));
    }",1
"(int year, int month, int day)","public class YmdToJulian {
public static int ymdToJulian(int year, int month, int day) {
    int a = (14 - month) / 12;
    int y = year + 4800 - a;
    int m = month + 12 * a - 3;
    return day + (153 * m + 2) / 5
        + 365 * y
        + y / 4
        - y / 100
        + y / 400
        - 32045;
  }
}","@Test public void testYmdToJulian() {
    // All checked using http://aa.usno.navy.mil/data/docs/JulianDate.php.
    // We round up - if JulianDate.php gives 2451544.5, we use 2451545.
    assertThat(ymdToJulian(2014, 4, 3), is(2456751));

    // 2000 is a leap year
    assertThat(ymdToJulian(2000, 1, 1), is(2451545));
    assertThat(ymdToJulian(2000, 2, 28), is(2451603));
    assertThat(ymdToJulian(2000, 2, 29), is(2451604));
    assertThat(ymdToJulian(2000, 3, 1), is(2451605));

    assertThat(ymdToJulian(1970, 1, 1), is(2440588));
    assertThat(ymdToJulian(1970, 1, 1), is(EPOCH_JULIAN));
    assertThat(ymdToJulian(1901, 1, 1), is(2415386));

    // 1900 is not a leap year
    assertThat(ymdToJulian(1900, 10, 17), is(2415310));
    assertThat(ymdToJulian(1900, 3, 1), is(2415080));
    assertThat(ymdToJulian(1900, 2, 28), is(2415079));
    assertThat(ymdToJulian(1900, 2, 1), is(2415052));
    assertThat(ymdToJulian(1900, 1, 1), is(2415021));

    assertThat(ymdToJulian(1777, 7, 4), is(2370281));

    // 2016 is a leap year
    assertThat(ymdToJulian(2016, 2, 28), is(2457447));
    assertThat(ymdToJulian(2016, 2, 29), is(2457448));
    assertThat(ymdToJulian(2016, 3, 1), is(2457449));
  }",1
(int i),"public class NextArraySize {
public static int nextArraySize(int i) {
    if (i < 0) {
      throw new IllegalArgumentException();
    }

    if (i > (1 << 30)) {
      return Integer.MAX_VALUE; // this is the next power of 2 minus one... a special case
    }

    if (i == 0) {
      return 1;
    }

    // round up to next power of two
    int ret = i;
    ret--;
    ret |= ret >> 1;
    ret |= ret >> 2;
    ret |= ret >> 4;
    ret |= ret >> 8;
    ret |= ret >> 16;
    ret++;

    return ret;
  }
}","@Test public void testArrayResizing() {
    int size = 64;
    int expected = 128;
    for (int i = 0; i < 10; i++) {
      // We keep being one byte short to contain this message
      int next = UnsynchronizedBuffer.nextArraySize(size + 1);
      assertEquals(expected, next);
      size = next;
      expected *= 2;
    }
  }",4
(int v),"public class DigitCount {
public static int digitCount(int v) {
    for (int n = 1;; n++) {
      v /= 10;
      if (v == 0) {
        return n;
      }
    }
  }
}","@Test public void testEasyLog10() {
    assertEquals(1, digitCount(0));
    assertEquals(1, digitCount(1));
    assertEquals(1, digitCount(9));
    assertEquals(2, digitCount(10));
    assertEquals(2, digitCount(11));
    assertEquals(2, digitCount(99));
    assertEquals(3, digitCount(100));
  }",3
"(long x, long y)","public class FloorDiv {
public static long floorDiv(long x, long y) {
    long r = x / y;
    // if the signs are different and modulo not zero, round down
    if ((x ^ y) < 0 && (r * y != x)) {
      r--;
    }
    return r;
  }
}","@Test public void testFloorDiv() {
    assertThat(floorDiv(13, 3), equalTo(4L));
    assertThat(floorDiv(12, 3), equalTo(4L));
    assertThat(floorDiv(11, 3), equalTo(3L));
    assertThat(floorDiv(-13, 3), equalTo(-5L));
    assertThat(floorDiv(-12, 3), equalTo(-4L));
    assertThat(floorDiv(-11, 3), equalTo(-4L));
    assertThat(floorDiv(0, 3), equalTo(0L));
    assertThat(floorDiv(1, 3), equalTo(0L));
    assertThat(floorDiv(-1, 3), is(-1L));
  }",3
"(boolean a, boolean b, double epsilon)","public class EpsilonEqualsBoolean {
public static boolean epsilonEqualsBoolean(boolean a, boolean b, double epsilon)
   {
      return a == b;
   }
}","@Test// timeout = 30000
   public void testEpsilonEqualsBoolean()
   {
      assertTrue(""Booleans not equal"", IDLTools.epsilonEqualsBoolean(true, true, 0.0));
      assertTrue(""Booleans not equal"", IDLTools.epsilonEqualsBoolean(false, false, 0.0));
      assertFalse(""Booleans equal"", IDLTools.epsilonEqualsBoolean(true, false, 0.0));
   }",1
(int num),"public class LoopOne {
static int loopOne(int num) {
    if (num <= 0) {
      return 0;
    }
    if (num == 1) {
      return 1;
    }

    int pre = 1;
    int cur = 1;

    for (int i = 0; i < num - 2; i++) {
      int temp = pre;
      pre = cur;
      cur = temp + cur;
    }

    return cur;
  }
}","@Test
  public void testLoopOne() {
    general(Fibonacci::loopOne, 10);
  }",4
(int num),"public class RecursiveOne {
static int recursiveOne(int num) {
//    System.out.println(""run"");
    if (num < 0) {
      return 0;
    }

    if (num == 1) {
      return 1;
    }

    return recursiveOne(num - 1) + recursiveOne(num - 2);
  }
}","@Test
  public void testRecursiveOne() throws Exception {
    general(Fibonacci::recursiveOne, 100);
  }",3
(int num),"public class GeneralTermFormula {
static int generalTermFormula(int num) {
    double temp = Math.sqrt(5);
    return (int) (1 / temp * (Math.pow((1 + temp) / 2, num) - Math.pow((1 - temp) / 2, num)));
  }
}","@Test
  public void testGeneralTermFormula() {
    general(Fibonacci::generalTermFormula, 10);
  }",1
"(int firstOperand, double secondOperand)","public class Add {
public static double add(int firstOperand, double secondOperand) {
        return firstOperand + secondOperand;
    }
}","@Test
    public void add() throws Exception {
        assertThat(Calculator.add(1, 2)).isEqualTo(3);
    }",1
(byte n),"public class CountTrailingZeros {
static int countTrailingZeros(byte n) {
		for (int i = 0; i != 8; ++i) {
			if (((n >> i) & 0x01) > 0) {
				return i;
			}
		}
		return 8;
	}
}","@Test
	public void testCountTrailingZeros() {
		assertEquals(8, NumberTheory.countTrailingZeros((byte) 0b0));
		assertEquals(0, NumberTheory.countTrailingZeros((byte) 0b1));
		assertEquals(1, NumberTheory.countTrailingZeros((byte) 0b11111110));
		assertEquals(6, NumberTheory.countTrailingZeros((byte) 0b11000000));
		assertEquals(4, NumberTheory.countTrailingZeros((byte) 0b00010000));
		assertEquals(1, NumberTheory.countTrailingZeros((byte) 0b10101010));
	}",3
(char c),"public class Is_space {
public static boolean is_space(char c) {
		if (c == ' ' || c == '\t' || c == '\n' || c == '\r') {
			return true;
		}

		return false;
	}
}","@Test
    public void testIs_space() {
        System.out.println(""is_space"");

        assertTrue(StringUtils.is_space(' '));
        assertTrue(StringUtils.is_space('\t'));
        assertTrue(StringUtils.is_space('\r'));
        assertTrue(StringUtils.is_space('\n'));
        assertFalse(StringUtils.is_space('\0'));
        assertFalse(StringUtils.is_space('x'));
    }",5
(long timeMs),"public class GetHH_MM_Remain {
public static String getHH_MM_Remain(long timeMs) {
        int totalMinutes = (int) (timeMs / 1000 / 60);
        int minutes = totalMinutes % 60;
        int hours = totalMinutes / 60;
        String str_hour = hours > 9 ? """" + hours : ""0"" + hours;
        String str_minute = minutes > 9 ? """" + minutes : ""0"" + minutes;
        return str_hour + "":"" + str_minute;
    }
}","@Test
    public void getHH_MM_Remain() throws Exception {

    }",1
"(int num, int base)","public class GetSum {
public static int getSum(int num, int base) {
        float ret = (float) num / base;
        int count = num / base;
        if (ret > count) {
            return count + 1;
        }
        return 0;
    }
}","@Test
    public void testUrl() {
        long time = 1499670801000l;
        SimpleDateFormat format = new SimpleDateFormat(""yyyyMMDD HH:mm:ss"", Locale.getDefault());
        format.setTimeZone(TimeZone.getTimeZone(""GMT+8:00""));
        System.out.println(format.format(new Date(time)));
        format.setTimeZone(TimeZone.getTimeZone(""GMT+0:00""));
        System.out.println(format.format(new Date(time)));

        System.out.println(MiscUtils.getSum(100, 200));
        System.out.println(MiscUtils.getSum(199, 200));
        System.out.println(MiscUtils.getSum(200, 200));
        System.out.println(MiscUtils.getSum(201, 200));
    }",2
"(int v1, int v2)","public class Compare {
public static int compare(int v1, int v2) {
        return v1 < v2 ? -1 : (v1 > v2 ? 1 : 0);
    }
}","@Test
    public void compare() {
        assertEquals(-1, ObjectHelper.compare(0, 2));
        assertEquals(0, ObjectHelper.compare(0, 0));
        assertEquals(1, ObjectHelper.compare(2, 0));
    }",1
"(long a, long b)","public class AddCap {
public static long addCap(long a, long b) {
        long u = a + b;
        if (u < 0L) {
            return Long.MAX_VALUE;
        }
        return u;
    }
}","@Test
    public void testAddCap() {
        assertEquals(2L, BackpressureHelper.addCap(1, 1));
        assertEquals(Long.MAX_VALUE, BackpressureHelper.addCap(1, Long.MAX_VALUE - 1));
        assertEquals(Long.MAX_VALUE, BackpressureHelper.addCap(1, Long.MAX_VALUE));
        assertEquals(Long.MAX_VALUE, BackpressureHelper.addCap(Long.MAX_VALUE - 1, Long.MAX_VALUE - 1));
        assertEquals(Long.MAX_VALUE, BackpressureHelper.addCap(Long.MAX_VALUE, Long.MAX_VALUE));
    }",2
"(int x, int inMin, int inMax, int outMin, int outMax)","public class Map {
public int map(int x, int inMin, int inMax, int outMin, int outMax) {
    return (x - inMin) * (outMax - outMin) / (inMax - inMin) + outMin;
  }
}","@Test
  public void map() throws Exception {
    PCA9685Servo device = new PCA9685Servo((byte)0x40, peripheralManagerServiceMock);

    assertEquals(20,device.map(0,10,20,30,40));
    assertEquals(21,device.map(1,10,20,30,40));
    assertEquals(22,device.map(2,10,20,30,40));
    assertEquals(23,device.map(3,10,20,30,40));
    assertEquals(24,device.map(4,10,20,30,40));
    assertEquals(25,device.map(5,10,20,30,40));
    assertEquals(26,device.map(6,10,20,30,40));
    assertEquals(27,device.map(7,10,20,30,40));
    assertEquals(28,device.map(8,10,20,30,40));
    assertEquals(29,device.map(9,10,20,30,40));


  }",1
(char ch),"public class FromHexChar {
public static int fromHexChar(char ch) {
        if ('0' <= ch && ch <= '9') return ch - '0';
        if ('A' <= ch && ch <= 'F') return ch - 'A' + 10;
        return -1;
    }
}","@Test
    public void testFromHexChar() {
        assertEquals(0, fromHexChar('0'));
        assertEquals(5, fromHexChar('5'));
        assertEquals(9, fromHexChar('9'));
        assertEquals(0xA, fromHexChar('A'));
        assertEquals(0xD, fromHexChar('D'));
        assertEquals(0xF, fromHexChar('F'));
        assertEquals(-1, fromHexChar('_'));
    }",5
"(int a, int b)","public class Sum {
public static int sum(int a, int b) {
        return a * b;
    }
}","@Test 
    public void testSum() {
        assertEquals(11, Arithmetic.sum(5, 6));
        assertEquals(-1, Arithmetic.sum(5, -6));
        assertEquals(-6, Arithmetic.sum(0, -6));
        assertEquals(0, Arithmetic.sum(6, -6));
    }",1
"(int a, int b)","public class Product {
public static int product(int a, int b) {
        return a * b;
    }
}","@Test 
    public void testProduct() {
        /* assertEquals for comparison of ints takes two arguments:
        assertEquals(expected, actual).
        
        If the two arguments are not equal, then the assertion will be false, 
        and this test will fail.
        */

        assertEquals(30, Arithmetic.product(5, 6));
        assertEquals(-30, Arithmetic.product(5, -6));
        assertEquals(0, Arithmetic.product(0, -6));
    }",1
(long id),"public class ExtractShardId {
public static byte extractShardId(long id) {
    return (byte) ((id >>> 56) & 0x7fL);
  }
}","@Test
  public void testExtractShardId() {
    long id = IdentityGenerator.doGenerate(SHARD_ID, TIME_DIFF, 10);
    byte shardId = IdentityGenerator.extractShardId(id);
    assertEquals(SHARD_ID, shardId);
  }",1
"(int a, int b)","public class Max {
public static int max(int a, int b) {
    return (a>=b)?a:b;
  }
}","@Test void testMax() {
    assertEq(4,max(1,3,4,2));
    assertEq(4L,max(1L,3L,4L,2L));
    assertEq(4.0f,max(1.0f,3.0f,4.0f,2.0f));
    assertEq(4.0d,max(1.0d,3.0d,4.0d,2.0d));

    assertEq(4,max(1,3,4));
    assertEq(4L,max(1L,3L,4L));
    assertEq(4.0f,max(1.0f,3.0f,4.0f));
    assertEq(4.0d,max(1.0d,3.0d,4.0d));
  }",1
(int x),"public class Abs {
public static int abs(int x) {
    return (x>=0)?x:-x;
  }
}","@Test
  public void testAbs() {
    assertEq(2,abs(2));
    assertEq(2L,abs(2L));
    assertEq(2.0f,abs(2.0f));
    assertEq(2.0d,abs(2.0d));

    assertEq(2,abs(-2));
    assertEq(2L,abs(-2L));
    assertEq(2.0f,abs(-2.0f));
    assertEq(2.0d,abs(-2.0d));

    assertEquals(0, Float.floatToIntBits(abs(0.0f)));
    assertEquals(0, Double.doubleToLongBits(abs(0.0d)));

    assertEqual(    rampfloat(0, 4,5),
                abs(rampfloat(0,-4,5)));
    assertEqual(    rampfloat(0, 4, 4,5,5),
                abs(rampfloat(0,-4,-4,5,5)));
    assertEqual(    rampfloat(0, 4, 4, 4,5,5,5),
                abs(rampfloat(0,-4,-4,-4,5,5,5)));

    assertEqual(    rampdouble(0, 4,5),
                abs(rampdouble(0,-4,5)));
    assertEqual(    rampdouble(0, 4, 4,5,5),
                abs(rampdouble(0,-4,-4,5,5)));
    assertEqual(    rampdouble(0, 4, 4, 4,5,5,5),
                abs(rampdouble(0,-4,-4,-4,5,5,5)));

    Cfloat  f0 = new Cfloat( 0);  Cfloat  f4 = new Cfloat(-4);
    Cdouble d0 = new Cdouble( 0); Cdouble d4 = new Cdouble(-4);

    float[]     f1 = zerofloat(5);
    float[][]   f2 = zerofloat(5,5);
    float[][][] f3 = zerofloat(5,5,5);

    double[]     d1 = zerodouble(5);
    double[][]   d2 = zerodouble(5,5);
    double[][][] d3 = zerodouble(5,5,5);

    float[]     cf1 = crampfloat(f0,f4,5);
    float[][]   cf2 = crampfloat(f0,f4,f4,5,5);
    float[][][] cf3 = crampfloat(f0,f4,f4,f4,5,5,5);

    double[]     cd1 = crampdouble(d0,d4,5);
    double[][]   cd2 = crampdouble(d0,d4,d4,5,5);
    double[][][] cd3 = crampdouble(d0,d4,d4,d4,5,5,5);

    cabs(cf1,f1); cabs(cf2,f2); cabs(cf3,f3);
    cabs(cd1,d1); cabs(cd2,d2); cabs(cd3,d3);

    assertEqual(rampfloat(0,4,5),        f1);
    assertEqual(rampfloat(0,4,4,5,5),    f2);
    assertEqual(rampfloat(0,4,4,4,5,5,5),f3);

    assertEqual(f1,cabs(cf1));
    assertEqual(f2,cabs(cf2));
    assertEqual(f3,cabs(cf3));

    assertEqual(rampdouble(0,4,5),        d1);
    assertEqual(rampdouble(0,4,4,5,5),    d2);
    assertEqual(rampdouble(0,4,4,4,5,5,5),d3);

    assertEqual(d1,cabs(cd1));
    assertEqual(d2,cabs(cd2));
    assertEqual(d3,cabs(cd3));

  }",1
"(double x, double y)","public class Hypot {
public static double hypot(double x, double y) {
    return Math.hypot(x,y);
  }
}","@Test
  public void testHypotenuse() {
    assertEq(5.0, hypot(3.0, 4.0));
    assertEq(5.0f, hypot(3.0f, 4.0f));
  }",1
(double x),"public class Expm1 {
public static double expm1(double x) {
    return Math.expm1(x);
  }
}","@Test
  public void testExponentialMinusOne() {
    assertEq(22025.46579480, expm1(10.0));
    assertEq(22025.46579480f, expm1(10.0f));
  }",1
"(double f1, double f2)","public class IEEEremainder {
public static double IEEEremainder(double f1, double f2) {
    return Math.IEEEremainder(f1,f2);
  }
}","@Test
  public void testIEEERemainder() {
    assertEq(-1.0d, IEEEremainder(3.0d,2.0d));
    assertEq(-1.0f, IEEEremainder(3.0f,2.0f));
  }",1
(double a),"public class Cbrt {
public static double cbrt(double a) {
    return Math.cbrt(a);
  }
}","@Test
  public void testCubicRoot() {
    assertEq(2.0, cbrt(8.0));
    assertEq(2.0f, cbrt(8.0f));
  }",1
(double x),"public class Log1p {
public static double log1p(double x) {
    return Math.log1p(x);
  }
}","@Test
  public void testLnPlusOne() {
    assertEq(2.39789527279837 , log1p(10.0 ));
    assertEq(2.39789527279837f, log1p(10.0f));
  }",1
"(int a, int b)","public class Min {
public static int min(int a, int b) {
    return (a<=b)?a:b;
  }
}","@Test
  public void testMin() {
    assertEq(1,min(3,1,4,2));
    assertEq(1L,min(3L,1L,4L,2L));
    assertEq(1.0f,min(3.0f,1.0f,4.0f,2.0f));
    assertEq(1.0d,min(3.0d,1.0d,4.0d,2.0d));

    assertEq(1,min(3,1,4));
    assertEq(1L,min(3L,1L,4L));
    assertEq(1.0f,min(3.0f,1.0f,4.0f));
    assertEq(1.0d,min(3.0d,1.0d,4.0d));
  }",1
(double d),"public class Ulp {
public static double ulp(double d) {
    return Math.ulp(d);
  }
}","@Test
  public void testUlp() {
    assertEq(FLT_EPSILON, ulp(1.2345f));
    assertEq(DBL_EPSILON, ulp(1.2345));
  }",1
(int number),"public class SignificantBitCount {
public static int significantBitCount(int number) {
        int result = 0;
        while (number > 0) {
            result++;
            number >>= 1;
        }
        return result;
    }
}","@Test
    public void significantBitCount() {
        Assert.assertEquals(0, Utils.significantBitCount(0b0));
        Assert.assertEquals(1, Utils.significantBitCount(0b1));
        Assert.assertEquals(2, Utils.significantBitCount(0b10));
        Assert.assertEquals(2, Utils.significantBitCount(0b11));
        Assert.assertEquals(3, Utils.significantBitCount(0b111));
        Assert.assertEquals(3, Utils.significantBitCount(0b100));
        Assert.assertEquals(3, Utils.significantBitCount(0b101));
        Assert.assertEquals(13, Utils.significantBitCount(0b1000111000101));
        Assert.assertEquals(9, Utils.significantBitCount(0b000111000101));
    }",2
(long nanoseconds),"public class FormatNanosecondsToSeconds {
public static String formatNanosecondsToSeconds(long nanoseconds) {
        return String.format(""%.6f"", nanoseconds / 1_000_000_000.0);
    }
}","@Test
    public void formatNanosecondsToSeconds() {
        Assert.assertEquals(""1.234568"", FormatUtils.formatNanosecondsToSeconds(1_234_567_890L));
        Assert.assertEquals(""1234.567890"", FormatUtils.formatNanosecondsToSeconds(1_234_567_890_123L));
        Assert.assertEquals(""1234567.890123"", FormatUtils.formatNanosecondsToSeconds(1_234_567_890_123_000L));
        Assert.assertEquals(""0.000000"", FormatUtils.formatNanosecondsToSeconds(0L));
        Assert.assertEquals(""0.000001"", FormatUtils.formatNanosecondsToSeconds(1_234L));
    }",1
"(int x[], int c[])","public class NextLexicographicElement {
public static boolean nextLexicographicElement(int x[], int c[]) {
		assert(x.length == c.length);
		final int l = x.length;
		if (l < 1) {
			return false;
		}
		
		// iterate over the elements starting at the end, until we find an element that can be incremented.
		for (int i = l - 1; i >= 0; --i) {
			++x[i];
			if (x[i] == c[i]) {
				x[i] = 0;
			} else {
				return true; // greater permutation found
			}
		}
		return false; // no greater permutation found (and array reset to {0, ...})
	}
}","@Test
	public void testNextLexicographicElement() {
		int c[] = new int[] {1, 2, 3, 1};
		int x[] = new int[] {0, 0, 0, 0};
		
		assertTrue(CollectionUtil.nextLexicographicElement(x, c));
		assertArrayEquals(new int[] {0, 0, 1, 0}, x);
		assertTrue(CollectionUtil.nextLexicographicElement(x, c));
		assertArrayEquals(new int[] {0, 0, 2, 0}, x);
		assertTrue(CollectionUtil.nextLexicographicElement(x, c));
		assertArrayEquals(new int[] {0, 1, 0, 0}, x);
		assertTrue(CollectionUtil.nextLexicographicElement(x, c));
		assertArrayEquals(new int[] {0, 1, 1, 0}, x);
		assertTrue(CollectionUtil.nextLexicographicElement(x, c));
		assertArrayEquals(new int[] {0, 1, 2, 0}, x);
		assertFalse(CollectionUtil.nextLexicographicElement(x, c));
		assertArrayEquals(new int[] {0, 0, 0, 0}, x);
		
		assertFalse(CollectionUtil.nextLexicographicElement(new int[] { 0 }, new int[] { 1 }));
		assertTrue(CollectionUtil.nextLexicographicElement(new int[] { 0 }, new int[] { 2 }));
	}",4
(long bytes),"public class HumanReadableBytes {
public static String humanReadableBytes(long bytes) {
    int unit = 1024;
    if (bytes < unit) {
      return String.valueOf(bytes);
    }
    int exp = (int) (Math.log(bytes) / Math.log(unit));
    char pre = ""KMGTPE"".charAt(exp - 1);
    return String.format(""%.3f%c"", bytes / Math.pow(unit, exp), pre);
  }
}","@Test
  public void humanReadableBytes() {
    Assert.assertEquals(""0"", NetUtils.humanReadableBytes(0L));
    Assert.assertEquals(""1"", NetUtils.humanReadableBytes(1L));
    Assert.assertEquals(""1023"", NetUtils.humanReadableBytes(1023L));

    Assert.assertEquals(""1.000K"", NetUtils.humanReadableBytes(1024L));
    Assert.assertEquals(""1.001K"", NetUtils.humanReadableBytes(1025L));
    Assert.assertEquals(""1023.999K"", NetUtils.humanReadableBytes(1024L * 1024 - 1));

    Assert.assertEquals(""1.000M"", NetUtils.humanReadableBytes(1024L * 1024));
    Assert.assertEquals(""1.000M"", NetUtils.humanReadableBytes(1024L * 1024 + 1));
    Assert.assertEquals(""1.001M"", NetUtils.humanReadableBytes(1024L * 1024 + 1024));
    Assert.assertEquals(""1023.999M"", NetUtils.humanReadableBytes(1024L * 1024 * 1024 - 1024));
    Assert.assertEquals(""1024.000M"", NetUtils.humanReadableBytes(1024L * 1024 * 1024 - 1));
    Assert.assertEquals(""1.000G"", NetUtils.humanReadableBytes(1024L * 1024 * 1024));
    Assert.assertEquals(""1.000G"", NetUtils.humanReadableBytes(1024L * 1024 * 1024 + 1));
    Assert.assertEquals(""1.000G"", NetUtils.humanReadableBytes(1024L * 1024 * 1024 + 1024));
    Assert.assertEquals(""1023.999G"", NetUtils.humanReadableBytes(1024L * 1024 * 1024 * 1024 - 1024 * 1024));
    Assert.assertEquals(""1024.000G"", NetUtils.humanReadableBytes(1024L * 1024 * 1024 * 1024 - 1024));
    Assert.assertEquals(""1.000T"", NetUtils.humanReadableBytes(1024L * 1024 * 1024 * 1024));
    Assert.assertEquals(""1.001T"", NetUtils.humanReadableBytes(1024L * 1024 * 1024 * 1024 + 1024 * 1024 * 1024));
    Assert.assertEquals(""1023.999T"",
        NetUtils.humanReadableBytes(1024L * 1024 * 1024 * 1024 * 1024 - 1024L * 1024 * 1024));

    Assert.assertEquals(""1.000P"", NetUtils.humanReadableBytes(1024L * 1024 * 1024 * 1024 * 1024));
    Assert.assertEquals(""1.001P"",
        NetUtils.humanReadableBytes(1024L * 1024 * 1024 * 1024 * 1024 + 1024L * 1024 * 1024 * 1024));
    Assert.assertEquals(""1023.999P"",
        NetUtils.humanReadableBytes(1024L * 1024 * 1024 * 1024 * 1024 * 1024 - 1024L * 1024 * 1024 * 1024));

    Assert.assertEquals(""1.000E"", NetUtils.humanReadableBytes(1024L * 1024 * 1024 * 1024 * 1024 * 1024));
    Assert.assertEquals(""1.001E"",
        NetUtils.humanReadableBytes(1024L * 1024 * 1024 * 1024 * 1024 * 1024 + 1024L * 1024 * 1024 * 1024 * 1024));
    Assert.assertEquals(""8.000E"", NetUtils.humanReadableBytes(Long.MAX_VALUE));
  }",2
"(int a, int b, int c)","public class Triangle {
public static int triangle(int a, int b, int c) {
        if (a <= 0 || b <= 0 || c <= 0) {
            return 0;
        }

        // If sum of any two edges is greater than the length of the third edge
        if (a == b && b == c) {
            return 1;
        } else if (a + b > c && b + c > a && a + c > b) {
            return 2;
        }
        return 0;
    }
}","@Test
    public void testTriangle() {
        Map<int[], Integer> mapIO = new HashMap<int[], Integer>() {{
            put(new int[]{3, 3, 3}, 1);
            put(new int[]{3, 5, 4}, 2);
        }};

        for (Map.Entry<int[], Integer> io : mapIO.entrySet()) {
            int[] i = io.getKey();
            int ret = Triangle.triangle(i[0], i[1], i[2]);
            Assert.assertEquals(io.getValue().intValue(), ret);
        }
    }",9
"(long delayStartTime, long coolOffPeriod, double exponentialFactor, long repairRetriesCountSinceDelay, long repairRetriesMaxPeriod)","public class GetNextRepairTime {
public static long getNextRepairTime(long delayStartTime, long coolOffPeriod, double exponentialFactor, long repairRetriesCountSinceDelay, long repairRetriesMaxPeriod) {
		long max = Math.min(repairRetriesCountSinceDelay + 1, (long) Math.ceil((Math.log(1 + repairRetriesMaxPeriod  / coolOffPeriod) / Math.log(exponentialFactor))));
		return (long) (delayStartTime + (coolOffPeriod * (Math.pow(exponentialFactor, max) - 1)));
	}
}","@Test
	public void testExponentialDelayFunction() throws Exception {
		int coolOff = 15 * 60 * 1000;
		int exponentialFactor = 2;
		int repairRetriesCountSinceDelay = 6;
		int maxDaysRepair = 11;
		Calendar calendar_Oct05_0000_2016 = new GregorianCalendar(2016, 9, 5);
		long maxRepairRetryPeriod = maxDaysRepair * 24 * 60 * 60 * 1000; 
		
		long nextTime = BadStateProcessor.getNextRepairTime(calendar_Oct05_0000_2016.getTimeInMillis(), coolOff, exponentialFactor, repairRetriesCountSinceDelay, maxRepairRetryPeriod);
		System.out.println("" For startTime "" + calendar_Oct05_0000_2016.getTime() + "" next time : "" + new Date(nextTime));
		Calendar calendar_Oct06_074500_2016 = new GregorianCalendar(2016, 9, 6, 7, 45, 0);//Oct 06 07:45:00 2016
		Assert.assertEquals(calendar_Oct06_074500_2016.getTimeInMillis(), nextTime);

		nextTime = BadStateProcessor.getNextRepairTime(calendar_Oct05_0000_2016.getTimeInMillis(), coolOff, exponentialFactor, 10, maxRepairRetryPeriod);
		System.out.println("" For startTime "" + calendar_Oct05_0000_2016.getTime() + "" next time : "" + new Date(nextTime));
		Calendar calendar_Oct26_074500_2016 = new GregorianCalendar(2016, 9, 26, 07, 45, 0);//Oct 26 07:45:00 2016
		Assert.assertEquals(calendar_Oct26_074500_2016.getTimeInMillis(), nextTime);

		nextTime = BadStateProcessor.getNextRepairTime(calendar_Oct05_0000_2016.getTimeInMillis(), coolOff, exponentialFactor, 40, maxRepairRetryPeriod);
		System.out.println("" For startTime "" + calendar_Oct05_0000_2016.getTime() + "" next time : "" + new Date(nextTime));
		Assert.assertEquals(calendar_Oct26_074500_2016.getTimeInMillis(), nextTime);

	}",1
(long l),"public class NumberOfDigits {
static int numberOfDigits(long l) {
        if (l == 0) {
            return 1;
        }
        return ((int) Math.ceil(Math.log10(l + 0.5)));
    }
}","@Test
    public void testNumberOfDigits() {
        assertThat(FormatUtil.numberOfDigits(0)).isEqualTo(1);
        assertThat(FormatUtil.numberOfDigits(1)).isEqualTo(1);
        assertThat(FormatUtil.numberOfDigits(5)).isEqualTo(1);
        assertThat(FormatUtil.numberOfDigits(10)).isEqualTo(2);
        assertThat(FormatUtil.numberOfDigits(99)).isEqualTo(2);
        assertThat(FormatUtil.numberOfDigits(100)).isEqualTo(3);
        assertThat(FormatUtil.numberOfDigits(1000)).isEqualTo(4);
    }",2
(long numericalValue),"public class Format {
public static String format(long numericalValue) {
        // Based on http://programming.guide/java/formatting-byte-size-to-human-readable-format.html
        if (numericalValue < 1024) {
            return numericalValue + "" B"";
        }
        int exp = (int) (Math.log(numericalValue) / Math.log(1024));
        String pre = ""KMGTPE"".charAt(exp - 1) + ""i"";
        return String.format(""%.0f %sB"", numericalValue / Math.pow(1024, exp), pre);
    }
}","@Test
    public void testFormat() {
        for (int i = 0; i < formattedValues.length; i++) {
            assertThat(IECBinary.format(rawValues[i])).isEqualTo(formattedValues[i]);
        }

        assertThat(IECBinary.format(1024 + 512 - 1)).isEqualTo(""1 KiB"");
        assertThat(IECBinary.format(1024 + 512)).isEqualTo(""2 KiB"");
    }",2
(boolean showStdout),"public class GetStdoutRedirect {
protected static ProcessBuilder.Redirect getStdoutRedirect(boolean showStdout) {
        return showStdout ? ProcessBuilder.Redirect.INHERIT : ProcessBuilder.Redirect.PIPE;
    }
}","@Test
    public void getStdoutRedirect() {
        assertEquals(ProcessBuilder.Redirect.INHERIT, CommandHandlerImpl.getStdoutRedirect(true));
        assertEquals(ProcessBuilder.Redirect.PIPE, CommandHandlerImpl.getStdoutRedirect(false));
    }",1
"(int inputVal, int quantity, int yearToDate)","public class Gamma {
public int gamma(int inputVal, int quantity, int yearToDate) {
        int importantValue1 = inputVal * quantity;
        int importantValue2 = inputVal * yearToDate + 100;
        if ((yearToDate - importantValue1) > 100)
            importantValue2 -= 20;
        int importantValue3 = importantValue2 * 7;
        return importantValue3 - 2 * importantValue1;
    }
}","@Test
    public void should_get_right_gamma_given() {
        ReplaceMethodWithMethodObject replaceMethodWithMethodObject = new ReplaceMethodWithMethodObject();
        int gamma = replaceMethodWithMethodObject.gamma(10, 5, 100);
        assertEquals(7600, gamma);
    }",2
"(double mass, double height)","public class PotentialEnergy {
public double potentialEnergy(double mass, double height) {
        return mass * height * 9.81;
    }
}","@Test
    public void should_get_potential_energy() {
        EnergyCalculator energyCalculator = new EnergyCalculator();
        double potentialEnergy = energyCalculator.potentialEnergy(10, 10);
        assertTrue(potentialEnergy == 981);
    }",1
(long millis),"public class Format {
public static String format(long millis) {
    return String.format(
        ""%02d:%02d.%03ds"", millis / 60000, (millis % 60000) / 1000, (millis % 1000));
  }
}","@Test
  public void format() {
    assertEquals(""00:00.001s"", TimeFormat.format(1));
    assertEquals(""00:00.012s"", TimeFormat.format(12));
    assertEquals(""00:00.123s"", TimeFormat.format(123));
    assertEquals(""00:01.234s"", TimeFormat.format(1234));
    assertEquals(""00:12.345s"", TimeFormat.format(12345));
    assertEquals(""01:23.456s"", TimeFormat.format(60000 + 23456));
    assertEquals(""12:34.567s"", TimeFormat.format((60000 * 12) + 34567));
    assertEquals(""123:45.678s"", TimeFormat.format((60000 * 123) + 45678));
  }",1
(int number),"public class ConvertNumberToLetters {
public static String convertNumberToLetters(int number) {
        int range = 'z'-'a' + 1;

        StringBuilder sb = new StringBuilder();
        do {
            int last = number % range;
            sb.append(Character.toChars('a' + last));
            number /= range;
        } while (number != 0);

        return sb.reverse().toString();
    }
}","@Test
    public void test() {
        assertThat(FilterGenerator.convertNumberToLetters(0), is(""a""));
        assertThat(FilterGenerator.convertNumberToLetters(1), is(""b""));
        assertThat(FilterGenerator.convertNumberToLetters(26-1), is(""z""));

        assertThat(FilterGenerator.convertNumberToLetters(26), is(""ba""));
        assertThat(FilterGenerator.convertNumberToLetters(26+1), is(""bb""));
        assertThat(FilterGenerator.convertNumberToLetters(26*26-1), is(""zz""));

        assertThat(FilterGenerator.convertNumberToLetters(26*26), is(""baa""));
        assertThat(FilterGenerator.convertNumberToLetters(26*26+1), is(""bab""));
        assertThat(FilterGenerator.convertNumberToLetters(26*26*26-1), is(""zzz""));
    }",2
"(int lhs, int rhs)","public class Compare {
public static int compare(int lhs, int rhs) {
        return lhs < rhs ? -1 : (lhs == rhs ? 0 : 1);
    }
}","@Test
    public void assertIntegerCompareReturnsInt() {
        Assert.assertEquals(IntegerUtil.compare(1, 2), -1);
        Assert.assertEquals(IntegerUtil.compare(2, 2), 0);
        Assert.assertEquals(IntegerUtil.compare(3, 2), 1);
    }",1
(long value),"public class Variable {
public static String variable(long value) {
        return ""~"" + Long.toString(value);
    }
}","@Test
    public void testVariable() {
        assertEquals(""~1024"", MessageSize.variable(1024));
    }",1
(long value),"public class Fixed {
public static String fixed(long value) {
        return Long.toString(value);
    }
}","@Test
    public void testFixed() {
        assertEquals(""1024"", MessageSize.fixed(1024));
    }",1
(byte buf[]),"public class AsHexStr {
private static String asHexStr(byte buf[]) {
		StringBuffer strbuf = new StringBuffer(buf.length * 2);
		int i;

		for (i = 0; i < buf.length; i++) {
			if (((int) buf[i] & 0xff) < 0x10)
				strbuf.append(""0"");
			strbuf.append(Long.toString((int) buf[i] & 0xff, 16));
		}
		return strbuf.toString();
	}
}","@Test
    public void asHexStrTest() throws Exception {
        String message = ""This is just an example"";
        String encryptedMessage = PasswordEncrypt.encrypt(message);
        Assert.assertEquals(encryptedMessage, ""ec9634d2f7ba601f31e9b3d8c3ac03299628044355fb6e023d2c88917813fe4b"");
    }",3
