Functions,cyclomatic_complexity
"public class Acceptnumparam {

	public boolean acceptnumparam(int numParam) {
		return numParam == 1;
	}
}",1
"public class Acceptnumparam {

	public boolean acceptnumparam(int numParam) {
		return numParam == 1;
	}
}",1
"public class Acceptnumparam {

	public boolean acceptnumparam(int numParam) {
		return numParam == 1;
	}
}",1
"public class Acceptnumparam {

	public boolean acceptnumparam(int numParam) {
		return numParam == 1;
	}
}",1
"public class Acceptnumparam {

	public boolean acceptnumparam(int numParam) {
		return numParam == 1;
	}
}",1
"public class Acceptnumparam {

	public boolean acceptnumparam(int numParam) {
		return numParam == 1;
	}
}",1
"public class Acceptnumparam {

	public boolean acceptnumparam(int numParam) {
		return numParam == 1;
	}
}",1
"public class Acceptnumparam {

	public boolean acceptnumparam(int numParam) {
		return numParam > 0;
	}
}",1
"public class Acceptnumparam {

	public boolean acceptnumparam(int numParam) {
		return numParam == 1;
	}
}",1
"public class Acceptnumparam {

	public boolean acceptnumparam(int numParam) {
		return numParam == 2;
	}
}",1
"public class Acceptnumparam {

	public boolean acceptnumparam(int numParam) {
		return numParam == 1;
	}
}",1
"public class Acceptnumparam {

	public boolean acceptnumparam(int numParam) {
		return numParam == 1;
	}
}",1
"public class Acceptnumparam {

	public boolean acceptnumparam(int numParam) {
		return numParam == 0;
	}
}",1
"public class Acceptnumparam {

	public boolean acceptnumparam(int numParam) {
		return numParam == 1;
	}
}",1
"public class Acceptnumparam {

	public boolean acceptnumparam(int numParam) {
		return numParam == 1;
	}
}",1
"public class Acceptnumparam {

	public boolean acceptnumparam(int numParam) {
		return numParam == 1;
	}
}",1
"public class Acceptnumparam {

	public boolean acceptnumparam(int numParam) {
		return numParam == 1;
	}
}",1
"public class Acceptnumparam {

	public boolean acceptnumparam(int numParam) {
		return numParam == 1;
	}
}",1
"public class Acceptnumparam {

	public boolean acceptnumparam(int numParam) {
		return numParam == 1 || numParam == 2;
	}
}",2
"public class Acceptnumparam {

	public boolean acceptnumparam(int numParam) {
		return numParam >= 0;
	}
}",1
"public class Acceptnumparam {

	public boolean acceptnumparam(int numParam) {
		return numParam >= 0;
	}
}",1
"public class Acceptnumparam {

	public boolean acceptnumparam(int numParam) {
		return numParam == 2;
	}
}",1
"public class Acceptnumparam {

	public boolean acceptnumparam(int numParam) {
		return numParam == 0;
	}
}",1
"public class Acceptnumparam {

	public boolean acceptnumparam(int numParam) {
		return numParam == 2;
	}
}",1
"public class Acceptnumparam {

	public boolean acceptnumparam(int numParam) {
		return numParam == 0;
	}
}",1
"public class Acceptnumparam {

	public boolean acceptnumparam(int numParam) {
		return numParam == 1;
	}
}",1
"public class Acceptnumparam {

	public boolean acceptnumparam(int numParam) {
		return numParam == 1;
	}
}",1
"public class Acceptnumparam {

	public boolean acceptnumparam(int numParam) {
		return numParam == 1;
	}
}",1
"public class Acceptnumparam {

	public boolean acceptnumparam(int numParam) {
		return numParam == 1;
	}
}",1
"public class Acceptnumparam {

	public boolean acceptnumparam(int numParam) {
		return numParam == 1;
	}
}",1
"public class Acceptnumparam {

	public boolean acceptnumparam(int numParam) {
		return numParam > 0;
	}
}",1
"public class Acceptnumparam {

	public boolean acceptnumparam(int numParam) {
		return numParam == 1;
	}
}",1
"public class Acceptnumparam {

	public boolean acceptnumparam(int numParam) {
		return numParam == 1;
	}
}",1
"public class MBTOBYTE {
        private static long mbTobyte(final long mbytes)
    {
        final int MB_TO_BYTE = 1048576;
        return mbytes * MB_TO_BYTE;
    }
}",1
"public class ISTOKENEXPIRED {

    public static boolean isTokenExpired(final long tokenExpiryTime)
    {
        return tokenExpiryTime < System.currentTimeMillis();
    }
}",1
"public class DISTANCESQ {

    public static double distanceSq(double x1, double y1,
                                    double x2, double y2)
    {
        x1 -= x2;
        y1 -= y2;
        return (x1 * x1 + y1 * y1);
    }
}",1
"public class DISTANCE {

    public static double distance(double x1, double y1,
                                  double x2, double y2)
    {
        x1 -= x2;
        y1 -= y2;
        return Math.sqrt(x1 * x1 + y1 * y1);
    }
}",1
"public class FONTSIZE {

    private int fontSize(int pt, int dpi) {
        return (int) ( ((float) pt) / 72f * ((float) dpi) );
    }
}",1
"public class TOALFRESCOLOCKTIMEOUT {

    public static int toAlfrescoLockTimeout(int timeout)
    {
        return timeout * 60;
    }
}",1
"public class RANDOMNUMBER {

    private int randomNumber (int min, int max)
    {
        return min + (int)(Math.random() * ((max - min) + 1));
    }
}",1
"public class Restartat {

    public boolean restartat(int resumeId) {
        return false;
    }
}",1
"public class Restartat {

  public boolean restartat(int resumeId) {
    
    //	Cannot restart the search
    
    return false;
  }
}",1
"public class ROUNDUPLONGSIZE {

	public static long roundupLongSize(long lSize) {
	    return ( lSize + 512L) & 0xFFFFFFFFFFFFFE00L;
	}
}",1
"public class ROUNDUPINTSIZE {

	public static int roundupIntSize(int iSize) {
	    return ( iSize + 512) & 0xFFFFFE00;
	}
}",1
"public class Setbulkfetch {

    public boolean setbulkfetch(boolean bulkFetch)
    {
    	return false;
    }
}",1
"public class Setbulkfetchsize {

    public int setbulkfetchsize(int bulkFetchSize)
    {
    	return 0;
    }
}",1
"public class Setbulkfetch {

    public boolean setbulkfetch(boolean bulkFetch)
    {
        return false;
    }
}",1
"public class Setbulkfetchsize {

    public int setbulkfetchsize(int bulkFetchSize)
    {
        return 0;
    }
}",1
"public class Setbulkfetch {

    public boolean setbulkfetch(boolean bulkFetch)
    {
    	return false;
    }
}",1
"public class Setbulkfetchsize {

    public int setbulkfetchsize(int bulkFetchSize)
    {
    	return 0;
    }
}",1
"public class Setbulkfetch {

    public boolean setbulkfetch(boolean bulkFetch)
    {
    	return false;
    }
}",1
"public class Setbulkfetchsize {

    public int setbulkfetchsize(int bulkFetchSize)
    {
    	return 0;
    }
}",1
"public class MINSET {

    private long minSet(long value1, long value2)
    {
        if (value1 < 0)
        {
            return value2;
        }
        else if (value2 < 0)
        {
            return value1;
        }
        return Math.min(value1, value2);
    }
}",3
"public class MAXSET {

    private long maxSet(long value1, long value2)
    {
        if (value1 < 0 || value2 < 0)
        {
            return -1;
        }
        return Math.max(value1, value2);
    }
}",3
"public class LOOKFORSELECTABLEPOSITION {

    int lookForSelectablePosition(int position, boolean lookDown) {
        return position;
    }
}",1
"public class Getitemid {
    	public long getitemid(int position) {
		// TODO Auto-generated method stub
		return 0;
	}
}",1
"public class TRUNCATE {

		private static int truncate(int a) {
			if (a < 0)
				return 0;
			else if (a > 255)
				return 255;
			else
				return a;
		}
}",3
"public class GETVALIDINTERVAL {

	private static int getValidInterval(int a_value){
		if(a_value < 0) return 0;
		if(a_value > 255) return 255;
		return a_value;
	}
}",3
"public class ISWHITESPACE {

    protected static boolean isWhiteSpace(byte byteToCheck) {
        switch (byteToCheck) {
            case ' ' :
            case '\n' :
            case '\r' :
            case '\t' :
                return true;
            default :
                return false;
        }
    }
}",2
"public class ISTOKENSEPARATOR {

    protected boolean isTokenSeparator(char ch) {
        return (ch == ',');
    }
}",1
"public class ISWHITESPACE {

    protected boolean isWhitespace(char ch) {

        // we do not use Character.isWhitspace(ch) here, since that allows
        // many control characters which are not whitespace as per RFC 2616
        return ((ch == '\t') || Character.isSpaceChar(ch));
    }
}",2
"public class ISWHITESPACE {

    protected static boolean isWhiteSpace(byte byteToCheck) {
        switch (byteToCheck) {
            case ' ' :
            case '\n' :
            case '\r' :
            case '\t' :
                return true;
            default :
                return false;
        }
    }
}",2
"public class EQUALS {

	public static boolean equals(float f1, float f2, float delta) {
		return Math.abs(f1 - f2) <= delta;
	}
}",1
"public class EQUALS {

	public static boolean equals(double f1, double f2, double delta) {
		return Math.abs(f1 - f2) <= delta;
	}
}",1
"public class DECODEDIGIT {

	static int decodeDigit(byte data) {
		char charData = (char) data;
		if (charData <= 'Z' && charData >= 'A')
			return charData - 'A';
		if (charData <= 'z' && charData >= 'a')
			return charData - 'a' + 26;
		if (charData <= '9' && charData >= '0')
			return charData - '0' + 52;
		switch (charData) {
			case '+' :
				return 62;
			case '/' :
				return 63;
			default :
				throw new IllegalArgumentException(""Invalid char to decode: "" + data); //$NON-NLS-1$
		}
	}
}",8
"public class Getpasswordmaximumlength {

    public int getpasswordmaximumlength(int quality) {
        // Kind-of arbitrary.
        return 16;
    }
}",1
"public class Onmove {

    public boolean onmove(int oldPosition, int newPosition) {
        return true;
    }
}",1
"public class GETALTITUDE {

   public static float getAltitude(float p0, float p) {
        final float coef = 1.0f / 5.255f;
        return 44330.0f * (1.0f - (float)Math.pow(p/p0, coef));
    }
}",1
"public class Setpsrtprogramtype {

   public boolean setpsrtprogramtype(int pty){
      boolean bStatus = false;

      return bStatus;
   }
}",1
"public class Transmitrdsgroupcontrol {

   public boolean transmitrdsgroupcontrol(int ctrlCmd){
      boolean bStatus = false;

      return bStatus;
   }
}",1
"public class ISSTATUSSUCCESS {

    public static boolean isStatusSuccess(int status) {
        return (status >= 200 && status < 300);
    }
}",2
"public class ISSTATUSERROR {

    public static boolean isStatusError(int status) {
        return (status >= 400 && status < 600);
    }
}",2
"public class Requestroutetohost {

    public boolean requestroutetohost(int hostAddress) {
        return false;
    }
}",1
"public class ISWHITESPACE {

        private boolean isWhitespace(char c) {
            switch(c) {
            case ' ':
            case '\t':
            case '\f':
            case '\n':
            case '\r':
            case 11: /* VT */
                return true;
            default:
                return false;
            }
        }
}",2
"public class DECODEHEXDIGIT {
        protected int decodeHexDigit(char c) {
        if (c >= '0' && c <= '9') {
            return c - '0';
        }
        else if (c >= 'A' && c <= 'F') {
            return c - 'A' + 10;
        }
        else if (c >= 'a' && c <= 'f') {
            return c - 'a' + 10;
        }
        else {
            return -1;
        }
    }
}",7
"public class Sectortoblock {

    public int sectortoblock(int sectorIndex) {
        if (sectorIndex < 32) {
            return sectorIndex * 4;
        } else {
            return 32 * 4 + (sectorIndex - 32) * 16;
        }
    }
}",2
"public class ISSTATUSINFORMATIONAL {

    public static boolean isStatusInformational(int status) {
        return (status >= 100 && status < 200);
    }
}",2
"public class ISSTATUSSUCCESS {

    public static boolean isStatusSuccess(int status) {
        return (status >= 200 && status < 300);
    }
}",2
"public class ISSTATUSERROR {

    public static boolean isStatusError(int status) {
        return (status >= 400 && status < 600);
    }
}",2
"public class ISSTATUSCLIENTERROR {

    public static boolean isStatusClientError(int status) {
        return (status >= 400 && status < 500);
    }
}",2
"public class ISSTATUSSERVERERROR {

    public static boolean isStatusServerError(int status) {
        return (status >= 500 && status < 600);
    }
}",2
"public class ISSTATUSCOMPLETED {

    public static boolean isStatusCompleted(int status) {
        return (status >= 200 && status < 300) || (status >= 400 && status < 600);
    }
}",4
"public class ISSTATUSINFORMATIONAL {

        public static boolean isStatusInformational(int status) {
            return (status >= 100 && status < 200);
        }
}",2
"public class ISSTATUSSUCCESS {

        public static boolean isStatusSuccess(int status) {
            return (status >= 200 && status < 300);
        }
}",2
"public class ISSTATUSERROR {

        public static boolean isStatusError(int status) {
            return (status >= 400 && status < 600);
        }
}",2
"public class ISSTATUSCLIENTERROR {

        public static boolean isStatusClientError(int status) {
            return (status >= 400 && status < 500);
        }
}",2
"public class ISSTATUSSERVERERROR {

        public static boolean isStatusServerError(int status) {
            return (status >= 500 && status < 600);
        }
}",2
"public class ISSTATUSCOMPLETED {

        public static boolean isStatusCompleted(int status) {
            return (status >= 200 && status < 300) || (status >= 400 && status < 600);
        }
}",4
"public class ISGRAPHIC {

    public static boolean isGraphic(char c) {
        int gc = Character.getType(c);
        return     gc != Character.CONTROL
                && gc != Character.FORMAT
                && gc != Character.SURROGATE
                && gc != Character.UNASSIGNED
                && gc != Character.LINE_SEPARATOR
                && gc != Character.PARAGRAPH_SEPARATOR
                && gc != Character.SPACE_SEPARATOR;
    }
}",7
"public class ISPRINTABLEASCII {

    public static boolean isPrintableAscii(final char c) {
        final int asciiFirst = 0x20;
        final int asciiLast = 0x7E;  // included
        return (asciiFirst <= c && c <= asciiLast) || c == '\r' || c == '\n';
    }
}",4
"public class ISRTLCHARACTER {

    private static boolean isRTLCharacter(char c) {
        //range of RTL characters per unicode specification
        return (c >= 0x0590 && c <= 0x05FF) ||
               (c >= 0xFB1D && c <= 0xFB4F) ||
               (c >= 0x0600 && c <= 0x07BF) ||
               (c >= 0xFB50 && c <= 0xFDFF) ||
               (c >= 0xFE70 && c <= 0xFEFE)    ;
    }
}",10
"public class ISARABICCHARACTER {

    private static boolean isArabicCharacter(char c) {
        //range of Arabic characters per unicode specification
        return (c >= 0x0600 && c <= 0x06FF) ||
               (c >= 0x0750 && c <= 0x077F) ||
               (c >= 0xFB50 && c <= 0xFDFF) ||
               (c >= 0xFE70 && c <= 0xFEFE)    ;
    }
}",8
"public class Maxoutputsize {

        public int maxoutputsize(int len) {
            return len * 3/4 + 10;
        }
}",1
"public class Maxoutputsize {

        public int maxoutputsize(int len) {
            return len * 8/5 + 10;
        }
}",1
"public class GETWEIGHTEDDISTANCEFOR {

    int getWeightedDistanceFor(int majorAxisDistance, int minorAxisDistance) {
        return 13 * majorAxisDistance * majorAxisDistance
                + minorAxisDistance * minorAxisDistance;
    }
}",1
"public class ONSETALPHA {

    protected boolean onSetAlpha(int alpha) {
        return false;
    }
}",1
"public class MAKEMEASURESPEC {

        public static int makeMeasureSpec(int size, int mode) {
            return size + mode;
        }
}",1
"public class GETCHILDDRAWINGORDER {

    protected int getChildDrawingOrder(int childCount, int i) {
        return i;
    }
}",1
"public class Performcontextmenuaction {

    public boolean performcontextmenuaction(int id) {
        return false;
    }
}",1
"public class LOOKFORSELECTABLEPOSITION {

    int lookForSelectablePosition(int position, boolean lookDown) {
        return position;
    }
}",1
"public class Getitemid {

    public long getitemid(int position) {
        return position;
    }
}",1
"public class Getcombinedchildid {

    public long getcombinedchildid(long groupId, long childId) {
        return 0x8000000000000000L | ((groupId & 0x7FFFFFFF) << 32) | (childId & 0xFFFFFFFF);
    }
}",1
"public class Getcombinedgroupid {

    public long getcombinedgroupid(long groupId) {
        return (groupId & 0x7FFFFFFF) << 32;
    }
}",1
"public class Getchildtype {

    public int getchildtype(int groupPosition, int childPosition) {
        return 0;
    }
}",1
"public class Getgrouptype {

    public int getgrouptype(int groupPosition) {
        return 0;
    }
}",1
"public class GETTOPSELECTIONPIXEL {

    private int getTopSelectionPixel(int childrenTop, int fadingEdgeLength, int rowStart) {
        // first pixel we can draw the selection into
        int topSelectionPixel = childrenTop;
        if (rowStart > 0) {
            topSelectionPixel += fadingEdgeLength;
        }
        return topSelectionPixel;
    }
}",2
"public class MEASURENULLCHILD {

    int measureNullChild(int childIndex) {
        return 0;
    }
}",1
"public class GETTOPSELECTIONPIXEL {

    private int getTopSelectionPixel(int childrenTop, int fadingEdgeLength, int selectedPosition) {
        // first pixel we can draw the selection into
        int topSelectionPixel = childrenTop;
        if (selectedPosition > 0) {
            topSelectionPixel += fadingEdgeLength;
        }
        return topSelectionPixel;
    }
}",2
"public class Getitemid {

    public long getitemid(int position) {
        return position;
    }
}",1
"public class ROUND {

    public static int round(float x) {
        long lx = (long)(x * (65536 * 256f));
        return (int)((lx + 0x800000) >> 24);
    }
}",1
"public class ISTOKENCHARACTER {

    protected static boolean isTokenCharacter(int ch) {
        
        if((ch < 33) || (ch > 126)) {
            return false;
        }

        switch(ch) {
            case '""': /* '""' */
            case '(': /* '(' */
            case ')': /* ')' */
            case ',': /* ',' */
            case '/': /* '/' */
            case ':': /* ':' */
            case ';': /* ';' */
            case '<': /* '<' */
            case '=': /* '=' */
            case '>': /* '>' */
            case '?': /* '?' */
            case '@': /* '@' */
            case '[': /* '[' */
            case '\\': /* '\' */
            case ']': /* ']' */
            case '{': /* '{' */
            case '}': /* '}' */
                return false;
        }

        return true;
    }
}",4
"public class ISTEXT {

    protected static boolean isText(int ch) {
        
        if(((ch >= 32) && (ch <= 126)) || ((ch >= 128) && (ch <= 255))) {
            return true;
        }

        switch(ch) {
            case '\t': /* '\t' */
            case '\n': /* '\n' */
            case '\r': /* '\r' */
                return true;
        }

        return false;
    }
}",6
"public class ISDOMAINCHAR {

  private boolean isDomainChar(char c) {
    return c == '-' || Character.isLetter(c) || Character.isDigit(c);
  }
}",3
"public class ISPUNCTUATION {

  private static boolean isPunctuation(char ch) {
    switch (ch) {
      case '.': case ',': case '""': case ':': case ';':
      case '?': case '!': case '(': case ')':
        return true;

      default:
        return false;
    }
  }
}",2
"public class ISFORMATCHAR {

  private static boolean isFormatChar(char ch) {
    switch (ch) {
      case '*': case '_': case '^':
        return true;

      default:
        return false;
    }
  }
}",2
"public class DMETHOD {

    private int dMethod(int level) {
        int count = 0;
        if (level > 0) {
            count = dMethod(level - 1);
        }
        for (int ii = 0; ii < 100; ii++) {
            count += ii;
        }
        if (level == 0) {
            return count;
        }
        return dMethod(level - 1);
    }
}",4
"public class Getitemviewtype {

    public int getitemviewtype(int position) {
        return 0;
    }
}",1
"public class ALPHA {

    public static int alpha(int color) {
        return color >>> 24;
    }
}",1
"public class RED {

    public static int red(int color) {
        return (color >> 16) & 0xFF;
    }
}",1
"public class GREEN {

    public static int green(int color) {
        return (color >> 8) & 0xFF;
    }
}",1
"public class BLUE {

    public static int blue(int color) {
        return color & 0xFF;
    }
}",1
"public class RGB {

    public static int rgb(int red, int green, int blue) {
        return (0xFF << 24) | (red << 16) | (green << 8) | blue;
    }
}",1
"public class ARGB {

    public static int argb(int alpha, int red, int green, int blue) {
        return (alpha << 24) | (red << 16) | (green << 8) | blue;
    }
}",1
"public class HUE {

    public static float hue(int color) {
        int r = (color >> 16) & 0xFF;
        int g = (color >> 8) & 0xFF;
        int b = color & 0xFF;

        int V = Math.max(b, Math.max(r, g));
        int temp = Math.min(b, Math.min(r, g));

        float H;

        if (V == temp) {
            H = 0;
        } else {
            final float vtemp = (float) (V - temp);
            final float cr = (V - r) / vtemp;
            final float cg = (V - g) / vtemp;
            final float cb = (V - b) / vtemp;

            if (r == V) {
                H = cb - cg;
            } else if (g == V) {
                H = 2 + cr - cb;
            } else {
                H = 4 + cg - cr;
            }

            H /= 6.f;
            if (H < 0) {
                H++;
            }
        }

        return H;
    }
}",5
"public class SATURATION {

    public static float saturation(int color) {
        int r = (color >> 16) & 0xFF;
        int g = (color >> 8) & 0xFF;
        int b = color & 0xFF;
            int V = Math.max(b, Math.max(r, g));
        int temp = Math.min(b, Math.min(r, g));

        float S;

        if (V == temp) {
            S = 0;
        } else {
            S = (V - temp) / (float) V;
        }

        return S;
    }
}",2
"public class BRIGHTNESS {

    public static float brightness(int color) {
        int r = (color >> 16) & 0xFF;
        int g = (color >> 8) & 0xFF;
        int b = color & 0xFF;

        int V = Math.max(b, Math.max(r, g));

        return (V / 255.f);
    }
}",1
"public class ONLEVELCHANGE {

    protected boolean onLevelChange(int level) { return false; }
}",1
"public class GETVALUEFORVIBRATESETTING {

    public static int getValueForVibrateSetting(int existingValue, int vibrateType,
            int vibrateSetting) {

        // First clear the existing setting. Each vibrate type has two bits in
        // the value. Note '3' is '11' in binary.
        existingValue &= ~(3 << (vibrateType * 2));

        // Set into the old value
        existingValue |= (vibrateSetting & 3) << (vibrateType * 2);

        return existingValue;
    }
}",1
"public class GETROUTING {

    public static int getRouting(int mode) {
        return 0;
    }
}",1
"public class LENGTH {

    public static float length(float x, float y, float z) {
        return (float) Math.sqrt(x * x + y * y + z * z);
    }
}",1
"public class SHOULDDEVICESTAYAWAKE {

        private boolean shouldDeviceStayAwake(int stayAwakeConditions, int pluggedType) {
            return (stayAwakeConditions & pluggedType) != 0;
        }
}",1
"public class ISISODIGIT {

    public static boolean
    isISODigit (char c) {
        return c >= '0' && c <= '9';
    }
}",2
"public class TRYGETISODIGIT {

    private static int tryGetISODigit(char ch) {
        if ('0' <= ch && ch <= '9') {
            return ch - '0';
        } else {
            return -1;
        }
    }
}",3
"public class GSMBCDBYTETOINT {

    public static int
    gsmBcdByteToInt(byte b) {
        int ret = 0;

        // treat out-of-range BCD values as 0
        if ((b & 0xf0) <= 0x90) {
            ret = (b >> 4) & 0xf;
        }

        if ((b & 0x0f) <= 0x09) {
            ret +=  (b & 0xf) * 10;
        }

        return ret;
    }
}",3
"public class CDMABCDBYTETOINT {

    public static int
    cdmaBcdByteToInt(byte b) {
        int ret = 0;

        // treat out-of-range BCD values as 0
        if ((b & 0xf0) <= 0x90) {
            ret = ((b >> 4) & 0xf) * 10;
        }

        if ((b & 0x0f) <= 0x09) {
            ret +=  (b & 0xf);
        }

        return ret;
    }
}",3
"public class REGCODEISROAMING {

    private boolean
    regCodeIsRoaming (int code) {
        // 5 is  ""in service -- roam""
        return 5 == code;
    }
}",1
"public class CONVERTDTMFTOASCII {

    private byte convertDtmfToAscii(byte dtmfDigit) {
        byte asciiDigit;

        switch (dtmfDigit) {
        case  0: asciiDigit = 68; break; // 'D'
        case  1: asciiDigit = 49; break; // '1'
        case  2: asciiDigit = 50; break; // '2'
        case  3: asciiDigit = 51; break; // '3'
        case  4: asciiDigit = 52; break; // '4'
        case  5: asciiDigit = 53; break; // '5'
        case  6: asciiDigit = 54; break; // '6'
        case  7: asciiDigit = 55; break; // '7'
        case  8: asciiDigit = 56; break; // '8'
        case  9: asciiDigit = 57; break; // '9'
        case 10: asciiDigit = 48; break; // '0'
        case 11: asciiDigit = 42; break; // '*'
        case 12: asciiDigit = 35; break; // '#'
        case 13: asciiDigit = 65; break; // 'A'
        case 14: asciiDigit = 66; break; // 'B'
        case 15: asciiDigit = 67; break; // 'C'
        default:
            asciiDigit = 32; // Invalid DTMF code
            break;
        }

        return asciiDigit;
    }
}",2
"public class REGCODEISROAMING {

    private boolean regCodeIsRoaming (int code) {
        // 5 is  ""in service -- roam""
        return 5 == code;
    }
}",1
"public class GETMASK {

    private static int getMask(int numOfBits) {
        int mask = 0x00;

        switch (numOfBits) {
        case 1:
            mask = 0x01;
            break;
        case 2:
            mask = 0x03;
            break;
        case 3:
            mask = 0x07;
            break;
        case 4:
            mask = 0x0F;
            break;
        case 5:
            mask = 0x1F;
            break;
        case 6:
            mask = 0x3F;
            break;
        case 7:
            mask = 0x7F;
            break;
        case 8:
            mask = 0xFF;
            break;
        }
        return mask;
    }
}",2
"public class COMPUTECHANNEL {

        private int computeChannel(int c1, int c2, float percent) {
            return c1 + (int)((percent * (c2-c1)) + .5);
        }
}",1
"public class NANOSTOMICROS {

    private static int nanosToMicros(long nanos) {
        long micros = nanos / 1000;
        int microsInt = (int) micros;
        if (microsInt != micros) {
            throw new RuntimeException(""Integer overflow: "" + nanos);
        }
        return microsInt;
    }
}",2
"public class COMPARESIGNALLEVEL {

    public static int compareSignalLevel(int rssiA, int rssiB) {
        return rssiA - rssiB;
    }
}",1
"public class Maxoutputsize {

        public int maxoutputsize(int len) {
            return len * 3/4 + 10;
        }
}",1
"public class Maxoutputsize {

        public int maxoutputsize(int len) {
            return len * 8/5 + 10;
        }
}",1
"public class PLACEITEM {

    protected int placeItem(int offset) {
        return offset + 32;
    }
}",1
"public class PLACEITEM {

    protected int placeItem(int offset) {
        return offset + 8;
    }
}",1
"public class PLACEITEM {

    protected int placeItem(int offset) {
        return offset + 8;
    }
}",1
"public class PLACEITEM {

    protected int placeItem(int offset) {
        return offset + 12;
    }
}",1
"public class PLACEITEM {

    protected int placeItem(int offset) {
        return offset + 4;
    }
}",1
"public class PLACEITEM {

    protected int placeItem(int offset) {
        return offset + 4;
    }
}",1
"public class Placevalue {

    public int placevalue(int offset) {
        return offset + 1;
    }
}",1
"public class Placevalue {

    public int placevalue(int offset) {
        return offset + 2;
    }
}",1
"public class Placevalue {

    public int placevalue(int offset) {
        return offset + 1;
    }
}",1
"public class UNSIGNEDLEB128SIZE {

    public static int unsignedLeb128Size(int value) {
        // TODO: This could be much cleverer.

        int remaining = value >>> 7;
        int count = 0;

        while (remaining != 0) {
            value = remaining;
            remaining >>>= 7;
            count++;
        }

        return count + 1;
    }
}",2
"public class SIGNEDLEB128SIZE {

    public static int signedLeb128Size(int value) {
        // TODO: This could be much cleverer.

        int remaining = value >> 7;
        int count = 0;
        boolean hasMore = true;
        int end = ((value & Integer.MIN_VALUE) == 0) ? 0 : -1;

        while (hasMore) {
            hasMore = (remaining != end)
                || ((remaining & 1) != ((value >> 6) & 1));

            value = remaining;
            remaining >>= 7;
            count++;
        }

        return count;
    }
}",3
"public class DECODEHIGHSIGNEDNIBBLE {

    public static byte decodeHighSignedNibble(byte b) {
        return (byte)(b >> 4);
    }
}",1
"public class DECODELOWSIGNEDNIBBLE {

    public static byte decodeLowSignedNibble(byte b) {
        return (byte)(((byte)(b << 4)) >> 4);
    }
}",1
"public class DECODEHIGHUNSIGNEDNIBBLE {

    public static byte decodeHighUnsignedNibble(byte b) {
        return (byte)((b & 0xFF) >>> 4);
    }
}",1
"public class DECODELOWUNSIGNEDNIBBLE {

    public static byte decodeLowUnsignedNibble(byte b) {
        return (byte)(b & 0x0F);
    }
}",1
"public class DECODEUNSIGNEDBYTE {

    public static short decodeUnsignedByte(byte b) {
        return (short)(b & 0xFF);
    }
}",1
"public class DECODESHORT {

    public static short decodeShort(byte lsb, byte msb) {
        return (short)
               (    (lsb & 0xFF) |
                    (msb << 8)
               );
    }
}",1
"public class DECODEUNSIGNEDSHORT {

    public static int decodeUnsignedShort(byte lsb, byte msb) {
        return  (   (lsb & 0xFF) |
                    ((msb & 0xFF) << 8)
                );
    }
}",1
"public class DECODEINT {

    public static int decodeInt(byte lsb, byte mlsb, byte mmsb, byte msb) {
        return (lsb & 0xFF) |
               ((mlsb & 0xFF) << 8) |
               ((mmsb & 0xFF) << 16) |
               (msb << 24);
    }
}",1
"public class DECODELONG {

    public static long decodeLong(byte llsb, byte lmlsb, byte lmmsb, byte lgsb, byte glsb, byte gmlsb, byte gmmsb,
                                  byte gmsb) {
        return  (llsb   & 0xFFL) |
                ((lmlsb & 0xFFL) << 8) |
                ((lmmsb & 0xFFL) << 16) |
                ((lgsb  & 0xFFL) << 24) |
                ((glsb  & 0xFFL) << 32) |
                ((gmlsb & 0xFFL) << 40) |
                ((gmmsb & 0xFFL) << 48) |
                (((long)gmsb) << 56);
    }
}",1
"public class COMPARE {

  public static int compare(byte b1, byte b2) {
    if (b1 < b2) {
      return -1;
    } else if (b2 < b1) {
      return 1;
    }
    return 0;
  }
}",3
"public class COMPAREUNSIGNED {

  public static int compareUnsigned(int b1, int b2) {
    return (b1 & 0xFF) - (b2 & 0xFF);
  }
}",1
"public class COMPARE {

  public static int compare(long l1, long l2) {
    if (l1 < l2) {
      return -1;
    } else if (l2 < l1) {
      return 1;
    }
    return 0;
  }
}",3
"public class NEXTPOWOFTWO {

  public static int nextPowOfTwo(int expected) {
    int value = 1;
    while (value < expected) {
      value <<= 1;
    }
    return value;
  }
}",2
"public class ISUNDEFINED {

  public static boolean isUndefined(double value) {
    return Double.isNaN(value) || Double.isInfinite(value);
  }
}",2
"public class ISUNDEFINED {

  public static boolean isUndefined(float value) {
    return Float.isNaN(value) || Float.isInfinite(value);
  }
}",2
"public class GETHEXCHAR {

    private static char getHexChar(
        byte    value)
    {
        switch (value)
        {
        case 0:
            return '0';
        case 1:
            return '1';
        case 2:
            return '2';
        case 3:
            return '3';
        case 4:
            return '4';
        case 5:
            return '5';
        case 6:
            return '6';
        case 7:
            return '7';
        case 8:
            return '8';
        case 9:
            return '9';
        case 10:
            return 'a';
        case 11:
            return 'b';
        case 12:
            return 'c';
        case 13:
            return 'd';
        case 14:
            return 'e';
        case 15:
            return 'f';
        default:
            return 'Z';
        }
    }
}",2
"public class ISVALIDTOKENCHAR {

    boolean isValidTokenChar(
        char c)
    {
        if ( ( (c >= '\u0000') && (c <='\u0020') ) ||
             ( (c >= '\u003a') && (c <= '\u0040') ) ||
             ( (c >= '\u005b') && (c <= '\u005d') ) ||
             ('\u002c' == c) ||
             ('\u0025' == c) ||
             ('\u0028' == c) ||
             ('\u0029' == c) ||
             ('\u007b' == c) ||
             ('\u007d' == c) ||
             ('\u007f' == c) )
            return false;

        return true;
    }
}",14
"public class ISWHITESPACE {

    boolean isWhiteSpace(
        char c)
    {
        if ( ('\t' == c) ||  // HORIZONTAL TABULATION.
             ('\n' == c) ||  // LINE FEED.
             ('\r' == c) ||  // CARRIAGE RETURN.
             ('\u0020' == c) )
            return true;

        return false;
    }
}",5
"public class ISVALIDTOKENCHAR {

    boolean isValidTokenChar(
        char c)
    {
        if ( ( (c >= '\u0000') && (c <='\u0020') ) ||
             ( (c >= '\u003a') && (c <= '\u0040') ) ||
             ( (c >= '\u005b') && (c <= '\u005d') ) ||
             ('\u002c' == c) ||
             ('\u0025' == c) ||
             ('\u0028' == c) ||
             ('\u0029' == c) ||
             ('\u007b' == c) ||
             ('\u007d' == c) ||
             ('\u007f' == c) )
            return false;

        return true;
    }
}",14
"public class ISWHITESPACE {

    boolean isWhiteSpace(
        char c)
    {
        if ( ('\t' == c) || // HORIZONTAL TABULATION.
             ('\n' == c) || // LINE FEED.
             ('\r' == c) || // CARRIAGE RETURN.
             ('\u0020' == c) )
            return true;

        return false;
    }
}",5
"public class Unshiftchar {

	public char unshiftchar(char c, int shift)
	{
		return (char)(((int)c + 26 -  97 - shift) % 26 + 97);
	}
}",1
"public class Shiftchar {

	public char shiftchar(char c, int shift)
	{
		return (char)(((int)c + shift - 97) % 26 + 97); 
	}
}",1
"public class CONVERTDIGIT {

    private static char convertDigit(int value) {

        value &= 0x0f;
        if (value >= 10)
            return ((char)(value - 10 + 'a'));
        else
            return ((char)(value + '0'));

    }
}",2
"public class ISVALID {

    public static boolean isValid(long sValue) {
        return !((sValue < 0L) || (sValue > 255L));
    }
}",2
"public class ISVALID {

    public static boolean isValid(long iValue) {
        return !((iValue < 0L) || (iValue > 4294967295L));
    }
}",2
"public class COMPARE {

    private static int compare(long thisLong, long thatLong) {
        // To avoid infinite recursion, do not instantiate UnsignedLong in this method, which may be called during UnsignedLong instantiation.

        if (thisLong == thatLong) {
            return 0;
        } else {
            boolean isLessThan; // This is less than that.

            // Prepare the most significant half of the data for comparison.
            // The shift distance can be any number from 1 to 32 inclusive (1 is probably fastest).
            // A shift distance of one is sufficient to move the significant data off of the sign bit, allowing for a signed comparison of positive numbers (i.e. an unsigned comparison).
            long thisHalfLong = (thisLong & 0xffffffff00000000L) >>> 1;
            long thatHalfLong = (thatLong & 0xffffffff00000000L) >>> 1;

            if (thisHalfLong == thatHalfLong) {
                // We must also look at the least significant half of the data.

                // Prepare the least significant half of the data for comparison.
                thisHalfLong = (thisLong & 0x00000000ffffffffL);
                thatHalfLong = (thatLong & 0x00000000ffffffffL);

                // We already know that the data is not equal.
                isLessThan = thisHalfLong < thatHalfLong;
            } else {
                // The answer is in the most significant half of the data.
                isLessThan = thisHalfLong < thatHalfLong;
            }

            if (isLessThan) {
                return -1; // Returns a negative integer as this object is less than than the specified object.
            } else {
                return 1; // Returns a positive integer as this object is greater than than the specified object.
            }
        }
    }
}",4
"public class ISVALID {

    public static boolean isValid(long sValue) {
        return !((sValue < 0L) || (sValue > 65535L));
    }
}",2
"public class ISDIGIT {

    private static boolean isDigit(char p_char) {
        return p_char >= '0' && p_char <= '9';
    }
}",2
"public class ISALPHA {

    private static boolean isAlpha(char p_char) {
        return ((p_char >= 'a' && p_char <= 'z') || (p_char >= 'A' && p_char <= 'Z'));
    }
}",4
"public class ISPUNCTUATION {

    private static boolean isPunctuation(char c) {
        return '-' == c
                || '.' == c
                || ':' == c
                || '\u00B7' == c
                || '\u0387' == c
                || '-' == c
                || '\u06DD' == c
                || '\u06DE' == c;
    }
}",8
"public class ISSUPPLEMENTAL {

    public static boolean isSupplemental(int c) {
        return (c >= 0x10000 && c <= 0x10FFFF);
    }
}",2
"public class SUPPLEMENTAL {

    public static int supplemental(char h, char l) {
        return (h - 0xD800) * 0x400 + (l - 0xDC00) + 0x10000;
    }
}",1
"public class HIGHSURROGATE {

    public static char highSurrogate(int c) {
        return (char) (((c - 0x00010000) >> 10) + 0xD800);
    }
}",1
"public class LOWSURROGATE {

    public static char lowSurrogate(int c) {
        return (char) (((c - 0x00010000) & 0x3FF) + 0xDC00);
    }
}",1
"public class ISHIGHSURROGATE {

    public static boolean isHighSurrogate(int c) {
        return (0xD800 <= c && c <= 0xDBFF);
    }
}",2
"public class ISLOWSURROGATE {

    public static boolean isLowSurrogate(int c) {
        return (0xDC00 <= c && c <= 0xDFFF);
    }
}",2
"public class ISMARKUP {

    public static boolean isMarkup(int c) {
        return c == '<' || c == '&' || c == '%';
    }
}",3
"public class VALIDATE {

    protected boolean validate(boolean performVaidation){
        //override the implementation where necessary.
        //return validation successful here. 
        return true;
    }
}",1
"public class Add {

    public int add(int p1, int p2) {
        return p1 + p2;
    }
}",1
"public class ISGENERATETOOLTIPS {

    protected boolean isGenerateToolTips(double ratio) {
        return (ratio >= 1.0);
    }
}",1
"public class ISGENERATETEXT {

    protected boolean isGenerateText(double ratio) {
        return (ratio >= 1.0);
    }
}",1
"public class DEHEXCHAR {

    public static int dehexchar(char c) {
        if (c >= '0' && c <= '9') {
            return c - '0';
        }
        if (c >= 'A' && c <= 'F') {
            return c - ('A' - 10);
        }
        if (c >= 'a' && c <= 'f') {
            return c - ('a' - 10);
        }
        return -1;
    }
}",7
"public class CHARTOUPPER {

	public static char charToUpper(char c)
	{
		if ((int) c >= (int) 'a' && (int) c <= (int) 'z')
		{
			c -= (int) 'a' - (int) 'A';
		}
		return c;
	}
}",3
"public class LIMITNUMBER {

	public static double limitNumber(double number, double lower, double higher)
	{
		if (lower > higher)
		{
			double temp = lower;
			lower = higher;
			higher = temp;
		}

		return Math.max(lower, Math.min(higher, number));
	}
}",2
"public class LIMITNUMBER {

	public static float limitNumber(float number, float lower, float higher)
	{
		if (lower > higher)
		{
			float temp = lower;
			lower = higher;
			higher = temp;
		}

		return Math.max(lower, Math.min(higher, number));
	}
}",2
"public class LIMITNUMBER {

	public static int limitNumber(int number, int lower, int higher)
	{
		if (lower > higher)
		{
			int temp = lower;
			lower = higher;
			higher = temp;
		}

		return Math.max(lower, Math.min(higher, number));
	}
}",2
"public class ISNUMBER {

	public static boolean isNumber(char c)
	{
		return '0' <= c && c <= '9';
	}
}",2
"public class ISGREATERTHANEPSILON {

  private boolean isGreaterThanEpsilon(double v) {
    return v - 0.000001 > 0;
  }
}",1
"public class XTOTILEX {

    public static int XToTileX(int x, int tileGridXOffset, int tileWidth) {
        x -= tileGridXOffset;
        if (x < 0) {
            x += 1 - tileWidth; // Force round to -infinity
        }
        return x/tileWidth;
    }
}",2
"public class YTOTILEY {

    public static int YToTileY(int y, int tileGridYOffset, int tileHeight) {
        y -= tileGridYOffset;
        if (y < 0) {
            y += 1 - tileHeight; // Force round to -infinity
        }
        return y/tileHeight;
    }
}",2
"public class TILEXTOX {

    public static int tileXToX(int tx, int tileGridXOffset, int tileWidth) {
        return tx*tileWidth + tileGridXOffset;
    }
}",1
"public class TILEYTOY {

    public static int tileYToY(int ty, int tileGridYOffset, int tileHeight) {
        return ty*tileHeight + tileGridYOffset;
    }
}",1
"public class GETGIFPALETTESIZE {

    private static int getGifPaletteSize(int x) {
        if (x <= 2) {
            return 2;
        }
        x = x - 1;
        x = x | (x >> 1);
        x = x | (x >> 2);
        x = x | (x >> 4);
        x = x | (x >> 8);
        x = x | (x >> 16);
        return x + 1;
    }
}",2
"public class Getcompsubsx {

    public int getcompsubsx(int c) {
        return 1;
    }
}",1
"public class Getcompsubsy {

    public int getcompsubsy(int c) {
        return 1;
    }
}",1
"public class Getfixedpoint {

    public int getfixedpoint(int c) {
        // Check component index
        return 0;
    }
}",1
"public class XTOTILEX {

    public static int XToTileX(int x, int tileGridXOffset, int tileWidth) {
        x -= tileGridXOffset;
        if (x < 0) {
            x += 1 - tileWidth;		// force round to -infinity (ceiling)
        }
        return x/tileWidth;
    }
}",2
"public class YTOTILEY {

    public static int YToTileY(int y, int tileGridYOffset, int tileHeight) {
        y -= tileGridYOffset;
        if (y < 0) {
            y += 1 - tileHeight;	 // force round to -infinity (ceiling)
        }
        return y/tileHeight;
    }
}",2
"public class Getcompulx {

    public int getcompulx(int c) {
        return 0;
    }
}",1
"public class Getcompuly {

    public int getcompuly(int c) {
        return 0;
    }
}",1
"public class Getcompsubsx {

    public int getcompsubsx(int c) {
        return 1;
    }
}",1
"public class Getcompsubsy {

    public int getcompsubsy(int c) {
        return 1;
    }
}",1
"public class Getcompulx {

    public int getcompulx(int c) {
        return 0;
    }
}",1
"public class Getcompuly {

    public int getcompuly(int c) {
        return 0;
    }
}",1
"public class Getfixedpoint {

    public int getfixedpoint(int c) {
        // Check component index
        if (c != 0)
            throw new IllegalArgumentException();
        return 0;
    }
}",2
"public class Isorigsigned {

    public boolean isorigsigned(int c) {
        // Check component index
        if (c != 0)
            throw new IllegalArgumentException();
        return false;
    }
}",2
"public class Getfixedpoint {

    public int getfixedpoint(int c){
        return 0;
    }
}",1
"public class LOG2 {

    public static int log2(int x) {
        int y,v;
        // No log of 0 or negative
        if (x <= 0) {
            throw new IllegalArgumentException(""""+x+"" <= 0"");
        }
        // Calculate log2 (it's actually floor log2)
        v = x;
        y = -1;
        while (v>0) {
            v >>=1;
            y++;
        }
        return y;
    }
}",3
"public class Issameasfullwt {

    public boolean issameasfullwt(int tailOvrlp, int headOvrlp, int inLen) {

        //If the input signal has even length.
        if( inLen % 2 == 0) {
            if( tailOvrlp >= 4 && headOvrlp >= 3 ) return true;
            else return false;
        }
        //Else if the input signal has odd length.
        else {
            if( tailOvrlp >= 4 && headOvrlp >= 4 ) return true;
            else return false;
        }
    }
}",6
"public class Issameasfullwt {

    public boolean issameasfullwt(int tailOvrlp, int headOvrlp, int inLen) {

        //If the input signal has even length.
        if( inLen % 2 == 0) {
            if( tailOvrlp >= 2 && headOvrlp >= 1 ) return true;
            else return false;
        }
        //Else if the input signal has odd length.
        else {
            if( tailOvrlp >= 2 && headOvrlp >= 2 ) return true;
            else return false;
        }
    }
}",6
"public class Issameasfullwt {

    public boolean issameasfullwt(int tailOvrlp, int headOvrlp, int inLen) {
        
        //If the input signal has even length.
        if(inLen % 2 == 0) {
            if(tailOvrlp >= 2 && headOvrlp >= 1) return true;
            else return false;
        }
        //Else if the input signal has odd length.
        else {
            if(tailOvrlp >= 2 && headOvrlp >= 2) return true;
            else return false;
        }
    }
}",6
"public class Issameasfullwt {

    public boolean issameasfullwt(int tailOvrlp, int headOvrlp, int inLen) {

        //If the input signal has even length.
        if(inLen % 2 == 0) {
            if(tailOvrlp >= 2 && headOvrlp >= 1) return true;
            else return false;
        }
        //Else if the input signal has odd length.
        else {
            if(tailOvrlp >= 2 && headOvrlp >= 2) return true;
            else return false;
        }
    }
}",6
"public class GETACTUALSIZEOFELEMENTS {

    public static int getActualSizeOfElements(short sizeOfElements)
    {
        if (sizeOfElements < 0)
            return (short) ( ( -sizeOfElements ) >> 2 );
        else
            return sizeOfElements;
    }
}",2
"public class ISALPHA {

    private boolean IsAlpha(char c) {
        return Character.isLetter(c) || c == '$' || c=='_';
    }
}",3
"public class ISDIGIT {

    private boolean IsDigit(char c) {
        //System.out.println(""Checking digit for""+c);
        return Character.isDigit(c);
    }
}",1
"public class ISADDOP {

    private boolean IsAddop( char c) {
        return (c =='+' || c =='-');
    }
}",2
"public class ISSPECIALCHAR {

    private boolean IsSpecialChar(char c) {
    	return (c == '>' || c== '<' || c== '=' || c=='&' || c=='[' || c==']');
    }
}",6
"public class GETRECORDSIZEFORROWS {

    public static int getRecordSizeForRows(int rows) {
      return 8 + (rows * 2);
    }
}",1
"public class GETRECORDSIZEFORBLOCKCOUNT {

     public static int getRecordSizeForBlockCount(int blockCount) {
       return 20 + (4 * blockCount);
     }
}",1
"public class ISINTERNALDATEFORMAT {

    public static boolean isInternalDateFormat(int format) {
      boolean retval =false;

            switch(format) {
                // Internal Date Formats as described on page 427 in
                // Microsoft Excel Dev's Kit...
                case 0x0e:
                case 0x0f:
                case 0x10:
                case 0x11:
                case 0x12:
                case 0x13:
                case 0x14:
                case 0x15:
                case 0x16:
                case 0x2d:
                case 0x2e:
                case 0x2f:
                    retval = true;
                    break;
                    
                default:
                    retval = false;
                    break;
            }
       return retval;
    }
}",2
"public class ISVALIDEXCELDATE {
        public static boolean isValidExcelDate(double value)
    {
        return (value > -Double.MIN_VALUE);
    }
}",1
"public class DAYSINPRIORYEARS {
        private static int daysInPriorYears(int yr)
    {
        if (yr < 1900) {
            throw new IllegalArgumentException(
                ""'year' must be 1900 or greater"");
        }
        
        int yr1  = yr - 1;
        int leapDays =   yr1 / 4   // plus julian leap days in prior years
                       - yr1 / 100 // minus prior century years
                       + yr1 / 400 // plus years divisible by 400 
                       - 460;      // leap days in previous 1900 years
        
        return 365 * (yr - 1900) + leapDays;
    }
}",2
"public class DECODENUMBER {
        public static double decodeNumber(int number)
    {
        long raw_number = number;

        // mask off the two low-order bits, 'cause they're not part of
        // the number
        raw_number = raw_number >> 2;
        double rvalue = 0;

        if ((number & 0x02) == 0x02)
        {
            // ok, it's just a plain ol' int; we can handle this
            // trivially by casting
            rvalue = ( double ) (raw_number);
        }
        else
        {

            // also trivial, but not as obvious ... left shift the
            // bits high and use that clever static method in Double
            // to convert the resulting bit image to a double
            rvalue = Double.longBitsToDouble(raw_number << 34);
        }
        if ((number & 0x01) == 0x01)
        {

            // low-order bit says divide by 100, and so we do. Why?
            // 'cause that's what the algorithm says. Can't fight city
            // hall, especially if it's the city of Redmond
            rvalue /= 100;
        }

        return rvalue;
    }
}",3
"public class UBYTETOINT {

    public static int ubyteToInt(byte b) {
        return ((b & 0x80) == 0 ? (int) b : (b & (byte) 0x7f) + 0x80);
    }
}",1
"public class Check {
        public boolean check(final int level)
    {
       return false;
    }
}",1
"public class USESAN {

  public static boolean usesAn(char c) {
    boolean result = false;
    switch(c) {
      case 'a':
      case 'A':
      case 'e':
      case 'E':
      case 'i':
      case 'I':
      case 'o':
      case 'O':
      case 'h':
      case 'H':
        result = true;
        break;
      default:
        result = false;
        break;
    }
    return result;
  }
}",2
"public class DIGITS {

  private static int digits(int value) {
    int digits = 0;
    while (value > 0) {
      value /= 10;
      digits++;
    }
    return digits;
  }
}",2
"public class NUMINSERIES {

  private int numInSeries(int from, int to, int by)
  {
    if (by < 1)
      throw new IllegalArgumentException(""numInSeries passed a stepBy value < 1"");

    // could calc this but simple loop suffices for our purposes
    int count = 0;
    for (int i = from; i <= to; i += by)
        count++;
    return count;
  }
}",3
"public class EFFECTIVEC {

  private int effectiveC(int sizeC, int rgb, int lutLen, boolean indexed, boolean falseColor)
  {
    int effC = sizeC;

    if (indexed)  // this is from Melissa
    {
      if (falseColor)
        effC /= rgb;
      else // not falseColor
        effC *= lutLen;
    }

    return effC;
  }
}",3
"public class GETBYTESPERPIXEL {

  public static int getBytesPerPixel(int type) {
    switch(type) {
    case 0:
    case 1:
      return 1;  // INT8 or UINT8
    case 2:
    case 3:
      return 2;  // INT16 or UINT16
    case 4:
    case 5:
    case 6:
      return 4;  // INT32, UINT32 or FLOAT
    case 7:
      return 8;  // DOUBLE
    }
    throw new RuntimeException(""Unknown type with id: '"" + type + ""'"");
  }
}",2
"public class GETMILLISFROMTICKS {

  public static long getMillisFromTicks(long hi, long lo) {
    long ticks = ((hi << 32) | lo);
    return ticks / 10000; // 100 ns = 0.0001 ms
  }
}",1
"public class CANFITINMEMORY {

  public static boolean canFitInMemory(long bufferSize) {
    Runtime r = Runtime.getRuntime();
    long mem = r.freeMemory() / 2;
    return bufferSize < mem && bufferSize <= Integer.MAX_VALUE;
  }
}",2
"public class CHECKDOUBLEPRECISE {

	public static boolean checkDoublePrecise( double dValue )
	{
		if ( dValue - (int) dValue == 0 )
		{
			return true;
		}
		String sValue = String.valueOf( dValue );
		if ( sValue.length( ) < 8 )
		{
			return true;
		}
		int iPoint = sValue.indexOf( '.' );
		int iZero = sValue.lastIndexOf( ""00000000"" ); //$NON-NLS-1$
		if ( iZero >= iPoint )
		{
			return false;
		}
		int iNine = sValue.lastIndexOf( ""99999999"" ); //$NON-NLS-1$
		if ( iNine >= iPoint )
		{
			return false;
		}
		return true;
	}
}",5
"public class XOR {

	public static boolean XOR( boolean b0, boolean b1 )
	{
		return b0 != b1;
	}
}",1
"public class ISDIGITTEN {

    private static boolean isDigitTen( char c )
	{
		if ( c <= '9' && c >= '0' )
			return true;
		return false;
	}
}",3
"public class ISVALIDPROCEEDING {

	private static boolean isValidProceeding( char operator )
	{
		if ( ( operator >= 'A' && operator <= 'Z' )
				|| ( operator >= 'a' && operator <= 'z' ) || operator == '_' )
			return false;

		return true;
	}
}",6
"public class GETMULTIPLE {

	private static double getMultiple( int dec )
	{
		double multiple = 1;
		if ( dec >= 0 )
		{
			for ( int i = 0; i < dec; i++ )
			{
				multiple *= 10;
			}
		}
		else
		{
			double adjustment = 1;
			for( int i = dec; i < 0; i++ )
			{
				multiple *= 0.1;
				adjustment *= 10;
			}
			multiple = Math.round( multiple * adjustment ) / adjustment; 
		}
		return multiple;
	}
}",4
"public class PERCENT {

	static double percent(double denom, double num, double valueIfZero)
	{
		if(num == 0d)
		{
			return valueIfZero;
		}
		if(denom == 0d)
		{
			throw ( new IllegalArgumentException(
					""There exists illegal parameter:"" + denom) );
		}
		
		return ( num / denom ) * 100;
	}
}",3
"public class ISVALIDARGUMENTNUMBER {

	private boolean isValidArgumentNumber( int aggrArgNumb, int argDefsLength,
			int optionalNum )
	{
		return ( aggrArgNumb >= argDefsLength - optionalNum )
				&& ( aggrArgNumb <= argDefsLength );
	}
}",2
"public class ISVALIDARGUMENTNUMBER {

	private boolean isValidArgumentNumber( int aggrArgNumb, int argDefsLength,
			int optionalNum )
	{
		return ( aggrArgNumb >= argDefsLength - optionalNum )
				&& ( aggrArgNumb <= argDefsLength );
	}
}",2
"public class ISWITHININTERVAL {

	static boolean isWithinInterval( double startValue, double intervalValue,
			double currValue, double prevValue )
	{
		assert intervalValue != 0;

		boolean isSame = false;
		double curr = ( currValue - startValue ) / intervalValue;
		double prev = ( prevValue - startValue ) / intervalValue;

		// When there is a start value, all the
		// values that less than that start value would enter
		// one group
		if ( curr < 0 && prev < 0 )
			return true;

		if ( curr < 0 || prev < 0 )
			return false;

		int currDiv = (int) ( curr );
		int prevDiv = (int) ( prev );
		if ( currDiv == prevDiv )
		{
			isSame = true;
		}
		return isSame;
	}
}",6
"public class NEEDPRECALCULATEFORGROUPFILTERSORT {

	private boolean needPreCalculateForGroupFilterSort(
			boolean needGroupFiltering, boolean needGroupSorting )
	{
		return needGroupFiltering || needGroupSorting;
	}
}",2
"public class GETTARGETN {

	static int getTargetN( long total, double N )
	{
		return (int) Math.round( N / 100 * total );
	}
}",1
"public class GETBITLENGTH {

		private int getBitLength( int maxInt )
		{
			int bitLength = 1;
			int powerValue = 2;

			while ( powerValue < maxInt )
			{
				bitLength++;
				powerValue *= 2;
			}
			return bitLength;
		}
}",2
"public class POW {

	private int pow( int a, int b )
	{
		int reValue = a;
		for ( int i = 0; i < b - 1; i++ )
		{
			reValue *= a;
		}
		return reValue;
	}
}",2
"public class MIN {

	private static int min( int a, int b, int c )
	{
		int min = a;
		if ( b < min )
			min = b;
		if ( c < min )
			min = c;
		return min;
	}
}",3
"public class PERCENT {

	public static double percent( double denom, double num )
	{

		if ( num == 0 )
			return 0;
		assert ( denom != 0d );
		return ( num / denom ) * 100;
	}
}",2
"public class ISVALIDPROCEEDING {

	private static boolean isValidProceeding( char operator )
	{
		if ( ( operator >= 'A' && operator <= 'Z' )
				|| ( operator >= 'a' && operator <= 'z' ) || operator == '_' )
			return false;

		return true;
	}
}",6
"public class Getlighterfontweight {

		public float getlighterfontweight( float f )
		{
			// Round f to nearest 100...
			int weight = ( (int) ( ( f + 50 ) / 100 ) ) * 100;
			switch ( weight )
			{
				case 100 :
					return 100;
				case 200 :
					return 100;
				case 300 :
					return 200;
				case 400 :
					return 300;
				case 500 :
					return 400;
				case 600 :
					return 400;
				case 700 :
					return 400;
				case 800 :
					return 400;
				case 900 :
					return 400;
				default :
					throw new IllegalArgumentException( ""Bad Font Weight: "" + f ); //$NON-NLS-1$
			}
		}
}",2
"public class Getbolderfontweight {

		public float getbolderfontweight( float f )
		{
			// Round f to nearest 100...
			int weight = ( (int) ( ( f + 50 ) / 100 ) ) * 100;
			switch ( weight )
			{
				case 100 :
					return 600;
				case 200 :
					return 600;
				case 300 :
					return 600;
				case 400 :
					return 600;
				case 500 :
					return 600;
				case 600 :
					return 700;
				case 700 :
					return 800;
				case 800 :
					return 900;
				case 900 :
					return 900;
				default :
					throw new IllegalArgumentException( ""Bad Font Weight: "" + f ); //$NON-NLS-1$
			}
		}
}",2
"public class ISVALIDCODEPOINT {

	protected static boolean isValidCodePoint( int ch )
	{
		if ( ch == 0x09 || ch == 0x0A || ch == 0x0D
				|| ( ch >= 0x20 && ch <= 0xD7FF )
				|| ( ch >= 0xE000 && ch <= 0xFFFD )
				|| ( ch >= 0x10000 && ch <= 0x10FFFF ) )
		{
			return true;
		}
		return false;
	}
}",10
"public class GETHINTOFFSET {

	private long getHintOffset( long pageNumber )
	{
		return ( pageNumber + 1 ) * 8;
	}
}",1
"public class ISBOLDFONT {

	public static boolean isBoldFont( int fontWeight )
	{
		if ( fontWeight > 400 )
		{
			return true;
		}
		return false;
	}
}",2
"public class ROUND {

	public static int round( int value )
	{
		return ( value >> 7 ) << 7;
	}
}",1
"public class ADJUSTPOSITION {
    	protected int adjustPosition( int destIndex, int count )
	{
		if ( destIndex < 0 )
			destIndex = 0;
		if ( destIndex > count - 1 )
			destIndex = count - 1;
		return destIndex;
	}
}",3
"public class FORMRGB {
    	public static int formRGB( int r, int g, int b )
	{
		// clip to 0 ~ 0xFF

		r = r > 0xFF ? 0xFF : r < 0 ? 0 : r;
		g = g > 0xFF ? 0xFF : g < 0 ? 0 : g;
		b = b > 0xFF ? 0xFF : b < 0 ? 0 : b;

		return ( r << 16 ) + ( g << 8 ) + b;
	}
}",1
"public class CHECKROWSPAN {
    	private boolean checkRowSpan( int rowCount, int rowPosn, int rowSpan )
	{
		return ( rowCount - rowPosn - rowSpan ) >= 0;
	}
}",1
"public class Getslotindex {
    	public int getslotindex( int slotID )
	{
		return slotID;
	}
}",1
"public class JUDGETYPE {
    	private int judgeType( boolean type )
	{
		if ( type )
			return 3;

		return 1;
	}
}",2
"public class COMPARESTRING {

	private boolean compareString( int checktimes, int countstring )
	{
		boolean same = true;
		StringBuffer errorText = new StringBuffer( );
		try
		{
			if ( checktimes == countstring )
				same = true;
			else
				same = false;
		}
		catch ( Exception e )
		{
			errorText.append( e.toString( ) );
		}
		return same;

	}
}",3
"public class COMPARESTRING {

	private boolean compareString( int checktimes, int countstring )
	{
		boolean same = true;
		StringBuffer errorText = new StringBuffer( );
		try
		{
			if ( checktimes == countstring )
				same = true;
			else
				same = false;
		}
		catch ( Exception e )
		{
			errorText.append( e.toString( ) );
		}
		return same;

	}
}",3
"public class Hasslothandlerow {

	public boolean hasslothandlerow( int id )
	{
		return false;
	}
}",1
"public class GETBOLDERFONTWEIGHT {

	public static int getBolderFontWeight( int curWeight )
	{
		int weight = curWeight + 100;
		if ( weight > 900 )
		{
			weight = 900;
		}
		return weight;
	}
}",2
"public class GETLIGHTERFONTWEIGHT {

	public static int getLighterFontWeight( int curWeight )
	{
		int weight = curWeight - 100;
		if ( weight < 100 )
		{
			weight = 100;
		}
		return weight;
	}
}",2
"public class INCHTOPOINT {

	public static double inchToPoint( double inch )
	{
		double pt = inch * 72;
		return pt;
	}
}",1
"public class POINTTOINCH {

	public static double pointToInch( double point )
	{
		double inch = point / 72;
		return inch;
	}
}",1
"public class ISMOVEVALID {

	protected boolean isMoveValid( int zoomedPosition )
	{
		return true;
	}
}",1
"public class GETGAP {

	private static int getGap( int x, int y, int i )
	{
		if ( x == 0 )
		{
			return 0;
		}

		if ( i < 0 )
		{
			i = 0;
		}

		if ( i > x )
		{
			i = x;
		}

		return  y * i / x ;
	}
}",4
"public class INCLUDEEVENTTYPE {

	protected boolean includeEventType( int type )
	{
		return true;
	}
}",1
"public class BLEND {

	private static int blend( int v1, int v2, int ratio )
	{
		int b = ( ratio * v1 + ( 100 - ratio ) * v2 ) / 100;
		return Math.min( 255, b );
	}
}",1
"public class ISPOPBLOCK {

    private boolean isPopBlock(int blockID) {
        return blockID == 6 || blockID == 26 || blockID == 27 || blockID == 28 || blockID == 37 || blockID == 38 || blockID == 39 ||
                blockID == 40 || blockID == 50 || blockID == 55 || blockID == 59 || blockID == 64 || blockID == 65 || blockID == 66 ||
                blockID == 69 || blockID == 71 || blockID == 75 || blockID == 76 || blockID == 77 || blockID == 81 || blockID == 83 ||
                blockID == 93 || blockID == 94 || blockID == 31 || blockID == 32 || blockID == 96 || blockID == 111 || blockID == 115;
    }
}",28
"public class PLACEITEM {

    protected int placeItem(int offset) {
        return offset + 32;
    }
}",1
"public class PLACEITEM {

    protected int placeItem(int offset) {
        return offset + 8;
    }
}",1
"public class PLACEITEM {

    protected int placeItem(int offset) {
        return offset + 8;
    }
}",1
"public class PLACEITEM {

    protected int placeItem(int offset) {
        return offset + 12;
    }
}",1
"public class PLACEITEM {

    protected int placeItem(int offset) {
        return offset + 4;
    }
}",1
"public class PLACEITEM {

    protected int placeItem(int offset) {
        return offset + 4;
    }
}",1
"public class Placevalue {

    public int placevalue(int offset) {
        return offset + 1;
    }
}",1
"public class Placevalue {

    public int placevalue(int offset) {
        return offset + 2;
    }
}",1
"public class Placevalue {

    public int placevalue(int offset) {
        return offset + 1;
    }
}",1
"public class UNSIGNEDLEB128SIZE {

    public static int unsignedLeb128Size(int value) {
        // TODO: This could be much cleverer.

        int remaining = value >>> 7;
        int count = 0;

        while (remaining != 0) {
            value = remaining;
            remaining >>>= 7;
            count++;
        }

        return count + 1;
    }
}",2
"public class SIGNEDLEB128SIZE {

    public static int signedLeb128Size(int value) {
        // TODO: This could be much cleverer.

        int remaining = value >> 7;
        int count = 0;
        boolean hasMore = true;
        int end = ((value & Integer.MIN_VALUE) == 0) ? 0 : -1;

        while (hasMore) {
            hasMore = (remaining != end)
                || ((remaining & 1) != ((value >> 6) & 1));

            value = remaining;
            remaining >>= 7;
            count++;
        }

        return count;
    }
}",3
"public class DECODEHIGHSIGNEDNIBBLE {

    public static byte decodeHighSignedNibble(byte b) {
        return (byte)(b >> 4);
    }
}",1
"public class DECODELOWSIGNEDNIBBLE {

    public static byte decodeLowSignedNibble(byte b) {
        return (byte)(((byte)(b << 4)) >> 4);
    }
}",1
"public class DECODEHIGHUNSIGNEDNIBBLE {

    public static byte decodeHighUnsignedNibble(byte b) {
        return (byte)((b & 0xFF) >>> 4);
    }
}",1
"public class DECODELOWUNSIGNEDNIBBLE {

    public static byte decodeLowUnsignedNibble(byte b) {
        return (byte)(b & 0x0F);
    }
}",1
"public class DECODEUNSIGNEDBYTE {

    public static short decodeUnsignedByte(byte b) {
        return (short)(b & 0xFF);
    }
}",1
"public class DECODESHORT {

    public static short decodeShort(byte lsb, byte msb) {
        return (short)
               (    (lsb & 0xFF) |
                    (msb << 8)
               );
    }
}",1
"public class DECODEUNSIGNEDSHORT {

    public static int decodeUnsignedShort(byte lsb, byte msb) {
        return  (   (lsb & 0xFF) |
                    ((msb & 0xFF) << 8)
                );
    }
}",1
"public class DECODEINT {

    public static int decodeInt(byte lsb, byte mlsb, byte mmsb, byte msb) {
        return (lsb & 0xFF) |
               ((mlsb & 0xFF) << 8) |
               ((mmsb & 0xFF) << 16) |
               (msb << 24);
    }
}",1
"public class DECODELONG {

    public static long decodeLong(byte llsb, byte lmlsb, byte lmmsb, byte lgsb, byte glsb, byte gmlsb, byte gmmsb,
                                  byte gmsb) {
        return  (llsb   & 0xFFL) |
                ((lmlsb & 0xFFL) << 8) |
                ((lmmsb & 0xFFL) << 16) |
                ((lgsb  & 0xFFL) << 24) |
                ((glsb  & 0xFFL) << 32) |
                ((gmlsb & 0xFFL) << 40) |
                ((gmmsb & 0xFFL) << 48) |
                (((long)gmsb) << 56);
    }
}",1
"public class GETVALUETYPESCODEBYBITMASK {

	public static byte getValueTypesCodeByBitmask(boolean hasCh1, boolean hasCh2, boolean hasCh3, boolean hasCh4) {
		byte code = 0;
		
		if (hasCh1)
			code |= 0x8;
		if (hasCh2)
			code |= 0x4;
		if (hasCh3)
			code |= 0x2;
		if (hasCh4)
			code |= 0x1;
		
		return code;
	}
}",5
"public class COUNTCHANNELSINBITMASK {

	public static int countChannelsInBitmask(byte channelBitmask) {
		int temp = channelBitmask; 
		int result = 0; 
		while (temp > 0) { 
			result += temp & 0x01; 
			temp = temp >> 1; 
		} 
		return result; 
	}
}",2
"public class READUNSIGNEDBYTE {

	static int readUnsignedByte(byte b) {
		return (b & 0xff);
	}
}",1
"public class CHECKSUMPUSHBYTE {

	public static int ChecksumPushByte(int currentChecksum, int newByte) {

		currentChecksum = (currentChecksum ^ newByte);

		for (int bit = 0; bit < 8; bit++) {

			if ((currentChecksum & 1) == 1)
				currentChecksum = ((currentChecksum >> 1) ^ 0x8C);

			else
				currentChecksum = (currentChecksum >> 1);
		}

		return currentChecksum;
	}
}",3
"public class READUNSIGNEDBYTE {

	static int readUnsignedByte(byte b) {
		return (b & 0xff);
	}
}",1
"public class GETVALUETYPESCODEBYBITMASK {

	public static byte getValueTypesCodeByBitmask(boolean hasCh1, boolean hasCh2, boolean hasCh3, boolean hasCh4) {
		byte code = 0;
		
		if (hasCh1)
			code |= 0x8;
		if (hasCh2)
			code |= 0x4;
		if (hasCh3)
			code |= 0x2;
		if (hasCh4)
			code |= 0x1;
		
		return code;
	}
}",5
"public class COUNTCHANNELSINBITMASK {

	public static int countChannelsInBitmask(byte channelBitmask) {
		int temp = channelBitmask; 
		int result = 0; 
		while (temp > 0) { 
			result += temp & 0x01; 
			temp = temp >> 1; 
		} 
		return result; 
	}
}",2
"public class CONVERTTEMPO {

    public static double convertTempo(double tempo) {
        if (tempo <= 0) {
            tempo = 1;
        }
        return ((double) 60000000l) / tempo;
    }
}",2
"public class TICKS2MICROSEC {

    public static long ticks2microsec(long tick, double tempoMPQ, int resolution) {
        return (long) (((double) tick) * tempoMPQ / resolution);
    }
}",1
"public class MICROSEC2TICKS {

    public static long microsec2ticks(long us, double tempoMPQ, int resolution) {
        // do not round to nearest tick
        //return (long) Math.round((((double)us) * resolution) / tempoMPQ);
        return (long) ((((double)us) * resolution) / tempoMPQ);
    }
}",1
"public class ISBETWEEN {

	private static boolean isBetween (double a, double b, double c)
	{
		return b > a ? c >= a && c <= b : c >= b && c <= a;
	}
}",3
"public class EQUALS {

	private static boolean equals (double a, double b, double limit)
	{
		return Math.abs (a - b) < limit;
	}
}",1
"public class MIN {

	private static double min (double a, double b, double c, double d)
	{
		return Math.min (Math.min (a, b), Math.min (c, d));
	}
}",1
"public class MAX {

	private static double max (double a, double b, double c, double d)
	{
		return Math.max (Math.max (a, b), Math.max (c, d));
	}
}",1
"public class ISPOINTINSIDERECTANGLE {

	public static boolean isPointInsideRectangle (int x0, int y0, int x1, int y1,
			int x, int y)
	{
		return x >= x0 && x < x1 && y >= y0 && y < y1;
	}
}",4
"public class LENGTH {

	public static double length (double x0, double y0, double x1, double y1)
	{
		double dx = x1 - x0;
		double dy = y1 - y0;

		return Math.sqrt (dx*dx + dy*dy);
	}
}",1
"public class COMPUTEANGLEOFLINEBETWEENTWOPOINTS {

    public static double computeAngleOfLineBetweenTwoPoints(double x0, double y0, double x1, double y1)
    {
        double xDiff = x1 - x0;
        double yDiff = y1 - y0;
        //return Math.toDegrees(Math.atan2(yDiff, xDiff));
        return Math.atan2(yDiff, xDiff);
    }
}",1
"public class READNTHBYTE {

	public static byte readNthByte(long l, int n)
	{
		return (byte) (0xFF & (l >> (n * Byte.SIZE)));
	}
}",1
"public class ISREQUEST {

	public static boolean isRequest(int code) {
		return (code >= 1) && (code <= 31);
	}
}",2
"public class ISRESPONSE {

	public static boolean isResponse(int code) {

		return (code >= 64) && (code <= 191);
	}
}",2
"public class ISVALID {

	public static boolean isValid(int code) {
		//return ((code >= 0) && (code <= 31)) || ((code >= 64) && (code <= 191));
		return (code >= 0) && (code <= 255); // allow unknown custom codes
	}
}",2
"public class RESPONSECLASS {

	public static int responseClass(int code) {
		return (code >> 5) & 0x7;
	}
}",1
"public class DEHEXCHAR {

    public static int dehexchar(char c) {
        if (c >= '0' && c <= '9') {
            return c - '0';
        }
        if (c >= 'A' && c <= 'F') {
            return c - ('A' - 10);
        }
        if (c >= 'a' && c <= 'f') {
            return c - ('a' - 10);
        }
        return -1;
    }
}",7
"public class RANDOM {

  public static int random(int network, int mask) {
    // the bits that get randomized are the inverse of the mask
    int rbits = ~mask;

    int random = network + (int)(rbits * Math.random()) + 1;

    return random;
  }
}",1
"public class TEST {

  private static boolean test(float probability) {
    double r = Math.random();
    return r < probability;
  }
}",1
"public class NIBBLETODIGIT {

  public static char nibbleToDigit(byte x) {
    char c = (char)(x & 0xf); // mask low nibble
    return(c > 9 ? (char)(c - 10 + 'a') : (char)(c + '0')); // int to hex char
  }
}",1
"public class ISSUPPLEMENTAL {

    public static boolean isSupplemental(int c) {
        return (c >= 0x10000 && c <= 0x10FFFF);
    }
}",2
"public class SUPPLEMENTAL {

    public static int supplemental(char h, char l) {
        return (h - 0xD800) * 0x400 + (l - 0xDC00) + 0x10000;
    }
}",1
"public class HIGHSURROGATE {

    public static char highSurrogate(int c) {
        return (char) (((c - 0x00010000) >> 10) + 0xD800);
    }
}",1
"public class LOWSURROGATE {

    public static char lowSurrogate(int c) {
        return (char) (((c - 0x00010000) & 0x3FF) + 0xDC00);
    }
}",1
"public class ISHIGHSURROGATE {

    public static boolean isHighSurrogate(int c) {
        return (0xD800 <= c && c <= 0xDBFF);
    }
}",2
"public class ISLOWSURROGATE {

    public static boolean isLowSurrogate(int c) {
        return (0xDC00 <= c && c <= 0xDFFF);
    }
}",2
"public class ISMARKUP {

    public static boolean isMarkup(int c) {
        return c == '<' || c == '&' || c == '%';
    }
}",3
"public class UTILIZATION {

    public static int utilization(long obsoleteSize, long totalSize) {
        if (totalSize != 0) {
            return (int) (((totalSize - obsoleteSize) * 100) / totalSize);
        } else {
            return 0;
        }
    }
}",2
"public class Getlsnofin {

    public long getlsnofin(long lastReadLsn) {
        return lastReadLsn;
    }
}",1
"public class ISSOUGHTNODE {

    protected boolean isSoughtNode(long nid, boolean updateGeneration) {
        return false;
    }
}",1
"public class CANBEANCESTOR {

    protected boolean canBeAncestor(boolean targetContainsDuplicates) {
        return false;
    }
}",1
"public class MICROSTOMILLIS {

    public static long microsToMillis(long micros) {
        return (micros + 999) / 1000;
    }
}",1
"public class Keypressed {

	public boolean keypressed(int key) {
		return false;
	}
}",1
"public class INTEGERPARTLEN {

    private int integerPartLen(double x) {
        return 1 + (int) Math.log10( Math.abs(x) );
    }
}",1
"public class DEHEXCHAR {

    public static int dehexchar(char c) {
        if (c >= '0' && c <= '9') {
            return c - '0';
        }
        if (c >= 'A' && c <= 'F') {
            return c - ('A' - 10);
        }
        if (c >= 'a' && c <= 'f') {
            return c - ('a' - 10);
        }
        return -1;
    }
}",7
"public class GETRANDOMNUMBER {

	private long getRandomNumber(int theLength) {
		return (long) (Math.random() * Math.pow(10, theLength));
	}
}",1
"public class COMPAREBOOL {

	private int compareBool(boolean b1, boolean b2) {
		if (b1 == b2)
			return 0; // Both equal
		if (b1)
			return 1; // b1 = true, b2 = false
		return -1; // b1 = false, b2 = true;
	}
}",3
"public class ISALPHANUMERIC {

	public static boolean isAlphaNumeric(char c) {
		return ((c >= 'a' && c <= 'z')
			|| (c >= 'A' && c <= 'Z')
			|| (c >= '0' && c <= '9'));
	}
}",6
"public class ISPUNCTUATION {

	public static boolean isPunctuation(char c) {
		return (c == '.' || c == ',' || c == '!' || c == '?' || c == ':'
				|| c == ';' || c == '[' || c == ']' || c == '(' || c == ')'
				|| c == '{' || c == '}');
	}
}",12
"public class ROUND {

  public static double round(double x) {
    return Math.floor(x + 0.5d);
  }
}",1
"public class MAX {

  public static int max(int a, int b, int c) {
    int ma;
    ma = a;
    if (b > ma) {
      ma = b;
    }
    if (c > ma) {
      ma = c;
    }
    return ma;
  }
}",3
"public class LGAMMA {

  public static double lgamma(double x) {
    double[] cof = {76.18009172947146, -86.50532032941677,
      24.01409824083091,-1.231739572450155,
      0.1208650973866179e-2,-0.5395239384953e-5};
    double y, ser, tmp;
    y = x;
    tmp = x + 5.5;
    tmp -= ((x + 0.5) * Math.log(tmp));
    ser = 1.000000000190015;
    for (int j = 0; j < 6; j += 1) {
      y += 1;
      ser += (cof[j] / y);
    }
    return (-tmp + Math.log(2.5066282746310005*ser / x));
  }
}",2
"public class MIN {

  public static int min(int a, int b, int c) {
    int mi;

    mi = a;
    if (b < mi) {
      mi = b;
    }
    if (c < mi) {
      mi = c;
    }
    return mi;

  }
}",3
"public class MAX {

  public static float max(float a, float b) {
    return (a >= b) ? a : b;
  }
}",1
"public class MAX {

  public static double max(double a, double b) {
    return (a >= b) ? a : b;
  }
}",1
"public class MIN {

  public static float min(float a, float b) {
    return (a <= b) ? a : b;
  }
}",1
"public class MIN {

  public static double min(double a, double b) {
    return (a <= b) ? a : b;
  }
}",1
"public class ISDANGEROUS {

  public static boolean isDangerous(double d) {
    return Double.isInfinite(d) || Double.isNaN(d) || d == 0.0;
  }
}",3
"public class ISVERYDANGEROUS {

  public static boolean isVeryDangerous(double d) {
    return Double.isInfinite(d) || Double.isNaN(d);
  }
}",2
"public class LOG {

  public static double log(double num, double base) {
    return Math.log(num)/Math.log(base);
  }
}",1
"public class NCHOOSEK {

  public static int nChooseK(int n, int k) {
    k = Math.min(k, n - k);
    if (k == 0) {
      return 1;
    }
    int accum = n;
    for (int i = 1; i < k; i++) {
      accum *= (n - i);
      accum /= i;
    }
    return accum / k;
  }
}",3
"public class POW {

  public static double pow(final double a, final double b) {
    final int x = (int) (Double.doubleToLongBits(a) >> 32);
    final int y = (int) (b * (x - 1072632447) + 1072632447);
    return Double.longBitsToDouble(((long) y) << 32);
  }
}",1
"public class INTPOW {

  public static int intPow(int b, int e) {
    int result = 1;
    int currPow = b;
    while (e > 0) {
      if ((e & 1) != 0) { result *= currPow; }
      currPow = currPow * currPow;
      e >>= 1;
    }
    return result;
  }
}",3
"public class INTPOW {

  public static float intPow(float b, int e) {
    float result = 1.0f;
    float currPow = b;
    while (e > 0) {
      if ((e & 1) != 0) { result *= currPow; }
      currPow = currPow * currPow;
      e >>= 1;
    }
    return result;
  }
}",3
"public class INTPOW {

  public static double intPow(double b, int e) {
    double result = 1.0;
    double currPow = b;
     while (e > 0) {
      if ((e & 1) != 0) { result *= currPow; }
      currPow = currPow * currPow;
      e >>= 1;
    }
    return result;
  }
}",3
"public class HYPERGEOMETRIC {

  public static double hypergeometric(int k, int n, int r, int m) {
    if (k < 0 || r > n || m > n || n <= 0 || m < 0 || r < 0) {
      throw new IllegalArgumentException(""Invalid hypergeometric"");
    }

    // exploit symmetry of problem
    if (m > n / 2) {
      m = n - m;
      k = r - k;
    }
    if (r > n / 2) {
      r = n - r;
      k = m - k;
    }
    if (m > r) {
      int temp = m;
      m = r;
      r = temp;
    }
    // now we have that k <= m <= r <= n/2

    if (k < (m + r) - n || k > m) {
      return 0.0;
    }

    // Do limit cases explicitly
    // It's unclear whether this is a good idea.  I put it in fearing
    // numerical errors when the numbers seemed off, but actually there
    // was a bug in the Fisher's exact routine.
    if (r == n) {
      if (k == m) {
        return 1.0;
      } else {
        return 0.0;
      }
    } else if (r == n - 1) {
      if (k == m) {
        return (n - m) / (double) n;
      } else if (k == m - 1) {
        return m / (double) n;
      } else {
        return 0.0;
      }
    } else if (m == 1) {
      if (k == 0) {
        return (n - r) / (double) n;
      } else if (k == 1) {
        return r / (double) n;
      } else {
        return 0.0;
      }
    } else if (m == 0) {
      if (k == 0) {
        return 1.0;
      } else {
        return 0.0;
      }
    } else if (k == 0) {
      double ans = 1.0;
      for (int m0 = 0; m0 < m; m0++) {
        ans *= ((n - r) - m0);
        ans /= (n - m0);
      }
      return ans;
    }

    double ans = 1.0;
    // do (n-r)x...x((n-r)-((m-k)-1))/n x...x (n-((m-k-1)))
    // leaving rest of denominator to get to multimply by (n-(m-1))
    // that's k things which goes into next loop
    for (int nr = n - r, n0 = n; nr > (n - r) - (m - k); nr--, n0--) {
      // System.out.println(""Multiplying by "" + nr);
      ans *= nr;
      // System.out.println(""Dividing by "" + n0);
      ans /= n0;
    }
    // System.out.println(""Done phase 1"");
    for (int k0 = 0; k0 < k; k0++) {
      ans *= (m - k0);
      // System.out.println(""Multiplying by "" + (m-k0));
      ans /= ((n - (m - k0)) + 1);
      // System.out.println(""Dividing by "" + ((n-(m+k0)+1)));
      ans *= (r - k0);
      // System.out.println(""Multiplying by "" + (r-k0));
      ans /= (k0 + 1);
      // System.out.println(""Dividing by "" + (k0+1));
    }
    return ans;
  }
}",26
"public class EXACTBINOMIAL {

  public static double exactBinomial(int k, int n, double p) {
    double total = 0.0;
    for (int m = k; m <= n; m++) {
      double nChooseM = 1.0;
      for (int r = 1; r <= m; r++) {
        nChooseM *= (n - r) + 1;
        nChooseM /= r;
      }
      // System.out.println(n + "" choose "" + m + "" is "" + nChooseM);
      // System.out.println(""prob contribution is "" +
      //	       (nChooseM * Math.pow(p, m) * Math.pow(1.0-p, n - m)));
      total += nChooseM * Math.pow(p, m) * Math.pow(1.0 - p, n - m);
    }
    return total;
  }
}",3
"public class CHISQUARE2BY2 {

  public static double chiSquare2by2(int k, int n, int r, int m) {
    int[][] cg = {{k, r - k}, {m - k, n - (k + (r - k) + (m - k))}};
    int[] cgr = {r, n - r};
    int[] cgc = {m, n - m};
    double total = 0.0;
    for (int i = 0; i < 2; i++) {
      for (int j = 0; j < 2; j++) {
        double exp = (double) cgr[i] * cgc[j] / n;
        total += (cg[i][j] - exp) * (cg[i][j] - exp) / exp;
      }
    }
    return total;
  }
}",3
"public class SIGMOID {

  public static double sigmoid(double x) {
    if (x<0) {
      double num = Math.exp(x);
      return num / (1.0 + num);
    }
    else {
      double den = 1.0 + Math.exp(-x);
      return 1.0 / den;
    }
  }
}",2
"public class FACTORIAL {

  public static double factorial(int x) {
    double result = 1.0;
    for (int i=x; i>1; i--) {
      result *= i;
    }
    return result;
  }
}",2
"public class BEFORESAVE {

	protected boolean beforeSave (boolean newRecord)
	{
		/*if (getAD_Org_ID() != 0)
			setAD_Org_ID(0);*/
		return true;
	}
}",1
"public class BEFORESAVE {

	protected boolean beforeSave (boolean newRecord)
	{
		return true;
	}
}",1
"public class FLOATALPHATOINTALPHA {

	public static int floatAlphaToIntAlpha(float alpha) {
		if(alpha < 0f || alpha > 1f) {
			throw new IllegalArgumentException(""alpha must be between 0f and 1f. value: "" + alpha);
		}
		return (int) (255 * alpha);
	}
}",3
"public class Compile {

    public boolean compile(char c) {
        if ((c == '\b') || (c == '\f') | (c == '\t') || (c == '\n') || (c == '\r') || (c == '""') || (c == '\\') || (c == '/')
            || (c == ']') || // ] - to avoid conflicts in CDATA
            (c == '<') || // - escape HTML markup characters
            (c == '>') || // - HTML
            (c == '&') || // - HTML
            (c == '-') || // - HTML comments
            (c < 0x20) || // See <http://www.w3.org/TR/REC-xml#charsets>
            ((c > 0xd7ff) && (c < 0xe000)) || (c > 0xfffd) || (c > 0xff)) {
            return false;
        }

        return true;
    }
}",18
"public class Getitemid {

        public long getitemid(int position) {
            return position;
        }
}",1
"public class Shouldadjustaxis {

        public int shouldadjustaxis(long value) {
            // time axis never adjusts
            return 0;
        }
}",1
"public class Roundfloor {

    public long roundfloor(long instant) {
        return Long.MIN_VALUE;
    }
}",1
"public class Roundceiling {

    public long roundceiling(long instant) {
        return Long.MAX_VALUE;
    }
}",1
"public class Roundhalffloor {

    public long roundhalffloor(long instant) {
        return Long.MIN_VALUE;
    }
}",1
"public class Roundhalfceiling {

    public long roundhalfceiling(long instant) {
        return Long.MIN_VALUE;
    }
}",1
"public class Roundhalfeven {

    public long roundhalfeven(long instant) {
        return Long.MIN_VALUE;
    }
}",1
"public class Isleap {

    public boolean isleap(long instant) {
        return false;
    }
}",1
"public class Getleapamount {

    public int getleapamount(long instant) {
        return 0;
    }
}",1
"public class SAFENEGATE {

    public static int safeNegate(int value) {
        if (value == Integer.MIN_VALUE) {
            throw new ArithmeticException(""Integer.MIN_VALUE cannot be negated"");
        }
        return -value;
    }
}",2
"public class SAFEADD {

    public static int safeAdd(int val1, int val2) {
        int sum = val1 + val2;
        // If there is a sign change, but the two values have the same sign...
        if ((val1 ^ sum) < 0 && (val1 ^ val2) >= 0) {
            throw new ArithmeticException
                (""The calculation caused an overflow: "" + val1 + "" + "" + val2);
        }
        return sum;
    }
}",3
"public class SAFEADD {

    public static long safeAdd(long val1, long val2) {
        long sum = val1 + val2;
        // If there is a sign change, but the two values have the same sign...
        if ((val1 ^ sum) < 0 && (val1 ^ val2) >= 0) {
            throw new ArithmeticException
                (""The calculation caused an overflow: "" + val1 + "" + "" + val2);
        }
        return sum;
    }
}",3
"public class SAFESUBTRACT {

    public static long safeSubtract(long val1, long val2) {
        long diff = val1 - val2;
        // If there is a sign change, but the two values have different signs...
        if ((val1 ^ diff) < 0 && (val1 ^ val2) < 0) {
            throw new ArithmeticException
                (""The calculation caused an overflow: "" + val1 + "" - "" + val2);
        }
        return diff;
    }
}",3
"public class SAFEMULTIPLY {

    public static int safeMultiply(int val1, int val2) {
        long total = (long) val1 * (long) val2;
        if (total < Integer.MIN_VALUE || total > Integer.MAX_VALUE) {
            throw new ArithmeticException
                (""The calculation caused an overflow: "" + val1 + "" * "" + val2);
        }
        return (int) total;
    }
}",3
"public class SAFEMULTIPLY {

    public static long safeMultiply(long val1, int scalar) {
        switch (scalar) {
        case -1:
            return -val1;
        case 0:
            return 0L;
        case 1:
            return val1;
        }
        long total = val1 * scalar;
        if (total / scalar != val1) {
            throw new ArithmeticException
                (""The calculation caused an overflow: "" + val1 + "" * "" + scalar);
        }
        return total;
    }
}",3
"public class SAFEMULTIPLY {

    public static long safeMultiply(long val1, long val2) {
        if (val2 == 1) {
            return val1;
        }
        if (val2 == 0) {
            return 0;
        }
        long total = val1 * val2;
        if (total / val2 != val1) {
            throw new ArithmeticException
                (""The calculation caused an overflow: "" + val1 + "" * "" + val2);
        }
        return total;
    }
}",4
"public class SAFETOINT {

    public static int safeToInt(long value) {
        if (Integer.MIN_VALUE <= value && value <= Integer.MAX_VALUE) {
            return (int) value;
        }
        throw new ArithmeticException(""Value cannot fit in an int: "" + value);
    }
}",3
"public class GETWRAPPEDVALUE {

    public static int getWrappedValue(int value, int minValue, int maxValue) {
        if (minValue >= maxValue) {
            throw new IllegalArgumentException(""MIN > MAX"");
        }

        int wrapRange = maxValue - minValue + 1;
        value -= minValue;

        if (value >= 0) {
            return (value % wrapRange) + minValue;
        }

        int remByRange = (-value) % wrapRange;

        if (remByRange == 0) {
            return 0 + minValue;
        }
        return (wrapRange - remByRange) + minValue;
    }
}",4
"public class Getminimumvalue {

    public int getminimumvalue(long instant) {
        return 1;
    }
}",1
"public class DIV {

    static long div(long dividend, long divisor) {
        if (divisor < 0) {
            throw new IllegalArgumentException(""divisor must be positive: "" + divisor);
        }
        if (dividend >= 0) {
            return dividend / divisor;
        } else {
            return (dividend + 1) / divisor - 1;
        }
    }
}",3
"public class MOD {

    static long mod(long dividend, long divisor) {
        if (divisor < 0) {
            throw new IllegalArgumentException(""divisor must be positive: "" + divisor);
        }
        if (dividend >= 0) {
            return dividend % divisor;
        } else {
            return (dividend + 1) % divisor - 1 + divisor;
        }
    }
}",3
"public class CONSTRAIN {

    public static int constrain(int amount, int low, int high) {
        return amount < low ? low : (amount > high ? high : amount);
    }
}",1
"public class CONSTRAIN {

    public static float constrain(float amount, float low, float high) {
        return amount < low ? low : (amount > high ? high : amount);
    }
}",1
"public class BYTETOLONG {

        private long byteToLong(byte b) {
            long val = b & 0x7F;
            if ((b & 0x80) != 0) {
                val += 128;
            }
            return val;
        }
}",2
"public class ISSUPPLEMENTAL {

     public static boolean isSupplemental(int c) {
         return (c >= 0x10000 && c <= 0x10FFFF);
     }
}",2
"public class SUPPLEMENTAL {

     public static int supplemental(char h, char l) {
         return (h - 0xD800) * 0x400 + (l - 0xDC00) + 0x10000;
     }
}",1
"public class HIGHSURROGATE {

     public static char highSurrogate(int c) {
         return (char) (((c - 0x00010000) >> 10) + 0xD800);
     }
}",1
"public class LOWSURROGATE {

     public static char lowSurrogate(int c) {
         return (char) (((c - 0x00010000) & 0x3FF) + 0xDC00);
     }
}",1
"public class ISHIGHSURROGATE {

     public static boolean isHighSurrogate(int c) {
         return (0xD800 <= c && c <= 0xDBFF);
     }
}",2
"public class ISLOWSURROGATE {

     public static boolean isLowSurrogate(int c) {
         return (0xDC00 <= c && c <= 0xDFFF);
     }
}",2
"public class ISMARKUP {

     public static boolean isMarkup(int c) {
         return c == '<' || c == '&' || c == '%';
     }
}",3
"public class Canbannerdisplay {

    public boolean canbannerdisplay(int bannerId)
	{
    	return true;
	}
}",1
"public class Candelete {

	public boolean candelete(int categoryId) {
		return false;
	}
}",1
"public class Getlastrowidx {

	public int getlastrowidx(int startIdx, int length) {
		return startIdx + length;
	}
}",1
"public class Getlastrowidx {

	public int getlastrowidx(int startIdx, int length) {
		return length;
	}
}",1
"public class Getlastrowidx {

	public int getlastrowidx(int startIdx, int length) {
		return length;
	}
}",1
"public class ISMIN {

  private int isMin(int last_index, int x)
  {
    if (x == -1)
      return last_index;
    if (last_index <= x)
      return last_index;
    else
      return x;
  }
}",3
"public class ZETASTATIC {

	static double zetastatic(long st, long n, double theta, double initialsum) {
		double sum = initialsum;
		for (long i = st; i < n; i++) {

			sum += 1 / (Math.pow(i + 1, theta));
		}

		// System.out.println(""countforzeta=""+countforzeta);

		return sum;
	}
}",2
"public class REHASH {

    private static int rehash(int h) {
        // Spread bits to regularize both segment and index locations,
        // using variant of single-word Wang/Jenkins hash.
        h += (h << 15) ^ 0xffffcd7d;
        h ^= (h >>> 10);
        h += (h << 3);
        h ^= (h >>> 6);
        h += (h << 2) + (h << 14);
        return h ^ (h >>> 16);
    }
}",1
"public class Getitemid {

    public long getitemid(int pos) {
        return pos;
    }
}",1
"public class SPRAWDZ {

        public static boolean sprawdz(double v0, double h0, double kat, double waga, 
                double opor, double krok, int ileKrokow)
        {
            if (waga <= 0) return false;
            if (krok <= Math.pow(10, -8) && ileKrokow <= 0) return false;
            if (opor < 0) return false;
            if (v0 < 0) return false;
            if (h0 < 0) return false;
            if (kat < 0 || kat > 90) return false;
                return true;
        }
}",9
"public class CHAR {

    public static char CHAR(int i) {
        return Character.forDigit(i, 10);
    }
}",1
"public class FIX {

    public static long FIX(double d) {
        return Math.round(d);
    }
}",1
"public class ABS {

    public static double ABS(double a) {
        return Math.abs(a);
    }
}",1
"public class ACOS {

    public static double ACOS(double a) {
        return Math.acos(a);
    }
}",1
"public class ASIN {

    public static double ASIN(double a) {
        return Math.asin(a);
    }
}",1
"public class ATAN {

    public static double ATAN(double a) {
        return Math.atan(a);
    }
}",1
"public class BITAND {

    public static int BITAND(int a, int b) {
        return a & b;
    }
}",1
"public class BITNOT {

    public static int BITNOT(int a) {
        return ~a;
    }
}",1
"public class BITOR {

    public static int BITOR(int a, int b) {
        return a | b;
    }
}",1
"public class BITXOR {

    public static int BITXOR(int a, int b) {
        return a ^ b;
    }
}",1
"public class COS {

    public static double COS(double a) {
        return Math.cos(a);
    }
}",1
"public class COSH {

    public static double COSH(double a) {
        return Math.cosh(a);
    }
}",1
"public class DIV {

    public static int DIV(double a, double b) {
        return (int) (a / b);
    }
}",1
"public class EXP {

    public static double EXP(double a) {
        return Math.exp(a);
    }
}",1
"public class LN {

    public static double LN(double a) {
        return Math.log(a) / Math.E;
    }
}",1
"public class MOD {

    public static double MOD(double a, double b) {
        return a % b;
    }
}",1
"public class NEG {

    public static double NEG(double a) {
        return -1 * a;
    }
}",1
"public class RND {

    public static double RND(double a) {
        return Math.random() * a;
    }
}",1
"public class SDIV {

    public static int SDIV(int a, int b) {
        return (int) (a / b);
    }
}",1
"public class SIN {

    public static double SIN(double a) {
        return Math.sin(a);
    }
}",1
"public class SINH {

    public static double SINH(double a) {
        return Math.sinh(a);
    }
}",1
"public class SQRT {

    public static double SQRT(double a) {
        return Math.sqrt(a);
    }
}",1
"public class TAN {

    public static double TAN(double a) {
        return Math.tan(a);
    }
}",1
"public class TANH {

    public static double TANH(double a) {
        return Math.tanh(a);
    }
}",1
"public class NOT {

    public static boolean NOT(boolean expression) {
        return !expression;
    }
}",1
"public class MIN {

    private int min(int a, int b) {
        if (a < b)
            return a;
        return b;
    }
}",2
"public class DEHEXCHAR {

    public static int dehexchar(char c) {
        if (c >= '0' && c <= '9') {
            return c - '0';
        }
        if (c >= 'A' && c <= 'F') {
            return c - ('A' - 10);
        }
        if (c >= 'a' && c <= 'f') {
            return c - ('a' - 10);
        }
        return -1;
    }
}",7
"public class BOOLEAN2BOOLEAN {

    public static boolean boolean2boolean(boolean o) {
        return o;
    }
}",1
"public class BYTE2BYTE {

    public static byte byte2byte(byte o) {
        return o;
    }
}",1
"public class BYTE2CHAR {

    public static char byte2char(byte o) {
        return (char) o;
    }
}",1
"public class BYTE2DOUBLE {

    public static double byte2double(byte o) {
        return (double) o;
    }
}",1
"public class BYTE2FLOAT {

    public static float byte2float(byte o) {
        return (float) o;
    }
}",1
"public class BYTE2INT {

    public static int byte2int(byte o) {
        return (int) o;
    }
}",1
"public class BYTE2LONG {

    public static long byte2long(byte o) {
        return (long) o;
    }
}",1
"public class BYTE2SHORT {

    public static short byte2short(byte o) {
        return (short) o;
    }
}",1
"public class CHAR2BYTE {

    public static byte char2byte(char o) {
        return (byte) o;
    }
}",1
"public class CHAR2CHAR {

    public static char char2char(char o) {
        return o;
    }
}",1
"public class CHAR2DOUBLE {

    public static double char2double(char o) {
        return (double) o;
    }
}",1
"public class CHAR2FLOAT {

    public static float char2float(char o) {
        return (float) o;
    }
}",1
"public class CHAR2INT {

    public static int char2int(char o) {
        return (int) o;
    }
}",1
"public class CHAR2LONG {

    public static long char2long(char o) {
        return (long) o;
    }
}",1
"public class CHAR2SHORT {

    public static short char2short(char o) {
        return (short) o;
    }
}",1
"public class DOUBLE2BYTE {

    public static byte double2byte(double o) {
        return (byte) o;
    }
}",1
"public class DOUBLE2CHAR {

    public static char double2char(double o) {
        return (char) o;
    }
}",1
"public class DOUBLE2DOUBLE {

    public static double double2double(double o) {
        return o;
    }
}",1
"public class DOUBLE2FLOAT {

    public static float double2float(double o) {
        return (float) o;
    }
}",1
"public class DOUBLE2INT {

    public static int double2int(double o) {
        return (int) o;
    }
}",1
"public class DOUBLE2LONG {

    public static long double2long(double o) {
        return (long) o;
    }
}",1
"public class DOUBLE2SHORT {

    public static short double2short(double o) {
        return (short) o;
    }
}",1
"public class FLOAT2BYTE {

    public static byte float2byte(float o) {
        return (byte) o;
    }
}",1
"public class FLOAT2CHAR {

    public static char float2char(float o) {
        return (char) o;
    }
}",1
"public class FLOAT2DOUBLE {

    public static double float2double(float o) {
        return (double) o;
    }
}",1
"public class FLOAT2FLOAT {

    public static float float2float(float o) {
        return o;
    }
}",1
"public class FLOAT2INT {

    public static int float2int(float o) {
        return (int) o;
    }
}",1
"public class FLOAT2LONG {

    public static long float2long(float o) {
        return (long) o;
    }
}",1
"public class FLOAT2SHORT {

    public static short float2short(float o) {
        return (short) o;
    }
}",1
"public class INT2BYTE {

    public static byte int2byte(int o) {
        return (byte) o;
    }
}",1
"public class INT2CHAR {

    public static char int2char(int o) {
        return (char) o;
    }
}",1
"public class INT2DOUBLE {

    public static double int2double(int o) {
        return (double) o;
    }
}",1
"public class INT2FLOAT {

    public static float int2float(int o) {
        return (float) o;
    }
}",1
"public class INT2INT {

    public static int int2int(int o) {
        return o;
    }
}",1
"public class INT2LONG {

    public static long int2long(int o) {
        return (long) o;
    }
}",1
"public class INT2SHORT {

    public static short int2short(int o) {
        return (short) o;
    }
}",1
"public class LONG2BYTE {

    public static byte long2byte(long o) {
        return (byte) o;
    }
}",1
"public class LONG2CHAR {

    public static char long2char(long o) {
        return (char) o;
    }
}",1
"public class LONG2DOUBLE {

    public static double long2double(long o) {
        return (double) o;
    }
}",1
"public class LONG2FLOAT {

    public static float long2float(long o) {
        return (float) o;
    }
}",1
"public class LONG2INT {

    public static int long2int(long o) {
        return (int) o;
    }
}",1
"public class LONG2LONG {

    public static long long2long(long o) {
        return o;
    }
}",1
"public class LONG2SHORT {

    public static short long2short(long o) {
        return (short) o;
    }
}",1
"public class SHORT2BYTE {

    public static byte short2byte(short o) {
        return (byte) o;
    }
}",1
"public class SHORT2CHAR {

    public static char short2char(short o) {
        return (char) o;
    }
}",1
"public class SHORT2DOUBLE {

    public static double short2double(short o) {
        return (double) o;
    }
}",1
"public class SHORT2FLOAT {

    public static float short2float(short o) {
        return (float) o;
    }
}",1
"public class SHORT2INT {

    public static int short2int(short o) {
        return (int) o;
    }
}",1
"public class SHORT2LONG {

    public static long short2long(short o) {
        return (long) o;
    }
}",1
"public class SHORT2SHORT {

    public static short short2short(short o) {
        return o;
    }
}",1
"public class HASH {

	public static int hash( int aSeed , float aFloat ) {
		return hash( aSeed, Float.floatToIntBits(aFloat) );
	}
}",1
"public class HASH {

	public static int hash( int aSeed , double aDouble ) {
		return hash( aSeed, Double.doubleToLongBits(aDouble) );
	}
}",1
"public class ISVALIDBYTE {

	private boolean isValidByte(long num)
	{
		if (num>255||num<-127)
			return false;

		return true;

	}
}",3
"public class HASEXPIREDMILLIS {

    public static boolean hasExpiredMillis(long now, long eventTime, long timeBuffer) {
        return (eventTime + timeBuffer) < now;
    }
}",1
"public class Getmove {
    	public int getmove(int Place1,int Place2) { 
		if ((Place1 - Place2) == 0) {
            return 0;
		} else if ((Place1 - Place2) < 0) {
			return 1;
		} else if ((Place1 - Place2) > 0) {
			return -1;
		}
        	return 0;
   	 }
}",4
"public class Tosrgb {

	public double tosrgb(double v)
		{
		double a=0.055;
		if(v<0.0031308)
			return 12.92*v;
		else
			return (1+a)*Math.pow(v,1/2.4)-a;
		}
}",2
"public class Toxyz {

	public double toxyz(double v)
		{
		double a=0.055;
		if(v<0.04045)
			return v/12.92;
		else
			return Math.pow((v+a)/a,2.4);
		}
}",2
"public class CALCMIDCOORDINATE {

	public static double calcMidCoordinate(int w)
		{
		return (w-1)/2.0;
		}
}",1
"public class W2sz {

	public double w2sz(double z)
		{
		return z;
		}
}",1
"public class S2wz {

	public double s2wz(double sz) 
		{
		return sz;
		}
}",1
"public class Povxaxis {

	public double povxaxis(double in)
		{
		if(in==0.125 || in==0.875 || in==1) return -1;
		else if(in==0.375 || in==0.25 || in==0.625) return 1;
		return 0;
		}
}",7
"public class Povyaxis {

	public double povyaxis(double in)
		{
		if(in==0.125 || in==0.25 || in==0.375) return -1;
		else if(in==0.625 || in==0.75 || in==0.825) return 1;
		return 0;
		}
}",7
"public class Scalescreendistx {

		public double scalescreendistx(double x)
			{
			return x;
			}
}",1
"public class SUITABLEPOWER2 {

	public static int suitablePower2(int s)
		{
//		return 128;
		if(s>380) return 512;
		else if(s>192) return 256;
		else if(s>96) return 128;
		else if(s>48) return 64;
		else if(s>24) return 32;
		else if(s>12) return 16;
		else if(s>6) return 8;
		else return 4;
		}
}",8
"public class SUITABLEPOWER2 {

	private static int suitablePower2(int s)
		{
		//An option to restrict max texture size would be good
//		if(true)return 256;
		
		if(s>380) return 512;
		else if(s>192) return 256;
		else if(s>96) return 128;
		else if(s>48) return 64;
		else if(s>24) return 32;
		else if(s>12) return 16;
		else if(s>6) return 8;
		else return 4;
		}
}",8
"public class CEILPOWER2 {

	public static int ceilPower2(int s)
		{
		if(s>1024)
			{
			double log2=Math.log(2);
			double x=Math.ceil(Math.log(s)/log2);
			int v=(int)Math.exp(Math.log(2)*x);
			System.out.println(""ceilpow2 ""+s+"" => ""+v);
			return v;
			}
		else if(s>512) return 1024;
		else if(s>256) return 512;
		else if(s>128) return 256;
		else if(s>64) return 128;
		else if(s>32) return 64;
		else if(s>16) return 32;
		else if(s>8) return 16;
		else if(s>4) return 8;
		else return 4;
		}
}",10
"public class ISINSIDETRIANGLE {

	private static boolean isInsideTriangle(double Ax, double Ay,
      double Bx, double By,
      double Cx, double Cy,
      double Px, double Py)

		{
		double ax, ay, bx, by, cx, cy, apx, apy, bpx, bpy, cpx, cpy;
		double cCROSSap, bCROSScp, aCROSSbp;
		
		ax = Cx - Bx;  ay = Cy - By;
		bx = Ax - Cx;  by = Ay - Cy;
		cx = Bx - Ax;  cy = By - Ay;
		apx= Px - Ax;  apy= Py - Ay;
		bpx= Px - Bx;  bpy= Py - By;
		cpx= Px - Cx;  cpy= Py - Cy;
		
		aCROSSbp = ax*bpy - ay*bpx;
		cCROSSap = cx*apy - cy*apx;
		bCROSScp = bx*cpy - by*cpx;
		
		return ((aCROSSbp >= 0.0f) && (bCROSScp >= 0.0f) && (cCROSSap >= 0.0f));
		}
}",3
"public class TRIANGLEAREAUSINGSIDES {

	public static double triangleAreaUsingSides(double a, double b, double c)
		{
		double s=(a+b+c)/2;
		return Math.sqrt(s*(s-a)*(s-b)*(s-c));
		}
}",1
"public class INTERPOLATELINEAR {

	public static double interpolateLinear(double x1, double y1, double x2, double y2, double x)
		{
		double s=(x-x1)/(x2-x1);
		return s*y2+(1.0-s)*y1;
		}
}",1
"public class UNBIASEDVARIANCE {

	public static double unbiasedVariance(double sum, double sum2, int n)
		{
		int n1=n-1;
		return sum2/n1 - sum*sum/(n1*n);
		}
}",1
"public class BIASEDVARIANCE {

	public static double biasedVariance(double sumx, double sumxx, double n)
		{
		return (sumxx - sumx*sumx/n)/n;
//		return sum2/n - sum*sum/(n*n);
		}
}",1
"public class BIASEDCOVARIANCE {

	public static double biasedCovariance(double sumx, double sumy, double sumxy, double n)
		{
//		return (sumxy - 2*sumx*sumy/n + sumx*sumy/n)/n;
		return (sumxy - sumx*sumy/n)/n;
		}
}",1
"public class TOINT {

	public static int toInt(boolean b)
		{
		if(b)
			return 1;
		else
			return 0;
		}
}",2
"public class RATIOABOVE1 {

	public static double ratioAbove1(double a, double b)
		{
		if(a<b)
			return b/a;
		else
			return a/b;
		}
}",2
"public class CLAMP {

	public static double clamp(double value, double min, double max)
		{
		if(value<min)
			return min;
		else if(value>max)
			return max;
		else
			return value;
		}
}",3
"public class MAXALLINT {

	public static int maxAllint(int... v)
		{
		int r=v[0];
		for(int i=1;i<v.length;i++)
			if(v[i]>r)
				r=v[i];
		return r;
		}
}",3
"public class MINALLINT {

	public static int minAllInt(int... v)
		{
		int r=v[0];
		for(int i=1;i<v.length;i++)
			if(v[i]<r)
				r=v[i];
		return r;
		}
}",3
"public class MAXALL {

	public static double maxAll(double... v)
		{
		double r=v[0];
		for(int i=1;i<v.length;i++)
			if(v[i]>r)
				r=v[i];
		return r;
		}
}",3
"public class MINALL {

	public static double minAll(double... v)
		{
		double r=v[0];
		for(int i=1;i<v.length;i++)
			if(v[i]<r)
				r=v[i];
		return r;
		}
}",3
"public class GETNEIGHBOR {

	public static int getNeighbor(int pixel, int neigh, int w)
		{
		switch (neigh)
			{
			case 0:
				return pixel-w;
			case 1:
				return pixel-w+1;
			case 2:
				return pixel+1;
			case 3:
				return pixel+w+1;
			case 4:
				return pixel+w;
			case 5:
				return pixel+w-1;
			case 6:
				return pixel-1;
			case 7:
				return pixel-w-1;
			default:
				return -1;
			}

		}
}",2
"public class ISCIRCULARNEIGHBOR {

	public static boolean isCircularNeighbor(int neighbor, int position, int w)
		{
		int diff = neighbor-position;
		int[] neigh =
			{ w, -w, 1, -1, w-1, w+1, -w-1, -w+1 };

		for (int i = 0; i<8; i++)
			{
			if (diff==neigh[i])
				return true;
			}
		return false;
		}
}",3
"public class CALCNEWNRREADSIZE {

	protected static int calcNewNrReadSize(int nrRead, int totalNrNread) {
		if (totalNrNread < 0) {
			return totalNrNread;
		}
		if (totalNrNread > (Integer.MAX_VALUE - nrRead)) {
			return -1;
		} else {
			return (totalNrNread + nrRead);
		}
	}
}",3
"public class LOOKFORSELECTABLEPOSITION {

    int lookForSelectablePosition(int position, boolean lookDown) {
        return position;
    }
}",1
"public class DEHEXCHAR {

    public static int dehexchar(char c) {
        if (c >= '0' && c <= '9') {
            return c - '0';
        }
        if (c >= 'A' && c <= 'F') {
            return c - ('A' - 10);
        }
        if (c >= 'a' && c <= 'f') {
            return c - ('a' - 10);
        }
        return -1;
    }
}",7
"public class REHASH {

    private static int rehash(int h) {
        // Spread bits to regularize both segment and index locations,
        // using variant of single-word Wang/Jenkins hash.
        h += (h << 15) ^ 0xffffcd7d;
        h ^= (h >>> 10);
        h += (h << 3);
        h ^= (h >>> 6);
        h += (h << 2) + (h << 14);
        return h ^ (h >>> 16);
    }
}",1
"public class REHASH {

    private static int rehash(int h) {
        // Spread bits to regularize both segment and index locations,
        // using variant of single-word Wang/Jenkins hash.
        h += (h << 15) ^ 0xffffcd7d;
        h ^= (h >>> 10);
        h += (h << 3);
        h ^= (h >>> 6);
        h += (h << 2) + (h << 14);
        return h ^ (h >>> 16);
    }
}",1
"public class TOASCII {

  static byte toAscii(byte b) {
    b &= 0x7f;
    if (b >= 0 && b < 32)
      return ' ';
    if (b == 127)
      return ' ';
    if (b == '\n')
      return ' ';
    return b;
  }
}",5
"public class Iscelleditable {

        public boolean iscelleditable(int row, int col) {
            return false;
        }
}",1
"public class GET2FOLD {

    private int get2Fold(int fold) {
        int ret = 2;
        while (ret < fold) {
            ret *= 2;
        }
        return ret;
    }
}",2
"public class Linterpolelin {

	public double linterpolelin(double a,double b,double x)
	{
		return  a*(1-x) + b*x;		
	}
}",1
"public class Linterpolecos {

	public double linterpolecos(double a,double b,double x)
	{
		
		double ft = x * 3.1415927;
		double f = (1 - Math.cos(ft)) * .5;
		return  a*(1-f) + b*f;
	}
}",1
"public class POWOF2 {

    private float powOf2(float number) {
        return number * number;
    }
}",1
"public class REHASH {

    private static int rehash(int h) {
        // Spread bits to regularize both segment and index locations,
        // using variant of single-word Wang/Jenkins hash.
        h += (h << 15) ^ 0xffffcd7d;
        h ^= (h >>> 10);
        h += (h << 3);
        h ^= (h >>> 6);
        h += (h << 2) + (h << 14);
        return h ^ (h >>> 16);
    }
}",1
"public class EXECUTEKEYSHORTCUT {

	protected boolean executeKeyShortcut(boolean ctrlKey, boolean altKey,
		      boolean shiftKey, boolean metaKey, int keyCode){
		return true;
	}
}",1
"public class CONTAINS {

	public static boolean contains(int attribute, int value) {
		return (attribute & value) > 0 ? true : false;
	}
}",1
"public class Containattributes {

	public boolean containattributes(int typeNewHome) {
		
		return false;
	}
}",1
"public class Isseen {

    public boolean isseen(int article) {
        return false;
    }
}",1
"public class Isseen {

    public boolean isseen(int article) {
        return false;
    }
}",1
"public class INT2CHAR {

    private char Int2Char(int n) {
        if (n == 0) {
            return '*';
        }
        if (n == 1) {
            return 'a';
        }
        if (n == 2) {
            return '#';
        }

        return ' ';
    }
}",4
"public class GETFROMCHAR {

public static byte getFromChar(char c) {
  if (c <= '9') {
      return (byte) (c - '0');
  } else if (c <= 'F') {
      return (byte) (c - 'A' + 10);
  } else {
      return (byte) (c - 'a' + 10);
  }
}
}",3
"public class COUNTTF {

    private double countTF(double frequency, double sumFrequency){
        return frequency/sumFrequency;
    }
}",1
"public class COUNTIDF {

    private double countIDF(double numOfReviews, double numOfReviewsContainsTU){
        return Math.log(numOfReviews/numOfReviewsContainsTU);
    }
}",1
"public class ISRUSSIANLETTER {

    private static boolean isRussianLetter(char letter) {
        if ((letter >= 0x0410) && (letter <= 0x044F)) {
            return true;
        } else {
            return false;
        }
    }
}",3
"public class ISRUSSIANLETTER {

    private static boolean isRussianLetter (char letter) {
        if ((letter >= 0x0410) && (letter <= 0x044F)) {
            return true;
        } else {
            return false;
        }
    }
}",3
"public class ISRUSSIANLETTER {

    private static boolean isRussianLetter(char letter) {
        if ((letter >= 0x0410) && (letter <= 0x044F)) {
            return true;
        } else {
            return false;
        }
    }
}",3
"public class Haslogicallog {

    public boolean haslogicallog( long version )
    {
        throw new UnsupportedOperationException( getClass().getName() );
    }
}",1
"public class Deletelogicallog {

    public boolean deletelogicallog( long version )
    {
        throw new UnsupportedOperationException( getClass().getName() );
    }
}",1
"public class ISCONTINUATIONCHAR {

    private static boolean isContinuationChar(byte b) {
        return -128 <= b && b <= -65;
    }
}",2
"public class ISTWOBYTESSEQUENCE {

    private static boolean isTwoBytesSequence(byte b) {
        return -64 <= b && b <= -33;
    }
}",2
"public class ISTHREEBYTESSEQUENCE {

    private static boolean isThreeBytesSequence(byte b) {
        return -32 <= b && b <= -17;
    }
}",2
"public class ISFOURBYTESSEQUENCE {

    private static boolean isFourBytesSequence(byte b) {
        return -16 <= b && b <= -9;
    }
}",2
"public class ISFIVEBYTESSEQUENCE {

    private static boolean isFiveBytesSequence(byte b) {
        return -8 <= b && b <= -5;
    }
}",2
"public class ISSIXBYTESSEQUENCE {

    private static boolean isSixBytesSequence(byte b) {
        return -4 <= b && b <= -3;
    }
}",2
"public class ISRELEVANT {
        public static boolean isRelevant( int actual, int limit )
    {
        return actual <= limit;
    }
}",1
"public class NORMALISEINDEX {

    protected static int normaliseIndex(int i, int size) {
        int temp = i;
        if (i < 0) {
            i += size;
        }
        if (i < 0) {
            throw new ArrayIndexOutOfBoundsException(""Negative array index ["" + temp + ""] too large for array size "" + size);
        }
        return i;
    }
}",3
"public class CASELESSCOMPARE {

    private static boolean caselessCompare(char a, char b){
        return Character.toLowerCase(a) == Character.toLowerCase(b);
    }
}",1
"public class ISDIGIT {
        public static boolean isDigit( char c )
    {
        return c >= '0' && c <= '9';
    }
}",2
"public class ISOCTALDIGIT {
        public static boolean isOctalDigit( char c )
    {
        return c >= '0' && c <= '7';
    }
}",2
"public class ISNUMERICTYPESPECIFIER {
        public static boolean isNumericTypeSpecifier( char c, boolean isDecimal )
    {
        if( isDecimal )
        {
            switch( c )
            {
                case 'G':
                case 'g':
                case 'D':
                case 'd':
                case 'F':
                case 'f':
                    return true;
            }
        }
        else
        {
            switch( c )
            {
                case 'G':
                case 'g':
                case 'I':
                case 'i':
                case 'L':
                case 'l':
                    return true;
            }
        }

        return false;
    }
}",4
"public class NEGATEBOOL {

        public static boolean negateBool(boolean b) {
        	return !b;
        }
}",1
"public class Netget {

	public boolean netget(int type)
	{
		return false;
	}
}",1
"public class GETINTEGRALRECTANGULAR {

			public static double getIntegralRectangular(double a, double b, double f){
				return (b-a)*f;
			}
}",1
"public class GETINTEGRALTRAPEZ {

			public static double getIntegralTrapez(double a, double b, double fa, double fb){
				return (b-a)*(fa + fb)/2;
			}
}",1
"public class GETTSTATRANK {

    private static short getTStatRank(float t) {
        // TODO: 4alf: what about NaN?
        if (t <= -9) {
            return -10;
        } else if (t <= -6) {
            return -7;
        } else if (t <= -3) {
            return -4;
        } else if (t < 0) {
            return -1;
        } else if (t == 0) {
            return 0;
        } else if (t < 3) {
            return 1;
        } else if (t < 6) {
            return 4;
        } else if (t < 9) {
            return 7;
        } else {
            return 10;
        }
    }
}",9
"public class GCD {

  public static int gcd(int m, int n) {
    if (m == 0 && n == 0)
      return 0;
    if (m < n) {
      int t = m;
      m = n;
      n = t;
    }
    int r = m % n;
    if (r == 0) {
      return n;
    } else {
      return gcd(n, r);
    }
  }
}",5
"public class NEXTRAND {

  long nextRand(long x) {
    x ^= (x << 13);
    x ^= (x >>> 7);
    return (x ^= (x << 17));
  }
}",1
"public class ISNEGATIVEVINT {

  public static boolean isNegativeVInt(byte value) {
    return value < -120 || (value >= -112 && value < 0);
  }
}",3
"public class DECODEVINTSIZE {

  public static int decodeVIntSize(byte value) {
    if (value >= -112) {
      return 1;
    } else if (value < -120) {
      return -119 - value;
    }
    return -111 - value;
  }
}",3
"public class GETVINTSIZE {

  public static int getVIntSize(long i) {
    if (i >= -112 && i <= 127) {
      return 1;
    }
      
    if (i < 0) {
      i ^= -1L; // take one's complement'
    }
    // find the number of bytes with non-leading zeros
    int dataBits = Long.SIZE - Long.numberOfLeadingZeros(i);
    // find the number of data bytes + length byte
    return (dataBits + 7) / 8 + 1;
  }
}",4
"public class GETMAXDEPTH {

  protected static int getMaxDepth(int x) {
    if (x <= 0)
      throw new IllegalArgumentException(""Undefined for "" + x);
    return (32 - Integer.numberOfLeadingZeros(x - 1)) << 2;
  }
}",2
"public class BUCKETS2WORDS {

  private static int buckets2words(int vectorSize) {
   return ((vectorSize - 1) >>> 4) + 1;
  }
}",1
"public class ISSIDE {

  private static boolean isSide(int offset, int shapeSize, int board) {
    return 2*offset + shapeSize <= board;
  }
}",1
"public class GETPASSFACTOR {

    private int getPassFactor(int factor, int passNo, int numSegments) {
      if (passNo > 1 || numSegments <= factor || factor == 1) 
        return factor;
      int mod = (numSegments - 1) % (factor - 1);
      if (mod == 0)
        return factor;
      return mod + 1;
    }
}",5
"public class GETCLOSESTPOWEROF2 {

  private static int getClosestPowerOf2(int value) {
    if (value <= 0)
      throw new IllegalArgumentException(""Undefined for "" + value);
    final int hob = Integer.highestOneBit(value);
    return Integer.numberOfTrailingZeros(hob) +
      (((hob >>> 1) & value) == 0 ? 0 : 1);
  }
}",2
"public class NUMBERDIGITS {

  private static int numberDigits(int value) {
    int digits = 0;
    while ((value = value / 10) > 0) {
      digits++;
    }
    return digits;
  }
}",2
"public class Shouldwait {

    public boolean shouldwait(int id) {
      return true;
    }
}",1
"public class GETRANDOM {

    private int getRandom(int n) {
        return (int) (n * Math.random());
    }
}",1
"public class WITHINTOLERANCE {

    private boolean withinTolerance(long expectedValue,
                                    long observedValue,
                                    int tolerance) {
        double diff = 1.0 * Math.abs(observedValue - expectedValue);
        double thrs = expectedValue * (tolerance/100);
        return diff > thrs;
    }
}",1
"public class GCD {

  public static int gcd(int m, int n) {
    if (m == 0 && n == 0)
      return 0;
    if (m < n) {
      int t = m;
      m = n;
      n = t;
    }
    int r = m % n;
    if (r == 0) {
      return n;
    } else {
      return gcd(n, r);
    }
  }
}",5
"public class NEXTRAND {

  long nextRand(long x) {
    x ^= (x << 13);
    x ^= (x >>> 7);
    return (x ^= (x << 17));
  }
}",1
"public class LESSTHANUNSIGNED {

      static boolean lessThanUnsigned(long x1, long x2) {
        return (x1 + Long.MIN_VALUE) < (x2 + Long.MIN_VALUE);
      }
}",1
"public class ISNEGATIVEVINT {

  public static boolean isNegativeVInt(byte value) {
    return value < -120 || (value >= -112 && value < 0);
  }
}",3
"public class DECODEVINTSIZE {

  public static int decodeVIntSize(byte value) {
    if (value >= -112) {
      return 1;
    } else if (value < -120) {
      return -119 - value;
    }
    return -111 - value;
  }
}",3
"public class GETVINTSIZE {

  public static int getVIntSize(long i) {
    if (i >= -112 && i <= 127) {
      return 1;
    }
      
    if (i < 0) {
      i ^= -1L; // take one's complement'
    }
    // find the number of bytes with non-leading zeros
    int dataBits = Long.SIZE - Long.numberOfLeadingZeros(i);
    // find the number of data bytes + length byte
    return (dataBits + 7) / 8 + 1;
  }
}",4
"public class GETMAXDEPTH {

  protected static int getMaxDepth(int x) {
    if (x <= 0)
      throw new IllegalArgumentException(""Undefined for "" + x);
    return (32 - Integer.numberOfLeadingZeros(x - 1)) << 2;
  }
}",2
"public class BUCKETS2WORDS {

  private static int buckets2words(int vectorSize) {
   return ((vectorSize - 1) >>> 4) + 1;
  }
}",1
"public class ISSIDE {

  private static boolean isSide(int offset, int shapeSize, int board) {
    return 2*offset + shapeSize <= board;
  }
}",1
"public class GETPASSFACTOR {

    private int getPassFactor(int factor, int passNo, int numSegments) {
      if (passNo > 1 || numSegments <= factor || factor == 1) 
        return factor;
      int mod = (numSegments - 1) % (factor - 1);
      if (mod == 0)
        return factor;
      return mod + 1;
    }
}",5
"public class GETCLOSESTPOWEROF2 {

  private static int getClosestPowerOf2(int value) {
    if (value <= 0)
      throw new IllegalArgumentException(""Undefined for "" + value);
    final int hob = Integer.highestOneBit(value);
    return Integer.numberOfTrailingZeros(hob) +
      (((hob >>> 1) & value) == 0 ? 0 : 1);
  }
}",2
"public class NUMBERDIGITS {

  private static int numberDigits(int value) {
    int digits = 0;
    while ((value = value / 10) > 0) {
      digits++;
    }
    return digits;
  }
}",2
"public class Shouldwait {

    public boolean shouldwait(int id) {
      return true;
    }
}",1
"public class GETINT {

  public static int getInt(byte b1, byte b2)
  {
    int i1 = b1 & 0xff;
    int i2 = b2 & 0xff;
    int val = i2 << 8 | i1;
    return val;
  }
}",1
"public class GETSHORT {

  public static short getShort(byte b1, byte b2)
  {
    short i1  = (short) (b1 & 0xff);
    short i2  = (short) (b2 & 0xff);
    short val = (short) (i2 << 8 | i1);
    return val;
  }
}",1
"public class SETVALUERANGE {

  private int setValueRange(int val, int min, int max)
  {
    val = Math.max(val, min);
    val = Math.min(val, max);
    return val;
  }
}",1
"public class GETDOUBLE {

  public static double getDouble(int rk)
  {
    if ((rk & 0x02) != 0)
    {
      int intval = rk >> 2;

      double value = intval;
      if ((rk & 0x01) != 0)
      {
        value /= 100;
      }

      return value;
    }
    else
    {
      long valbits = (rk & 0xfffffffc);
      valbits <<= 32;
      double value = Double.longBitsToDouble(valbits);

      if ((rk & 0x01) != 0)
      {
        value /= 100;
      }

      return value;
    }
  }
}",4
"public class ROTLEFT15BIT {

  private int rotLeft15Bit(int val, int rotate)
  {
    val = val &0x7FFF;

    for(; rotate > 0; rotate--) 
    {
      if((val & 0x4000) != 0) 
      {
        val = ((val << 1) & 0x7FFF) + 1;
      }
      else
      {
        val = (val << 1) & 0x7FFF;
      }
    }

    return val;
  }
}",3
"public class INDEXPOSITIONSAREOK {

	private boolean indexPositionsAreOk(int indexOne, int indexTwo) {
		return (indexOne != -1) && (indexTwo != -1) && (indexOne <= indexTwo);
	}
}",3
"public class CONVERTHEXDIGIT {

    private static byte convertHexDigit(byte b) {
        if ((b >= '0') && (b <= '9')) {
            return (byte) (b - '0');
        }

        if ((b >= 'a') && (b <= 'f')) {
            return (byte) (b - 'a' + 10);
        }

        if ((b >= 'A') && (b <= 'F')) {
            return (byte) (b - 'A' + 10);
        }

        return 0;
    }
}",7
"public class TILESPACK1A {

	public static long tilesPack1a(int n) {
		// stop at 0 or 1 tiles - there's only one option for that to happen
		if (n < 2) {
			return 1;
		}
		
		// sum the options to place a single tile and a double tile
		return tilesPack1a(n-1) + tilesPack1a(n-2);
	}
}",2
"public class CLAMP {

	private static int clamp(int val, int min, int max) {
		if (val < min) {
			return min;
		} else if (val >= max) {
			return max - 1;
		} else {
			return val;
		}
	}
}",3
"public class COMPARE {

    protected static int compare(long a, long b) {
        if (a>b)    return 1;
        if (a<b)    return -1;
        return 0;
    }
}",3
"public class COMPARE {

    protected static int compare(int a, int b) {
        if (a>b)    return 1;
        if (a<b)    return -1;
        return 0;
    }
}",3
"public class CHECKBITS {

    private boolean checkBits(long bitMask, int n) {
        return (bitMask|(1L<<n))==bitMask;
    }
}",1
"public class B2I {

    private int b2i(byte b) {
        return ((int)b)&0xFF;
    }
}",1
"public class TO64 {

        private static long to64(int i) {
            return i&0xFFFFFFFFL;
        }
}",1
"public class CONVERTHEXDIGIT {

    public static byte convertHexDigit( byte b )
    {
        if ((b >= '0') && (b <= '9')) return (byte)(b - '0');
        if ((b >= 'a') && (b <= 'f')) return (byte)(b - 'a' + 10);
        if ((b >= 'A') && (b <= 'F')) return (byte)(b - 'A' + 10);
        return 0;
    }
}",7
"public class X {

    static long x(long d, long m, long over) {
        if (d >  over) return Long.MAX_VALUE;
        if (d < -over) return Long.MIN_VALUE;
        return d * m;
    }
}",3
"public class Tonanos {

    public long tonanos(long duration) {
        throw new AbstractMethodError();
    }
}",1
"public class Tomicros {

    public long tomicros(long duration) {
        throw new AbstractMethodError();
    }
}",1
"public class Tomillis {

    public long tomillis(long duration) {
        throw new AbstractMethodError();
    }
}",1
"public class Toseconds {

    public long toseconds(long duration) {
        throw new AbstractMethodError();
    }
}",1
"public class Tominutes {

    public long tominutes(long duration) {
        throw new AbstractMethodError();
    }
}",1
"public class Tohours {

    public long tohours(long duration) {
        throw new AbstractMethodError();
    }
}",1
"public class Todays {

    public long todays(long duration) {
        throw new AbstractMethodError();
    }
}",1
"public class Isgoodhttpstatus {

    public boolean isgoodhttpstatus(int status) {
        if ((400 <= status) && (status <= 417)) {
            return false;
        }
        if ((500 <= status) && (status <= 505)) {
            return false;
        }
        return true;
    }
}",5
"public class ROUND {

  private static int round(float d) {
    return (int) (d + 0.5f);
  }
}",1
"public class ADDORSUBTRACT {

  static int addOrSubtract(int a, int b) {
    return a ^ b;
  }
}",1
"public class UNRANDOMIZE255STATE {

  private static byte unrandomize255State(int randomizedBase256Codeword,
                                          int base256CodewordPosition) {
    int pseudoRandomNumber = ((149 * base256CodewordPosition) % 255) + 1;
    int tempVariable = randomizedBase256Codeword - pseudoRandomNumber;
    return (byte) (tempVariable >= 0 ? tempVariable : (tempVariable + 256));
  }
}",1
"public class ROUND {

  private static int round(float d) {
    return (int) (d + 0.5f);
  }
}",1
"public class ROUND {

  private static int round(float d) {
    return (int) (d + 0.5f);
  }
}",1
"public class ROUND {

  private static int round(float d) {
    return (int) (d + 0.5f);
  }
}",1
"public class ROUND {

  private static int round(float d) {
    return (int) (d + 0.5f);
  }
}",1
"public class ADDORSUBTRACT {

  static int addOrSubtract(int a, int b) {
    return a ^ b;
  }
}",1
"public class UNRANDOMIZE255STATE {

  private static byte unrandomize255State(int randomizedBase256Codeword,
                                          int base256CodewordPosition) {
    int pseudoRandomNumber = ((149 * base256CodewordPosition) % 255) + 1;
    int tempVariable = randomizedBase256Codeword - pseudoRandomNumber;
    return (byte) (tempVariable >= 0 ? tempVariable : (tempVariable + 256));
  }
}",1
"public class ROUND {

  private static int round(float d) {
    return (int) (d + 0.5f);
  }
}",1
"public class ROUND {

  private static int round(float d) {
    return (int) (d + 0.5f);
  }
}",1
"public class ROUND {

  private static int round(float d) {
    return (int) (d + 0.5f);
  }
}",1
"public class CHARLENGTH {

    public static int charLength(char x)
    {
        if (""i.:,;|!"".indexOf(x) != -1)
        {
            return 2;
        }
        else if (""l'"".indexOf(x) != -1)
        {
            return 3;
        }
        else if (""tI[]"".indexOf(x) != -1)
        {
            return 4;
        }
        else if (""fk{}<>\""*()"".indexOf(x) != -1)
        {
            return 5;
        }
        else if (""abcdeghjmnopqrsuvwxyzABCDEFGHJKLMNOPQRSTUVWXYZ1234567890\\/#?$%-=_+&^"".indexOf(x) != -1)
        {
            return 6;
        }
        else if (""@~"".indexOf(x) != -1)
        {
            return 7;
        }
        else if (x == ' ')
        {
            return 4;
        }
        else
        {
            return -1;
        }
    }
}",8
"public class ISFILENAMECHARACTER {

    private static boolean isFileNameCharacter(int codePoint) {
        if (codePoint >= 0x30 && codePoint <= 0x39) return true; // Digit
        if (codePoint >= 0x41 && codePoint <= 0x5A) return true; // Uppercase
        if (codePoint >= 0x61 && codePoint <= 0x7A) return true; // Lowercase
        return codePoint == '_'; // Underscore
    }
}",7
"public class EQUALSIGNORECASE {

    public static boolean equalsIgnoreCase(char a, char b) {
        // Some language, such as Turkish, need testing both cases.
        return a == b
                || Character.toLowerCase(a) == Character.toLowerCase(b)
                || Character.toUpperCase(a) == Character.toUpperCase(b);
    }
}",3
"public class DIPTOPIXEL {

    public static int dipToPixel(float scale, int dip) {
        return (int) (dip * scale + 0.5);
    }
}",1
"public class Setmargins {
        public boolean setmargins(float marginLeft, float marginRight, float marginTop, float marginBottom) {
        return false;
    }
}",1
"public class Setmarginmirroring {

    public boolean setmarginmirroring(boolean MarginMirroring) {
        return false;
    }
}",1
"public class Setmarginmirroringtopbottom {

    public boolean setmarginmirroringtopbottom(boolean MarginMirroring) {
        return false;
    }
}",1
"public class GETCORRESPONDINGSYMBOL {

    public static char getCorrespondingSymbol(char c) {
        switch(c) {
            case 913:
                return 'A'; // ALFA
            case 914:
                return 'B'; // BETA
            case 915:
                return 'G'; // GAMMA
            case 916:
                return 'D'; // DELTA
            case 917:
                return 'E'; // EPSILON
            case 918:
                return 'Z'; // ZETA
            case 919:
                return 'H'; // ETA
            case 920:
                return 'Q'; // THETA
            case 921:
                return 'I'; // IOTA
            case 922:
                return 'K'; // KAPPA
            case 923:
                return 'L'; // LAMBDA
            case 924:
                return 'M'; // MU
            case 925:
                return 'N'; // NU
            case 926:
                return 'X'; // XI
            case 927:
                return 'O'; // OMICRON
            case 928:
                return 'P'; // PI
            case 929:
                return 'R'; // RHO
            case 931:
                return 'S'; // SIGMA
            case 932:
                return 'T'; // TAU
            case 933:
                return 'U'; // UPSILON
            case 934:
                return 'F'; // PHI
            case 935:
                return 'C'; // CHI
            case 936:
                return 'Y'; // PSI
            case 937:
                return 'W'; // OMEGA
            case 945:
                return 'a'; // alfa
            case 946:
                return 'b'; // beta
            case 947:
                return 'g'; // gamma
            case 948:
                return 'd'; // delta
            case 949:
                return 'e'; // epsilon
            case 950:
                return 'z'; // zeta
            case 951:
                return 'h'; // eta
            case 952:
                return 'q'; // theta
            case 953:
                return 'i'; // iota
            case 954:
                return 'k'; // kappa
            case 955:
                return 'l'; // lambda
            case 956:
                return 'm'; // mu
            case 957:
                return 'n'; // nu
            case 958:
                return 'x'; // xi
            case 959:
                return 'o'; // omicron
            case 960:
                return 'p'; // pi
            case 961:
                return 'r'; // rho
            case 962:
                return 'V'; // sigma
            case 963:
                return 's'; // sigma
            case 964:
                return 't'; // tau
            case 965:
                return 'u'; // upsilon
            case 966:
                return 'f'; // phi
            case 967:
                return 'c'; // chi
            case 968:
                return 'y'; // psi
            case 969:
                return 'w'; // omega
                default:
                    return ' ';
        }
    }
}",2
"public class ISSURROGATEHIGH {

    public static boolean isSurrogateHigh(char c) {
        return c >= '\ud800' && c <= '\udbff';
    }
}",2
"public class ISSURROGATELOW {

    public static boolean isSurrogateLow(char c) {
        return c >= '\udc00' && c <= '\udfff';
    }
}",2
"public class CONVERTTOUTF32 {

    public static int convertToUtf32(char highSurrogate, char lowSurrogate) {
         return (((highSurrogate - 0xd800) * 0x400) + (lowSurrogate - 0xdc00)) + 0x10000;
    }
}",1
"public class Setmarginmirroringtopbottom {

	public boolean setmarginmirroringtopbottom(boolean marginMirroring) {
		return false;
	}
}",1
"public class Getunicodeequivalent {
    
    public int getunicodeequivalent(int c) {
        return c;
    }
}",1
"public class Getcidcode {
    
    public int getcidcode(int c) {
        return c;
    }
}",1
"public class Setcharadvance {

    public boolean setcharadvance(int c, int advance) {
        return false;
    }
}",1
"public class Getkerning {

    public int getkerning(int char1, int char2) {
        return 0;
    }
}",1
"public class Contains {

	public boolean contains(double x, double y) { return false; }
}",1
"public class Contains {

	public boolean contains(double x, double y, double w, double h) { return false; }
}",1
"public class ISCTRLWS {

    public static boolean isCtrlWS( final char c )
    {
        switch( c ) {

            /* C0 control characters (not allowed in XML) */
        case 0x0000: // NUL
        case 0x0001:
        case 0x0002:
        case 0x0003:
        case 0x0004:
        case 0x0005:
        case 0x0006:
        case 0x0007: // BEL
        case 0x0008: // BS
        case 0x0009: // HT
        case 0x000A: // LF
        case 0x000B: // VT
        case 0x000C: // FF
        case 0x000D: // CR
        case 0x000E: // SO
        case 0x000F: // SI
        case 0x0010: // DLE
        case 0x0011: // DC1
        case 0x0012: // DC2
        case 0x0013: // DC3
        case 0x0014: // DC4
        case 0x0015: // NAK
        case 0x0016: // SYN
        case 0x0017: // ETB
        case 0x0018: // CAN
        case 0x0019: // EM
        case 0x001A: // SUB
        case 0x001B: // ESC
        case 0x001C: // FS
        case 0x001D: // GS
        case 0x001E: // RS
        case 0x001F: // US
        case 0x0020: // SPACE

        case 0x007F: // DEL

            /* C1 control characters (not allowed in XML 1.0) */
        case 0x0080:
        case 0x0081:
        case 0x0082:
        case 0x0083:
        case 0x0084:
        case 0x0085: // NEL ~CR+LF
        case 0x0086:
        case 0x0087:
        case 0x0088:
        case 0x0089:
        case 0x008A:
        case 0x008B:
        case 0x008C:
        case 0x008D:
        case 0x008E:
        case 0x008F:
        case 0x0090:
        case 0x0091:
        case 0x0092:
        case 0x0093:
        case 0x0094:
        case 0x0095:
        case 0x0096:
        case 0x0097:
        case 0x0098:
        case 0x0099:
        case 0x009A:
        case 0x009B:
        case 0x009C:
        case 0x009D:
        case 0x009E:
        case 0x009F:

        case 0x00A0: // NBSP

        case 0x1680: // OGHAM SPACE MARK
        case 0x180E: // MONGOLIAN VOWEL SEPARATOR

        case 0x2000: // EN QUAD
        case 0x2001: // EM QUAD
        case 0x2002: // EN SPACE
        case 0x2003: // EM SPACE
        case 0x2004: // THREE-PER-EM SPACE
        case 0x2005: // FOUR-PER-EM SPACE
        case 0x2006: // SIX-PER-EM SPACE
        case 0x2007: // FIGURE SPACE
        case 0x2008: // PUNCTUATION SPACE
        case 0x2009: // THIN SPACE
        case 0x200A: // HAIR SPACE
        case 0x200B: // ZERO WIDTH SPACE
            //FIXME: Zero widths, joiner, etc. should be removed instead of
            //replaced?

        case 0x2028: // LINE SEPARATOR
        case 0x2029: // PARAGRAPH SEPARATOR

        case 0x202F: // NARROW NO-BREAK SPACE

        case 0x205F: // MEDIUM MATHEMATICAL SPACE
        case 0x2060: // WORD JOINER

        case 0x3000: // IDEOGRAPHIC SPACE

        case 0xFEFF: // BOM
        case 0xFFFE: // Bad BOM: (not assigned)
        case 0xFFFF: // Not assigned (invalid Unicode)
            return true;
        }
        return false;
    }
}",2
"public class ISHTMLWS {

    public static boolean isHTMLWS( final char c )
    {
        switch( c ) {
        case 0x0009: // HT
        case 0x000A: // LF
        case 0x000D: // CR
        case 0x0020: // SPACE
        case 0x200B: // ZERO WIDTH SPACE
            return true;
        }
        return false;
    }
}",2
"public class Isuptodate {

    public boolean isuptodate(long sourceTime, long destTime, long granularity)
    {
        if (destTime == -1)
        {
            return false;
        }
        return destTime >= sourceTime + granularity;
    }
}",2
"public class HASFLAG {

    public static boolean hasFlag(int options, int flag)
    {
        return ((options & flag) > 0);
    }
}",1
"public class REMOVEFLAG {

    public static int removeFlag(int options, int flag)
    {
        return (options & (0xFFFFFFFF - flag));
    }
}",1
"public class COMPUTEBINARYLOG {

    private int computeBinaryLog(int n)
    {
        assert n >= 0;

        int result = 0;
        while (n > 0) {
            n >>= 1;
            ++result;
        }

        return result;
    }
}",2
"public class PREPARESETTINGS {

    public static int prepareSettings(int... flags) {
	int settings = 0;
	for (int flag : flags) {
	    settings = settings | flag;
	}
	return settings;
    }
}",2
"public class TO_SIX_BIT {

    private static int to_six_bit(int num) {
        return (((num << 26) & 0xfc000000) | ((num << 12) & 0xfc0000) |
                ((num >> 2) & 0xfc00) | ((num >> 16) & 0xfc));
    }
}",1
"public class TO_SIX_BIT {

    private static long to_six_bit(long num) {
        return (((num << 26) & 0xfc000000fc000000L) | ((num << 12) & 0xfc000000fc0000L) |
                ((num >> 2) & 0xfc000000fc00L) | ((num >> 16) & 0xfc000000fcL));
    }
}",1
"public class ISSAMPLEWANTED {

    public static boolean isSampleWanted(boolean success, boolean errorOnly,
            boolean successOnly) {
        return (!errorOnly && !successOnly) ||
               (success && successOnly) ||
               (!success && errorOnly);
        // successOnly and errorOnly cannot both be set
    }
}",6
"public class Isfinished {

    public boolean isfinished(int lastOptionCode) {
        return false;
    }
}",1
"public class ISSUCCESSCODE {

    protected boolean isSuccessCode(int code){
        return (code >= 200 && code <= 399);
    }
}",2
"public class ISABOVE {

	public static boolean isAbove(long reading, long value) {
		return reading > value;
	}
}",1
"public class ISBELOW {

	public static boolean isBelow(long reading, long value) {
		return reading < value;
	}
}",1
"public class ISBETWEEN {

	public static boolean isBetween(long reading, long floor, long ceiling) {
		return reading < ceiling && reading > floor;
	}
}",2
"public class PROFILESPEED_BRAVO {

        public static double profileSpeed_Bravo(double distToFinish, double totalDistToTravel, int direction) {
            return 0;

        }
}",1
"public class Getitemid {

        public long getitemid(int position) {
            return position;
        }
}",1
"public class ISGRAPHIC {

    public static boolean isGraphic(char c) {
        int gc = Character.getType(c);
        return     gc != Character.CONTROL
                && gc != Character.FORMAT
                && gc != Character.SURROGATE
                && gc != Character.UNASSIGNED
                && gc != Character.LINE_SEPARATOR
                && gc != Character.PARAGRAPH_SEPARATOR
                && gc != Character.SPACE_SEPARATOR;
    }
}",7
"public class ISPRINTABLEASCII {

    public static boolean isPrintableAscii(final char c) {
        final int asciiFirst = 0x20;
        final int asciiLast = 0x7E;  // included
        return (asciiFirst <= c && c <= asciiLast) || c == '\r' || c == '\n';
    }
}",4
"public class BINARYSIZE {

    protected static int binarySize(int max) {
        // 1 byte (2^8)
        if (max < 256) {
            return 1;
        }

        // 2 bytes (2^16)
        if (max < 65536) {
            return 2;
        }

        // 3 bytes (2^24)
        if (max < 16777216) {
            return 3;
        }

        // 4 bytes (2^32)
        return 4;
    }
}",4
"public class GETU16 {

    public static int getU16(int b1, int b2) {
        return ((b1 & 0xFF) | ((b2 & 0xFF) << 8)) & 0xFFFF;
    }
}",1
"public class GETU32 {

    public static long getU32(int b1, int b2, int b3, int b4) {
        return ((b1 & 0xFF) | ((b2 & 0xFF) << 8) | ((b3 & 0xFF) << 16) | ((b4 & 0xFF) << 24)) & 0x00000000FFFFFFFFL;
    }
}",1
"public class ATTRIBUTE {

    public static int attribute(int atp, int id) {
        return ((atp << 16) | id);
    }
}",1
"public class ATTID {

    public static int attID(int att) {
        return (att & 0x0000FFFF);
    }
}",1
"public class ATTTYPE {

    public static int attType(int att) {
        return ((att >> 16) & 0x0000FFFF);
    }
}",1
"public class ISDIGIT {

	protected boolean isDigit(char c) {
		return c >= '0' && c <= '9';
	}
}",2
"public class ISOCTAL {

    private static boolean isOctal(char c) {
        return ('0' <= c) && (c <= '7');
    }
}",2
"public class ISHEX {

    private static boolean isHex(char c) {
        return (('0' <= c) && (c <= '9')) || (('a' <= c) && (c <= 'f'))
               || (('A' <= c) && (c <= 'F'));
    }
}",6
"public class DIGITVALUE {

    private static int digitValue(char c) {
        if (('0' <= c) && (c <= '9')) {
            return c - '0';
        } else if (('a' <= c) && (c <= 'z')) {
            return c - 'a' + 10;
        } else {
            return c - 'A' + 10;
        }
    }
}",5
"public class COLORCOMPONENTABSOLUTE {

    private float colorComponentAbsolute( float value, float bLeft, float bRight, float tLeft, float tRight ){
        float output = 0;
        // a gauche ou a droite du creneau
        if( (value < bLeft) || (value >= bRight) ){
            output = 0;
        }
        // sur le plateau haut
        else if( (value >= tLeft) && (value < tRight) ){
            output = 1;
        }
        // sur la pente gauche du creneau
        else if( (value >= bLeft) && (value < tLeft) ){
            output = (value-bLeft)/(tLeft-bLeft);
        }
        // sur la pente droite du creneau
        else if( (value >= tRight) && (value < bRight) ){
            output = (value-bRight)/(tRight-bRight);
        }
        return output;
    }
}",9
"public class COLORCOMPONENTABSOLUTE {

    private float colorComponentAbsolute( float value, float bLeft, float bRight, float tLeft, float tRight ){
        float output = 0;
        // a gauche ou a droite du creneau
        if( (value < bLeft) || (value >= bRight) ){
            output = 0;
        }
        // sur le plateau haut
        else if( (value >= tLeft) && (value < tRight) ){
            output = 1;
        }
        // sur la pente gauche du creneau
        else if( (value >= bLeft) && (value < tLeft) ){
            output = (value-bLeft)/(tLeft-bLeft);
        }
        // sur la pente droite du creneau
        else if( (value >= tRight) && (value < bRight) ){
            output = (value-bRight)/(tRight-bRight);
        }
        return output;
    }
}",9
"public class COMPARISON {

	protected int comparison(double dist1, double dist2){
		if(dist1 == dist2)
			return 0;
		else if(dist1 < dist2)
			return 1;//*Math.max((int)Math.abs(dist1-dist2),1);
		else
			return -1;//*Math.max((int)Math.abs(dist1-dist2),1);
	}
}",3
"public class COMPUTEFIELDOFVIEW {

	protected double computeFieldOfView(double size, double distance){
	    double radtheta;
	    double degtheta; 
	    radtheta = 2.0 * Math.atan2(size/2.0, distance);
	    degtheta = (180.0 * radtheta) / Math.PI;
	    return degtheta;
	}
}",1
"public class CLAMP {

  protected static float clamp(float val, float min, float max) {
    return Math.min(max, Math.max(min, val));
  }
}",1
"public class SGN {

  public static int sgn(float f) {
    if (f > 0) {
      return 1;
    } else if (f < 0) {
      return -1;
    }
    return 0;
  }
}",3
"public class CLAMP {

  public static float clamp(float val, float min, float max) {
    if (val < min) return min;
    if (val > max) return max;
    return val;
  }
}",3
"public class CLAMP {

  public static int clamp(int val, int min, int max) {
    if (val < min) return min;
    if (val > max) return max;
    return val;
  }
}",3
"public class DISTANCE {

	public static double distance(double lat1, double lon1, double lat2, double lon2) {
		// earth radius
		final double radius = 6378140;
		
		// scale factor between root-squared-lat-lon distance and distance in meters
		double latScaleFactor = 2 * Math.PI * radius / 360;
		double lonScaleFactor = 2 * Math.PI * (radius * Math.cos(Math.toRadians(lat1))) / 360;
		
		return Math.sqrt(
				Math.pow((lat1 - lat2) * latScaleFactor, 2) + 
				Math.pow((lon1 - lon2) * lonScaleFactor, 2));
	}
}",1
"public class GETNEXTSQUARENUMBERABOVE {

	public static int getNextSquareNumberAbove(final float factor){
		int out = 0;
		int cur = 1;
		int i = 1;
		while(true){
			if(cur > factor)
				return out;
			
			out = i;
			cur *= 2;
			i++;
		}
	}
}",3
"public class DISTANCE {

	public static double distance(double lat1, double lon1, double lat2, double lon2) {
		// earth radius
		final double radius = 6378140;
		
		// scale factor between root-squared-lat-lon distance and distance in meters
		double latScaleFactor = 2 * Math.PI * radius / 360;
		double lonScaleFactor = 2 * Math.PI * (radius * Math.cos(Math.toRadians(lat1))) / 360;
		
		return Math.sqrt(
				Math.pow((lat1 - lat2) * latScaleFactor, 2) + 
				Math.pow((lon1 - lon2) * lonScaleFactor, 2));
	}
}",1
"public class Gettype {

	public short gettype(int x, int y)
	{
		return 0;
	}
}",1
"public class Getheight {

	public short getheight(int x, int y, int z)
	{
		return (short) z;
	}
}",1
"public class Getnswe {

	public short getnswe(int x, int y, int z)
	{
		return 15;
	}
}",1
"public class GETBLOCK {

	private static int getBlock(int geo_pos)
	{
		return (geo_pos >> 3) % 256;
	}
}",1
"public class GETCELL {

	private static int getCell(int geo_pos)
	{
		return geo_pos % 8;
	}
}",1
"public class GETSKILLHASHCODE {

	public static int getSkillHashCode(int skillId, int skillLevel)
	{
		return skillId * 1021 + skillLevel;
	}
}",1
"public class Getnodepos {

	public short getnodepos(int geo_pos)
	{
		return (short) (geo_pos >> 3); //OK?
	}
}",1
"public class Getnodeblock {

	public short getnodeblock(int node_pos)
	{
		return (short) (node_pos % 256);
	}
}",1
"public class CALCULATEDISTANCE {

	public static double calculateDistance(int x1, int y1, int z1, int x2, int y2, int z2, boolean includeZAxis)
	{
		double dx = (double) x1 - x2;
		double dy = (double) y1 - y2;
		
		if (includeZAxis)
		{
			double dz = z1 - z2;
			return Math.sqrt(dx * dx + dy * dy + dz * dz);
		}
		else
			return Math.sqrt(dx * dx + dy * dy);
	}
}",2
"public class ROUNDTO {

	public static float roundTo(float number, int numPlaces)
	{
		if (numPlaces <= 1)
			return Math.round(number);
		
		float exponent = (float) Math.pow(10, numPlaces);
		
		return Math.round(number * exponent) / exponent;
	}
}",2
"public class ISVOWEL {

  private boolean isVowel( char value ) {
    return (value == 'a') ||
           (value == 'e') ||
           (value == 'i') ||
           (value == 'o') ||
           (value == 'u') ;
  }
}",5
"public class NORMALIZE {

  protected int normalize(int c) {
    return c;
  }
}",1
"public class Hash1 {

  public long hash1(char c) {
    final long p = 1099511628211L;
    long hash = 0xcbf29ce484222325L;
    hash = (hash ^ (c & 0x00FF)) * p;
    hash = (hash ^ (c >> 8)) * p;
    hash += hash << 13;
    hash ^= hash >> 7;
    hash += hash << 3;
    hash ^= hash >> 17;
    hash += hash << 5;
    return hash;
  }
}",1
"public class Hash2 {

  public int hash2(char c) {
    int hash = 5381;

    /* hash 33 + c */
    hash = ((hash << 5) + hash) + c & 0x00FF;
    hash = ((hash << 5) + hash) + c >> 8;

    return hash;
  }
}",1
"public class VINTSIZE {

  private static int vIntSize(int x) {
    if ((x & (0xffffffff << (7*1))) == 0 ) {
      return 1;
    }
    if ((x & (0xffffffff << (7*2))) == 0 ) {
      return 2;
    }
    if ((x & (0xffffffff << (7*3))) == 0 ) {
      return 3;
    }
    if ((x & (0xffffffff << (7*4))) == 0 ) {
      return 4;
    }
    return 5;
  }
}",5
"public class Getint {

    public long getint(int docID) {
      throw new UnsupportedOperationException(""ints are not supported"");
    }
}",1
"public class Getfloat {

    public double getfloat(int docID) {
      throw new UnsupportedOperationException(""floats are not supported"");
    }
}",1
"public class IDF {

  protected float idf(long docFreq, long numDocs) {
    return (float) Math.log(1 + (numDocs - docFreq + 0.5D)/(docFreq + 0.5D));
  }
}",1
"public class SLOPPYFREQ {

  protected float sloppyFreq(int distance) {
    return 1.0f / (distance + 1);
  }
}",1
"public class Coord {

  public float coord(int overlap, int maxOverlap) {
    return overlap / (float)maxOverlap;
  }
}",1
"public class Querynorm {

  public float querynorm(float sumOfSquaredWeights) {
    return (float)(1.0 / Math.sqrt(sumOfSquaredWeights));
  }
}",1
"public class Coord {

  public float coord(int overlap, int maxOverlap) {
    return 1f;
  }
}",1
"public class Querynorm {

  public float querynorm(float valueForNormalization) {
    return 1f;
  }
}",1
"public class POP {

  public static int pop(long x) {
  /* Hacker's Delight 32 bit pop function:
   * http://www.hackersdelight.org/HDcode/newCode/pop_arrayHS.cc
   *
  int pop(unsigned x) {
     x = x - ((x >> 1) & 0x55555555);
     x = (x & 0x33333333) + ((x >> 2) & 0x33333333);
     x = (x + (x >> 4)) & 0x0F0F0F0F;
     x = x + (x >> 8);
     x = x + (x >> 16);
     return x & 0x0000003F;
    }
  ***/

    // 64 bit java version of the C function from above
    x = x - ((x >>> 1) & 0x5555555555555555L);
    x = (x & 0x3333333333333333L) + ((x >>>2 ) & 0x3333333333333333L);
    x = (x + (x >>> 4)) & 0x0F0F0F0F0F0F0F0FL;
    x = x + (x >>> 8);
    x = x + (x >>> 16);
    x = x + (x >>> 32);
    return ((int)x) & 0x7F;
  }
}",1
"public class NTZ3 {

  public static int ntz3(long x) {
   // another implementation taken from Hackers Delight, extended to 64 bits
   // and converted to Java.
   // Many 32 bit ntz algorithms are at http://www.hackersdelight.org/HDcode/ntz.cc
   int n = 1;

   // do the first step as a long, all others as ints.
   int y = (int)x;
   if (y==0) {n+=32; y = (int)(x>>>32); }
   if ((y & 0x0000FFFF) == 0) { n+=16; y>>>=16; }
   if ((y & 0x000000FF) == 0) { n+=8; y>>>=8; }
   if ((y & 0x0000000F) == 0) { n+=4; y>>>=4; }
   if ((y & 0x00000003) == 0) { n+=2; y>>>=2; }
   return n - (y & 1);
  }
}",6
"public class ISPOWEROFTWO {

  public static boolean isPowerOfTwo(int v) {
    return ((v & (v-1)) == 0);
  }
}",1
"public class ISPOWEROFTWO {

  public static boolean isPowerOfTwo(long v) {
    return ((v & (v-1)) == 0);
  }
}",1
"public class NEXTHIGHESTPOWEROFTWO {

  public static int nextHighestPowerOfTwo(int v) {
    v--;
    v |= v >> 1;
    v |= v >> 2;
    v |= v >> 4;
    v |= v >> 8;
    v |= v >> 16;
    v++;
    return v;
  }
}",1
"public class NEXTHIGHESTPOWEROFTWO {

   public static long nextHighestPowerOfTwo(long v) {
    v--;
    v |= v >> 1;
    v |= v >> 2;
    v |= v >> 4;
    v |= v >> 8;
    v |= v >> 16;
    v |= v >> 32;
    v++;
    return v;
  }
}",1
"public class BITS2WORDS {

  public static int bits2words(int numBits) {
    int numLong = numBits >>> 6;
    if ((numBits & 63) != 0) {
      numLong++;
    }
    return numLong;
  }
}",2
"public class LOG {

  public static int log(long x, int base) {
    if (base <= 1) {
      throw new IllegalArgumentException(""base must be > 1"");
    }
    int ret = 0;
    while (x >= base) {
      x /= base;
      ret++;
    }
    return ret;
  }
}",3
"public class ISLETTERORDIGIT {

  private static boolean isLetterOrDigit(char c) {
    return ('a' <= c && c <= 'z') || ('A' <= c && c <= 'Z') || ('0' <= c && c <= '9');
  }
}",6
"public class DOUBLETOSORTABLELONG {

  public static long doubleToSortableLong(double val) {
    long f = Double.doubleToLongBits(val);
    if (f<0) f ^= 0x7fffffffffffffffL;
    return f;
  }
}",2
"public class SORTABLELONGTODOUBLE {

  public static double sortableLongToDouble(long val) {
    if (val<0) val ^= 0x7fffffffffffffffL;
    return Double.longBitsToDouble(val);
  }
}",2
"public class FLOATTOSORTABLEINT {

  public static int floatToSortableInt(float val) {
    int f = Float.floatToIntBits(val);
    if (f<0) f ^= 0x7fffffff;
    return f;
  }
}",2
"public class SORTABLEINTTOFLOAT {

  public static float sortableIntToFloat(int val) {
    if (val<0) val ^= 0x7fffffff;
    return Float.intBitsToFloat(val);
  }
}",2
"public class BITS2WORDS {

  public static int bits2words(long numBits) {
   return (int)(((numBits-1)>>>6)+1);
  }
}",1
"public class FLOATTOBYTE {

  public static byte floatToByte(float f, int numMantissaBits, int zeroExp) {
    // Adjustment from a float zero exponent to our zero exponent,
    // shifted over to our exponent position.
    int fzero = (63-zeroExp)<<numMantissaBits;
    int bits = Float.floatToRawIntBits(f);
    int smallfloat = bits >> (24-numMantissaBits);
    if (smallfloat <= fzero) {
      return (bits<=0) ?
        (byte)0   // negative numbers and zero both map to 0 byte
       :(byte)1;  // underflow is mapped to smallest non-zero number.
    } else if (smallfloat >= fzero + 0x100) {
      return -1;  // overflow maps to largest number
    } else {
      return (byte)(smallfloat - fzero);
    }
  }
}",3
"public class BYTETOFLOAT {

  public static float byteToFloat(byte b, int numMantissaBits, int zeroExp) {
    // on Java1.5 & 1.6 JVMs, prebuilding a decoding array and doing a lookup
    // is only a little bit faster (anywhere from 0% to 7%)
    if (b == 0) return 0.0f;
    int bits = (b&0xff) << (24-numMantissaBits);
    bits += (63-zeroExp) << 24;
    return Float.intBitsToFloat(bits);
  }
}",2
"public class FLOATTOBYTE315 {

  public static byte floatToByte315(float f) {
    int bits = Float.floatToRawIntBits(f);
    int smallfloat = bits >> (24-3);
    if (smallfloat <= ((63-15)<<3)) {
      return (bits<=0) ? (byte)0 : (byte)1;
    }
    if (smallfloat >= ((63-15)<<3) + 0x100) {
      return -1;
    }
    return (byte)(smallfloat - ((63-15)<<3));
 }
}",3
"public class BYTE315TOFLOAT {

  public static float byte315ToFloat(byte b) {
    // on Java1.5 & 1.6 JVMs, prebuilding a decoding array and doing a lookup
    // is only a little bit faster (anywhere from 0% to 7%)
    if (b == 0) return 0.0f;
    int bits = (b&0xff) << (24-3);
    bits += (63-15) << 24;
    return Float.intBitsToFloat(bits);
  }
}",2
"public class FLOATTOBYTE52 {

  public static byte floatToByte52(float f) {
    int bits = Float.floatToRawIntBits(f);
    int smallfloat = bits >> (24-5);
    if (smallfloat <= (63-2)<<5) {
      return (bits<=0) ? (byte)0 : (byte)1;
    }
    if (smallfloat >= ((63-2)<<5) + 0x100) {
      return -1;
    }
    return (byte)(smallfloat - ((63-2)<<5));
  }
}",3
"public class BYTE52TOFLOAT {

  public static float byte52ToFloat(byte b) {
    // on Java1.5 & 1.6 JVMs, prebuilding a decoding array and doing a lookup
    // is only a little bit faster (anywhere from 0% to 7%)
    if (b == 0) return 0.0f;
    int bits = (b&0xff) << (24-5);
    bits += (63-2) << 24;
    return Float.intBitsToFloat(bits);
  }
}",2
"public class Issupported {

    public boolean issupported(int bitsPerValue) {
      return bitsPerValue >= 1 && bitsPerValue <= 64;
    }
}",2
"public class BITSREQUIRED {

  public static int bitsRequired(long maxValue) {
    if (maxValue < 0) {
      throw new IllegalArgumentException(""maxValue must be non-negative (got: "" + maxValue + "")"");
    }
    return Math.max(1, 64 - Long.numberOfLeadingZeros(maxValue));
  }
}",2
"public class MAXVALUE {

  public static long maxValue(int bitsPerValue) {
    return bitsPerValue == 64 ? Long.MAX_VALUE : ~(~0L << bitsPerValue);
  }
}",1
"public class INDEXFOR {

  static int indexFor(int h, int length) {
    return h & (length - 1);
  }
}",1
"public class INDEXFOR {

  static int indexFor(int h, int length) {
    return h & (length - 1);
  }
}",1
"public class BYTESNEEDED {

  public static int bytesNeeded(int number) {
    if ((number & ~0x7F) == 0) {
      return 1;
    } else if ((number & ~0x3FFF) == 0) {
      return 2;
    } else if ((number & ~0x1FFFFF) == 0) {
      return 3;
    } else if ((number & ~0xFFFFFFF) == 0) {
      return 4;
    } else {
      return 5;
    }
  }
}",5
"public class Exists {

  public boolean exists(int doc) {
    return true;
  }
}",1
"public class Ordval {

  public int ordval(int doc) { throw new UnsupportedOperationException(); }
}",1
"public class DECODEWEIGHT {

  private static int decodeWeight(long encoded) {
    return (int)(Integer.MAX_VALUE - encoded);
  }
}",1
"public class ENCODEWEIGHT {

  private static int encodeWeight(long value) {
    if (value < 0 || value > Integer.MAX_VALUE) {
      throw new UnsupportedOperationException(""cannot encode value: "" + value);
    }
    return Integer.MAX_VALUE - (int)value;
  }
}",3
"public class ENCODEWEIGHT {

  private static int encodeWeight(long value) {
    if (value < Integer.MIN_VALUE || value > Integer.MAX_VALUE) {
      throw new UnsupportedOperationException(""cannot encode value: "" + value);
    }
    return (int)value;
  }
}",3
"public class DECODEWEIGHT {

  private static int decodeWeight(long encoded) {
    return (int)(Integer.MAX_VALUE - encoded);
  }
}",1
"public class ENCODEWEIGHT {

  private static int encodeWeight(long value) {
    if (value < 0 || value > Integer.MAX_VALUE) {
      throw new UnsupportedOperationException(""cannot encode value: "" + value);
    }
    return Integer.MAX_VALUE - (int)value;
  }
}",3
"public class COMPARECHARSALPHABETICALLY {

  private static int compareCharsAlphabetically(char cCompare2, char cRef) {
    return Character.toLowerCase(cCompare2) - Character.toLowerCase(cRef);
  }
}",1
"public class CONVERTAMOUNT {

  public static long convertAmount(final double exchangeRate, final int sourceFractionDigits, final long sourceAmount, final int targetFractionDigits) {
    int digitDelta = targetFractionDigits - sourceFractionDigits;
    double value = ((double) sourceAmount * exchangeRate);

    if (digitDelta != 0) {
      if (digitDelta < 0) {
        for (int i = 0; i < -digitDelta; i++) {
          value *= 0.1;
        }
      } else {
        for (int i = 0; i < digitDelta; i++) {
          value *= 10.0;
        }
      }
    }

    return (long) value;
  }
}",5
"public class GETMAX {

  int getMax(int offset, int len, int max) {
    int v = len < 0 ? max : offset + len;
    if (v < 0 || v > max) v = max;
    return v;
  }
}",3
"public class SECONDSTOTICKS {

    public static long secondsToTicks(double seconds){
        double t = seconds * 20; //20 ticks per second, in an ideal world.
        return Math.round(t);
    }
}",1
"public class BINROOT {
        private static double binRoot(double x) {
        double eps = 0.0001; // accuracy
        // do a binary search for it
        // find the square root of x using a binary search
        double lower = 0.0;
        double upper = x;
        double mid = 0.0;
            for (int i = 0; i < 100; i++) {
            mid = (lower + upper) / 2;
            // each time, if mid is too big
            // fix lower to mid
            // else fix upper to mid

            double cur = mid * mid;
            if (Math.abs(x - cur) < eps) {
                // System.out.println(""Converged to "" + cur + "" in "" + i + "" iterations"");
                return mid;
            }

            if (cur < x) // mid too small
                lower = mid;
            else // mid too big
                upper = mid;
        }
        return mid;
    }
}",4
"public class SQR {
        public static double sqr(double x) {
        return x * x;
    }
}",1
"public class Vocaltractcompensation {
   
    public double vocaltractcompensation(double freq, double formant, double bandWidth){
      double num, denom, aux, val;     
      aux = Math.pow((bandWidth/2), 2.0);
      num = Math.pow(formant, 2.0) + aux;
      denom = Math.sqrt( ( Math.pow((freq-formant), 2.0) + aux )*( Math.pow((freq+formant), 2.0) + aux) );
      val = (num/denom);
      if(val > 0.0)
        return (20 * Math.log10(val));
      else{
        System.out.println(""vocalTractCompensation: warning value < 0.0"");
        return 0.0;
      }      
    }
}",2
"public class SHORTTOULAW {

    public static byte shortToUlaw(short sample) {
        final int[] exp_lut = {0,0,1,1,2,2,2,2,3,3,3,3,3,3,3,3,
                                   4,4,4,4,4,4,4,4,4,4,4,4,4,4,4,4,
                                   5,5,5,5,5,5,5,5,5,5,5,5,5,5,5,5,
                                   5,5,5,5,5,5,5,5,5,5,5,5,5,5,5,5,
                                   6,6,6,6,6,6,6,6,6,6,6,6,6,6,6,6,
                                   6,6,6,6,6,6,6,6,6,6,6,6,6,6,6,6,
                                   6,6,6,6,6,6,6,6,6,6,6,6,6,6,6,6,
                                   6,6,6,6,6,6,6,6,6,6,6,6,6,6,6,6,
                                   7,7,7,7,7,7,7,7,7,7,7,7,7,7,7,7,
                                   7,7,7,7,7,7,7,7,7,7,7,7,7,7,7,7,
                                   7,7,7,7,7,7,7,7,7,7,7,7,7,7,7,7,
                                   7,7,7,7,7,7,7,7,7,7,7,7,7,7,7,7,
                                   7,7,7,7,7,7,7,7,7,7,7,7,7,7,7,7,
                                   7,7,7,7,7,7,7,7,7,7,7,7,7,7,7,7,
                                   7,7,7,7,7,7,7,7,7,7,7,7,7,7,7,7,
                                   7,7,7,7,7,7,7,7,7,7,7,7,7,7,7,7};

        int sign, exponent, mantissa;
        short ulawbyte;

        final short CLIP = 32635;
        final short BIAS = 0x0084;

        /* Get the sample into sign-magnitude. */
        sign = (sample >> 8) & 0x80; /* set aside the sign */
        if ( sign != 0 ) {
            sample = (short) -sample; /* get magnitude */
        }
        if ( sample > CLIP ) sample = CLIP; /* clip the magnitude */

        /* Convert from 16 bit linear to ulaw. */
        sample = (short) (sample + BIAS);
        exponent = exp_lut[( sample >> 7 ) & 0xFF];
        mantissa = ( sample >> ( exponent + 3 ) ) & 0x0F;
        ulawbyte = (short)
            ((~ ( sign | ( exponent << 4 ) | mantissa)) & 0x00FF);
        if ( ulawbyte == 0 ) ulawbyte = 0x02; /* optional CCITT trap */
        // Now ulawbyte is an unsigned 8-bit entity.
        // Return as a (signed) byte:
        return (byte) (ulawbyte-128);
    }
}",4
"public class ULAWTOSHORT {

    public static short ulawToShort(byte ulaw) {
        short ulawbyte = (short) (ulaw + 128);
        final int[] exp_lut = { 0, 132, 396, 924, 1980, 4092, 8316, 16764 };
        int sign, exponent, mantissa;
        short sample;

        ulawbyte = (short) (ulawbyte & 0x00FF);
        ulawbyte = (short) (~ulawbyte);
        sign = ( ulawbyte & ((short) 0x80) );
        exponent = (int) ( (ulawbyte & (short) 0x00FF) >> 4 ) & 0x07;
        mantissa = ulawbyte & (short) 0x0F;
        sample = (short) (exp_lut[exponent] + (mantissa << (exponent + 3)));
        if ( sign != 0 ) sample = (short) (-sample);

        return sample;
    }
}",2
"public class QUANTIZE {

    public static short quantize( float f, float fMin, float fRange ) {
        return( (short)( ( (double)f - (double)fMin ) * 65535.0/((double)fRange) - 32768.0) );
    }
}",1
"public class UNQUANTIZE {

    public static float unQuantize( short s, float fMin, float fRange ) {
        return( (float)( ((double)(s) + 32768.0) * (double)fRange / 65535.0 - (double)fMin ) );
    }
}",1
"public class ISLETTERORMODIFIER {

    public static boolean isLetterOrModifier(int codePoint)
    {
        int type = Character.getType(codePoint);
        return type == Character.UPPERCASE_LETTER
            || type == Character.LOWERCASE_LETTER
            || type == Character.TITLECASE_LETTER
            || type == Character.MODIFIER_LETTER
            || type == Character.OTHER_LETTER
            || type == Character.NON_SPACING_MARK
            || type == Character.COMBINING_SPACING_MARK
            || type == Character.ENCLOSING_MARK;
    }
}",8
"public class ISDIGIT {

    public static boolean isDigit(char ch) {
	return ('0' <= ch && ch <= '9');
    }
}",2
"public class ISLETTER {

    private static boolean isLetter(char ch) {
        return (('a' <= ch && ch <= 'z') || ('A' <= ch && ch <= 'Z'));
    }
}",4
"public class ISUPPERCASELETTER {

    private static boolean isUppercaseLetter(char ch) {
        return ('A' <= ch && ch <= 'Z');
    }
}",2
"public class ISLOWERCASELETTER {

    private static boolean isLowercaseLetter(char ch) {
        return ('a' <= ch && ch <= 'z');
    }
}",2
"public class RAIL {

    private static int rail(int val)
    {
        return val > 19 ? 19 : val;
    }
}",1
"public class BYTESWAP {

    protected int byteswap(int val) {
        return (((val & 0xff000000) >>> 24) + ((val & 0x00ff0000) >>> 8) + ((val & 0x0000ff00) << 8) + ((val & 0x000000ff) << 24));
    }
}",1
"public class BYTESWAP {

    protected short byteswap(short val) {
        return ((short) ((((int) (val) & 0xff00) >>> 8) + (((int) (val) & 0x00ff) << 8)));
    }
}",1
"public class Cost {

        public double cost( double a, double b ) {
            return( a > b ? (a-b) : (b-a) );
            /* (Measuring which one is bigger replaces
             *  a costly Math.abs() operation.) */
        }
}",1
"public class HYPOT {
       public static double hypot(double a, double b) {

      double r;

      if (Math.abs(a) > Math.abs(b)) {

         r = b/a;

         r = Math.abs(a)*Math.sqrt(1+r*r);

      } else if (b != 0) {

         r = a/b;

         r = Math.abs(b)*Math.sqrt(1+r*r);

      } else {

         r = 0.0;

      }

      return r;

   }
}",3
"public class BANDWIDTH2KERNELLENGTH {

    protected static int bandwidth2kernelLength(double normalisedTransitionBandwidth)
    {
        int l = (int) (4/normalisedTransitionBandwidth);
        // kernel length must be odd:
        if (l%2==0) l++;
        return l;
    }
}",2
"public class KERNELLENGTH2BANDWIDTH {

    protected static double kernelLength2bandwidth(int kernelLength)
    {
        return (double) 4/kernelLength;
    }
}",1
"public class BANDWIDTH2KERNELLENGTH {

    protected static int bandwidth2kernelLength(double normalisedTransitionBandwidth)
    {
        int l = (int) (4/normalisedTransitionBandwidth);
        // kernel length must be odd:
        if (l%2==0) l++;
        return l;
    }
}",2
"public class KERNELLENGTH2BANDWIDTH {

    protected static double kernelLength2bandwidth(int kernelLength)
    {
        return (double) 4/kernelLength;
    }
}",1
"public class BANDWIDTH2KERNELLENGTH {

    protected static int bandwidth2kernelLength(double normalisedTransitionBandwidth)
    {
        int l = (int) (4/normalisedTransitionBandwidth);
        // kernel length must be odd:
        if (l%2==0) l++;
        return l;
    }
}",2
"public class KERNELLENGTH2BANDWIDTH {

    protected static double kernelLength2bandwidth(int kernelLength)
    {
        return (double) 4/kernelLength;
    }
}",1
"public class BANDWIDTH2KERNELLENGTH {

    protected static int bandwidth2kernelLength(double normalisedTransitionBandwidth)
    {
        int l = (int) (4/normalisedTransitionBandwidth);
        // kernel length must be odd:
        if (l%2==0) l++;
        return l;
    }
}",2
"public class KERNELLENGTH2BANDWIDTH {

    protected static double kernelLength2bandwidth(int kernelLength)
    {
        return (double) 4/kernelLength;
    }
}",1
"public class BYTESWAP {

    private static int byteswap( int val ) {
        return( ( (val & 0xff000000) >>> 24)
                 + ( (val & 0x00ff0000) >>> 8)
                 + ( (val & 0x0000ff00) << 8)
                 + ( (val & 0x000000ff) << 24) );
     }
}",1
"public class BYTESWAP {

     private static short byteswap( short val ) {
         return( (short)(
                 ( ((int)(val) & 0xff00) >>> 8 )
                 +
                 ( ((int)(val) & 0x00ff) << 8)
                 )
               );
     }
}",1
"public class TRIMTORANGE {

    public static double trimToRange(double untrimmedValue, double min, double max) {
        return Math.max(min, Math.min(max, untrimmedValue));
    }
}",1
"public class HZ2BARK {

    public static double hz2bark(double freqInHz)
    {
        // if should be: return 6 * asinh(f/600);
        double f = freqInHz/600;
        return 6 * Math.log( f + Math.sqrt((f*f)+1) );
    }
}",1
"public class Hexdigitpostfix {

    public boolean hexdigitpostfix(char ch) {
        switch (ch) {
            case 'A':
            case 'B':
            case 'C':
            case 'D':
            case 'E':
            case 'F':
            case 'a':
            case 'b':
            case 'c':
            case 'd':
            case 'e':
            case 'f':
                return true;
            default:
                return false;
        }
    }
}",2
"public class ZETASTATIC {

	static double zetastatic(long st, long n, double theta, double initialsum) {
		double sum = initialsum;
		for (long i = st; i < n; i++) {

			sum += 1 / (Math.pow(i + 1, theta));
		}

		// System.out.println(""countforzeta=""+countforzeta);

		return sum;
	}
}",2
"public class Getskycolorbytemp {

    public int getskycolorbytemp(float par1)
    {
        par1 /= 3F;

        if (par1 < -1F)
        {
            par1 = -1F;
        }

        if (par1 > 1.0F)
        {
            par1 = 1.0F;
        }

        return java.awt.Color.getHSBColor(0.6222222F - par1 * 0.05F, 0.5F + par1 * 0.1F, 1.0F).getRGB();
    }
}",3
"public class Getskycolorbytemp {

    public int getskycolorbytemp(float par1)
    {
        return 0;
    }
}",1
"public class DAMAGEDROPPED {

    protected int damageDropped(int par1)
    {
        return 0;
    }
}",1
"public class Getrendercolor {

    public int getrendercolor(int par1)
    {
        return 0xffffff;
    }
}",1
"public class ISBLOCKFOOTOFBED {

    public static boolean isBlockFootOfBed(int par0)
    {
        return (par0 & 8) != 0;
    }
}",1
"public class ISBEDOCCUPIED {

    public static boolean isBedOccupied(int par0)
    {
        return (par0 & 4) != 0;
    }
}",1
"public class Getblocktexturefromsideandmetadata {

    public int getblocktexturefromsideandmetadata(int par1, int par2)
    {
        if (par1 == 1)
        {
            return 138;
        }

        return par1 != 0 ? 154 : 155;
    }
}",2
"public class DAMAGEDROPPED {

    protected int damageDropped(int par1)
    {
        return par1;
    }
}",1
"public class GETBLOCKFROMDYE {

    public static int getBlockFromDye(int par0)
    {
        return ~par0 & 0xf;
    }
}",1
"public class GETDYEFROMBLOCK {

    public static int getDyeFromBlock(int par0)
    {
        return ~par0 & 0xf;
    }
}",1
"public class GETDIRECTION {

    public static int getDirection(int par0)
    {
        return par0 & 3;
    }
}",1
"public class ISENDEREYEINSERTED {

    public static boolean isEnderEyeInserted(int par0)
    {
        return (par0 & 4) != 0;
    }
}",1
"public class ISFENCEGATEOPEN {

    public static boolean isFenceGateOpen(int par0)
    {
        return (par0 & 4) != 0;
    }
}",1
"public class GETFLUIDHEIGHTPERCENT {

    public static float getFluidHeightPercent(int par0)
    {
        if (par0 >= 8)
        {
            par0 = 0;
        }

        float f = (float)(par0 + 1) / 9F;
        return f;
    }
}",2
"public class Cancollidecheck {

    public boolean cancollidecheck(int par1, boolean par2)
    {
        return par2 && par1 == 0;
    }
}",2
"public class Getblocktexturefromsideandmetadata {

    public int getblocktexturefromsideandmetadata(int par1, int par2)
    {
        if (par1 == 1)
        {
            return 0;
        }

        return par1 != 0 ? 3 : 2;
    }
}",2
"public class DAMAGEDROPPED {

    protected int damageDropped(int par1)
    {
        return par1 & 3;
    }
}",1
"public class Getrendercolor {

    public int getrendercolor(int par1)
    {
        return 0x208030;
    }
}",1
"public class Getblocktexturefromsideandmetadata {

    public int getblocktexturefromsideandmetadata(int par1, int par2)
    {
        if (par1 == 1)
        {
            return 21;
        }

        if (par1 == 0)
        {
            return 21;
        }

        if (par2 == 1)
        {
            return 116;
        }

        if (par2 == 2)
        {
            return 117;
        }

        return par2 != 3 ? 20 : 153;
    }
}",5
"public class DAMAGEDROPPED {

    protected int damageDropped(int par1)
    {
        return par1;
    }
}",1
"public class Getblocktexturefromsideandmetadata {

    public int getblocktexturefromsideandmetadata(int par1, int par2)
    {
        return par1 != 1 && par1 != 0 ? 136 : 137;
    }
}",2
"public class Getblocktexturefromside {

    public int getblocktexturefromside(int par1)
    {
        return par1 != 1 && par1 != 0 ? 136 : 137;
    }
}",2
"public class Getblocktexturefromsideandmetadata {

    public int getblocktexturefromsideandmetadata(int par1, int par2)
    {
        if (par1 == 1)
        {
            return 78;
        }

        return par1 != 0 ? 77 : 2;
    }
}",2
"public class GETORIENTATION {

    public static int getOrientation(int par0)
    {
        return par0 & 7;
    }
}",1
"public class ISEXTENDED {

    public static boolean isExtended(int par0)
    {
        return (par0 & 8) != 0;
    }
}",1
"public class Getblocktexturefromsideandmetadata {

    public int getblocktexturefromsideandmetadata(int par1, int par2)
    {
        if (par1 == 1 || par1 == 0 && (par2 == 1 || par2 == 2))
        {
            return 176;
        }

        if (par1 == 0)
        {
            return 208;
        }

        if (par2 == 1)
        {
            return 229;
        }

        return par2 != 2 ? 192 : 230;
    }
}",7
"public class DAMAGEDROPPED {

    protected int damageDropped(int par1)
    {
        return par1;
    }
}",1
"public class DAMAGEDROPPED {

    protected int damageDropped(int par1)
    {
        return par1 & 3;
    }
}",1
"public class Getrendercolor {

    public int getrendercolor(int par1)
    {
        int i = par1 * 32;
        int j = 255 - par1 * 8;
        int k = par1 * 4;
        return i << 16 | j << 8 | k;
    }
}",1
"public class DAMAGEDROPPED {

    protected int damageDropped(int par1)
    {
        return par1 & 7;
    }
}",1
"public class Getblocktexturefromsideandmetadata {

    public int getblocktexturefromsideandmetadata(int par1, int par2)
    {
        switch (par2)
        {
            default:
                return 54;

            case 1:
                return 100;

            case 2:
                return 101;

            case 3:
                return 213;
        }
    }
}",2
"public class DAMAGEDROPPED {

    protected int damageDropped(int par1)
    {
        return par1;
    }
}",1
"public class Getblocktexturefromsideandmetadata {

    public int getblocktexturefromsideandmetadata(int par1, int par2)
    {
        switch (par2)
        {
            default:
                return 4;

            case 1:
                return 198;

            case 2:
                return 214;

            case 3:
                return 199;
        }
    }
}",2
"public class DAMAGEDROPPED {

    protected int damageDropped(int par1)
    {
        return par1;
    }
}",1
"public class CHUNKXZ2INT {

    public static long chunkXZ2Int(int par0, int par1)
    {
        long l = par0;
        long l1 = par1;
        return l & 0xffffffffL | (l1 & 0xffffffffL) << 32;
    }
}",1
"public class Chunkexists {

    public boolean chunkexists(int par1, int par2)
    {
        return true;
    }
}",1
"public class Chunkexists {

    public boolean chunkexists(int par1, int par2)
    {
        return true;
    }
}",1
"public class Chunkexists {

    public boolean chunkexists(int par1, int par2)
    {
        return true;
    }
}",1
"public class Chunkexists {

    public boolean chunkexists(int par1, int par2)
    {
        return true;
    }
}",1
"public class Chunkexists {

    public boolean chunkexists(int par1, int par2)
    {
        return true;
    }
}",1
"public class GETVILLAGERTYPE {

    protected int getVillagerType(int par1)
    {
        return 0;
    }
}",1
"public class GETVILLAGERTYPE {

    protected int getVillagerType(int par1)
    {
        return 2;
    }
}",1
"public class GETVILLAGERTYPE {

    protected int getVillagerType(int par1)
    {
        return par1 != 0 ? 0 : 4;
    }
}",1
"public class GETVILLAGERTYPE {

    protected int getVillagerType(int par1)
    {
        return 1;
    }
}",1
"public class GETVILLAGERTYPE {

    protected int getVillagerType(int par1)
    {
        return 3;
    }
}",1
"public class Getheightvalue {

    public int getheightvalue(int par1, int par2)
    {
        return 0;
    }
}",1
"public class Getblockid {

    public int getblockid(int par1, int par2, int par3)
    {
        return 0;
    }
}",1
"public class Setblockidwithmetadata {

    public boolean setblockidwithmetadata(int par1, int par2, int par3, int i, int j)
    {
        return true;
    }
}",1
"public class Setblockid {

    public boolean setblockid(int par1, int par2, int par3, int i)
    {
        return true;
    }
}",1
"public class Getblockmetadata {

    public int getblockmetadata(int par1, int par2, int par3)
    {
        return 0;
    }
}",1
"public class Setblockmetadata {

    public boolean setblockmetadata(int par1, int par2, int par3, int i)
    {
        return false;
    }
}",1
"public class Getblocklightvalue {

    public int getblocklightvalue(int par1, int par2, int par3, int i)
    {
        return 0;
    }
}",1
"public class Canblockseethesky {

    public boolean canblockseethesky(int par1, int par2, int par3)
    {
        return false;
    }
}",1
"public class Needssaving {

    public boolean needssaving(boolean par1)
    {
        return false;
    }
}",1
"public class Getarelevelsempty {

    public boolean getarelevelsempty(int par1, int par2)
    {
        return true;
    }
}",1
"public class Getminenchantability {

    public int getminenchantability(int par1)
    {
        return 1 + par1 * 10;
    }
}",1
"public class Getminenchantability {

    public int getminenchantability(int par1)
    {
        return 1 + (par1 - 1) * 10;
    }
}",1
"public class Getminenchantability {

    public int getminenchantability(int par1)
    {
        return 20;
    }
}",1
"public class Getmaxenchantability {

    public int getmaxenchantability(int par1)
    {
        return 50;
    }
}",1
"public class Getminenchantability {

    public int getminenchantability(int par1)
    {
        return 20;
    }
}",1
"public class Getmaxenchantability {

    public int getmaxenchantability(int par1)
    {
        return 50;
    }
}",1
"public class Getminenchantability {

    public int getminenchantability(int par1)
    {
        return 12 + (par1 - 1) * 20;
    }
}",1
"public class Getminenchantability {

    public int getminenchantability(int par1)
    {
        return 1 + 15 * (par1 - 1);
    }
}",1
"public class Getminenchantability {

    public int getminenchantability(int par1)
    {
        return 5 + (par1 - 1) * 10;
    }
}",1
"public class Getminenchantability {

    public int getminenchantability(int par1)
    {
        return 10 + 20 * (par1 - 1);
    }
}",1
"public class Getminenchantability {

    public int getminenchantability(int par1)
    {
        return 5 + 20 * (par1 - 1);
    }
}",1
"public class Getminenchantability {

    public int getminenchantability(int par1)
    {
        return 20 + (par1 - 1) * 12;
    }
}",1
"public class Getminenchantability {

    public int getminenchantability(int par1)
    {
        return 10 * par1;
    }
}",1
"public class Getminenchantability {

    public int getminenchantability(int par1)
    {
        return 25;
    }
}",1
"public class Getminenchantability {

    public int getminenchantability(int par1)
    {
        return 1;
    }
}",1
"public class Getbrightness {

    public float getbrightness(float par1)
    {
        return 1.0F;
    }
}",1
"public class Getblockpathweight {

    public float getblockpathweight(int par1, int par2, int par3)
    {
        return 0.0F;
    }
}",1
"public class SIMPLIFYANGLE {

    private float simplifyAngle(double par1)
    {
        for (; par1 >= 180D; par1 -= 360D) { }

        for (; par1 < -180D; par1 += 360D) { }

        return (float)par1;
    }
}",3
"public class Getbrightness {

    public float getbrightness(float par1)
    {
        return 1.0F;
    }
}",1
"public class Getbrightness {

    public float getbrightness(float par1)
    {
        return 1.0F;
    }
}",1
"public class DECREASEAIRSUPPLY {

    protected int decreaseAirSupply(int par1)
    {
        return par1;
    }
}",1
"public class Getbrightness {

    public float getbrightness(float par1)
    {
        return 1.0F;
    }
}",1
"public class DECREASEAIRSUPPLY {

    protected int decreaseAirSupply(int par1)
    {
        return par1 - 1;
    }
}",1
"public class UPDATEROTATION {

    private float updateRotation(float par1, float par2, float par3)
    {
        float f;

        for (f = par2 - par1; f < -180F; f += 360F) { }

        for (; f >= 180F; f -= 360F) { }

        if (f > par3)
        {
            f = par3;
        }

        if (f < -par3)
        {
            f = -par3;
        }

        return par1 + f;
    }
}",5
"public class Getbrightness {

    public float getbrightness(float par1)
    {
        return 1.0F;
    }
}",1
"public class GETXPSPLIT {

    public static int getXPSplit(int par0)
    {
        if (par0 >= 2477)
        {
            return 2477;
        }

        if (par0 >= 1237)
        {
            return 1237;
        }

        if (par0 >= 617)
        {
            return 617;
        }

        if (par0 >= 307)
        {
            return 307;
        }

        if (par0 >= 149)
        {
            return 149;
        }

        if (par0 >= 73)
        {
            return 73;
        }

        if (par0 >= 37)
        {
            return 37;
        }

        if (par0 >= 17)
        {
            return 17;
        }

        if (par0 >= 7)
        {
            return 7;
        }

        return par0 < 3 ? 1 : 3;
    }
}",10
"public class GETHOVERSTATE {

    protected int getHoverState(boolean par1)
    {
        return 0;
    }
}",1
"public class ISSELECTED {

    protected boolean isSelected(int par1)
    {
        return false;
    }
}",1
"public class ISSELECTED {

    protected boolean isSelected(int par1)
    {
        return false;
    }
}",1
"public class COMPUTEHASH {

    private static int computeHash(int par0)
    {
        par0 ^= par0 >>> 20 ^ par0 >>> 12;
        return par0 ^ par0 >>> 7 ^ par0 >>> 4;
    }
}",1
"public class GETSLOTINDEX {

    private static int getSlotIndex(int par0, int par1)
    {
        return par0 & par1 - 1;
    }
}",1
"public class Getmetadata {

    public int getmetadata(int par1)
    {
        return 0;
    }
}",1
"public class Getmetadata {

    public int getmetadata(int par1)
    {
        return par1;
    }
}",1
"public class Getmetadata {

    public int getmetadata(int par1)
    {
        return par1;
    }
}",1
"public class Getmetadata {

    public int getmetadata(int par1)
    {
        return par1 | 4;
    }
}",1
"public class Getmetadata {

    public int getmetadata(int par1)
    {
        return par1;
    }
}",1
"public class Getmetadata {

    public int getmetadata(int par1)
    {
        return 7;
    }
}",1
"public class ISSPLASH {

    public static boolean isSplash(int par0)
    {
        return (par0 & 0x4000) != 0;
    }
}",1
"public class Getmetadata {

    public int getmetadata(int par1)
    {
        return par1;
    }
}",1
"public class Getmetadata {

    public int getmetadata(int par1)
    {
        return par1;
    }
}",1
"public class HASH {

    private static int hash(int par0)
    {
        par0 ^= par0 >>> 20 ^ par0 >>> 12;
        return par0 ^ par0 >>> 7 ^ par0 >>> 4;
    }
}",1
"public class GETHASHINDEX {

    private static int getHashIndex(int par0, int par1)
    {
        return par0 & par1 - 1;
    }
}",1
"public class FLOOR_FLOAT {

    public static int floor_float(float par0)
    {
        int i = (int)par0;
        return par0 >= (float)i ? i : i - 1;
    }
}",1
"public class FLOOR_DOUBLE {

    public static int floor_double(double par0)
    {
        int i = (int)par0;
        return par0 >= (double)i ? i : i - 1;
    }
}",1
"public class FLOOR_DOUBLE_LONG {

    public static long floor_double_long(double par0)
    {
        long l = (long)par0;
        return par0 >= (double)l ? l : l - 1L;
    }
}",1
"public class CLAMP_INT {

    public static int clamp_int(int par0, int par1, int par2)
    {
        if (par0 < par1)
        {
            return par1;
        }

        if (par0 > par2)
        {
            return par2;
        }
        else
        {
            return par0;
        }
    }
}",3
"public class CLAMP_FLOAT {

    public static float clamp_float(float par0, float par1, float par2)
    {
        if (par0 < par1)
        {
            return par1;
        }

        if (par0 > par2)
        {
            return par2;
        }
        else
        {
            return par0;
        }
    }
}",3
"public class ABS_MAX {

    public static double abs_max(double par0, double par2)
    {
        if (par0 < 0.0D)
        {
            par0 = -par0;
        }

        if (par2 < 0.0D)
        {
            par2 = -par2;
        }

        return par0 <= par2 ? par2 : par0;
    }
}",3
"public class BUCKETINT {

    public static int bucketInt(int par0, int par1)
    {
        if (par0 < 0)
        {
            return -((-par0 - 1) / par1) - 1;
        }
        else
        {
            return par0 / par1;
        }
    }
}",2
"public class UPDATEROTATIONS {

    private float updateRotations(double par1)
    {
        for (; par1 >= 180D; par1 -= 360D) { }

        for (; par1 < -180D; par1 += 360D) { }

        return (float)par1;
    }
}",3
"public class Isready {

    public boolean isready(int par1, int par2)
    {
        return par1 >= 1;
    }
}",1
"public class CHECKFLAG {

    public static boolean checkFlag(int par0, int par1)
    {
        return (par0 & 1 << par1) != 0;
    }
}",1
"public class COUNTSETFLAGS {

    private static int countSetFlags(int par0)
    {
        int i;

        for (i = 0; par0 > 0; i++)
        {
            par0 &= par0 - 1;
        }

        return i;
    }
}",2
"public class OUTOFBOUNDS {

    private boolean outOfBounds(int par1, int par2)
    {
        return par1 < 0 || par1 >= 32 || par2 < 0 || par2 >= 32;
    }
}",4
"public class GETAOBRIGHTNESS {

    private int getAoBrightness(int par1, int par2, int par3, int par4)
    {
        if (par1 == 0)
        {
            par1 = par4;
        }

        if (par2 == 0)
        {
            par2 = par4;
        }

        if (par3 == 0)
        {
            par3 = par4;
        }

        return par1 + par2 + par3 + par4 >> 2 & 0xff00ff;
    }
}",4
"public class RENDERITEMIN3D {

    public static boolean renderItemIn3d(int par0)
    {
        if (par0 == 0)
        {
            return true;
        }

        if (par0 == 13)
        {
            return true;
        }

        if (par0 == 10)
        {
            return true;
        }

        if (par0 == 11)
        {
            return true;
        }

        if (par0 == 27)
        {
            return true;
        }

        if (par0 == 22)
        {
            return true;
        }

        if (par0 == 21)
        {
            return true;
        }

        return par0 == 16;
    }
}",8
"public class ALPHABLEND {

    private int alphaBlend(int par1, int par2)
    {
        int i = (par1 & 0xff000000) >> 24 & 0xff;
        int j = (par2 & 0xff000000) >> 24 & 0xff;
        char c = '\377';

        if (i + j < 255)
        {
            c = '\0';
            i = 1;
            j = 1;
        }
        else if (i > j)
        {
            i = 255;
            j = 1;
        }
        else
        {
            i = 1;
            j = 255;
        }

        int k = (par1 >> 16 & 0xff) * i;
        int l = (par1 >> 8 & 0xff) * i;
        int i1 = (par1 & 0xff) * i;
        int j1 = (par2 >> 16 & 0xff) * j;
        int k1 = (par2 >> 8 & 0xff) * j;
        int l1 = (par2 & 0xff) * j;
        int i2 = (k + j1) / (i + j);
        int j2 = (l + k1) / (i + j);
        int k2 = (i1 + l1) / (i + j);
        return c << 24 | i2 << 16 | j2 << 8 | k2;
    }
}",3
"public class Gettemperatureatheight {

    public float gettemperatureatheight(float par1, int par2)
    {
        return par1;
    }
}",1
"public class Tickupdates {

    public boolean tickupdates(boolean par1)
    {
        return false;
    }
}",1
"public class Calculatecelestialangle {

    public float calculatecelestialangle(long par1, float par3)
    {
        int i = (int)(par1 % 24000L);
        float f = ((float)i + par3) / 24000F - 0.25F;

        if (f < 0.0F)
        {
            f++;
        }

        if (f > 1.0F)
        {
            f--;
        }

        float f1 = f;
        f = 1.0F - (float)((Math.cos((double)f * Math.PI) + 1.0D) / 2D);
        f = f1 + (f - f1) / 3F;
        return f;
    }
}",3
"public class Calculatecelestialangle {

    public float calculatecelestialangle(long par1, float par3)
    {
        return 0.0F;
    }
}",1
"public class Cancoordinatebespawn {

    public boolean cancoordinatebespawn(int par1, int par2)
    {
        return false;
    }
}",1
"public class Calculatecelestialangle {

    public float calculatecelestialangle(long par1, float par3)
    {
        return 0.5F;
    }
}",1
"public class TOMAPUNIT {

	public static int toMapUnit(double l) {
		double DELTA = 360.0D / (1 << 24) / 2; //Correct rounding
		if (l > 0)
			return (int) ((l + DELTA) * (1 << 24)/360);
		else
			return (int) ((l - DELTA) * (1 << 24)/360);
	}
}",2
"public class TODEGREES {

	public static double toDegrees(int val) {
		return (double) val * (360.0 / (1 << 24));
	}
}",1
"public class GETBYTEOFFSET {

	private int getByteOffset(int boff) {
		return boff/8;
	}
}",1
"public class GETSUBTYPEORTYPEFROMFULLTYPE {

	public static int getSubtypeOrTypeFromFullType(int fullType) {
		return fullType & 0xff;
	}
}",1
"public class ALPHAROUND4 {

	static int alphaRound4(int alpha) {
		int top = (alpha >> 4) & 0xf;
		int low = alpha & 0xf;

		int diff = low-top;
		if (diff > 8)
			top++;
		else if (diff < -8)
			top--;
		return top;
	}
}",3
"public class TOYEARCODE {

	private byte toYearCode(int y) {
		return (byte) (y - 1900);
	}
}",1
"public class ISPOINTONLINE {

	private static boolean isPointOnLine(int x0, int y0, int x1, int y1, int xt, int yt) {
		// this implementation avoids using doubles
		// apply transformation points to change target point to (0,0)
		x0 -= xt;
		y0 -= yt;
		x1 -= xt;
		y1 -= yt;

		// ensure that x0 is smaller than x1 so that we can just check to see if the line intersects the y axis easily
		if (x0 > x1) {
			int xtemp = x0;
			int ytemp = y0;
			x0 = x1;
			y0 = y1;
			x1 = xtemp;
			y1 = ytemp;
		}

		// if a point is on the edge of shape (on a line), it's considered outside the shape
		// special case if line is on y-axis
		if (x0 == 0 && x1 == 0) {
			// ensure that y0 is smaller than y1 so that we can just check if the line intersects the x axis
			if (y0 > y1) {
				int ytemp = y0;
				y0 = y1;
				y1 = ytemp;
			}
			// test to see if we have a vertical line touches x-axis
			if (y0 <= 0 && y1 >= 0)
				return true;
			// checks if point is on the line, see comments in contain() for derivation of similar 
			// formula - left as an exercise to the reader ;)
		} else if ((x0 <= 0 && x1 >= 0) && (y0 * (x1 - x0)) == ((y1 - y0) * x0)) {
			return true;
		}
		return false;
	}
}",10
"public class CHARFLAGS {

	private int charFlags(char cval) {
		int flags = 0;
		if (Character.isLetter(cval) && (Character.getType(cval) & Character.MODIFIER_LETTER) == 0)
			flags = 1;
		if (Character.isDigit(cval))
			flags = 2;
		return flags;
	}
}",4
"public class CONVERTHEXDIGIT {

    private static byte convertHexDigit( byte b ) {
        if ((b >= '0') && (b <= '9')) return (byte)(b - '0');
        if ((b >= 'a') && (b <= 'f')) return (byte)(b - 'a' + 10);
        if ((b >= 'A') && (b <= 'F')) return (byte)(b - 'A' + 10);
        return 0;
    }
}",7
"public class DEHEXCHAR {

    public static int dehexchar(char c) {
        if (c >= '0' && c <= '9') {
            return c - '0';
        }
        if (c >= 'A' && c <= 'F') {
            return c - ('A' - 10);
        }
        if (c >= 'a' && c <= 'f') {
            return c - ('a' - 10);
        }
        return -1;
    }
}",7
"public class ISWHITESPACE {

    protected static boolean isWhiteSpace(byte byteToCheck) {
        switch (byteToCheck) {
            case ' ' :
            case '\n' :
            case '\r' :
            case '\t' :
                return true;
            default :
                return false;
        }
    }
}",2
"public class ISCONTINUATIONCHAR {

    private static boolean isContinuationChar(byte b) {
        return -128 <= b && b <= -65;
    }
}",2
"public class ISTWOBYTESSEQUENCE {

    private static boolean isTwoBytesSequence(byte b) {
        return -64 <= b && b <= -33;
    }
}",2
"public class ISTHREEBYTESSEQUENCE {

    private static boolean isThreeBytesSequence(byte b) {
        return -32 <= b && b <= -17;
    }
}",2
"public class ISFOURBYTESSEQUENCE {

    private static boolean isFourBytesSequence(byte b) {
        return -16 <= b && b <= -9;
    }
}",2
"public class ISFIVEBYTESSEQUENCE {

    private static boolean isFiveBytesSequence(byte b) {
        return -8 <= b && b <= -5;
    }
}",2
"public class ISSIXBYTESSEQUENCE {

    private static boolean isSixBytesSequence(byte b) {
        return -4 <= b && b <= -3;
    }
}",2
"public class SIGMOID {

    private double sigmoid(double x) {
        x = 12.0*x - 6.0;
        return (1.0 / (1.0 + Math.exp(-1.0 * x)));
    }
}",1
"public class Pace {

    public double pace(double f) {
        return 2*(f <= 0.5 ? f : (1-f));
    }
}",1
"public class Addchild {

    public int addchild(int parent) {
        throw new UnsupportedOperationException(
            ""Changes to tree structure not allowed for spanning trees."");
    }
}",1
"public class Addchildedge {

    public int addchildedge(int parent, int child) {
        throw new UnsupportedOperationException(
            ""Changes to tree structure not allowed for spanning trees."");
    }
}",1
"public class Removechild {

    public boolean removechild(int node) {
        throw new UnsupportedOperationException(
            ""Changes to tree structure not allowed for spanning trees."");
    }
}",1
"public class Removechildedge {

    public boolean removechildedge(int edge) {
        throw new UnsupportedOperationException(
            ""Changes to tree structure not allowed for spanning trees."");
    }
}",1
"public class Addedge {

    public int addedge(int s, int t) {
        throw new UnsupportedOperationException(
            ""Changes to graph structure not allowed for spanning trees."");
    }
}",1
"public class Removeedge {

    public boolean removeedge(int edge) {
        throw new UnsupportedOperationException(
            ""Changes to graph structure not allowed for spanning trees."");
    }
}",1
"public class Removenode {

    public boolean removenode(int node) {
        throw new UnsupportedOperationException(
            ""Changes to graph structure not allowed for spanning trees."");
    }
}",1
"public class RGBA {

    public static int rgba(int r, int g, int b, int a) {
        return ((a & 0xFF) << 24) | ((r & 0xFF) << 16)
                | ((g & 0xFF) << 8) | ((b & 0xFF) << 0);
    }
}",1
"public class RGBA {

    public static int rgba(float r, float g, float b, float a) {
        return ((((int) (a * 255 + 0.5)) & 0xFF) << 24)
                | ((((int) (r * 255 + 0.5)) & 0xFF) << 16)
                | ((((int) (g * 255 + 0.5)) & 0xFF) << 8)
                | (((int) (b * 255 + 0.5)) & 0xFF);
    }
}",1
"public class RED {

    public static int red(int color) {
        return (color >> 16) & 0xFF;
    }
}",1
"public class GREEN {

    public static int green(int color) {
        return (color >> 8) & 0xFF;
    }
}",1
"public class BLUE {

    public static int blue(int color) {
        return color & 0xFF;
    }
}",1
"public class ALPHA {

    public static int alpha(int color) {
        return (color >> 24) & 0xFF;
    }
}",1
"public class DESATURATE {

    public static int desaturate(int c) {
        int a = c & 0xff000000;
        float r = ((c & 0xff0000) >> 16);
        float g = ((c & 0x00ff00) >> 8);
        float b = (c & 0x0000ff);

        r *= 0.2125f; // red band weight
        g *= 0.7154f; // green band weight
        b *= 0.0721f; // blue band weight

        int gray = Math.min(((int) (r + g + b)), 0xff) & 0xff;
        return a | (gray << 16) | (gray << 8) | gray;
    }
}",1
"public class SAFESQRT {

    public static double safeSqrt(double x) {
        return ( x<0 ? -Math.sqrt(-x) : Math.sqrt(x) );
    }
}",1
"public class LINEARINTERP {

    public static double linearInterp(double val, double min, double max) {
        double denominator = (max-min);
        if ( denominator == 0 )
            return 0;
        return (val-min)/denominator;
    }
}",2
"public class CHOOSEHIGHWATERMARK {

    protected int chooseHighWaterMark(int capacity, double maxLoad) {
        return Math.min(capacity - 2, (int) (capacity * maxLoad)); // makes
                                                                    // sure
                                                                    // there is
                                                                    // always at
                                                                    // least one
                                                                    // FREE slot
    }
}",1
"public class CHOOSELOWWATERMARK {

    protected int chooseLowWaterMark(int capacity, double minLoad) {
        return (int) (capacity * minLoad);
    }
}",1
"public class Compare {

    public int compare(byte x1, byte x2) {
        return ( x1 < x2 ? -1 : x1 > x2 ? 1 : 0 );
    }
}",1
"public class Compare {

    public int compare(int x1, int x2) {
        return ( x1 < x2 ? -1 : x1 > x2 ? 1 : 0 );
    }
}",1
"public class Compare {

    public int compare(long x1, long x2) {
        return ( x1 < x2 ? -1 : x1 > x2 ? 1 : 0 );
    }
}",1
"public class Compare {

    public int compare(float x1, float x2) {
        return Float.compare(x1, x2);
    }
}",1
"public class Compare {

    public int compare(double x1, double x2) {
        return Double.compare(x1, x2);
    }
}",1
"public class Compare {

    public int compare(boolean x1, boolean x2) {
        return ( x1 ? (x2 ? 0 : 1) : (x2 ? -1 : 0) );
    }
}",1
"public class ADJUSTCOLORCOMPONENT {

    private static int adjustColorComponent(int base, int adjBright, int adjDark) {
        if (base > 128) {
            base -= adjBright;
        } else {
            base += adjDark;
        }

        if (base < 0) {
            base = 0;
        }

        if (base > 255) {
            base = 255;
        }

        return base;
    }
}",4
"public class EVAL {

        private float eval(float t, float p1, float p2) {
            // Use optimzied version of the normal Bernstein basis form of Bezier:
            // (3*(1-t)*(1-t)*t*p1)+(3*(1-t)*t*t*p2)+(t*t*t), since p0=0, p3=1
            // The above unoptimized version is best using -server, but since we are
            // probably doing client-side animation, this is faster.
            float compT = 1 - t;
            return t * (3 * compT * (compT * p1 + t * p2) + (t * t));
        }
}",1
"public class EVALDERIVATIVE {

        private float evalDerivative(float t, float p1, float p2) {
            // use optimzed version of Berstein basis Bezier derivative:
            // (3*(1-t)*(1-t)*p1)+(6*(1-t)*t*(p2-p1))+(3*t*t*(1-p2)), since p0=0, p3=1
            // The above unoptimized version is best using -server, but since we are
            // probably doing client-side animation, this is faster.
            float compT = 1 - t;
            return 3 * (compT * (compT * p1 + 2 * t * (p2 - p1)) + t * t * (1 - p2));
        }
}",1
"public class Dodoubleclick {

    public boolean dodoubleclick(int x, int y) {
        return false;
    }
}",1
"public class Dopopup {

    public boolean dopopup(int x, int y) {
        return false;
    }
}",1
"public class HASH {

	protected int hash(long value) {
		return (int)(value ^ (value >>> 32));
	}
}",1
"public class DEHEXCHAR {

    public static int dehexchar(char c) {
        if (c >= '0' && c <= '9') {
            return c - '0';
        }
        if (c >= 'A' && c <= 'F') {
            return c - ('A' - 10);
        }
        if (c >= 'a' && c <= 'f') {
            return c - ('a' - 10);
        }
        return -1;
    }
}",7
"public class DEHEXCHAR {

    public static int dehexchar(char c) {
        if (c >= '0' && c <= '9') {
            return c - '0';
        }
        if (c >= 'A' && c <= 'F') {
            return c - ('A' - 10);
        }
        if (c >= 'a' && c <= 'f') {
            return c - ('a' - 10);
        }
        return -1;
    }
}",7
"public class DEHEXCHAR {

    public static int dehexchar(char c) {
        if (c >= '0' && c <= '9') {
            return c - '0';
        }
        if (c >= 'A' && c <= 'F') {
            return c - ('A' - 10);
        }
        if (c >= 'a' && c <= 'f') {
            return c - ('a' - 10);
        }
        return -1;
    }
}",7
"public class DEHEXCHAR {

    public static int dehexchar(char c) {
        if (c >= '0' && c <= '9') {
            return c - '0';
        }
        if (c >= 'A' && c <= 'F') {
            return c - ('A' - 10);
        }
        if (c >= 'a' && c <= 'f') {
            return c - ('a' - 10);
        }
        return -1;
    }
}",7
"public class DEHEXCHAR {

    public static int dehexchar(char c) {
        if (c >= '0' && c <= '9') {
            return c - '0';
        }
        if (c >= 'A' && c <= 'F') {
            return c - ('A' - 10);
        }
        if (c >= 'a' && c <= 'f') {
            return c - ('a' - 10);
        }
        return -1;
    }
}",7
"public class Sigmoidtransfer {

    public double sigmoidtransfer(double value) {
    	return (1.0 / (1.0 + Math.exp(-value)));
    }
}",1
"public class Sigmoidderivate {

    public double sigmoidderivate(double value) {
    	return (value * (1.0 - value));
    }
}",1
"public class Sigmoidtransfer {

    public double sigmoidtransfer(double value) {
    	return (1.0 / (1.0 + Math.exp(-value)));
    }
}",1
"public class Sigmoidderivate {

    public double sigmoidderivate(double value) {
    	return (value * (1.0 - value));
    }
}",1
"public class Isalessthanb {

    public boolean isalessthanb(int a, int b)
    {
        return (a < b) ? true : false;
    }
}",1
"public class LOOKFORSELECTABLEPOSITION {

    int lookForSelectablePosition(int position, boolean lookDown) {
        return position;
    }
}",1
"public class EXTRACT {

	public static int extract(int bits, int lowest, int size) {
		if (size == 32)
			return (bits >> lowest);
		else
			return ((bits >> lowest) & ((1 << size) - 1));
	}
}",2
"public class EXTRACT {

	public static long extract(long bits, int lowest, int size) {
		if (size == 64)
			return (bits >> lowest);
		else
			return ((bits >> lowest) & ((1L << size) - 1));
	}
}",2
"public class TEST {

	public static boolean test(long flag, long bits) {
		return ((bits & flag) != 0);
	}
}",1
"public class Stop {

    public int stop(int exitCode)
    {
        return exitCode;
    }
}",1
"public class CALCULATETIME {

    private static double calculateTime(double fileSize, double speed) {
        return ((fileSize * 1024) / speed);
    }
}",1
"public class HASH {

    public static int hash(int aSeed, float aFloat) {
        return hash(aSeed, Float.floatToIntBits(aFloat));
    }
}",1
"public class HASH {

    public static int hash(int aSeed, double aDouble) {
        return hash(aSeed, Double.doubleToLongBits(aDouble));
    }
}",1
"public class Isleapyear {

    public boolean isleapyear( int aYear )
    {
    	// divisible by 4
    	// divisible by 4 and not 100  (1900 is not a leap year)
    	// divisible by 4 and not 100 unless divisible by 400

    	return (aYear % 4 == 0) && ((aYear % 100 != 0) || (aYear % 400 == 0));
    }
}",3
"public class EVEN {

    public static boolean even(double n) {
        return n % 2 == 0;
    }
}",1
"public class ODD {

    public static boolean odd(double n) {
        return n % 2 != 0;
    }
}",1
"public class POINTDELTA {

    protected double pointDelta(int amount, boolean closed) {
        double delta = 1;
        if (closed) {
            if (amount > 0) {
                delta = 1.0 / amount;
            }
        } else {
            // The delta value is divided by amount - 1, because we also want the last point (t=1.0)
            // If I wouldn't use amount - 1, I fall one point short of the end.
            // E.g. if amount = 4, I want point at t 0.0, 0.33, 0.66 and 1.0,
            // if amount = 2, I want point at t 0.0 and t 1.0
            if (amount > 2) {
                delta = 1.0 / (amount - 1.0);
            }
        }
        return delta;
    }
}",4
"public class LINELENGTH {

    public static double lineLength(double x0, double y0, double x1, double y1) {
        x0 = Math.abs(x0 - x1);
        x0 *= x0;
        y0 = Math.abs(y0 - y1);
        y0 *= y0;
        return Math.sqrt(x0 + y0);
    }
}",1
"public class ISNUMERIC {

    public static boolean isNumeric(char c) {
        return c >= '0' && c <= '9';
    }
}",2
"public class DISTANCE {

    public static double distance(double x0, double y0, double x1, double y1) {
        return Math.sqrt(Math.pow(x1 - x0, 2) + Math.pow(y1 - y0, 2));
    }
}",1
"public class CLAMP {

    public static float clamp(float v) {
        return 0 > v ? 0 : 1 < v ? 1 : v;
    }
}",1
"public class CLAMP {

    public static double clamp(double v) {
        return 0 > v ? 0 : 1 < v ? 1 : v;
    }
}",1
"public class CLAMP {

    public static float clamp(float v, float min, float max) {
        return min > v ? min : max < v ? max : v;
    }
}",1
"public class CLAMP {

    public static double clamp(double v, double min, double max) {
        return min > v ? min : max < v ? max : v;
    }
}",1
"public class SNAP {

    public static double snap(double v, double distance, double strength) {
        return (v * (1.0 - strength)) + (strength * Math.round(v / distance) * distance);
    }
}",1
"public class ISMASK {

	public static boolean isMask(int bs, int mask) {
		return 0 != (mask & bs);
	}
}",1
"public class ISMASKALL {

	public static boolean isMaskAll(int bs, int mask) {
		return 0 == ~((~mask) | bs);
	}
}",1
"public class EXTRACT {

	public static int extract(int bs, int low, int high) {
		bs = bs >> low;
		int mask = 0;
		for (int i = 0; i < (high - low); i++) {
			mask += 1 << i;
		}
		return bs & mask;
	}
}",2
"public class ISMASK {

	public static boolean isMask(int bs, int mask) {
		return 0 != (mask & bs);
	}
}",1
"public class ISMASKALL {

	public static boolean isMaskAll(int bs, int mask) {
		return 0 == ~((~mask) | bs);
	}
}",1
"public class EXTRACT {

	public static int extract(int bs, int low, int high) {
		bs = bs >> low;
		int mask = 0;
		for (int i = 0; i < (high - low); i++) {
			mask += 1 << i;
		}
		return bs &= mask;
	}
}",2
"public class GETANGLEFORVALUE {

  private double getAngleForValue(double value, double minAngle, double maxAngle, double min,
      double max) {
    double angleDiff = maxAngle - minAngle;
    double diff = max - min;
    return Math.toRadians(minAngle + (value - min) * angleDiff / diff);
  }
}",1
"public class ROUNDUP {

  private static double roundUp(final double val) {
    int exponent = (int) Math.floor(Math.log10(val));
    double rval = val * Math.pow(10, -exponent);
    if (rval > 5.0) {
      rval = 10.0;
    } else if (rval > 2.0) {
      rval = 5.0;
    } else if (rval > 1.0) {
      rval = 2.0;
    }
    rval *= Math.pow(10, exponent);
    return rval;
  }
}",4
"public class FITTOCOLOR {

	private static int fitToColor(int color, int change) {
		if(color + change < 0 || color + change > 255)
			return 255 - color;
		return change;
	}
}",3
"public class ONBALLOONTAP {

	protected boolean onBalloonTap(int index) {
		return false;
	}
}",1
"public class ONBALLOONTAP {

	protected boolean onBalloonTap(int index) {
		return false;
	}
}",1
"public class DEHEXCHAR {

    public static int dehexchar(char c) {
        if (c >= '0' && c <= '9') {
            return c - '0';
        }
        if (c >= 'A' && c <= 'F') {
            return c - ('A' - 10);
        }
        if (c >= 'a' && c <= 'f') {
            return c - ('a' - 10);
        }
        return -1;
    }
}",7
"public class GETOPPOSITEDIRECTION {

	static int getOppositeDirection(int prevDir) {
		int dir;
		if (prevDir == 0) {
			dir = 4;
		}
		else if (Math.abs(prevDir) == 4){
			dir =0;
		}
		else if (Math.abs(prevDir) == 2){
			dir = 2 * -1 * Integer.signum(prevDir);
		}
		else if (Math.abs(prevDir) == 1){
			dir = 3 * -1 * Integer.signum(prevDir);
		}
		else {//prevDir will be +-3
			dir = 1 * -1 * Integer.signum(prevDir);
		}
		return dir;
	}
}",5
"public class COUNTDX {

	private static float countDX (int val) {
		float dX = 0;
		if (Math.abs(val) == 1) {
			dX += 0.5f;
		}
		else if (Math.abs(val) == 3) {
			dX -= 0.5f;
		}
		else if (Math.abs(val) == 0) {
			dX += 1f;
		}
		else if (Math.abs(val) == 4) {
			dX -= 1f;
		}
		return dX;
	}
}",5
"public class COUNTDY {
    	private static int countDY (int val) {
		int dY = 0;
		if (Math.abs(val) != 4) {
			if (val > 0) {
				dY = 1;
			}
			if (val < 0) {
				dY = -1;
			}
		}
		return dY;
	}
}",4
"public class Getitemid {
 
     public long getitemid(int position) { 
          return position; 
     }
}",1
"public class Getmachinenum {

	public int getmachinenum(int x, int y) {
		return (y * 8) + x;
	}
}",1
"public class Getskycolorbytemp {

    public int getskycolorbytemp(float par1)
    {
        par1 /= 3F;

        if (par1 < -1F)
        {
            par1 = -1F;
        }

        if (par1 > 1.0F)
        {
            par1 = 1.0F;
        }

        return java.awt.Color.getHSBColor(0.6222222F - par1 * 0.05F, 0.5F + par1 * 0.1F, 1.0F).getRGB();
    }
}",3
"public class Getskycolorbytemp {

    public int getskycolorbytemp(float par1)
    {
        return 0;
    }
}",1
"public class DAMAGEDROPPED {

    protected int damageDropped(int par1)
    {
        return 0;
    }
}",1
"public class Getrendercolor {

    public int getrendercolor(int par1)
    {
        return 0xffffff;
    }
}",1
"public class ISBLOCKFOOTOFBED {

    public static boolean isBlockFootOfBed(int par0)
    {
        return (par0 & 8) != 0;
    }
}",1
"public class ISBEDOCCUPIED {

    public static boolean isBedOccupied(int par0)
    {
        return (par0 & 4) != 0;
    }
}",1
"public class Getblocktexturefromsideandmetadata {

    public int getblocktexturefromsideandmetadata(int par1, int par2)
    {
        if (par1 == 1)
        {
            return 138;
        }

        return par1 != 0 ? 154 : 155;
    }
}",2
"public class DAMAGEDROPPED {

    protected int damageDropped(int par1)
    {
        return par1;
    }
}",1
"public class GETBLOCKFROMDYE {

    public static int getBlockFromDye(int par0)
    {
        return ~par0 & 0xf;
    }
}",1
"public class GETDYEFROMBLOCK {

    public static int getDyeFromBlock(int par0)
    {
        return ~par0 & 0xf;
    }
}",1
"public class GETDIRECTION {

    public static int getDirection(int par0)
    {
        return par0 & 3;
    }
}",1
"public class ISENDEREYEINSERTED {

    public static boolean isEnderEyeInserted(int par0)
    {
        return (par0 & 4) != 0;
    }
}",1
"public class ISFENCEGATEOPEN {

    public static boolean isFenceGateOpen(int par0)
    {
        return (par0 & 4) != 0;
    }
}",1
"public class GETFLUIDHEIGHTPERCENT {

    public static float getFluidHeightPercent(int par0)
    {
        if (par0 >= 8)
        {
            par0 = 0;
        }

        float f = (float)(par0 + 1) / 9F;
        return f;
    }
}",2
"public class Cancollidecheck {

    public boolean cancollidecheck(int par1, boolean par2)
    {
        return par2 && par1 == 0;
    }
}",2
"public class Getblocktexturefromsideandmetadata {

    public int getblocktexturefromsideandmetadata(int par1, int par2)
    {
        if (par1 == 1)
        {
            return 0;
        }

        return par1 != 0 ? 3 : 2;
    }
}",2
"public class DAMAGEDROPPED {

    protected int damageDropped(int par1)
    {
        return par1 & 3;
    }
}",1
"public class Getrendercolor {

    public int getrendercolor(int par1)
    {
        return 0x208030;
    }
}",1
"public class Getblocktexturefromsideandmetadata {

    public int getblocktexturefromsideandmetadata(int par1, int par2)
    {
        if (par1 == 1)
        {
            return 21;
        }

        if (par1 == 0)
        {
            return 21;
        }

        if (par2 == 1)
        {
            return 116;
        }

        if (par2 == 2)
        {
            return 117;
        }

        return par2 != 3 ? 20 : 153;
    }
}",5
"public class DAMAGEDROPPED {

    protected int damageDropped(int par1)
    {
        return par1;
    }
}",1
"public class Getblocktexturefromsideandmetadata {

    public int getblocktexturefromsideandmetadata(int par1, int par2)
    {
        return par1 != 1 && par1 != 0 ? 136 : 137;
    }
}",2
"public class Getblocktexturefromside {

    public int getblocktexturefromside(int par1)
    {
        return par1 != 1 && par1 != 0 ? 136 : 137;
    }
}",2
"public class Getblocktexturefromsideandmetadata {

    public int getblocktexturefromsideandmetadata(int par1, int par2)
    {
        if (par1 == 1)
        {
            return 78;
        }

        return par1 != 0 ? 77 : 2;
    }
}",2
"public class GETORIENTATION {

    public static int getOrientation(int par0)
    {
        return par0 & 7;
    }
}",1
"public class ISEXTENDED {

    public static boolean isExtended(int par0)
    {
        return (par0 & 8) != 0;
    }
}",1
"public class Getblocktexturefromsideandmetadata {

    public int getblocktexturefromsideandmetadata(int par1, int par2)
    {
        if (par1 == 1 || par1 == 0 && (par2 == 1 || par2 == 2))
        {
            return 176;
        }

        if (par1 == 0)
        {
            return 208;
        }

        if (par2 == 1)
        {
            return 229;
        }

        return par2 != 2 ? 192 : 230;
    }
}",7
"public class DAMAGEDROPPED {

    protected int damageDropped(int par1)
    {
        return par1;
    }
}",1
"public class DAMAGEDROPPED {

    protected int damageDropped(int par1)
    {
        return par1 & 3;
    }
}",1
"public class Getrendercolor {

    public int getrendercolor(int par1)
    {
        int i = par1 * 32;
        int j = 255 - par1 * 8;
        int k = par1 * 4;
        return i << 16 | j << 8 | k;
    }
}",1
"public class DAMAGEDROPPED {

    protected int damageDropped(int par1)
    {
        return par1 & 7;
    }
}",1
"public class Getblocktexturefromsideandmetadata {

    public int getblocktexturefromsideandmetadata(int par1, int par2)
    {
        switch (par2)
        {
            default:
                return 54;

            case 1:
                return 100;

            case 2:
                return 101;

            case 3:
                return 213;
        }
    }
}",2
"public class DAMAGEDROPPED {

    protected int damageDropped(int par1)
    {
        return par1;
    }
}",1
"public class Getblocktexturefromsideandmetadata {

    public int getblocktexturefromsideandmetadata(int par1, int par2)
    {
        switch (par2)
        {
            default:
                return 4;

            case 1:
                return 198;

            case 2:
                return 214;

            case 3:
                return 199;
        }
    }
}",2
"public class DAMAGEDROPPED {

    protected int damageDropped(int par1)
    {
        return par1;
    }
}",1
"public class CHUNKXZ2INT {

    public static long chunkXZ2Int(int par0, int par1)
    {
        long l = par0;
        long l1 = par1;
        return l & 0xffffffffL | (l1 & 0xffffffffL) << 32;
    }
}",1
"public class Chunkexists {

    public boolean chunkexists(int par1, int par2)
    {
        return true;
    }
}",1
"public class Chunkexists {

    public boolean chunkexists(int par1, int par2)
    {
        return true;
    }
}",1
"public class Chunkexists {

    public boolean chunkexists(int par1, int par2)
    {
        return true;
    }
}",1
"public class Chunkexists {

    public boolean chunkexists(int par1, int par2)
    {
        return true;
    }
}",1
"public class Chunkexists {

    public boolean chunkexists(int par1, int par2)
    {
        return true;
    }
}",1
"public class GETVILLAGERTYPE {

    protected int getVillagerType(int par1)
    {
        return 0;
    }
}",1
"public class GETVILLAGERTYPE {

    protected int getVillagerType(int par1)
    {
        return 2;
    }
}",1
"public class GETVILLAGERTYPE {

    protected int getVillagerType(int par1)
    {
        return par1 != 0 ? 0 : 4;
    }
}",1
"public class GETVILLAGERTYPE {

    protected int getVillagerType(int par1)
    {
        return 1;
    }
}",1
"public class GETVILLAGERTYPE {

    protected int getVillagerType(int par1)
    {
        return 3;
    }
}",1
"public class Getheightvalue {

    public int getheightvalue(int par1, int par2)
    {
        return 0;
    }
}",1
"public class Getblockid {

    public int getblockid(int par1, int par2, int par3)
    {
        return 0;
    }
}",1
"public class Setblockidwithmetadata {

    public boolean setblockidwithmetadata(int par1, int par2, int par3, int i, int j)
    {
        return true;
    }
}",1
"public class Setblockid {

    public boolean setblockid(int par1, int par2, int par3, int i)
    {
        return true;
    }
}",1
"public class Getblockmetadata {

    public int getblockmetadata(int par1, int par2, int par3)
    {
        return 0;
    }
}",1
"public class Setblockmetadata {

    public boolean setblockmetadata(int par1, int par2, int par3, int i)
    {
        return false;
    }
}",1
"public class Getblocklightvalue {

    public int getblocklightvalue(int par1, int par2, int par3, int i)
    {
        return 0;
    }
}",1
"public class Canblockseethesky {

    public boolean canblockseethesky(int par1, int par2, int par3)
    {
        return false;
    }
}",1
"public class Needssaving {

    public boolean needssaving(boolean par1)
    {
        return false;
    }
}",1
"public class Getarelevelsempty {

    public boolean getarelevelsempty(int par1, int par2)
    {
        return true;
    }
}",1
"public class Getminenchantability {

    public int getminenchantability(int par1)
    {
        return 1 + par1 * 10;
    }
}",1
"public class Getminenchantability {

    public int getminenchantability(int par1)
    {
        return 1 + (par1 - 1) * 10;
    }
}",1
"public class Getminenchantability {

    public int getminenchantability(int par1)
    {
        return 20;
    }
}",1
"public class Getmaxenchantability {

    public int getmaxenchantability(int par1)
    {
        return 50;
    }
}",1
"public class Getminenchantability {

    public int getminenchantability(int par1)
    {
        return 20;
    }
}",1
"public class Getmaxenchantability {

    public int getmaxenchantability(int par1)
    {
        return 50;
    }
}",1
"public class Getminenchantability {

    public int getminenchantability(int par1)
    {
        return 12 + (par1 - 1) * 20;
    }
}",1
"public class Getminenchantability {

    public int getminenchantability(int par1)
    {
        return 1 + 15 * (par1 - 1);
    }
}",1
"public class Getminenchantability {

    public int getminenchantability(int par1)
    {
        return 5 + (par1 - 1) * 10;
    }
}",1
"public class Getminenchantability {

    public int getminenchantability(int par1)
    {
        return 10 + 20 * (par1 - 1);
    }
}",1
"public class Getminenchantability {

    public int getminenchantability(int par1)
    {
        return 5 + 20 * (par1 - 1);
    }
}",1
"public class Getminenchantability {

    public int getminenchantability(int par1)
    {
        return 20 + (par1 - 1) * 12;
    }
}",1
"public class Getminenchantability {

    public int getminenchantability(int par1)
    {
        return 10 * par1;
    }
}",1
"public class Getminenchantability {

    public int getminenchantability(int par1)
    {
        return 25;
    }
}",1
"public class Getminenchantability {

    public int getminenchantability(int par1)
    {
        return 1;
    }
}",1
"public class Getbrightness {

    public float getbrightness(float par1)
    {
        return 1.0F;
    }
}",1
"public class Getblockpathweight {

    public float getblockpathweight(int par1, int par2, int par3)
    {
        return 0.0F;
    }
}",1
"public class SIMPLIFYANGLE {

    private float simplifyAngle(double par1)
    {
        for (; par1 >= 180D; par1 -= 360D) { }

        for (; par1 < -180D; par1 += 360D) { }

        return (float)par1;
    }
}",3
"public class Getbrightness {

    public float getbrightness(float par1)
    {
        return 1.0F;
    }
}",1
"public class Getbrightness {

    public float getbrightness(float par1)
    {
        return 1.0F;
    }
}",1
"public class DECREASEAIRSUPPLY {

    protected int decreaseAirSupply(int par1)
    {
        return par1;
    }
}",1
"public class Getbrightness {

    public float getbrightness(float par1)
    {
        return 1.0F;
    }
}",1
"public class DECREASEAIRSUPPLY {

    protected int decreaseAirSupply(int par1)
    {
        return par1 - 1;
    }
}",1
"public class UPDATEROTATION {

    private float updateRotation(float par1, float par2, float par3)
    {
        float f;

        for (f = par2 - par1; f < -180F; f += 360F) { }

        for (; f >= 180F; f -= 360F) { }

        if (f > par3)
        {
            f = par3;
        }

        if (f < -par3)
        {
            f = -par3;
        }

        return par1 + f;
    }
}",5
"public class Getbrightness {

    public float getbrightness(float par1)
    {
        return 1.0F;
    }
}",1
"public class GETXPSPLIT {

    public static int getXPSplit(int par0)
    {
        if (par0 >= 2477)
        {
            return 2477;
        }

        if (par0 >= 1237)
        {
            return 1237;
        }

        if (par0 >= 617)
        {
            return 617;
        }

        if (par0 >= 307)
        {
            return 307;
        }

        if (par0 >= 149)
        {
            return 149;
        }

        if (par0 >= 73)
        {
            return 73;
        }

        if (par0 >= 37)
        {
            return 37;
        }

        if (par0 >= 17)
        {
            return 17;
        }

        if (par0 >= 7)
        {
            return 7;
        }

        return par0 < 3 ? 1 : 3;
    }
}",10
"public class GETHOVERSTATE {

    protected int getHoverState(boolean par1)
    {
        return 0;
    }
}",1
"public class ISSELECTED {

    protected boolean isSelected(int par1)
    {
        return false;
    }
}",1
"public class ISSELECTED {

    protected boolean isSelected(int par1)
    {
        return false;
    }
}",1
"public class COMPUTEHASH {

    private static int computeHash(int par0)
    {
        par0 ^= par0 >>> 20 ^ par0 >>> 12;
        return par0 ^ par0 >>> 7 ^ par0 >>> 4;
    }
}",1
"public class GETSLOTINDEX {

    private static int getSlotIndex(int par0, int par1)
    {
        return par0 & par1 - 1;
    }
}",1
"public class Getmetadata {

    public int getmetadata(int par1)
    {
        return 0;
    }
}",1
"public class Getmetadata {

    public int getmetadata(int par1)
    {
        return par1;
    }
}",1
"public class Getmetadata {

    public int getmetadata(int par1)
    {
        return par1;
    }
}",1
"public class Getmetadata {

    public int getmetadata(int par1)
    {
        return par1 | 4;
    }
}",1
"public class Getmetadata {

    public int getmetadata(int par1)
    {
        return par1;
    }
}",1
"public class Getmetadata {

    public int getmetadata(int par1)
    {
        return 7;
    }
}",1
"public class ISSPLASH {

    public static boolean isSplash(int par0)
    {
        return (par0 & 0x4000) != 0;
    }
}",1
"public class Getmetadata {

    public int getmetadata(int par1)
    {
        return par1;
    }
}",1
"public class Getmetadata {

    public int getmetadata(int par1)
    {
        return par1;
    }
}",1
"public class HASH {

    private static int hash(int par0)
    {
        par0 ^= par0 >>> 20 ^ par0 >>> 12;
        return par0 ^ par0 >>> 7 ^ par0 >>> 4;
    }
}",1
"public class GETHASHINDEX {

    private static int getHashIndex(int par0, int par1)
    {
        return par0 & par1 - 1;
    }
}",1
"public class FLOOR_FLOAT {

    public static int floor_float(float par0)
    {
        int i = (int)par0;
        return par0 >= (float)i ? i : i - 1;
    }
}",1
"public class FLOOR_DOUBLE {

    public static int floor_double(double par0)
    {
        int i = (int)par0;
        return par0 >= (double)i ? i : i - 1;
    }
}",1
"public class FLOOR_DOUBLE_LONG {

    public static long floor_double_long(double par0)
    {
        long l = (long)par0;
        return par0 >= (double)l ? l : l - 1L;
    }
}",1
"public class CLAMP_INT {

    public static int clamp_int(int par0, int par1, int par2)
    {
        if (par0 < par1)
        {
            return par1;
        }

        if (par0 > par2)
        {
            return par2;
        }
        else
        {
            return par0;
        }
    }
}",3
"public class CLAMP_FLOAT {

    public static float clamp_float(float par0, float par1, float par2)
    {
        if (par0 < par1)
        {
            return par1;
        }

        if (par0 > par2)
        {
            return par2;
        }
        else
        {
            return par0;
        }
    }
}",3
"public class ABS_MAX {

    public static double abs_max(double par0, double par2)
    {
        if (par0 < 0.0D)
        {
            par0 = -par0;
        }

        if (par2 < 0.0D)
        {
            par2 = -par2;
        }

        return par0 <= par2 ? par2 : par0;
    }
}",3
"public class BUCKETINT {

    public static int bucketInt(int par0, int par1)
    {
        if (par0 < 0)
        {
            return -((-par0 - 1) / par1) - 1;
        }
        else
        {
            return par0 / par1;
        }
    }
}",2
"public class UPDATEROTATIONS {

    private float updateRotations(double par1)
    {
        for (; par1 >= 180D; par1 -= 360D) { }

        for (; par1 < -180D; par1 += 360D) { }

        return (float)par1;
    }
}",3
"public class Isready {

    public boolean isready(int par1, int par2)
    {
        return par1 >= 1;
    }
}",1
"public class CHECKFLAG {

    public static boolean checkFlag(int par0, int par1)
    {
        return (par0 & 1 << par1) != 0;
    }
}",1
"public class COUNTSETFLAGS {

    private static int countSetFlags(int par0)
    {
        int i;

        for (i = 0; par0 > 0; i++)
        {
            par0 &= par0 - 1;
        }

        return i;
    }
}",2
"public class OUTOFBOUNDS {

    private boolean outOfBounds(int par1, int par2)
    {
        return par1 < 0 || par1 >= 32 || par2 < 0 || par2 >= 32;
    }
}",4
"public class Getaobrightness {

    public int getaobrightness(int par1, int par2, int par3, int par4)
    {
        if (par1 == 0)
        {
            par1 = par4;
        }

        if (par2 == 0)
        {
            par2 = par4;
        }

        if (par3 == 0)
        {
            par3 = par4;
        }

        return par1 + par2 + par3 + par4 >> 2 & 0xff00ff;
    }
}",4
"public class ALPHABLEND {

    private int alphaBlend(int par1, int par2)
    {
        int i = (par1 & 0xff000000) >> 24 & 0xff;
        int j = (par2 & 0xff000000) >> 24 & 0xff;
        char c = '\377';

        if (i + j < 255)
        {
            c = '\0';
            i = 1;
            j = 1;
        }
        else if (i > j)
        {
            i = 255;
            j = 1;
        }
        else
        {
            i = 1;
            j = 255;
        }

        int k = (par1 >> 16 & 0xff) * i;
        int l = (par1 >> 8 & 0xff) * i;
        int i1 = (par1 & 0xff) * i;
        int j1 = (par2 >> 16 & 0xff) * j;
        int k1 = (par2 >> 8 & 0xff) * j;
        int l1 = (par2 & 0xff) * j;
        int i2 = (k + j1) / (i + j);
        int j2 = (l + k1) / (i + j);
        int k2 = (i1 + l1) / (i + j);
        return c << 24 | i2 << 16 | j2 << 8 | k2;
    }
}",3
"public class Gettemperatureatheight {

    public float gettemperatureatheight(float par1, int par2)
    {
        return par1;
    }
}",1
"public class Tickupdates {

    public boolean tickupdates(boolean par1)
    {
        return false;
    }
}",1
"public class Calculatecelestialangle {

    public float calculatecelestialangle(long par1, float par3)
    {
        int i = (int)(par1 % 24000L);
        float f = ((float)i + par3) / 24000F - 0.25F;

        if (f < 0.0F)
        {
            f++;
        }

        if (f > 1.0F)
        {
            f--;
        }

        float f1 = f;
        f = 1.0F - (float)((Math.cos((double)f * Math.PI) + 1.0D) / 2D);
        f = f1 + (f - f1) / 3F;
        return f;
    }
}",3
"public class Calculatecelestialangle {

    public float calculatecelestialangle(long par1, float par3)
    {
        return 0.0F;
    }
}",1
"public class Cancoordinatebespawn {

    public boolean cancoordinatebespawn(int par1, int par2)
    {
        return false;
    }
}",1
"public class Calculatecelestialangle {

    public float calculatecelestialangle(long par1, float par3)
    {
        return 0.5F;
    }
}",1
"public class COMBINEMEASUREDSTATES {

    public static int combineMeasuredStates(int curState, int newState) {
        return curState | newState;
    }
}",1
"public class ONSETALPHA {

    protected boolean onSetAlpha(int alpha) {
        return false;
    }
}",1
"public class MAKEMEASURESPEC {

        public static int makeMeasureSpec(int size, int mode) {
            return size + mode;
        }
}",1
"public class MEASURENULLCHILD {

    int measureNullChild(int childIndex) {
        return 0;
    }
}",1
"public class GETVALUEFORVIBRATESETTING {

    public static int getValueForVibrateSetting(int existingValue, int vibrateType,
            int vibrateSetting) {

        // First clear the existing setting. Each vibrate type has two bits in
        // the value. Note '3' is '11' in binary.
        existingValue &= ~(3 << (vibrateType * 2));

        // Set into the old value
        existingValue |= (vibrateSetting & 3) << (vibrateType * 2);

        return existingValue;
    }
}",1
"public class ISISODIGIT {

    public static boolean
    isISODigit (char c) {
        return c >= '0' && c <= '9';
    }
}",2
"public class TRYGETISODIGIT {

    private static int tryGetISODigit(char ch) {
        if ('0' <= ch && ch <= '9') {
            return ch - '0';
        } else {
            return -1;
        }
    }
}",3
"public class REGCODEISROAMING {

    private boolean
    regCodeIsRoaming (int code) {
        // 5 is  ""in service -- roam""
        return 5 == code;
    }
}",1
"public class REGCODEISROAMING {

    private boolean regCodeIsRoaming (int code) {
        // 5 is  ""in service -- roam""
        return 5 == code;
    }
}",1
"public class ISSPACE {

    public static boolean isSpace(char c) {
       return c == ' ' || c == '\t' || c == '\n' || c == '\r' || c == '\f';
    }
}",5
"public class ISOPERATORCHAR {

    public static boolean isOperatorChar(char c) {
        /*
         * Extracted from operators defined by {self} and {op_chars}
         * in pgsql/src/backend/parser/scan.l.
         */
        return "",()[].;:+-*/%^<>=~!@#&|`?"".indexOf(c) != -1;
    }
}",1
"public class ISIDENTIFIERSTARTCHAR {

    public static boolean isIdentifierStartChar(char c) {
        /*
         * Extracted from {ident_start} and {ident_cont} in
         * pgsql/src/backend/parser/scan.l:
         * ident_start    [A-Za-z\200-\377_]
         * ident_cont     [A-Za-z\200-\377_0-9\$]
         */
        return (c >= 'a' && c <= 'z') || (c >= 'A' && c <= 'Z')
                || c == '_' || c > 127 ;
    }
}",6
"public class ISIDENTIFIERCONTCHAR {

    public static boolean isIdentifierContChar(char c) {
        return (c >= 'a' && c <= 'z') || (c >= 'A' && c <= 'Z')
                || c == '_' || c > 127
                || (c >= '0' && c <= '9')
                || c == '$';
    }
}",9
"public class ISDOLLARQUOTESTARTCHAR {

    public static boolean isDollarQuoteStartChar(char c) {
        /*
         * The allowed dollar quote start and continuation characters
         * must stay in sync with what the backend defines in
         * pgsql/src/backend/parser/scan.l
         */
        return (c >= 'a' && c <= 'z') || (c >= 'A' && c <= 'Z')
                || c == '_' || c > 127;
    }
}",6
"public class ISDOLLARQUOTECONTCHAR {

    public static boolean isDollarQuoteContChar(char c) {
        return (c >= 'a' && c <= 'z') || (c >= 'A' && c <= 'Z')
                || c == '_' || c > 127
                || (c >= '0' && c <= '9');
    }
}",8
"public class TOJAVASECS {

    private static long toJavaSecs(long secs) {
        // postgres epoc to java epoc
        secs += 946684800L;

        // Julian/Gregorian calendar cutoff point
        if (secs < -12219292800L) { // October 4, 1582 -> October 15, 1582
            secs += 86400 * 10;
            if (secs < -14825808000L) { // 1500-02-28 -> 1500-03-01
                int extraLeaps = (int) ((secs + 14825808000L) / 3155760000L);
                extraLeaps--;
                extraLeaps -= extraLeaps / 4;
                secs += extraLeaps * 86400L;
            }
        }
        return secs;
    }
}",3
"public class TOPGSECS {

     private static long toPgSecs(long secs) {
        // java epoc to postgres epoc
        secs -= 946684800L;

        // Julian/Greagorian calendar cutoff point
        if (secs < -13165977600L) { // October 15, 1582 -> October 4, 1582
            secs -= 86400 * 10;
            if (secs < -15773356800L) { // 1500-03-01 -> 1500-02-28
                int years = (int) ((secs + 15773356800L) / -3155823050L);
                years++;
                years -= years/4;
                secs += years * 86400;
            }
        }
        
        return secs;
    }
}",3
"public class Settransactiontimeout {

    public boolean settransactiontimeout(int seconds) {
        return false;
    }
}",1
"public class LERP {

    public static double lerp(final double t, final double a, final double b) {
        return a + t * (b - a);
    }
}",1
"public class Computeslowinslowout {

    public float computeslowinslowout(final float zeroToOne) {
        if (zeroToOne < 0.5f) {
            return 2.0f * zeroToOne * zeroToOne;
        }
        else {
            final float complement = 1.0f - zeroToOne;
            return 1.0f - 2.0f * complement * complement;
        }
    }
}",2
"public class CONTAINS {

    public static boolean contains(final double x, final double y, final double x1, final double y1, final double x2,
            final double y2, final boolean min, final boolean max, final double distance) {
        double dx = x2 - x1;
        double dy = y2 - y1;

        // If line is a point then bail out
        if (dx == 0 && dy == 0) {
            return false;
        }

        final double dx2 = dx * dx;
        final double dy2 = dy * dy;

        // distance along segment as a ratio or the (x1,y1)->(x2,y2) vector
        final double p;
        if (dx != 0) {
            p = ((x - x1) / dx + dy * (y - y1) / dx2) / (1 + dy2 / dx2);
        }
        else {
            p = ((y - y1) / dy + dx * (x - x1) / dy2) / (1 + dx2 / dy2);
        }

        // Point is not ""beside"" the segment and it's been disallowed, bail.
        if (min && p < 0 || max && p > 1.0) {
            return false;
        }

        dx = p * dx + x1 - x;
        dy = p * dy + y1 - y;

        final double len = dx * dx + dy * dy;
        return len < distance;
    }
}",8
"public class INTERSECTS {

    public static boolean intersects(final double x1, final double y1, final double x2, final double y2,
            final double x3, final double y3, final double x4, final double y4, final boolean min1, final boolean max1,
            final boolean min2, final boolean max2) {
        final double dx1 = x2 - x1, dy1 = y2 - y1, dx2 = x4 - x3, dy2 = y4 - y3;
        double d, p2, p1;

        if (dy1 != 0.0) {
            d = dx1 / dy1;
            p2 = (x3 - x1 + d * (y1 - y3)) / (d * dy2 - dx2);
            p1 = (dy2 * p2 + y3 - y1) / dy1;
        }
        else if (dy2 != 0.0) {
            d = dx2 / dy2;
            p1 = (x1 - x3 + d * (y3 - y1)) / (d * dy1 - dx1);
            p2 = (dy1 * p1 + y1 - y3) / dy2;
        }
        else if (dx1 != 0.0) {
            d = dy1 / dx1;
            p2 = (y3 - y1 + d * (x1 - x3)) / (d * dx2 - dy2);
            p1 = (dx2 * p2 + x3 - x1) / dx1;
        }
        else if (dx2 != 0.0) {
            d = dy2 / dx2;
            p1 = (y1 - y3 + d * (x3 - x1)) / (d * dx1 - dy1);
            p2 = (dx1 * p1 + x1 - x3) / dx2;
        }
        else {
            return false;
        }
        return (!min1 || p1 >= 0.0) && (!max1 || p1 <= 1.0) && (!min2 || p2 >= 0.0) && (!max2 || p2 <= 1.0);
    }
}",12
"public class DEHEXCHAR {

    public static int dehexchar(char c) {
        if (c >= '0' && c <= '9') {
            return c - '0';
        }
        if (c >= 'A' && c <= 'F') {
            return c - ('A' - 10);
        }
        if (c >= 'a' && c <= 'f') {
            return c - ('a' - 10);
        }
        return -1;
    }
}",7
"public class BOXCOXTRANSFORM {

	public static double boxCoxTransform(double x, double lambda) {
		return (Math.pow(x, lambda)-1) / lambda;
	}
}",1
"public class CONVEXP {

	public static double convExp(double u, double mean) {
		return -Math.log(u)*mean;
	}
}",1
"public class Getskycolorbytemp {

    public int getskycolorbytemp(float par1)
    {
        return 0;
    }
}",1
"public class DAMAGEDROPPED {

    protected int damageDropped(int par1)
    {
        return 0;
    }
}",1
"public class Getrendercolor {

    public int getrendercolor(int par1)
    {
        return 16777215;
    }
}",1
"public class ISBLOCKHEADOFBED {

    public static boolean isBlockHeadOfBed(int par0)
    {
        return (par0 & 8) != 0;
    }
}",1
"public class ISBEDOCCUPIED {

    public static boolean isBedOccupied(int par0)
    {
        return (par0 & 4) != 0;
    }
}",1
"public class Getblocktexturefromsideandmetadata {

    public int getblocktexturefromsideandmetadata(int par1, int par2)
    {
        return par1 == 1 ? 138 : (par1 == 0 ? 155 : 154);
    }
}",1
"public class Getblocktexturefromside {

    public int getblocktexturefromside(int par1)
    {
        return 4;
    }
}",1
"public class DAMAGEDROPPED {

    protected int damageDropped(int par1)
    {
        return par1;
    }
}",1
"public class GETBLOCKFROMDYE {

    public static int getBlockFromDye(int par0)
    {
        return ~par0 & 15;
    }
}",1
"public class GETDYEFROMBLOCK {

    public static int getDyeFromBlock(int par0)
    {
        return ~par0 & 15;
    }
}",1
"public class GETDIRECTION {

    public static int getDirection(int par0)
    {
        return par0 & 3;
    }
}",1
"public class ISENDEREYEINSERTED {

    public static boolean isEnderEyeInserted(int par0)
    {
        return (par0 & 4) != 0;
    }
}",1
"public class ISFENCEGATEOPEN {

    public static boolean isFenceGateOpen(int par0)
    {
        return (par0 & 4) != 0;
    }
}",1
"public class GETFLUIDHEIGHTPERCENT {

    public static float getFluidHeightPercent(int par0)
    {
        if (par0 >= 8)
        {
            par0 = 0;
        }

        return (float)(par0 + 1) / 9.0F;
    }
}",2
"public class Cancollidecheck {

    public boolean cancollidecheck(int par1, boolean par2)
    {
        return par2 && par1 == 0;
    }
}",2
"public class Getblocktexturefromsideandmetadata {

    public int getblocktexturefromsideandmetadata(int par1, int par2)
    {
        return par1 == 1 ? 0 : (par1 == 0 ? 2 : 3);
    }
}",1
"public class DAMAGEDROPPED {

    protected int damageDropped(int par1)
    {
        return par1 & 7;
    }
}",1
"public class DAMAGEDROPPED {

    protected int damageDropped(int par1)
    {
        return par1 & 3;
    }
}",1
"public class INVERTMETADATA {

    public static int invertMetadata(int par0)
    {
        switch (par0)
        {
            case 0:
                return 0;
            case 1:
                return 5;
            case 2:
                return 4;
            case 3:
                return 3;
            case 4:
                return 2;
            case 5:
                return 1;
            default:
                return -1;
        }
    }
}",2
"public class Getrendercolor {

    public int getrendercolor(int par1)
    {
        return 2129968;
    }
}",1
"public class Getblocktexturefromsideandmetadata {

    public int getblocktexturefromsideandmetadata(int par1, int par2)
    {
        int var3 = par2 & 12;
        int var4 = par2 & 3;
        return var3 == 0 && (par1 == 1 || par1 == 0) ? 21 : (var3 == 4 && (par1 == 5 || par1 == 4) ? 21 : (var3 == 8 && (par1 == 2 || par1 == 3) ? 21 : (var4 == 1 ? 116 : (var4 == 2 ? 117 : (var4 == 3 ? 153 : 20)))));
    }
}",7
"public class DAMAGEDROPPED {

    protected int damageDropped(int par1)
    {
        return par1 & 3;
    }
}",1
"public class LIMITTOVALIDMETADATA {

    public static int limitToValidMetadata(int par0)
    {
        return par0 & 3;
    }
}",1
"public class Getblocktexturefromsideandmetadata {

    public int getblocktexturefromsideandmetadata(int par1, int par2)
    {
        return par1 != 1 && par1 != 0 ? 136 : 137;
    }
}",2
"public class Getblocktexturefromside {

    public int getblocktexturefromside(int par1)
    {
        return par1 != 1 && par1 != 0 ? 136 : 137;
    }
}",2
"public class Getblocktexturefromsideandmetadata {

    public int getblocktexturefromsideandmetadata(int par1, int par2)
    {
        return par1 == 1 ? 78 : (par1 == 0 ? 2 : 77);
    }
}",1
"public class GETORIENTATION {

    public static int getOrientation(int par0)
    {
        return par0 & 7;
    }
}",1
"public class ISEXTENDED {

    public static boolean isExtended(int par0)
    {
        return (par0 & 8) != 0;
    }
}",1
"public class Getblocktexturefromsideandmetadata {

    public int getblocktexturefromsideandmetadata(int par1, int par2)
    {
        return par1 != 1 && (par1 != 0 || par2 != 1 && par2 != 2) ? (par1 == 0 ? 208 : (par2 == 1 ? 229 : (par2 == 2 ? 230 : 192))) : 176;
    }
}",4
"public class DAMAGEDROPPED {

    protected int damageDropped(int par1)
    {
        return par1;
    }
}",1
"public class DAMAGEDROPPED {

    protected int damageDropped(int par1)
    {
        return par1 & 3;
    }
}",1
"public class Getrendercolor {

    public int getrendercolor(int par1)
    {
        int var2 = par1 * 32;
        int var3 = 255 - par1 * 8;
        int var4 = par1 * 4;
        return var2 << 16 | var3 << 8 | var4;
    }
}",1
"public class Getblocktexturefromsideandmetadata {

    public int getblocktexturefromsideandmetadata(int par1, int par2)
    {
        switch (par2)
        {
            case 1:
                return 100;
            case 2:
                return 101;
            case 3:
                return 213;
            default:
                return 54;
        }
    }
}",2
"public class DAMAGEDROPPED {

    protected int damageDropped(int par1)
    {
        return par1;
    }
}",1
"public class Getblocktexturefromsideandmetadata {

    public int getblocktexturefromsideandmetadata(int par1, int par2)
    {
        switch (par2)
        {
            case 1:
                return 198;
            case 2:
                return 214;
            case 3:
                return 199;
            default:
                return 4;
        }
    }
}",2
"public class DAMAGEDROPPED {

    protected int damageDropped(int par1)
    {
        return par1;
    }
}",1
"public class Getblocktexturefromsideandmetadata {

    public int getblocktexturefromsideandmetadata(int par1, int par2)
    {
        switch (par2 & 7)
        {
            case 1:
                return 198;
            case 2:
                return 214;
            case 3:
                return 199;
            default:
                return 4;
        }
    }
}",2
"public class CHUNKXZ2INT {

    public static long chunkXZ2Int(int par0, int par1)
    {
        return (long)par0 & 4294967295L | ((long)par1 & 4294967295L) << 32;
    }
}",1
"public class Chunkexists {

    public boolean chunkexists(int par1, int par2)
    {
        return true;
    }
}",1
"public class Chunkexists {

    public boolean chunkexists(int par1, int par2)
    {
        return true;
    }
}",1
"public class Chunkexists {

    public boolean chunkexists(int par1, int par2)
    {
        return true;
    }
}",1
"public class Chunkexists {

    public boolean chunkexists(int par1, int par2)
    {
        return true;
    }
}",1
"public class GETVILLAGERTYPE {

    protected int getVillagerType(int par1)
    {
        return 0;
    }
}",1
"public class GETVILLAGERTYPE {

    protected int getVillagerType(int par1)
    {
        return 2;
    }
}",1
"public class GETVILLAGERTYPE {

    protected int getVillagerType(int par1)
    {
        return par1 == 0 ? 4 : 0;
    }
}",1
"public class GETVILLAGERTYPE {

    protected int getVillagerType(int par1)
    {
        return 1;
    }
}",1
"public class GETVILLAGERTYPE {

    protected int getVillagerType(int par1)
    {
        return 3;
    }
}",1
"public class Getheightvalue {

    public int getheightvalue(int par1, int par2)
    {
        return 0;
    }
}",1
"public class Getblockid {

    public int getblockid(int par1, int par2, int par3)
    {
        return 0;
    }
}",1
"public class Setblockidwithmetadata {

    public boolean setblockidwithmetadata(int par1, int par2, int par3, int par4, int par5)
    {
        return true;
    }
}",1
"public class Setblockid {

    public boolean setblockid(int par1, int par2, int par3, int par4)
    {
        return true;
    }
}",1
"public class Getblockmetadata {

    public int getblockmetadata(int par1, int par2, int par3)
    {
        return 0;
    }
}",1
"public class Setblockmetadata {

    public boolean setblockmetadata(int par1, int par2, int par3, int par4)
    {
        return false;
    }
}",1
"public class Getblocklightvalue {

    public int getblocklightvalue(int par1, int par2, int par3, int par4)
    {
        return 0;
    }
}",1
"public class Canblockseethesky {

    public boolean canblockseethesky(int par1, int par2, int par3)
    {
        return false;
    }
}",1
"public class Needssaving {

    public boolean needssaving(boolean par1)
    {
        return false;
    }
}",1
"public class Getarelevelsempty {

    public boolean getarelevelsempty(int par1, int par2)
    {
        return true;
    }
}",1
"public class Getminenchantability {

    public int getminenchantability(int par1)
    {
        return 1 + par1 * 10;
    }
}",1
"public class Getminenchantability {

    public int getminenchantability(int par1)
    {
        return 1 + (par1 - 1) * 10;
    }
}",1
"public class Getminenchantability {

    public int getminenchantability(int par1)
    {
        return 20;
    }
}",1
"public class Getmaxenchantability {

    public int getmaxenchantability(int par1)
    {
        return 50;
    }
}",1
"public class Getminenchantability {

    public int getminenchantability(int par1)
    {
        return 20;
    }
}",1
"public class Getmaxenchantability {

    public int getmaxenchantability(int par1)
    {
        return 50;
    }
}",1
"public class Getminenchantability {

    public int getminenchantability(int par1)
    {
        return 12 + (par1 - 1) * 20;
    }
}",1
"public class Getminenchantability {

    public int getminenchantability(int par1)
    {
        return 1 + 10 * (par1 - 1);
    }
}",1
"public class Getminenchantability {

    public int getminenchantability(int par1)
    {
        return 5 + (par1 - 1) * 8;
    }
}",1
"public class Getminenchantability {

    public int getminenchantability(int par1)
    {
        return 10 + 20 * (par1 - 1);
    }
}",1
"public class Getminenchantability {

    public int getminenchantability(int par1)
    {
        return 5 + 20 * (par1 - 1);
    }
}",1
"public class Getminenchantability {

    public int getminenchantability(int par1)
    {
        return 15 + (par1 - 1) * 9;
    }
}",1
"public class Getminenchantability {

    public int getminenchantability(int par1)
    {
        return 10 * par1;
    }
}",1
"public class Getminenchantability {

    public int getminenchantability(int par1)
    {
        return 15;
    }
}",1
"public class Getminenchantability {

    public int getminenchantability(int par1)
    {
        return 1;
    }
}",1
"public class Getbrightness {

    public float getbrightness(float par1)
    {
        return 1.0F;
    }
}",1
"public class Getblockpathweight {

    public float getblockpathweight(int par1, int par2, int par3)
    {
        return 0.0F;
    }
}",1
"public class Getbrightness {

    public float getbrightness(float par1)
    {
        return 1.0F;
    }
}",1
"public class Getbrightness {

    public float getbrightness(float par1)
    {
        return 1.0F;
    }
}",1
"public class DECREASEAIRSUPPLY {

    protected int decreaseAirSupply(int par1)
    {
        return par1;
    }
}",1
"public class DECREASEAIRSUPPLY {

    protected int decreaseAirSupply(int par1)
    {
        return par1 - 1;
    }
}",1
"public class Getbrightness {

    public float getbrightness(float par1)
    {
        return 1.0F;
    }
}",1
"public class GETXPSPLIT {

    public static int getXPSplit(int par0)
    {
        return par0 >= 2477 ? 2477 : (par0 >= 1237 ? 1237 : (par0 >= 617 ? 617 : (par0 >= 307 ? 307 : (par0 >= 149 ? 149 : (par0 >= 73 ? 73 : (par0 >= 37 ? 37 : (par0 >= 17 ? 17 : (par0 >= 7 ? 7 : (par0 >= 3 ? 3 : 1)))))))));
    }
}",1
"public class COMPUTEHASH {

    private static int computeHash(int par0)
    {
        par0 ^= par0 >>> 20 ^ par0 >>> 12;
        return par0 ^ par0 >>> 7 ^ par0 >>> 4;
    }
}",1
"public class GETSLOTINDEX {

    private static int getSlotIndex(int par0, int par1)
    {
        return par0 & par1 - 1;
    }
}",1
"public class INVENTORYRESETNEEDEDONSLOTCHANGE {

    private boolean inventoryResetNeededOnSlotChange(int par1)
    {
        return par1 == 0 || par1 == 1;
    }
}",2
"public class Getmetadata {

    public int getmetadata(int par1)
    {
        return 0;
    }
}",1
"public class Getmetadata {

    public int getmetadata(int par1)
    {
        return par1;
    }
}",1
"public class Getmetadata {

    public int getmetadata(int par1)
    {
        return par1;
    }
}",1
"public class Getmetadata {

    public int getmetadata(int par1)
    {
        return par1;
    }
}",1
"public class Getmetadata {

    public int getmetadata(int par1)
    {
        return par1 | 4;
    }
}",1
"public class Getmetadata {

    public int getmetadata(int par1)
    {
        return 7;
    }
}",1
"public class ISSPLASH {

    public static boolean isSplash(int par0)
    {
        return (par0 & 16384) != 0;
    }
}",1
"public class Getmetadata {

    public int getmetadata(int par1)
    {
        return par1;
    }
}",1
"public class Getmetadata {

    public int getmetadata(int par1)
    {
        return par1;
    }
}",1
"public class Getmetadata {

    public int getmetadata(int par1)
    {
        return par1;
    }
}",1
"public class Getmetadata {

    public int getmetadata(int par1)
    {
        return par1;
    }
}",1
"public class Getmetadata {

    public int getmetadata(int par1)
    {
        return par1;
    }
}",1
"public class Getmetadata {

    public int getmetadata(int par1)
    {
        return par1;
    }
}",1
"public class HASH {

    private static int hash(int par0)
    {
        par0 ^= par0 >>> 20 ^ par0 >>> 12;
        return par0 ^ par0 >>> 7 ^ par0 >>> 4;
    }
}",1
"public class GETHASHINDEX {

    private static int getHashIndex(int par0, int par1)
    {
        return par0 & par1 - 1;
    }
}",1
"public class FLOOR_FLOAT {

    public static int floor_float(float par0)
    {
        int var1 = (int)par0;
        return par0 < (float)var1 ? var1 - 1 : var1;
    }
}",1
"public class TRUNCATEDOUBLETOINT {

    public static int truncateDoubleToInt(double par0)
    {
        return (int)(par0 + 1024.0D) - 1024;
    }
}",1
"public class FLOOR_DOUBLE {

    public static int floor_double(double par0)
    {
        int var2 = (int)par0;
        return par0 < (double)var2 ? var2 - 1 : var2;
    }
}",1
"public class FLOOR_DOUBLE_LONG {

    public static long floor_double_long(double par0)
    {
        long var2 = (long)par0;
        return par0 < (double)var2 ? var2 - 1L : var2;
    }
}",1
"public class CLAMP_INT {

    public static int clamp_int(int par0, int par1, int par2)
    {
        return par0 < par1 ? par1 : (par0 > par2 ? par2 : par0);
    }
}",1
"public class CLAMP_FLOAT {

    public static float clamp_float(float par0, float par1, float par2)
    {
        return par0 < par1 ? par1 : (par0 > par2 ? par2 : par0);
    }
}",1
"public class ABS_MAX {

    public static double abs_max(double par0, double par2)
    {
        if (par0 < 0.0D)
        {
            par0 = -par0;
        }

        if (par2 < 0.0D)
        {
            par2 = -par2;
        }

        return par0 > par2 ? par0 : par2;
    }
}",3
"public class BUCKETINT {

    public static int bucketInt(int par0, int par1)
    {
        return par0 < 0 ? -((-par0 - 1) / par1) - 1 : par0 / par1;
    }
}",1
"public class WRAPANGLETO180_FLOAT {

    public static float wrapAngleTo180_float(float par0)
    {
        par0 %= 360.0F;

        if (par0 >= 180.0F)
        {
            par0 -= 360.0F;
        }

        if (par0 < -180.0F)
        {
            par0 += 360.0F;
        }

        return par0;
    }
}",3
"public class WRAPANGLETO180_DOUBLE {

    public static double wrapAngleTo180_double(double par0)
    {
        par0 %= 360.0D;

        if (par0 >= 180.0D)
        {
            par0 -= 360.0D;
        }

        if (par0 < -180.0D)
        {
            par0 += 360.0D;
        }

        return par0;
    }
}",3
"public class Isready {

    public boolean isready(int par1, int par2)
    {
        return par1 >= 1;
    }
}",1
"public class CHECKFLAG {

    public static boolean checkFlag(int par0, int par1)
    {
        return (par0 & 1 << par1) != 0;
    }
}",1
"public class COUNTSETFLAGS {

    private static int countSetFlags(int par0)
    {
        int var1;

        for (var1 = 0; par0 > 0; ++var1)
        {
            par0 &= par0 - 1;
        }

        return var1;
    }
}",2
"public class OUTOFBOUNDS {

    private boolean outOfBounds(int par1, int par2)
    {
        return par1 < 0 || par1 >= 32 || par2 < 0 || par2 >= 32;
    }
}",4
"public class Tickupdates {

    public boolean tickupdates(boolean par1)
    {
        return false;
    }
}",1
"public class Gettemperatureatheight {

    public float gettemperatureatheight(float par1, int par2)
    {
        return par1;
    }
}",1
"public class Calculatecelestialangle {

    public float calculatecelestialangle(long par1, float par3)
    {
        int var4 = (int)(par1 % 24000L);
        float var5 = ((float)var4 + par3) / 24000.0F - 0.25F;

        if (var5 < 0.0F)
        {
            ++var5;
        }

        if (var5 > 1.0F)
        {
            --var5;
        }

        float var6 = var5;
        var5 = 1.0F - (float)((Math.cos((double)var5 * Math.PI) + 1.0D) / 2.0D);
        var5 = var6 + (var5 - var6) / 3.0F;
        return var5;
    }
}",3
"public class Doesxzshowfog {

    public boolean doesxzshowfog(int par1, int par2)
    {
        return false;
    }
}",1
"public class Calculatecelestialangle {

    public float calculatecelestialangle(long par1, float par3)
    {
        return 0.0F;
    }
}",1
"public class Doesxzshowfog {

    public boolean doesxzshowfog(int par1, int par2)
    {
        return true;
    }
}",1
"public class Cancoordinatebespawn {

    public boolean cancoordinatebespawn(int par1, int par2)
    {
        return false;
    }
}",1
"public class Calculatecelestialangle {

    public float calculatecelestialangle(long par1, float par3)
    {
        return 0.5F;
    }
}",1
"public class Doesxzshowfog {

    public boolean doesxzshowfog(int par1, int par2)
    {
        return true;
    }
}",1
"public class GETVILLAGERTYPE {

    protected int getVillagerType(int par1)
    {
        return 0;
    }
}",1
"public class GETVILLAGERTYPE {

    protected int getVillagerType(int par1)
    {
        return 1;
    }
}",1
"public class Addfuel {

    public int addfuel(int id, int metadata)
    {
        return 0;
    }
}",1
"public class Chunkexists {

    public boolean chunkexists(int par1, int par2)
    {
        return true;
    }
}",1
"public class Getbrightness {

    public float getbrightness(float par1)
    {
        return 1.0F;
    }
}",1
"public class ISFORMATCOLOR {

    private static boolean isFormatColor(char par0)
    {
        return par0 >= 48 && par0 <= 57 || par0 >= 97 && par0 <= 102 || par0 >= 65 && par0 <= 70;
    }
}",6
"public class ISFORMATSPECIAL {

    private static boolean isFormatSpecial(char par0)
    {
        return par0 >= 107 && par0 <= 111 || par0 >= 75 && par0 <= 79 || par0 == 114 || par0 == 82;
    }
}",6
"public class GETHOVERSTATE {

    protected int getHoverState(boolean par1)
    {
        return 0;
    }
}",1
"public class ISSELECTED {

    protected boolean isSelected(int par1)
    {
        return false;
    }
}",1
"public class ISSELECTED {

    protected boolean isSelected(int par1)
    {
        return false;
    }
}",1
"public class ISSELECTED {

    protected boolean isSelected(int par1)
    {
        return false;
    }
}",1
"public class UPDATEROTATIONS {

    private float updateRotations(double par1)
    {
        while (par1 >= 180.0D)
        {
            par1 -= 360.0D;
        }

        while (par1 < -180.0D)
        {
            par1 += 360.0D;
        }

        return (float)par1;
    }
}",3
"public class Getaobrightness {

    public int getaobrightness(int par1, int par2, int par3, int par4)
    {
        if (par1 == 0)
        {
            par1 = par4;
        }

        if (par2 == 0)
        {
            par2 = par4;
        }

        if (par3 == 0)
        {
            par3 = par4;
        }

        return par1 + par2 + par3 + par4 >> 2 & 16711935;
    }
}",4
"public class INTERPOLATEROTATION {

    private float interpolateRotation(float par1, float par2, float par3)
    {
        float var4;

        for (var4 = par2 - par1; var4 < -180.0F; var4 += 360.0F)
        {
            ;
        }

        while (var4 >= 180.0F)
        {
            var4 -= 360.0F;
        }

        return par1 + par3 * var4;
    }
}",3
"public class ISHTTPSUCCESSSTATUSCODE {

    public static boolean isHttpSuccessStatusCode(int status) {
        return status >= 200 && status < 300;
    }
}",2
"public class GETGRAPHMAXVALUE {

    private long getGraphMaxValue(long maxAttributeValue)
    {
        long maxGraphValue = 100;
        long temp = maxAttributeValue * 3/2;
        if (temp > maxGraphValue)
        {
            long modulus = temp % 100;
            maxGraphValue = temp + ( 100 - modulus);
        } 
        
        return maxGraphValue;
    }
}",2
"public class LESSTHANUNSIGNED {

      static boolean lessThanUnsigned(long x1, long x2) {
        return (x1 + Long.MIN_VALUE) < (x2 + Long.MIN_VALUE);
      }
}",1
"public class POP {

  public static int pop(long x) {
  /* Hacker's Delight 32 bit pop function:
   * http://www.hackersdelight.org/HDcode/newCode/pop_arrayHS.cc
   *
  int pop(unsigned x) {
     x = x - ((x >> 1) & 0x55555555);
     x = (x & 0x33333333) + ((x >> 2) & 0x33333333);
     x = (x + (x >> 4)) & 0x0F0F0F0F;
     x = x + (x >> 8);
     x = x + (x >> 16);
     return x & 0x0000003F;
    }
  ***/

    // 64 bit java version of the C function from above
    x = x - ((x >>> 1) & 0x5555555555555555L);
    x = (x & 0x3333333333333333L) + ((x >>>2 ) & 0x3333333333333333L);
    x = (x + (x >>> 4)) & 0x0F0F0F0F0F0F0F0FL;
    x = x + (x >>> 8);
    x = x + (x >>> 16);
    x = x + (x >>> 32);
    return ((int)x) & 0x7F;
  }
}",1
"public class NTZ3 {

  public static int ntz3(long x) {
   // another implementation taken from Hackers Delight, extended to 64 bits
   // and converted to Java.
   // Many 32 bit ntz algorithms are at http://www.hackersdelight.org/HDcode/ntz.cc
   int n = 1;

   // do the first step as a long, all others as ints.
   int y = (int)x;
   if (y==0) {n+=32; y = (int)(x>>>32); }
   if ((y & 0x0000FFFF) == 0) { n+=16; y>>>=16; }
   if ((y & 0x000000FF) == 0) { n+=8; y>>>=8; }
   if ((y & 0x0000000F) == 0) { n+=4; y>>>=4; }
   if ((y & 0x00000003) == 0) { n+=2; y>>>=2; }
   return n - (y & 1);
  }
}",6
"public class ISPOWEROFTWO {

  public static boolean isPowerOfTwo(int v) {
    return ((v & (v-1)) == 0);
  }
}",1
"public class ISPOWEROFTWO {

  public static boolean isPowerOfTwo(long v) {
    return ((v & (v-1)) == 0);
  }
}",1
"public class NEXTHIGHESTPOWEROFTWO {

  public static int nextHighestPowerOfTwo(int v) {
    v--;
    v |= v >> 1;
    v |= v >> 2;
    v |= v >> 4;
    v |= v >> 8;
    v |= v >> 16;
    v++;
    return v;
  }
}",1
"public class NEXTHIGHESTPOWEROFTWO {

   public static long nextHighestPowerOfTwo(long v) {
    v--;
    v |= v >> 1;
    v |= v >> 2;
    v |= v >> 4;
    v |= v >> 8;
    v |= v >> 16;
    v |= v >> 32;
    v++;
    return v;
  }
}",1
"public class BITS2WORDS {

  public static int bits2words(long numBits) {
   return (int)(((numBits-1)>>>6)+1);
  }
}",1
"public class Fetchbooleanfield {

    public boolean fetchbooleanfield(int fieldNumber)
    {
        return true;
    }
}",1
"public class Fetchcharfield {

    public char fetchcharfield(int fieldNumber)
    {
        return '0';
    }
}",1
"public class Fetchbytefield {

    public byte fetchbytefield(int fieldNumber)
    {
        return (byte)0;
    }
}",1
"public class Fetchdoublefield {

    public double fetchdoublefield(int fieldNumber)
    {
        return 0;
    }
}",1
"public class Fetchfloatfield {

    public float fetchfloatfield(int fieldNumber)
    {
        return 0;
    }
}",1
"public class Fetchintfield {

    public int fetchintfield(int fieldNumber)
    {
        return 0;
    }
}",1
"public class Fetchlongfield {

    public long fetchlongfield(int fieldNumber)
    {
        return 0;
    }
}",1
"public class Fetchshortfield {

    public short fetchshortfield(int fieldNumber)
    {
        return 0;
    }
}",1
"public class Getdefaultlength {

    public int getdefaultlength(int index)
    {
        return 1;
    }
}",1
"public class Getdefaultlength {

    public int getdefaultlength(int index)
    {
        return 3;
    }
}",1
"public class Getdefaultlength {

    public int getdefaultlength(int index)
    {
        return 20;
    }
}",1
"public class Getdefaultlength {

    public int getdefaultlength(int index)
    {
        return -1;
    }
}",1
"public class Getdefaultlength {

    public int getdefaultlength(int index)
    {
        return 30;
    }
}",1
"public class PARSENIBBLE {

    private long parseNibble(char c)
    {
        switch (c)
        {
            case '0' :
                return 0;
            case '1' :
                return 1;
            case '2' :
                return 2;
            case '3' :
                return 3;
            case '4' :
                return 4;
            case '5' :
                return 5;
            case '6' :
                return 6;
            case '7' :
                return 7;
            case '8' :
                return 8;
            case '9' :
                return 9;
            case 'a' :
            case 'A' :
                return 10;
            case 'b' :
            case 'B' :
                return 11;
            case 'c' :
            case 'C' :
                return 12;
            case 'd' :
            case 'D' :
                return 13;
            case 'e' :
            case 'E' :
                return 14;
            case 'f' :
            case 'F' :
                return 15;
            default :
                throw new NumberFormatException();
        }
    }
}",2
"public class GCD {

  public static int gcd(int m, int n) {
    if (m == 0 && n == 0)
      return 0;
    if (m < n) {
      int t = m;
      m = n;
      n = t;
    }
    int r = m % n;
    if (r == 0) {
      return n;
    } else {
      return gcd(n, r);
    }
  }
}",5
"public class GETCAP {

  int getCap(int totalRunnableTasks, int localMaxTasks, int totalSlots) {
    double load = ((double)totalRunnableTasks) / totalSlots;
    return (int) Math.ceil(localMaxTasks * Math.min(1.0, load));
  }
}",1
"public class NEXTRAND {

  long nextRand(long x) {
    x ^= (x << 13);
    x ^= (x >>> 7);
    return (x ^= (x << 17));
  }
}",1
"public class ISNEGATIVEVINT {

  public static boolean isNegativeVInt(byte value) {
    return value < -120 || (value >= -112 && value < 0);
  }
}",3
"public class DECODEVINTSIZE {

  public static int decodeVIntSize(byte value) {
    if (value >= -112) {
      return 1;
    } else if (value < -120) {
      return -119 - value;
    }
    return -111 - value;
  }
}",3
"public class GETVINTSIZE {

  public static int getVIntSize(long i) {
    if (i >= -112 && i <= 127) {
      return 1;
    }
      
    if (i < 0) {
      i ^= -1L; // take one's complement'
    }
    // find the number of bytes with non-leading zeros
    int dataBits = Long.SIZE - Long.numberOfLeadingZeros(i);
    // find the number of data bytes + length byte
    return (dataBits + 7) / 8 + 1;
  }
}",4
"public class GETMAXDEPTH {

  protected static int getMaxDepth(int x) {
    if (x <= 0)
      throw new IllegalArgumentException(""Undefined for "" + x);
    return (32 - Integer.numberOfLeadingZeros(x - 1)) << 2;
  }
}",2
"public class BUCKETS2WORDS {

  private static int buckets2words(int vectorSize) {
   return ((vectorSize - 1) >>> 4) + 1;
  }
}",1
"public class ISSIDE {

  private static boolean isSide(int offset, int shapeSize, int board) {
    return 2*offset + shapeSize <= board;
  }
}",1
"public class GETPASSFACTOR {

    private int getPassFactor(int factor, int passNo, int numSegments) {
      if (passNo > 1 || numSegments <= factor || factor == 1) 
        return factor;
      int mod = (numSegments - 1) % (factor - 1);
      if (mod == 0)
        return factor;
      return mod + 1;
    }
}",5
"public class GETCLOSESTPOWEROF2 {

  private static int getClosestPowerOf2(int value) {
    if (value <= 0)
      throw new IllegalArgumentException(""Undefined for "" + value);
    final int hob = Integer.highestOneBit(value);
    return Integer.numberOfTrailingZeros(hob) +
      (((hob >>> 1) & value) == 0 ? 0 : 1);
  }
}",2
"public class NUMBERDIGITS {

  private static int numberDigits(int value) {
    int digits = 0;
    while ((value = value / 10) > 0) {
      digits++;
    }
    return digits;
  }
}",2
"public class Shouldwait {

    public boolean shouldwait(int id) {
      return true;
    }
}",1
"public class GETRANDOM {

    private int getRandom(int n) {
        return (int) (n * Math.random());
    }
}",1
"public class WITHINTOLERANCE {

    private boolean withinTolerance(long expectedValue,
                                    long observedValue,
                                    int tolerance) {
        double diff = 1.0 * Math.abs(observedValue - expectedValue);
        double thrs = expectedValue * (tolerance/100);
        return diff > thrs;
    }
}",1
"public class UNSIGNEDLONGDIV {

  private long unsignedLongDiv(long x, int m) {
    if (x >= 0) {
      return x / m;
    }

    // Let uval be the value of the unsigned long with the same bits as x
    // Two's complement => x = uval - 2*MAX - 2
    // => uval = x + 2*MAX + 2
    // Now, use the fact: (a+b)/c = a/c + b/c + (a%c+b%c)/c
    return x / m + 2 * (Long.MAX_VALUE / m) + 2 / m
        + (x % m + 2 * (Long.MAX_VALUE % m) + 2 % m) / m;
  }
}",2
"public class ISUTFSTARTBYTE {

  public static boolean isUtfStartByte(byte b) {
    return (b & 0xC0) != 0x80;
  }
}",1
"public class HASDECIMAL {

  public static boolean hasDecimal(byte b) {
    return (b >> 7) != 0;
  }
}",1
"public class DIGIT {

  public static int digit(int b, int radix) {
    int r = -1;
    if (b >= '0' && b <= '9') {
      r = b - '0';
    } else if (b >= 'A' && b <= 'Z') {
      r = b - 'A' + 10;
    } else if (b >= 'a' && b <= 'z') {
      r = b - 'a' + 10;
    }
    if (r >= radix) {
      r = -1;
    }
    return r;
  }
}",8
"public class LONGTOZIGZAG {

  private long longToZigzag(long l) {
    return (l << 1) ^ (l >> 63);
  }
}",1
"public class INTTOZIGZAG {

  private int intToZigZag(int n) {
    return (n << 1) ^ (n >> 31);
  }
}",1
"public class ZIGZAGTOINT {

  private int zigzagToInt(int n) {
    return (n >>> 1) ^ -(n & 1);
  }
}",1
"public class ZIGZAGTOLONG {

  private long zigzagToLong(long n) {
    return (n >>> 1) ^ -(n & 1);
  }
}",1
"public class DEHEXCHAR {

    public static int dehexchar(char c) {
        if (c >= '0' && c <= '9') {
            return c - '0';
        }
        if (c >= 'A' && c <= 'F') {
            return c - ('A' - 10);
        }
        if (c >= 'a' && c <= 'f') {
            return c - ('a' - 10);
        }
        return -1;
    }
}",7
"public class Ischaracterelementcontentwhitespace {

  public boolean ischaracterelementcontentwhitespace(int nodeHandle)
  {

    // %TBD%
    return false;
  }
}",1
"public class Isdocumentalldeclarationsprocessed {

  public boolean isdocumentalldeclarationsprocessed(int documentHandle)
  {
    return true;
  }
}",1
"public class First {

    public int first(int context)
    {
      return context;
    }
}",1
"public class GETFIRSTPOTENTIAL {

    protected int getFirstPotential(int identity)
    {
      return identity + 1;
    }
}",1
"public class GETFIRSTPOTENTIAL {

    protected int getFirstPotential(int identity)
    {
      return identity;
    }
}",1
"public class First {

    public int first(int context)
    {
      return context;
    }
}",1
"public class First {

    public int first(int context)
    {
      return context;
    }
}",1
"public class GETFIRSTPOTENTIAL {

    protected int getFirstPotential(int identity)
    {
      return identity;
    }
}",1
"public class GETSUBTREEROOT {

    protected int getSubtreeRoot(int handle)
    {
      return 0;
    }
}",1
"public class Isnodeafter {

        public boolean isnodeafter(int nodeHandle1, int nodeHandle2) {return false;}
}",1
"public class Ischaracterelementcontentwhitespace {

        public boolean ischaracterelementcontentwhitespace(int nodeHandle) {return false;}
}",1
"public class Isdocumentalldeclarationsprocessed {

        public boolean isdocumentalldeclarationsprocessed(int documentHandle) {return false;}
}",1
"public class Isattributespecified {

        public boolean isattributespecified(int attributeHandle) {return false;}
}",1
"public class Getexpandedtypeid {

  public int getexpandedtypeid(int type)
  {
    return type;
  }
}",1
"public class Isattributespecified {

  public boolean isattributespecified(int attributeHandle)
  {

    // I'm not sure if I want to do anything with this...
    return true;  // ??
  }
}",1
"public class ISHIGHUTF16SURROGATE {

    static boolean isHighUTF16Surrogate(char ch) {
        return ('\uD800' <= ch && ch <= '\uDBFF');
    }
}",2
"public class ISLOWUTF16SURROGATE {

    static boolean isLowUTF16Surrogate(char ch) {
        return ('\uDC00' <= ch && ch <= '\uDFFF');
    }
}",2
"public class TOCODEPOINT {

    static int toCodePoint(char highSurrogate, char lowSurrogate) {
        int codePoint =
            ((highSurrogate - 0xd800) << 10)
                + (lowSurrogate - 0xdc00)
                + 0x10000;
        return codePoint;
    }
}",1
"public class TOCODEPOINT {

    static int toCodePoint(char ch) {
        int codePoint = ch;
        return codePoint;
    }
}",1
"public class ISASCIIDIGIT {

    private boolean isASCIIDigit(char c)
    {
        return (c >= '0' && c <= '9');
    }
}",2
"public class ISCHARACTERINC0ORC1RANGE {

    private static boolean isCharacterInC0orC1Range(char ch)
    {
        if(ch == 0x09 || ch == 0x0A || ch == 0x0D)
        	return false;
        else        	    	
        	return (ch >= 0x7F && ch <= 0x9F)|| (ch >= 0x01 && ch <= 0x1F);
    }
}",7
"public class ISNELORLSEPCHARACTER {

    private static boolean isNELorLSEPCharacter(char ch)
    {
        return (ch == 0x85 || ch == 0x2028);
    }
}",2
"public class Setescaping {

    public boolean setescaping(boolean escape)
    {
        return false;
    }
}",1
"public class ISHEXDIGIT {

    private static boolean isHexDigit(char c) {
        return (c >= '0' && c <= '9' || 
                c >= 'a' && c <= 'f' || 
                c >= 'A' && c <= 'F');
    }
}",6
"public class ISDIGIT {

  private static boolean isDigit(char p_char)
  {
    return p_char >= '0' && p_char <= '9';
  }
}",2
"public class ISALPHA {

  private static boolean isAlpha(char p_char)
  {
    return ((p_char >= 'a' && p_char <= 'z')
            || (p_char >= 'A' && p_char <= 'Z'));
  }
}",4
"public class ISXML11NAMEHIGHSURROGATE {

    public static boolean isXML11NameHighSurrogate(int c) {
        return (0xD800 <= c && c <= 0xDB7F);
    }
}",2
"public class ISSUPPLEMENTAL {

    public static boolean isSupplemental(int c) {
        return (c >= 0x10000 && c <= 0x10FFFF);
    }
}",2
"public class SUPPLEMENTAL {

    public static int supplemental(char h, char l) {
        return (h - 0xD800) * 0x400 + (l - 0xDC00) + 0x10000;
    }
}",1
"public class HIGHSURROGATE {

    public static char highSurrogate(int c) {
        return (char) (((c - 0x00010000) >> 10) + 0xD800);
    }
}",1
"public class LOWSURROGATE {

    public static char lowSurrogate(int c) {
        return (char) (((c - 0x00010000) & 0x3FF) + 0xDC00);
    }
}",1
"public class ISHIGHSURROGATE {

    public static boolean isHighSurrogate(int c) {
        return (0xD800 <= c && c <= 0xDBFF);
    }
}",2
"public class ISLOWSURROGATE {

    public static boolean isLowSurrogate(int c) {
        return (0xDC00 <= c && c <= 0xDFFF);
    }
}",2
"public class ISMARKUP {

    public static boolean isMarkup(int c) {
        return c == '<' || c == '&' || c == '%';
    }
}",3
"public class ISDIGIT {

  private static boolean isDigit(char p_char)
  {
    return p_char >= '0' && p_char <= '9';
  }
}",2
"public class ISALPHA {

  private static boolean isAlpha(char p_char)
  {
    return ((p_char >= 'a' && p_char <= 'z')
            || (p_char >= 'A' && p_char <= 'Z'));
  }
}",4
"public class ISXML11NAMEHIGHSURROGATE {

    public static boolean isXML11NameHighSurrogate(int c) {
        return (0xD800 <= c && c <= 0xDB7F);
    }
}",2
"public class ISSUPPLEMENTAL {

    public static boolean isSupplemental(int c) {
        return (c >= 0x10000 && c <= 0x10FFFF);
    }
}",2
"public class SUPPLEMENTAL {

    public static int supplemental(char h, char l) {
        return (h - 0xD800) * 0x400 + (l - 0xDC00) + 0x10000;
    }
}",1
"public class HIGHSURROGATE {

    public static char highSurrogate(int c) {
        return (char) (((c - 0x00010000) >> 10) + 0xD800);
    }
}",1
"public class LOWSURROGATE {

    public static char lowSurrogate(int c) {
        return (char) (((c - 0x00010000) & 0x3FF) + 0xDC00);
    }
}",1
"public class ISHIGHSURROGATE {

    public static boolean isHighSurrogate(int c) {
        return (0xD800 <= c && c <= 0xDBFF);
    }
}",2
"public class ISLOWSURROGATE {

    public static boolean isLowSurrogate(int c) {
        return (0xDC00 <= c && c <= 0xDFFF);
    }
}",2
"public class ISMARKUP {

    public static boolean isMarkup(int c) {
        return c == '<' || c == '&' || c == '%';
    }
}",3
"public class ISWHITESPACE {

  public static boolean isWhiteSpace(char ch)
  {
    return (ch == 0x20) || (ch == 0x09) || (ch == 0xD) || (ch == 0xA);
  }
}",4
"public class RETURNNEXTNODE {

  private int returnNextNode(int n)
  {

    return n;
  }
}",1
"public class GETFIRSTCHILDPOS {

  public static int getFirstChildPos(int opPos)
  {
    return opPos + 2;
  }
}",1
"public class GETFIRSTCHILDPOSOFSTEP {

  public static int getFirstChildPosOfStep(int opPos)
  {
    return opPos + 3;
  }
}",1
"public class COMPARENUMBERS {

  boolean compareNumbers(double n1, double n2)
  {
    return n1 < n2;
  }
}",1
"public class COMPARENUMBERS {

  boolean compareNumbers(double n1, double n2)
  {
    return n1 <= n2;
  }
}",1
"public class COMPARENUMBERS {

  boolean compareNumbers(double n1, double n2)
  {
    return n1 > n2;
  }
}",1
"public class COMPARENUMBERS {

  boolean compareNumbers(double n1, double n2)
  {
    return n1 >= n2;
  }
}",1
"public class COMPARENUMBERS {

  boolean compareNumbers(double n1, double n2)
  {
    return n1 == n2;
  }
}",1
"public class COMPARENUMBERS {

  boolean compareNumbers(double n1, double n2)
  {
    return n1 != n2;
  }
}",1
"public class Getitemid {

        public long getitemid(int position) {
            return position;
        }
}",1
"public class ISWHITESPACE {

	private static boolean isWhiteSpace(byte byteToCheck) {
		switch (byteToCheck) {
		case ' ':
		case '\n':
		case '\r':
		case '\t':
			return true;
		default:
			return false;
		}
	}
}",2
"public class HEXDIGIT {

	private byte hexDigit(int v) {
		if (v < 10)
			return (byte) (0x30 + v);
		else
			return (byte) (0x41 + v - 10);
	}
}",2
"public class FROMHEX {

	private byte fromHex(byte b) {
		if (b >= 48 && b <= 57)
			return (byte) (b - 48);
		if (b >= 65 && b <= 70)
			return (byte) (b - 65 + 10);
		if (b >= 97 && b <= 102)
			return (byte) (b - 97 + 10);

		return (byte) 0;
	}
}",7
"public class GETID {

	private static int getId(int red, int green, int blue) {
		return red << 16 | green << 8 | blue;
	}
}",1
"public class CEILDIV {

	public static int ceilDiv(int a, int b) {
		if (a % b == 0) {
			return a / b;
		} else {
			return a / b + 1;
		}
	}
}",2
"public class FIRST {

   public static long first(long value, double a1) {
      return value;
   }
}",1
"public class FIRST {

   public static double first(double value, double a1) {
      return value;
   }
}",1
"public class COMMA {

   public static long comma(long a0, long a1) {
      return a1;
   }
}",1
"public class COMMA {

   public static double comma(double a0, double a1) {
      return a1;
   }
}",1
"public class Nextindex {

   public long nextindex(long oldIndex) {
      return oldIndex;
   }
}",1
"public class IMAGEFONTHEIGHT {

   public static int imagefontheight(int font) {
      if (font < 1) {
         return 8;
      } else if (font == 1) {
         return 8;
      } else if (font == 2) {
         return 13;
      } else if (font == 3) {
         return 13;
      } else if (font == 4) {
         return 16;
      } else if (font == 5) {
         return 15;
      } else {
         return 15;
      }
   }
}",7
"public class IMAGEFONTWIDTH {

   public static int imagefontwidth(int font) {
      if (font < 1) {
         return 5;
      } else if (font == 1) {
         return 5;
      } else if (font == 2) {
         return 6;
      } else if (font == 3) {
         return 7;
      } else if (font == 4) {
         return 8;
      } else if (font == 5) {
         return 9;
      } else {
         return 9;
      }
   }
}",7
"public class SLEEP {

   public static long sleep(long seconds) {
      try {
         Thread.sleep(seconds * 1000);
      } catch (Throwable e) {
      }

      return seconds;
   }
}",2
"public class Gregoriantojd {

   public double gregoriantojd(int month, int day, int year) {
      if (month <= 2) {
         year -= 1;
         month += 12;
      }

      long a = year / 100;
      long b = a / 4;
      long c = 2 - a + b;
      long e = (long) (365.25 * (year + 4716));
      long f = (long) (30.6001 * (month + 1));

      return (c + day + e + f - 1524.5);
   }
}",2
"public class ENCODE {

   private static char encode(long code) {
      code = code & 0x3f;

      if (code < 26) {
         return (char) ('a' + code);
      } else if (code < 52) {
         return (char) ('A' + code - 26);
      } else if (code < 62) {
         return (char) ('0' + code - 52);
      } else if (code == 62) {
         return '_';
      } else {
         return '-';
      }
   }
}",5
"public class ISWHITESPACE {

   protected static boolean isWhitespace(char ch) {
      return ch == ' ' || ch == '\t' || ch == '\n' || ch == '\r';
   }
}",4
"public class TOUPPERCASE {

   protected static char toUpperCase(char ch) {
      if (ch >= 'a' && ch <= 'z') {
         return (char) ('A' + (ch - 'a'));
      } else {
         return ch;
      }
   }
}",3
"public class TOUUCHAR {

   protected static char toUUChar(int d) {
      if (d == 0) {
         return (char) 0x60;
      } else {
         return (char) (0x20 + (d & 0x3f));
      }
   }
}",2
"public class Setindent {

   public boolean setindent(boolean isIndent) {
      return false;
   }
}",1
"public class YEARTODAYOFEPOCH {

  private long yearToDayOfEpoch(long year)
  {
    if (year > 0) {
      year -= 1601;
      return (365 * year + year / 4 - year / 100 + year / 400 -
              ((1970 - 1601) * 365 + (1970 - 1601) / 4 - 3));
    } else {
      year = 2000 - year;

      return ((2000 - 1970) * 365 + (2000 - 1970) / 4 -
              (365 * year + year / 4 - year / 100 + year / 400));
    }
  }
}",2
"public class ISLEAPYEAR {

  private boolean isLeapYear(long year)
  {
    return ! ((year % 4) != 0 || (year % 100) == 0 && (year % 400) != 0);
  }
}",3
"public class Setexecutable {

  public boolean setexecutable(boolean isExecutable)
  {
    return false;
  }
}",1
"public class Chmod {

  public boolean chmod(int value)
  {
    return false;
  }
}",1
"public class Readnonblock {

  public boolean readnonblock(int ms)
  {
    return false;
  }
}",1
"public class Toyear {

	public int toyear(int year) {
		if(year<100) {
    	    if(year<30)year=year+=2000;
            else year=year+=1900;
        }
		return year;
	}
}",3
"public class Isleapyear {

	public boolean isleapyear(int year) {
		return ((year%4 == 0) && ((year%100 != 0) || (year%400 == 0)));
    }
}",3
"public class UPDATEMODE {
 
    public static int updateMode(int existingOctal, int updateOctal) { 
            int tmp=existingOctal&updateOctal; 
            return (existingOctal-tmp)+updateOctal; 
    }
}",1
"public class HASPERMISSION {
 
    public static boolean hasPermission(int role, int permission, int mode) { 
            return (mode&(role*permission))>0; 
    }
}",1
"public class Setlastmodified {

	public boolean setlastmodified(long time) {
		return false;
	}
}",1
"public class Setreadable {

	public boolean setreadable(boolean value) {
		//throw new IOException(""this is a read-only resource, can't change access of [""+this+""]"");
		return false;
	}
}",1
"public class Setwritable {

	public boolean setwritable(boolean value) {
		//throw new IOException(""this is a read-only resource, can't change access of [""+this+""]"");
		return false;
	}
}",1
"public class Getattribute {

	public boolean getattribute(short attribute) {
		return false;
	}
}",1
"public class ABS {

    public static double abs(double number) {
        return (number <= 0.0D) ? 0.0D - number : number;
    }
}",1
"public class Casttodoublevalue {

    public double casttodoublevalue(double defaultValue) {
        return defaultValue;
    }
}",1
"public class MAKELONG {

  public static long makeLong(int nLo,int nHi) {
    return (((long)nHi << 32) | (nLo & 0x00000000ffffffffL));
  }
}",1
"public class LONGLO32 {

  public static int longLo32(long lVal) {
    return (int)lVal;
  }
}",1
"public class LONGHI32 {

  public static int longHi32(long lVal) {
    return (int)((lVal >>> 32));
  }
}",1
"public class Getdelay {

    public int getdelay(int forFrame) {
        return 0;
    }
}",1
"public class MOD {

	private static int mod(int a, int b) {
		int n = a/b;
		
		a -= n*b;
		if (a < 0)
			return a + b;
		return a;
	}
}",2
"public class Getcolor {

	public int getcolor(float v) {
		int n = (int)(v*255);
		if (n < 0)
			n = 0;
		else if (n > 255)
			n = 255;
		return 0xff000000 | (n << 16) | (n << 8) | n;
	}
}",3
"public class BIAS {

	public static float bias(float a, float b) {
//		return (float)Math.pow(a, Math.log(b) / Math.log(0.5));
		return a/((1.0f/b-2)*(1.0f-a)+1);
	}
}",1
"public class GAIN {

	public static float gain(float a, float b) {
/*
		float p = (float)Math.log(1.0 - b) / (float)Math.log(0.5);

		if (a < .001)
			return 0.0f;
		else if (a > .999)
			return 1.0f;
		if (a < 0.5)
			return (float)Math.pow(2 * a, p) / 2;
		else
			return 1.0f - (float)Math.pow(2 * (1. - a), p) / 2;
*/
		float c = (1.0f/b-2.0f) * (1.0f-2.0f*a);
		if (a < 0.5)
			return a/(c+1.0f);
		return (c-a)/(c-1.0f);
	}
}",2
"public class STEP {

	public static float step(float a, float x) {
		return (x < a) ? 0.0f : 1.0f;
	}
}",1
"public class PULSE {

	public static float pulse(float a, float b, float x) {
		return (x < a || x >= b) ? 0.0f : 1.0f;
	}
}",2
"public class SMOOTHPULSE {

	public static float smoothPulse(float a1, float a2, float b1, float b2, float x) {
		if (x < a1 || x >= b2)
			return 0;
		if (x >= a2) {
			if (x < b1)
				return 1.0f;
			x = (x - b1) / (b2 - b1);
			return 1.0f - (x*x * (3.0f - 2.0f*x));
		}
		x = (x - a1) / (a2 - a1);
		return x*x * (3.0f - 2.0f*x);
	}
}",5
"public class SMOOTHSTEP {

	public static float smoothStep(float a, float b, float x) {
		if (x < a)
			return 0;
		if (x >= b)
			return 1;
		x = (x - a) / (b - a);
		return x*x * (3 - 2*x);
	}
}",3
"public class CIRCLEUP {

	public static float circleUp(float x) {
		x = 1-x;
		return (float)Math.sqrt(1-x*x);
	}
}",1
"public class CIRCLEDOWN {

	public static float circleDown(float x) {
		return 1.0f-(float)Math.sqrt(1-x*x);
	}
}",1
"public class CLAMP {

	public static float clamp(float x, float a, float b) {
		return (x < a) ? a : (x > b) ? b : x;
	}
}",1
"public class CLAMP {

	public static int clamp(int x, int a, int b) {
		return (x < a) ? a : (x > b) ? b : x;
	}
}",1
"public class MOD {

	public static double mod(double a, double b) {
		int n = (int)(a/b);
		
		a -= n*b;
		if (a < 0)
			return a + b;
		return a;
	}
}",2
"public class MOD {

	public static float mod(float a, float b) {
		int n = (int)(a/b);
		
		a -= n*b;
		if (a < 0)
			return a + b;
		return a;
	}
}",2
"public class MOD {

	public static int mod(int a, int b) {
		int n = a/b;
		
		a -= n*b;
		if (a < 0)
			return a + b;
		return a;
	}
}",2
"public class LERP {

	public static float lerp(float t, float a, float b) {
		return a + t * (b - a);
	}
}",1
"public class LERP {

	public static int lerp(float t, int a, int b) {
		return (int)(a + t * (b - a));
	}
}",1
"public class BILINEARINTERPOLATE {

	public static int bilinearInterpolate(float x, float y, int nw, int ne, int sw, int se) {
		float m0, m1;
		int a0 = (nw >> 24) & 0xff;
		int r0 = (nw >> 16) & 0xff;
		int g0 = (nw >> 8) & 0xff;
		int b0 = nw & 0xff;
		int a1 = (ne >> 24) & 0xff;
		int r1 = (ne >> 16) & 0xff;
		int g1 = (ne >> 8) & 0xff;
		int b1 = ne & 0xff;
		int a2 = (sw >> 24) & 0xff;
		int r2 = (sw >> 16) & 0xff;
		int g2 = (sw >> 8) & 0xff;
		int b2 = sw & 0xff;
		int a3 = (se >> 24) & 0xff;
		int r3 = (se >> 16) & 0xff;
		int g3 = (se >> 8) & 0xff;
		int b3 = se & 0xff;

		float cx = 1.0f-x;
		float cy = 1.0f-y;

		m0 = cx * a0 + x * a1;
		m1 = cx * a2 + x * a3;
		int a = (int)(cy * m0 + y * m1);

		m0 = cx * r0 + x * r1;
		m1 = cx * r2 + x * r3;
		int r = (int)(cy * m0 + y * m1);

		m0 = cx * g0 + x * g1;
		m1 = cx * g2 + x * g3;
		int g = (int)(cy * m0 + y * m1);

		m0 = cx * b0 + x * b1;
		m1 = cx * b2 + x * b3;
		int b = (int)(cy * m0 + y * m1);

		return (a << 24) | (r << 16) | (g << 8) | b;
	}
}",1
"public class BRIGHTNESSNTSC {

	public static int brightnessNTSC(int rgb) {
		int r = (rgb >> 16) & 0xff;
		int g = (rgb >> 8) & 0xff;
		int b = rgb & 0xff;
		return (int)(r*0.299f + g*0.587f + b*0.114f);
	}
}",1
"public class CLAMP {

	public static int clamp(int c) {
		if (c < 0)
			return 0;
		if (c > 255)
			return 255;
		return c;
	}
}",3
"public class BLURRADIUSAT {

	protected float blurRadiusAt( int x, int y, int width, int height ) {
		return (float)x/width;
	}
}",1
"public class UNSIGNEDBYTETOSHORT {

	public static short unsignedByteToShort(byte b)
	{
		if((b & 0x80)==0x80) return (short) (128 + (b & 0x7f));
		return b;
	}
}",2
"public class Casttodoublevalue {

    public double casttodoublevalue(double defaultValue) {
        return defaultValue;
    }
}",1
"public class TOBOOLEANVALUE {

    public static boolean toBooleanValue(boolean b) {
        return b;
    }
}",1
"public class TOBOOLEANVALUE {

    public static boolean toBooleanValue(int i) {
        return i!=0;
    }
}",1
"public class TOBOOLEANVALUE {

    public static boolean toBooleanValue(long l) {
        return l!=0;
    }
}",1
"public class TOBOOLEANVALUE {

    public static boolean toBooleanValue(double d) {
        return d!=0;
    }
}",1
"public class TOBOOLEANVALUE {

    public static boolean toBooleanValue(char c) {
        return c!=0;
    }
}",1
"public class TODOUBLEVALUE {

    public static double toDoubleValue(double d) {
        return d;
    }
}",1
"public class TODOUBLEVALUE {

    public static double toDoubleValue(boolean b) {
        return b?1:0;
    }
}",1
"public class TODOUBLEVALUE {

    public static double toDoubleValue(char c) {
        return c;
    }
}",1
"public class TOINTVALUE {

    public static int toIntValue(double d) {
        return (int)d;
    }
}",1
"public class TOINTVALUE {

    public static int toIntValue(int i) {
        return i;
    }
}",1
"public class TOINTVALUE {

    public static int toIntValue(boolean b) {
        return b?1:0;
    }
}",1
"public class TOINTVALUE {

    public static int toIntValue(char c) {
        return c;
    }
}",1
"public class TOCHARVALUE {

    public static char toCharValue(boolean b) {
        return (char)(b?1:0);
    }
}",1
"public class TOCHARVALUE {

    public static char toCharValue(double d) {
        return (char)d;
    }
}",1
"public class TOCHARVALUE {

    public static char toCharValue(char c) {
        return c;
    }
}",1
"public class TOBYTEVALUE {

    public static byte toByteValue(boolean b) {
        return (byte)(b?1:0);
    }
}",1
"public class TOBYTEVALUE {

    public static byte toByteValue(double d) {
        return (byte)d;
    }
}",1
"public class TOBYTEVALUE {

    public static byte toByteValue(char c) {
        return (byte)c;
    }
}",1
"public class TOLONGVALUE {

    public static long toLongValue(boolean b) {
        return (b?1L:0L);
    }
}",1
"public class TOLONGVALUE {

    public static long toLongValue(double d) {
        return (long)d;
    }
}",1
"public class TOLONGVALUE {

    public static long toLongValue(char c) {
        return c;
    }
}",1
"public class TOFLOATVALUE {

    public static float toFloatValue(boolean b) {
        return (b?1F:0F);
    }
}",1
"public class TOFLOATVALUE {

    public static float toFloatValue(double d) {
        return (float)d;
    }
}",1
"public class TOFLOATVALUE {

    public static float toFloatValue(char c) {
        return c;
    }
}",1
"public class TOSHORTVALUE {

    public static short toShortValue(boolean b) {
        return (short)(b?1:0);
    }
}",1
"public class TOSHORTVALUE {

    public static short toShortValue(double d) {
        return (short)d;
    }
}",1
"public class TOSHORTVALUE {

    public static short toShortValue(char c) {
        return (short)c;
    }
}",1
"public class ISVALID {

	public static boolean isValid(double dbl) {
		return !Double.isNaN(dbl) && !Double.isInfinite(dbl);
	}
}",2
"public class DUPLICATE {

	public static boolean duplicate(boolean _boolean) {
		return _boolean;
	}
}",1
"public class DUPLICATE {

	public static byte duplicate(byte _byte) {
		return _byte;
	}
}",1
"public class DUPLICATE {

	public static short duplicate(short _short) {
		return _short;
	}
}",1
"public class DUPLICATE {

	public static int duplicate(int _int) {
		return _int;
	}
}",1
"public class DUPLICATE {

	public static long duplicate(long _long) {
		return _long;
	}
}",1
"public class DUPLICATE {

	public static double duplicate(double _double) {
		return _double;
	}
}",1
"public class COMPARE {
 
    public static int compare(double left, double right) { 
    	if((left)<(right))return -1; 
        else if((left)>(right))return 1; 
        else return 0;
    }
}",3
"public class COMPARE {
 
	public static int compare(boolean left, boolean right) { 
			if(left)return right?0:1; 
			return right?-1:0; 
	}
}",2
"public class EQV {

	public static boolean eqv(boolean left, boolean right) {
		return (left==true && right==true) || (left==false && right==false);	
	}
}",4
"public class IMP {

	public static boolean imp(boolean left, boolean right) {
		return !(left==true && right==false);	
	}
}",2
"public class MINUS {

    public static double minus(double left, double right) {
        return left-right;
    }
}",1
"public class MODULUS {

    public static double modulus(double left, double right) {
        return left%right;
    }
}",1
"public class DIVIDE {

    public static double divide(double left, double right) {
        return left/right;
    }
}",1
"public class MULTIPLY {

    public static double multiply(double left, double right) {
        return left*right;
    }
}",1
"public class BITAND {

    public static double bitand(double left, double right) {
        return (int)left&(int)right;
    }
}",1
"public class BITOR {

    public static double bitor(double left, double right) {
        return (int)left|(int)right;
    }
}",1
"public class Isdigit {

    public boolean isdigit(char c) {
        return c>='0' && c<='9';
	}
}",2
"public class Z {

    private static int z( int digit )	{
        if ( digit == 0 )	{
            return 0;
        }
        return ( digit * 2 - 1 ) % 9 + 1;
    }
}",2
"public class Casttodoublevalue {

    public double casttodoublevalue(double defaultValue) {
        return defaultValue;
    }
}",1
"public class Casttodoublevalue {

    public double casttodoublevalue(double defaultValue) {
        return defaultValue;
    }
}",1
"public class Casttodoublevalue {

    public double casttodoublevalue(double defaultValue) {
        return defaultValue;
    }
}",1
"public class Casttodoublevalue {

    public double casttodoublevalue(double defaultValue) {
        return defaultValue;
    }
}",1
"public class Casttodoublevalue {

    public double casttodoublevalue(double defaultValue) {
        return defaultValue;
    }
}",1
"public class Casttodoublevalue {

    public double casttodoublevalue(double defaultValue) {
        return defaultValue;
    }
}",1
"public class Casttodoublevalue {

    public double casttodoublevalue(double defaultValue) {
        return defaultValue;
    }
}",1
"public class Casttodoublevalue {

    public double casttodoublevalue(double defaultValue) {
        return defaultValue;
    }
}",1
"public class Casttodoublevalue {

    public double casttodoublevalue(double defaultValue) {
        return defaultValue;
    }
}",1
"public class Casttodoublevalue {

    public double casttodoublevalue(double defaultValue) {
        return defaultValue;
    }
}",1
"public class Casttodoublevalue {

    public double casttodoublevalue(double defaultValue) {
        return defaultValue;
    }
}",1
"public class Casttodoublevalue {

    public double casttodoublevalue(double defaultValue) {
        return defaultValue;
    }
}",1
"public class Casttodoublevalue {

    public double casttodoublevalue(double defaultValue) {
        return defaultValue;
    }
}",1
"public class Casttodoublevalue {

    public double casttodoublevalue(double defaultValue) {
        return defaultValue;
    }
}",1
"public class ISNEWERTHAN {

    private boolean isNewerThan(int left, int right) {
        return left>right;
    }
}",1
"public class GETVISUALINDEX {

	protected int getVisualIndex(int creationIndex) {
		return creationIndex;
	}
}",1
"public class GETCREATIONINDEX {

	protected int getCreationIndex(int visualIndex) {
		return visualIndex;
	}
}",1
"public class SCROLLCELLINTOVIEW {

	protected boolean scrollCellIntoView(int columnIndex) {
		return false;
	}
}",1
"public class ISEQUALIGNORECASE {

    protected static boolean isEqualIgnoreCase(int i, char c) {
        return (i == -1) ? false : Character.toLowerCase((char)i) == c;
    }
}",1
"public class ISCSSSPACE {

    public static boolean isCSSSpace(char c) {
      return (c <= 0x0020) &&
             (((((1L << '\t') |
                 (1L << '\n') |
                 (1L << '\r') |
                 (1L << '\f') |
                 (1L << 0x0020)) >> c) & 1L) != 0);
    }
}",2
"public class DEHEXCHAR {

    public static int dehexchar(char c) {
        if (c >= '0' && c <= '9') {
            return c - '0';
        }
        if (c >= 'A' && c <= 'F') {
            return c - ('A' - 10);
        }
        if (c >= 'a' && c <= 'f') {
            return c - ('a' - 10);
        }
        return -1;
    }
}",7
"public class Internal_wm_getobject {

	public int internal_wm_getobject(int wParam, int lParam) {
		return 0;
	}
}",1
"public class GETMSBOFFSET {

static int getMSBOffset(int mask) {
    for (int i = 31; i >= 0; i--) {
        if (((mask >> i) & 0x1) != 0) return i + 1;
    }
    return 0;
}
}",3
"public class GETCHANNELSHIFT {

static int getChannelShift(int mask) {
    if (mask == 0) return 0;
    int i;
    for (i = 0; ((mask & 1) == 0) && (i < 32); ++i) {
        mask >>>= 1;
    }
    return i;
}
}",4
"public class GETCHANNELWIDTH {

static int getChannelWidth(int mask, int shift) {
    if (mask == 0) return 0;
    int i;
    mask >>>= shift;
    for (i = shift; ((mask & 1) != 0) && (i < 32); ++i) {
        mask >>>= 1;
    }
    return i - shift;
}
}",4
"public class SHIFTFORMASK {

int shiftForMask(int mask) {
    for (int i = 31; i >= 0; i--) { 
        if (((mask >> i) & 0x1) != 0) return 7 - i;
    }
    return 32;
}
}",3
"public class CEIL {

public static int ceil(int p, int q) {
	return (int)Math.ceil((float)p / q);
}
}",1
"public class FLOOR {

public static int floor(int p, int q) {
	return (int)Math.floor((double)p / q);
}
}",1
"public class ROUND {

public static int round(int p, int q) {
	return Math.round((float)p / q);
}
}",1
"public class ISLETTER {

public static boolean isLetter(char c) {
	return Character.isLetter(c);
}
}",1
"public class ISLETTERORDIGIT {

public static boolean isLetterOrDigit(char c) {
	return Character.isLetterOrDigit(c);
}
}",1
"public class ISSPACECHAR {

public static boolean isSpaceChar(char c) {
	return Character.isSpaceChar(c);
}
}",1
"public class ISWHITESPACE {

public static boolean isWhitespace(char c) {
	return Character.isWhitespace(c);
}
}",1
"public class COMPRESS16BITDEPTHTO8BITDEPTH {

static int compress16BitDepthTo8BitDepth(int value) {
	//double multiplier = (Compatibility.pow2(8) - 1) / (Compatibility.pow2(16) - 1);
	//byte compressedValue = (byte)(value * multiplier);
	return value >> 8;
}
}",1
"public class BLEND {

	private static int blend(int v1, int v2, int ratio) {
		int b = (ratio * v1 + (100 - ratio) * v2) / 100;
		return Math.min(255, b);
	}
}",1
"public class ISNAMECHARALLOWED {

	protected boolean isNameCharAllowed(char nameChar) {
		return Character.isUpperCase(nameChar);
	}
}",1
"public class ISVALIDCAMELCASECHAR {

	protected boolean isValidCamelCaseChar(char ch) {
		return true;
	}
}",1
"public class Computepreferredsize {

    public int computepreferredsize(boolean width, int availableParallel, int availablePerpendicular, int preferredParallel) {
    	
    	return preferredParallel;    	
    }
}",1
"public class GETPARTSASHCONST {

    private int getPartSashConst(int nRelationship) {
        return nRelationship;
    }
}",1
"public class DECODEDIGIT {

	static int decodeDigit(byte data) {
		char charData = (char) data;
		if (charData <= 'Z' && charData >= 'A') {
			return charData - 'A';
		}
		if (charData <= 'z' && charData >= 'a') {
			return charData - 'a' + 26;
		}
		if (charData <= '9' && charData >= '0') {
			return charData - '0' + 52;
		}
		switch (charData) {
			case '+' :
				return 62;
			case '/' :
				return 63;
			default :
				throw new IllegalArgumentException(""Invalid char to decode: "" + data); //$NON-NLS-1$
		}
	}
}",8
"public class VOLTAGE_TO_INTENSITY_SRGB {

    double voltage_to_intensity_srgb(double val) {
        /* Handle invalid values before doing a gamma transform. */
        if (val < 0.0) {
			return 0.0;
		}
        if (val > 1.0) {
			return 1.0;
		}

        if (val <= 0.04045) {
            return val / 12.92;
        }
        return Math.pow((val + 0.055) / 1.055, 2.4);
    }
}",4
"public class Getreuseeditormatchflags {

	public int getreuseeditormatchflags(int originalMatchFlags) {
		return originalMatchFlags;
	}
}",1
"public class Supportsnotification {

	public boolean supportsnotification(int type){
		return false;
	}
}",1
"public class BLEND {

	private static int blend(int temp1, int temp2) {
		return (Math.abs(temp1 - temp2) / 2) + Math.min(temp1, temp2);
	}
}",1
"public class Getitemid {

	public long getitemid(int position) {
		return position;
	}
}",1
"public class Getitemid {

	public long getitemid(int position) {
		return position;
	}
}",1
"public class BOXINTERSECT {

    private boolean boxIntersect(float left1, float right1, float top1, float bottom1, 
            float left2, float right2, float top2, float bottom2) {
        final boolean horizontalIntersection = left1 < right2 && left2 < right1;
        final boolean verticalIntersection = top1 > bottom2 && top2 > bottom1;
        final boolean intersecting = horizontalIntersection && verticalIntersection;
        return intersecting;
    }
}",4
"public class DEHEXCHAR {

    public static int dehexchar(char c) {
        if (c >= '0' && c <= '9') {
            return c - '0';
        }
        if (c >= 'A' && c <= 'F') {
            return c - ('A' - 10);
        }
        if (c >= 'a' && c <= 'f') {
            return c - ('a' - 10);
        }
        return -1;
    }
}",7
"public class Getitemid {

	public long getitemid(int position) {
		return position;
	}
}",1
"public class Getitemid {

    	public long getitemid(int position) {
    		return position;
    	}
}",1
"public class GETMAXPANDELTA {

    private float getMaxPanDelta(float zoom) {
        return Math.max(0f, .5f * ((zoom - 1) / zoom));
    }
}",1
"public class GETHEADERSIZE {

    public static int getHeaderSize(int version) {
        switch (version) {
            case 16: // compatibility mode
                return 3; // size, width, height
            case 1:
                return 12; // bpp, size, width, height, 4*(length, offset)
        }

        return 0;
    }
}",2
"public class GETMASK {

    private int getMask(int length) {
        int res = 0;
        for (int i = 0 ; i < length ; i++) {
            res = (res << 1) + 1;
        }

        return res;
    }
}",2
"public class FLOAT12TOINT {

    private static long float12ToInt(int f12) {
        return (f12 & 0x1FF) << ((f12 >>> 9) * 4);
    }
}",1
"public class ISSUPPLEMENTAL {

    public static boolean isSupplemental(int c) {
        return (c >= 0x10000 && c <= 0x10FFFF);
    }
}",2
"public class SUPPLEMENTAL {

    public static int supplemental(char h, char l) {
        return (h - 0xD800) * 0x400 + (l - 0xDC00) + 0x10000;
    }
}",1
"public class HIGHSURROGATE {

    public static char highSurrogate(int c) {
        return (char) (((c - 0x00010000) >> 10) + 0xD800);
    }
}",1
"public class LOWSURROGATE {

    public static char lowSurrogate(int c) {
        return (char) (((c - 0x00010000) & 0x3FF) + 0xDC00);
    }
}",1
"public class ISHIGHSURROGATE {

    public static boolean isHighSurrogate(int c) {
        return (0xD800 <= c && c <= 0xDBFF);
    }
}",2
"public class ISLOWSURROGATE {

    public static boolean isLowSurrogate(int c) {
        return (0xDC00 <= c && c <= 0xDFFF);
    }
}",2
"public class ISMARKUP {

    public static boolean isMarkup(int c) {
        return c == '<' || c == '&' || c == '%';
    }
}",3
"public class Parseboolean {

	public boolean parseboolean(char value)
	{
		boolean flag = true;
		boolean boolValue = false;
		
		while(flag)
		{
			//parses 'Y' into 'true'
			if(value == 'Y' || value == 'y')
			{
				boolValue = true;
				flag = false;
			}
		
			//parses 'N' into 'false'
			else if(value == 'N' || value == 'n')
			{
				boolValue = false;
				flag = false;
			}
		
			//validates user input
			else
			{
				System.out.println(""Invalid input. Enter (Y/N)"");
			}
		}
		
		return boolValue;
	}
}",6
"public class PYTHAGD {

	public static double pythagD(double x, double y, double z) {
		return Math.sqrt(x * x + y * y + z * z);
	}
}",1
"public class CALCSTEPS {

	public static int calcSteps(final double start, final double stop, final double step) {
		if (step > 0) {
			return (int) Math.ceil((stop - start) / step);
		}
		return (int) Math.ceil((stop - start) / step);
	}
}",2
"public class LEINT {

	public static int leInt(int... b) {
		int a = 0;
		for (int i = b.length - 1; i >= 0; i--) {
			a <<= 8;
			a |= (b[i] & 0xff);
		}
		return a;
	}
}",2
"public class LEINT {

	public static int leInt(int b1, int b2) {
		return ((b2 & 0xff) << 8) | (b1 & 0xff);
	}
}",1
"public class LEINTSE {

	public static int leIntSE(int b1, int b2) {
		return (b2 << 8) | (b1 & 0xff);
	}
}",1
"public class LEINT {

	public static int leInt(int b1, int b2, int b3, int b4) {
		return ((b4 & 0xff) << 24)| ((b3 & 0xff) << 16) | ((b2 & 0xff) << 8) | (b1 & 0xff);
	}
}",1
"public class BEINT {

	public static int beInt(int... b) {
		int a = 0;
		for (int i = 0; i < b.length; i++) {
			a <<= 8;
			a |= (b[i] & 0xff);
		}
		return a;
	}
}",2
"public class BEINT {

	public static int beInt(int b1, int b2) {
		return ((b1 & 0xff) << 8) | (b2 & 0xff);
	}
}",1
"public class BEINTSE {

	public static int beIntSE(int b1, int b2) {
		return (b1 << 8) | (b2 & 0xff);
	}
}",1
"public class BEINT {

	public static int beInt(int b1, int b2, int b3, int b4) {
		return ((b1 & 0xff) << 24)| ((b2 & 0xff) << 16) | ((b3 & 0xff) << 8) | (b4 & 0xff);
	}
}",1
"public class HEX2BIN {

   public static int hex2bin(char c)
   {
      if (c >= '0' && c <= '9')
      {
         return (c - '0');
      }
      if (c >= 'A' && c <= 'F')
      {
         return (c - 'A' + 10);
      }
      if (c >= 'a' && c <= 'f')
      {
         return (c - 'a' + 10);
      }
      throw new IllegalArgumentException(""Input string may only contain hex digits, but found '"" + c + ""'"");
   }
}",7
"public class CEIL {

   protected int ceil(int a, int b)
   {
      int m = 0;
      if (a % b > 0)
      {
         m = 1;
      }
      return a / b + m;
   }
}",2
"public class TOPERCENT {

    public static double toPercent(long value, long total) {
        return (total > 0) ? 100.0 * value / total : 0.0;
    }
}",1
"public class ONBALLOONTAP {

	protected boolean onBalloonTap(int index) {
		return false;
	}
}",1
"public class CHARVAL {

	private static int charVal(char c) {
		return ((c >= '0') && (c <= '9')) ? (c - '0')
				: (((c >= 'A') && (c <= 'Z')) ? (c - 'A' + 10) : (c - 'a' + 10));
	}
}",3
"public class SLEEP {

    public static boolean sleep(long millis) {
        try {
            Thread.sleep(millis);
            return true;
        } catch (InterruptedException e) {
            return false;
        }
    }
}",2
"public class CLAMP {

	public static int clamp(int c) {
		if (c < 0)
			return 0;
		if (c > 255)
			return 255;
		return c;
	}
}",3
"public class HASHINDEX {

    protected int hashIndex(int hashCode, int dataSize) {
        return hashCode & (dataSize - 1);
    }
}",1
"public class CALCULATETHRESHOLD {

    protected int calculateThreshold(int newCapacity, float factor) {
        return (int) (newCapacity * factor);
    }
}",1
"public class Getnumberofpegs {

    public int getnumberofpegs(long position) {
        return Long.bitCount(position);
    }
}",1
"public class TESTBIT {

    public static boolean testBit(long number, int index) {
        return (number & 1L << index) != 0L;
    }
}",1
"public class ROTATEBY180 {

    private static long rotateBy180(long position) {
        return Long.reverse(position) >>> 15;
    }
}",1
"public class ROTATEBY90 {

    private static long rotateBy90(long position) {
        long rotatedPosition;
        rotatedPosition = ((position & (1L << 2)) << 18) | ((position & (1L << 3)) << 24) | ((position & (1L << 4)) << 30)
                | ((position & (1L << 9)) << 10) | ((position & (1L << 10)) << 16) | ((position & (1L << 11)) << 22)
                | ((position & (1L << 14)) >> 10) | ((position & (1L << 15)) >> 4) | ((position & (1L << 16)) << 2)
                | ((position & (1L << 17)) << 8) | ((position & (1L << 18)) << 14) | ((position & (1L << 19)) << 20)
                | ((position & (1L << 20)) << 26)
                | ((position & (1L << 21)) >> 18) | ((position & (1L << 22)) >> 12) | ((position & (1L << 23)) >> 6)
                | ((position & (1L << 24)))
                | ((position & (1L << 25)) << 6) | ((position & (1L << 26)) << 12) | ((position & (1L << 27)) << 18)
                | ((position & (1L << 28)) >> 26) | ((position & (1L << 29)) >> 20) | ((position & (1L << 30)) >> 14)
                | ((position & (1L << 31)) >> 8) | ((position & (1L << 32)) >> 2) | ((position & (1L << 33)) << 4)
                | ((position & (1L << 34)) << 10)
                | ((position & (1L << 37)) >> 22) | ((position & (1L << 38)) >> 16) | ((position & (1L << 39)) >> 10)
                | ((position & (1L << 44)) >> 30) | ((position & (1L << 45)) >> 24) | ((position & (1L << 46)) >> 18);
        return rotatedPosition;
    }
}",1
"public class MIRRORVERTICALLY {

    private static long mirrorVertically(long position) {
        long verticallyMirroredPosition;
        verticallyMirroredPosition = ((position & (1L << 2)) << 42) | ((position & (1L << 3)) << 42) | ((position & (1L << 4)) << 42);
        verticallyMirroredPosition |= ((position & (1L << 9)) << 28) | ((position & (1L << 10)) << 28) | ((position & (1L << 11)) << 28);
        verticallyMirroredPosition |= ((position & (1L << 14)) << 14) | ((position & (1L << 15)) << 14) | ((position & (1L << 16)) << 14)
                | ((position & (1L << 17)) << 14) | ((position & (1L << 18)) << 14) | ((position & (1L << 19)) << 14)
                | ((position & (1L << 20)) << 14);
        verticallyMirroredPosition |= ((position & (1L << 21))) | ((position & (1L << 22))) | ((position & (1L << 23)))
                | ((position & (1L << 24)))
                | ((position & (1L << 25))) | ((position & (1L << 26))) | ((position & (1L << 27)));
        verticallyMirroredPosition |= ((position & (1L << 28)) >> 14) | ((position & (1L << 29)) >> 14) | ((position & (1L << 30)) >> 14)
                | ((position & (1L << 31)) >> 14) | ((position & (1L << 32)) >> 14) | ((position & (1L << 33)) >> 14)
                | ((position & (1L << 34)) >> 14);
        verticallyMirroredPosition |= ((position & (1L << 37)) >> 28) | ((position & (1L << 38)) >> 28) | ((position & (1L << 39)) >> 28);
        verticallyMirroredPosition |= ((position & (1L << 44)) >> 42) | ((position & (1L << 45)) >> 42) | ((position & (1L << 46)) >> 42);
        return verticallyMirroredPosition;
    }
}",1
"public class ROTATEWORDLEFT {

    private int rotateWordLeft(
        int x,
        int y)
    {
        x &= 0xffff;
        return (x << y) | (x >> (16 - y));
    }
}",1
"public class ROTATELEFT {

    private int rotateLeft(int x, int y)
    {
        return ((x << (y & (32-1))) | (x >>> (32 - (y & (32-1)))));
    }
}",1
"public class ROTATERIGHT {

    private int rotateRight(int x, int y)
    {
        return ((x >>> (y & (32-1))) | (x << (32 - (y & (32-1)))));
    }
}",1
"public class ROTATELEFT {

    private int rotateLeft(int x, int y)
    {
        return (x << y) | (x >>> -y);
    }
}",1
"public class ROTATERIGHT {

    private int rotateRight(int x, int y)
    {
        return (x >>> y) | (x << -y);
    }
}",1
"public class ROTL {

    private static int rotl(int x, int y)
    {
        return (x << y) | (x >>> -y);
    }
}",1
"public class POW {

    public static int pow(int a, int b, int modulus)
    {
        int p = 1;
        for (int i = 0; i < b; i++)
        {
            p = (p * a) % modulus;
        }
        return p;
    }
}",2
"public class POW {

    public static long pow(long a, int b, long modulus)
    {
        long p = 1;
        for (int i = 0; i < b; i++)
        {
            p = (p * a) % modulus;
        }
        return p;
    }
}",2
"public class LNGAMMA {

	public static double lnGamma(double alpha) {
		// Pike MC & Hill ID (1966) Algorithm 291: Logarithm of the gamma
		// function.
		// Communications of the Association for Computing Machinery, 9:684

		double x = alpha, f = 0.0, z;

		if (x < 7) {
			f = 1;
			z = x - 1;
			while (++z < 7) {
				f *= z;
			}
			x = z;
			f = -Math.log(f);
		}
		z = 1 / (x * x);

		return f
				+ (x - 0.5)
				* Math.log(x)
				- x
				+ 0.918938533204673
				+ (((-0.000595238095238 * z + 0.000793650793651) * z - 0.002777777777778)
						* z + 0.083333333333333) / x;
	}
}",3
"public class INCOMPLETEGAMMA {

	private static double incompleteGamma(double x, double alpha,
			double ln_gamma_alpha) {
		// (1) series expansion if (alpha>x || x<=1)
		// (2) continued fraction otherwise
		// RATNEST FORTRAN by
		// Bhattacharjee GP (1970) The incomplete gamma integral. Applied
		// Statistics,
		// 19: 285-287 (AS32)

		double accurate = 1e-8, overflow = 1e30;
		double factor, gin, rn, a, b, an, dif, term;
		double pn0, pn1, pn2, pn3, pn4, pn5;

		if (x == 0.0) {
			return 0.0;
		}
		if (x < 0.0 || alpha <= 0.0) {
			throw new IllegalArgumentException(""Arguments out of bounds"");
		}

		factor = Math.exp(alpha * Math.log(x) - x - ln_gamma_alpha);

		if (x > 1 && x >= alpha) {
			// continued fraction
			a = 1 - alpha;
			b = a + x + 1;
			term = 0;
			pn0 = 1;
			pn1 = x;
			pn2 = x + 1;
			pn3 = x * b;
			gin = pn2 / pn3;

			do {
				a++;
				b += 2;
				term++;
				an = a * term;
				pn4 = b * pn2 - an * pn0;
				pn5 = b * pn3 - an * pn1;

				if (pn5 != 0) {
					rn = pn4 / pn5;
					dif = Math.abs(gin - rn);
					if (dif <= accurate) {
						if (dif <= accurate * rn) {
							break;
						}
					}

					gin = rn;
				}
				pn0 = pn2;
				pn1 = pn3;
				pn2 = pn4;
				pn3 = pn5;
				if (Math.abs(pn4) >= overflow) {
					pn0 /= overflow;
					pn1 /= overflow;
					pn2 /= overflow;
					pn3 /= overflow;
				}
			} while (true);
			gin = 1 - factor * gin;
		} else {
			// series expansion
			gin = 1;
			term = 1;
			rn = alpha;
			do {
				rn++;
				term *= x / rn;
				gin += term;
			} while (term > accurate);
			gin *= factor / alpha;
		}
		return gin;
	}
}",12
"public class HYPOT {

	public static double hypot(double a, double b) {
		double r;
		if (Math.abs(a) > Math.abs(b)) {
			r = b / a;
			r = Math.abs(a) * Math.sqrt(1 + r * r);
		} else if (b != 0) {
			r = a / b;
			r = Math.abs(b) * Math.sqrt(1 + r * r);
		} else {
			r = 0.0;
		}
		return r;
	}
}",3
"public class PDF {

	public static double pdf(double x, double m, double sd) {
		double a = 1.0 / (Math.sqrt(2.0 * Math.PI) * sd);
		double b = -(x - m) * (x - m) / (2.0 * sd * sd);

		return a * Math.exp(b);
	}
}",1
"public class LOGPDF {

	public static double logPdf(double x, double m, double sd) {
		double a = 1.0 / (Math.sqrt(2.0 * Math.PI) * sd);
		double b = -(x - m) * (x - m) / (2.0 * sd * sd);

		return Math.log(a) + b;
	}
}",1
"public class MEAN {

	public static double mean(double m, double sd) {
		return m;
	}
}",1
"public class VARIANCE {

	public static double variance(double m, double sd) {
		return sd * sd;
	}
}",1
"public class LARGESTPOWEROF2SMALLERTHAN {

	private int largestPowerOf2SmallerThan(int n) {
		int m = 2;
		int m2;
		while (true) {
			m2 = 2 * m;
			if (m2 >= n)
				return m;
			m = m2;
		}
	}
}",3
"public class RESOLVEINTDESCRIPTOR {

	private int resolveIntDescriptor(int getter, int setter) {
		return (getter >= setter ? getter : setter);
	}
}",1
"public class Add {

	public int add(int x, int y) {
		return x + y;
	}
}",1
"public class HASHCODE {

	public static int hashCode(boolean bool) {
		return bool ? 1231 : 1237;
	}
}",1
"public class HASHCODE {

	public static int hashCode(double dbl) {
		long bits = Double.doubleToLongBits(dbl);
		return hashCode(bits);
	}
}",1
"public class HASHCODE {

	public static int hashCode(float flt) {
		return Float.floatToIntBits(flt);
	}
}",1
"public class HASHCODE {

	public static int hashCode(long lng) {
		return (int) (lng ^ (lng >>> 32));
	}
}",1
"public class ISALPHA {

		protected boolean isAlpha(int c) {
			return c >= 'a' && c <= 'z' || c >= 'A' && c <= 'Z';
		}
}",4
"public class ISDIGIT {

		protected boolean isDigit(int c) {
			return c >= '0' && c <= '9';
		}
}",2
"public class ISGENERICDELIMITER {

		protected boolean isGenericDelimiter(int c) {
			return ':' == c || '/' == c || '?' == c || '#' == c || '[' == c || ']' == c || '@' == c;
		}
}",7
"public class ISSUBDELIMITER {

		protected boolean isSubDelimiter(int c) {
			return '!' == c || '$' == c || '&' == c || '\'' == c || '(' == c || ')' == c || '*' == c || '+' == c ||
					',' == c || ';' == c || '=' == c;
		}
}",11
"public class Checknotmodified {

	public boolean checknotmodified(long lastModifiedTimestamp) {
		return false;
	}
}",1
"public class ISSPACE {

	public static boolean isSpace(final char c) {
		switch (c) {
			case ' ':
				return true;
			case '\n':
				return true;
			case '\t':
				return true;
			case '\f':
				return true;
			case '\r':
				return true;
			default:
				return false;
		}
	}
}",2
"public class ROUND {

  public static double round(double x, int precision) {
    double power = Math.pow(10.0, precision);
    return Math.round(x * power) / power;
  }
}",1
"public class MAX {

  public static int max(int a, int b, int c) {
    int ma;
    ma = a;
    if (b > ma) {
      ma = b;
    }
    if (c > ma) {
      ma = c;
    }
    return ma;
  }
}",3
"public class LGAMMA {
 
  public static double lgamma(double x) {
    double[] cof = {76.18009172947146, -86.50532032941677,
      24.01409824083091,-1.231739572450155,
      0.1208650973866179e-2,-0.5395239384953e-5};
    double y, z, ser, tmp;
    y = x;
    tmp = x + 5.5;
    tmp -= ((x + 0.5) * Math.log(tmp));
    ser = 1.000000000190015;
    for (int j = 0; j < 6; j += 1) {
      y += 1;
      ser += (cof[j] / y);
    }
    return (-tmp + Math.log(2.5066282746310005*ser / x));
  }
}",2
"public class MIN {

  public static int min(int a, int b, int c) {
    int mi;

    mi = a;
    if (b < mi) {
      mi = b;
    }
    if (c < mi) {
      mi = c;
    }
    return mi;

  }
}",3
"public class MAX {

  public static float max(float a, float b) {
    return (a >= b) ? a : b;
  }
}",1
"public class MAX {

  public static double max(double a, double b) {
    return (a >= b) ? a : b;
  }
}",1
"public class MIN {

  public static float min(float a, float b) {
    return (a <= b) ? a : b;
  }
}",1
"public class MIN {

  public static double min(double a, double b) {
    return (a <= b) ? a : b;
  }
}",1
"public class ISDANGEROUS {

  public static boolean isDangerous(double d) {
    return Double.isInfinite(d) || Double.isNaN(d) || d == 0.0;
  }
}",3
"public class ISVERYDANGEROUS {

  public static boolean isVeryDangerous(double d) {
    return Double.isInfinite(d) || Double.isNaN(d);
  }
}",2
"public class NCHOOSEK {

  public static int nChooseK(int n, int k) {
    k = Math.min(k, n - k);
    if (k == 0) {
      return 1;
    }
    int accum = n;
    for (int i = 1; i < k; i++) {
      accum *= (n - i);
      accum /= i;
    }
    return accum / k;
  }
}",3
"public class POW {

  public static double pow(final double a, final double b) {
    final int x = (int) (Double.doubleToLongBits(a) >> 32);
    final int y = (int) (b * (x - 1072632447) + 1072632447);
    return Double.longBitsToDouble(((long) y) << 32);
  }
}",1
"public class INTPOW {

  public static int intPow(int b, int e) {
    int result = 1;
    int currPow = b;
    while (e > 0) {
      if ((e & 1) != 0) { result *= currPow; }
      currPow = currPow * currPow;
      e >>= 1;
    }
    return result;
  }
}",3
"public class INTPOW {

  public static float intPow(float b, int e) {
    float result = 1.0f;
    float currPow = b;
    while (e > 0) {
      if ((e & 1) != 0) { result *= currPow; }
      currPow = currPow * currPow;
      e >>= 1;
    }
    return result;
  }
}",3
"public class INTPOW {

  public static double intPow(double b, int e) {
    double result = 1.0;
    double currPow = b;
     while (e > 0) {
      if ((e & 1) != 0) { result *= currPow; }
      currPow = currPow * currPow;
      e >>= 1;
    }
    return result;
  }
}",3
"public class HYPERGEOMETRIC {

  public static double hypergeometric(int k, int n, int r, int m) {
    if (k < 0 || r > n || m > n || n <= 0 || m < 0 || r < 0) {
      throw new IllegalArgumentException(""Invalid hypergeometric"");
    }

    // exploit symmetry of problem
    if (m > n / 2) {
      m = n - m;
      k = r - k;
    }
    if (r > n / 2) {
      r = n - r;
      k = m - k;
    }
    if (m > r) {
      int temp = m;
      m = r;
      r = temp;
    }
    // now we have that k <= m <= r <= n/2

    if (k < (m + r) - n || k > m) {
      return 0.0;
    }

    // Do limit cases explicitly
    // It's unclear whether this is a good idea.  I put it in fearing
    // numerical errors when the numbers seemed off, but actually there
    // was a bug in the Fisher's exact routine.
    if (r == n) {
      if (k == m) {
        return 1.0;
      } else {
        return 0.0;
      }
    } else if (r == n - 1) {
      if (k == m) {
        return (n - m) / (double) n;
      } else if (k == m - 1) {
        return m / (double) n;
      } else {
        return 0.0;
      }
    } else if (m == 1) {
      if (k == 0) {
        return (n - r) / (double) n;
      } else if (k == 1) {
        return r / (double) n;
      } else {
        return 0.0;
      }
    } else if (m == 0) {
      if (k == 0) {
        return 1.0;
      } else {
        return 0.0;
      }
    } else if (k == 0) {
      double ans = 1.0;
      for (int m0 = 0; m0 < m; m0++) {
        ans *= ((n - r) - m0);
        ans /= (n - m0);
      }
      return ans;
    }

    double ans = 1.0;
    // do (n-r)x...x((n-r)-((m-k)-1))/n x...x (n-((m-k-1)))
    // leaving rest of denominator to get to multimply by (n-(m-1))
    // that's k things which goes into next loop
    for (int nr = n - r, n0 = n; nr > (n - r) - (m - k); nr--, n0--) {
      // System.out.println(""Multiplying by "" + nr);
      ans *= nr;
      // System.out.println(""Dividing by "" + n0);
      ans /= n0;
    }
    // System.out.println(""Done phase 1"");
    for (int k0 = 0; k0 < k; k0++) {
      ans *= (m - k0);
      // System.out.println(""Multiplying by "" + (m-k0));
      ans /= ((n - (m - k0)) + 1);
      // System.out.println(""Dividing by "" + ((n-(m+k0)+1)));
      ans *= (r - k0);
      // System.out.println(""Multiplying by "" + (r-k0));
      ans /= (k0 + 1);
      // System.out.println(""Dividing by "" + (k0+1));
    }
    return ans;
  }
}",26
"public class EXACTBINOMIAL {

  public static double exactBinomial(int k, int n, double p) {
    double total = 0.0;
    for (int m = k; m <= n; m++) {
      double nChooseM = 1.0;
      for (int r = 1; r <= m; r++) {
        nChooseM *= (n - r) + 1;
        nChooseM /= r;
      }
      // System.out.println(n + "" choose "" + m + "" is "" + nChooseM);
      // System.out.println(""prob contribution is "" +
      //	       (nChooseM * Math.pow(p, m) * Math.pow(1.0-p, n - m)));
      total += nChooseM * Math.pow(p, m) * Math.pow(1.0 - p, n - m);
    }
    return total;
  }
}",3
"public class CHISQUARE2BY2 {

  public static double chiSquare2by2(int k, int n, int r, int m) {
    int[][] cg = {{k, r - k}, {m - k, n - (k + (r - k) + (m - k))}};
    int[] cgr = {r, n - r};
    int[] cgc = {m, n - m};
    double total = 0.0;
    for (int i = 0; i < 2; i++) {
      for (int j = 0; j < 2; j++) {
        double exp = (double) cgr[i] * cgc[j] / n;
        total += (cg[i][j] - exp) * (cg[i][j] - exp) / exp;
      }
    }
    return total;
  }
}",3
"public class SIGMOID {

  public static double sigmoid(double x) {
    if (x<0) {
      double num = Math.exp(x);
      return num / (1.0 + num);
    }
    else {
      double den = 1.0 + Math.exp(-x);
      return 1.0 / den;
    }
  }
}",2
"public class FACTORIAL {

  public static double factorial(int x) {
    double result = 1.0;
    for (int i=x; i>1; i--) {
      result *= i;
    }
    return result;
  }
}",2
"public class RHO {

    protected static byte rho(long x, int k)
    {
        return (byte)(Long.numberOfLeadingZeros( (x << k) | (1<<(k-1)) )+1);
    }
}",1
"public class LERP {

        protected static int lerp(int x0, int y0, int x1, int y1, int x)
        {
            return (int)Math.ceil(y0+(x-x0)*(double)(y1-y0)/(x1-x0));
        }
}",1
"public class RHO {

    protected static int rho(int x, int k)
    {
        return Integer.numberOfLeadingZeros( (x << k) | (1<<(k-1)) )+1;
    }
}",1
"public class GETFALSEPOSITIVEPROBABILITY {

    public static double getFalsePositiveProbability(int bucketsPerElement, int hashCount)
    {
        // (1 - e^(-k * n / m)) ^ k
        return Math.pow(1 - Math.exp(-hashCount * (1/(double)bucketsPerElement)) , hashCount);

    }
}",1
"public class ISWHITESPACE {

	public static boolean isWhitespace(char c) {
		switch (c) {
		case 10: /* \ u000a: LINE FEED */
		case 12: /* \ u000c: FORM FEED */
		case 13: /* \ u000d: CARRIAGE RETURN */
		case 32: /* \ u0020: SPACE */
		case 9: /* \ u0009: HORIZONTAL TABULATION */
			return true;
		default:
			return false;
		}
	}
}",2
"public class COMBINEHASHCODES {

	public static int combineHashCodes(int hashCode1, int hashCode2)
	{
		return hashCode1 * 17 + hashCode2;
	}
}",1
"public class ISLINEDELIMITERCHAR {

	public static boolean isLineDelimiterChar(char ch) {
		return ch == '\n' || ch == '\r';
	}
}",2
"public class COMBINEHASHCODES {

	public static int combineHashCodes(int hashCode1, int hashCode2) {
		return hashCode1 * 17 + hashCode2;
	}
}",1
"public class Isderived {

	public boolean isderived(int options)
	{
		return false;
	}
}",1
"public class ROUNDUP {

	private int roundUp(double inVal) {
		double fraction;
		double retVal;

		fraction = inVal % 1;
		retVal = inVal - fraction;

		if (fraction > 0) {
			retVal++;
		}
		return (int) retVal;
	}
}",2
"public class ISNAMECHARALLOWED {

	protected boolean isNameCharAllowed(char nameChar) {
		return Character.isUpperCase(nameChar);
	}
}",1
"public class ISVALIDCAMELCASECHAR {

	protected boolean isValidCamelCaseChar(char ch) {
		return true;
	}
}",1
"public class GGT {

    private static long ggt(long a, long b) {
        return b != 0 ? ggt(b, a % b) : a;
    }
}",1
"public class THROWISVALID {

    private boolean throwIsValid(int currentThrow)
    {
        return currentThrow >= 0 && currentThrow <= 2;
    }
}",2
"public class DEHEXCHAR {

    public static int dehexchar(char c) {
        if (c >= '0' && c <= '9') {
            return c - '0';
        }
        if (c >= 'A' && c <= 'F') {
            return c - ('A' - 10);
        }
        if (c >= 'a' && c <= 'f') {
            return c - ('a' - 10);
        }
        return -1;
    }
}",7
"public class DEHEXCHAR {

    public static int dehexchar(char c) {
        if (c >= '0' && c <= '9') {
            return c - '0';
        }
        if (c >= 'A' && c <= 'F') {
            return c - ('A' - 10);
        }
        if (c >= 'a' && c <= 'f') {
            return c - ('a' - 10);
        }
        return -1;
    }
}",7
"public class TIMEINTERVALTOMILLISECONDS {

	public static long timeIntervalToMilliseconds(double seconds) {
		return (long) seconds * 1000;
	}
}",1
"public class MILLISECONDSTOTIMEINTERVAL {

	public static double millisecondsToTimeInterval(long millis) {
		return millis / 1000.0;
	}
}",1
"public class UBYTETOINT {

   public static int ubyteToInt(byte b) {
      return b & 0xFF;
   }
}",1
"public class HEXCHARTONIBBLE {

    private static int hexCharToNibble(char ch) {
        if ((ch >= '0') && (ch <= '9')) {
            return ch - '0';
        } else if ((ch >= 'a') && (ch <= 'f')) {
            return ch - 'a' + 10;
        } else if ((ch >= 'A') && (ch <= 'F')) {
            return ch - 'A' + 10;
        } else {
            throw new IllegalArgumentException(""Not a hex char - '"" + ch + ""'"");
        }
    }
}",7
"public class ISINVALID {

    protected boolean isInvalid(int ch) {
        if (ch < 0x20) {
            return ch != 0x09 && ch != 0x0A && ch != 0x0D;
        } else if (ch < 0xE000) {
            return ch > 0xD7FF;
        } else if (ch < 0x10000) {
            return ch > 0xFFFD;
        } else {
            return ch > 0x10FFFF;
        }
    }
}",6
"public class GETWINDOWSIZE {

    public static int getWindowSize(int window) {
        int win = 0;
        while (window > 1) {
            window >>>= 1;
            win++;
        }
        return win;
    }
}",2
"public class ISAUDIOHEADER {

    public static boolean isAudioHeader(int h1, int h2, int h3, int h4) {
        if (h1 == -1 || h2 == -1 || h3 == -1 || h4 == -1) {
            return false;
        }
        // Check for the magic 11 bits set at the start
        // Note - doesn't do a CRC check
        if (h1 == 0xff && (h2 & 0x60) == 0x60) {
            return true;
        }
        return false;
    }
}",7
"public class Getitemid {

	 public long getitemid(int position) {
	  return position;
	 }
}",1
"public class BLEND {

    static int blend(int pRGB1, int pRGB2) {
        // Slightly modified from http://www.compuphase.com/graphic/scale3.htm
        // to support alpha values
        return (((pRGB1 ^ pRGB2) & 0xfefefefe) >> 1) + (pRGB1 & pRGB2);
    }
}",1
"public class DELTA {

    public static long delta(long pStart) {
        return System.currentTimeMillis() - pStart;
    }
}",1
"public class LN {

    public static double ln(final double pArg) {
        return Math.log(pArg);
    }
}",1
"public class LOG {

    public static double log(final double pArg, final double pBase) {
        return Math.log(pArg) / Math.log(pBase);
    }
}",1
"public class ABS {

    public static long abs(final long pNumber) {
        if (pNumber == Long.MIN_VALUE) {
            throw new ArithmeticException(""long overflow: 9223372036854775808"");
        }

        return (pNumber < 0) ? -pNumber : pNumber;
    }
}",2
"public class ABS {

    public static int abs(final int pNumber) {
        if (pNumber == Integer.MIN_VALUE) {
            throw new ArithmeticException(""int overflow: 2147483648"");
        }

        return (pNumber < 0) ? -pNumber : pNumber;
    }
}",2
"public class ADJUSTTOPADDING {

    private static int adjustToPadding(final int pWidth) {
        if ((pWidth & 0x03) != 0) {
             return (pWidth & ~0x03) + 4;
        }
        return pWidth;
    }
}",2
"public class Analyzechildren {

	public boolean analyzechildren(int count) {
		return true;
	}
}",1
"public class MODULO {

	private int modulo(int number, int divisor) {
		if (number >= 0) {
			return number % divisor;
		}
		return ((number % divisor) + divisor) % divisor;
	}
}",2
"public class Projecttransactioninterval {

    public int projecttransactioninterval(int oldInterval) {
        return oldInterval;
    }
}",1
"public class EASE {

	private float ease(float start, float target)
	{
		if (Math.abs(target - start) < 4)
			return target;
		
		if (target < start)
			return start - 2;
		
		return start + 2;
	}
}",3
"public class ROLLDICE {

	protected int rollDice(int sides, int count)
	{
		int value = 0;
		while (count-- > 0)
		{
			value += (int) (Math.random() * sides) + 1;
		}
		return value;
	}
}",2
"public class DEHEXCHAR {

    public static int dehexchar(char c) {
        if (c >= '0' && c <= '9') {
            return c - '0';
        }
        if (c >= 'A' && c <= 'F') {
            return c - ('A' - 10);
        }
        if (c >= 'a' && c <= 'f') {
            return c - ('a' - 10);
        }
        return -1;
    }
}",7
"public class CALCULATEHORIZONTALMARGIN {

    private int calculateHorizontalMargin( int prevMarginRight, int marginLeft ) 
    {
        int max = Math.max( prevMarginRight, marginLeft );
        int sum = prevMarginRight + marginLeft;
        if( sum < max ) {
            max += ( sum - max );
        }
        return max;
    }
}",2
"public class CALCULATEVERTICALMARGIN {

    private int calculateVerticalMargin( int prevMarginBottom, int marginTop ) 
    {
        int max = Math.max( prevMarginBottom, marginTop );
        int sum = prevMarginBottom + marginTop;
        if( sum < max ) {
            max += ( sum - max );
        }
        return max;
    }
}",2
"public class CALCULATEHORIZONTALMARGIN {

    private int calculateHorizontalMargin( int prevMarginRight, int marginLeft ) 
    {
        int max = Math.max( prevMarginRight, marginLeft );
        int sum = prevMarginRight + marginLeft;
        if( sum < max ) {
            max += ( sum - max );
        }
        return max;
    }
}",2
"public class CALCULATEVERTICALMARGIN {

    private int calculateVerticalMargin( int prevMarginBottom, int marginTop ) 
    {
        int max = Math.max( prevMarginBottom, marginTop );
        int sum = prevMarginBottom + marginTop;
        if( sum < max ) {
            max += ( sum - max );
        }
        return max;
    }
}",2
"public class MININTINDEX {

	public static int minIntIndex(int... d) {
		if((d == null) || (d.length == 0)) {
			throw new IllegalArgumentException(""d cannot be null"");
		}
		int index = 0;
		for(int x = 0; x < d.length; x++) {
			if(d[x] < d[index]) {
				index = x;
			}
		}
		return index;
	}
}",5
"public class MINDOUBLEINDEX {

	public static double minDoubleIndex(double... d) {
		if((d == null) || (d.length == 0)) {
			throw new IllegalArgumentException(""d cannot be null"");
		}
		int index = 0;
		for(int x = 0; x < d.length; x++) {
			if(d[x] < d[index]) {
				index = x;
			}
		}
		return index;
	}
}",5
"public class MINFLOATINDEX {

	public static float minFloatIndex(float... d) {
		if((d == null) || (d.length == 0)) {
			throw new IllegalArgumentException(""d cannot be null"");
		}
		int index = 0;
		for(int x = 0; x < d.length; x++) {
			if(d[x] < d[index]) {
				index = x;
			}
		}
		return index;
	}
}",5
"public class MINLONGINDEX {

	public static long minLongIndex(long... d) {
		if((d == null) || (d.length == 0)) {
			throw new IllegalArgumentException(""d cannot be null"");
		}
		int index = 0;
		for(int x = 0; x < d.length; x++) {
			if(d[x] < d[index]) {
				index = x;
			}
		}
		return index;
	}
}",5
"public class CONVERTTOKEY {

    public static long convertToKey(long timestampMillis) {
        return timestampMillis / 100;
    }
}",1
"public class ISSUPPLEMENTAL {

    public static boolean isSupplemental(int c) {
        return (c >= 0x10000 && c <= 0x10FFFF);
    }
}",2
"public class SUPPLEMENTAL {

    public static int supplemental(char h, char l) {
        return (h - 0xD800) * 0x400 + (l - 0xDC00) + 0x10000;
    }
}",1
"public class HIGHSURROGATE {

    public static char highSurrogate(int c) {
        return (char) (((c - 0x00010000) >> 10) + 0xD800);
    }
}",1
"public class LOWSURROGATE {

    public static char lowSurrogate(int c) {
        return (char) (((c - 0x00010000) & 0x3FF) + 0xDC00);
    }
}",1
"public class ISHIGHSURROGATE {

    public static boolean isHighSurrogate(int c) {
        return (0xD800 <= c && c <= 0xDBFF);
    }
}",2
"public class ISLOWSURROGATE {

    public static boolean isLowSurrogate(int c) {
        return (0xDC00 <= c && c <= 0xDFFF);
    }
}",2
"public class ISMARKUP {

    public static boolean isMarkup(int c) {
        return c == '<' || c == '&' || c == '%';
    }
}",3
"public class Islastiteration {

    public boolean islastiteration(int idx, int maxIdx)
    {
        return idx == maxIdx - 1;
    }
}",1
"public class Isantepenultiemiteration {

    public boolean isantepenultiemiteration(int idx, int maxIdx)
    {
        return idx == maxIdx - 2;
    }
}",1
"public class MIN {

    private static int min(int a, int b) {
        return (a > b) ? b : a;
    }
}",1
"public class CHECKBIT {

	public static boolean checkBit(int value, int mask) {
		if ((value & mask) == 0) {
			return false;
		}
		return true;
	}
}",2
"public class SETBIT {

	public static int setBit(int value, int mask, boolean bit) {
		if (bit) {
			value |= mask;
		} else {
			value &= ~mask;
		}
		return value;
	}
}",2
"public class CALCULATETHRESHOLD {

	protected int calculateThreshold(int newCapacity, float factor) {
		return (int) (newCapacity * factor);
	}
}",1
"public class HASHINDEX {

	protected int hashIndex(int hashCode, int dataSize) {
		return hashCode & (dataSize - 1);
	}
}",1
"public class HASH {

    private static int hash(int h) {
        // Spread bits to regularize both segment and index locations,
        // using variant of single-word Wang/Jenkins hash.
        h += (h <<  15) ^ 0xffffcd7d;
        h ^= (h >>> 10);
        h += (h <<   3);
        h ^= (h >>>  6);
        h += (h <<   2) + (h << 14);
        return h ^ (h >>> 16);
    }
}",1
"public class ISVOWEL {

    private boolean isVowel(char ch)
    {
        switch (ch) {
            case 'a':
            case 'e':
            case 'i':
            case 'o':
            case 'u':
            case 'y':
            case '\u00E0': // A WITH GRAVE
            case '\u00E2': // A WITH CIRCUMFLEX
            case '\u00E8': // E WITH GRAVE
            case '\u00E9': // E WITH ACUTE
            case '\u00EA': // E WITH CIRCUMFLEX
            case '\u00EB': // E WITH DIAERESIS
            case '\u00EE': // I WITH CIRCUMFLEX
            case '\u00EF': // I WITH DIAERESIS
            case '\u00F4': // O WITH CIRCUMFLEX
            case '\u00F9': // U WITH GRAVE
            case '\u00FB': // U WITH CIRCUMFLEX
            case '\u00FC': // U WITH DIAERESIS
                return true;
            default:
                return false;
        }
    }
}",2
"public class UNSIGNEDMOD {

    protected int unsignedMod(long unsignedLong, int signedModulus)
    {
        return (int) (unsignedLong & (((long) signedModulus) - 1));
    }
}",1
"public class ROTL {

    protected int rotl(int x, int y)
    {
        return (x << y) | (x >>> -y);
    }
}",1
"public class CONVERTHEXDIGIT {

    private static byte convertHexDigit(byte b)
    {
        if ((b >= '0') && (b <= '9')) {
            return (byte) (b - '0');
        }
        if ((b >= 'a') && (b <= 'f')) {
            return (byte) (b - 'a' + 10);
        }
        if ((b >= 'A') && (b <= 'F')) {
            return (byte) (b - 'A' + 10);
        }

        return 0;
    }
}",7
"public class GETSUBVIEWNAMELENGTH {

    public static int getSubViewNameLength(int totalDocumentCount)
    {
        // We might want to change this logic later.
        if (totalDocumentCount < 200) {
            return 1;
        } else if (totalDocumentCount < 5000) {
            return 2;
        } else {
            return 3;
        }
    }
}",3
"public class ZETASTATIC {

	static double zetastatic(long st, long n, double theta, double initialsum)
	{
		double sum=initialsum;
		for (long i=st; i<n; i++)
		{

			sum+=1/(Math.pow(i+1,theta));
		}
		
		//System.out.println(""countforzeta=""+countforzeta);
		
		return sum;
	}
}",2
"public class ROUND {

  public static int round(float d) {
    return (int) (d + 0.5f);
  }
}",1
"public class ADDORSUBTRACT {

  static int addOrSubtract(int a, int b) {
    return a ^ b;
  }
}",1
"public class UNRANDOMIZE255STATE {

  private static int unrandomize255State(int randomizedBase256Codeword,
                                          int base256CodewordPosition) {
    int pseudoRandomNumber = ((149 * base256CodewordPosition) % 255) + 1;
    int tempVariable = randomizedBase256Codeword - pseudoRandomNumber;
    return tempVariable >= 0 ? tempVariable : tempVariable + 256;
  }
}",1
"public class CALCULATENUMBEROFROWS {

  private static int calculateNumberOfRows(int m, int k, int c) {
    int r = ((m + 1 + k) / c) + 1;
    if (c * r >= (m + 1 + k + c)) {
      r--;
    }
    return r;
  }
}",2
"public class GETNUMBEROFPADCODEWORDS {

  private static int getNumberOfPadCodewords(int m, int k, int c, int r) {
    int n = c * r - k;
    return n > m + 1 ? n - m - 1 : 0;
  }
}",1
"public class GETERRORCORRECTIONCODEWORDCOUNT {

  static int getErrorCorrectionCodewordCount(int errorCorrectionLevel) {
    if (errorCorrectionLevel < 0 || errorCorrectionLevel > 8) {
      throw new IllegalArgumentException(""Error correction level must be between 0 and 8!"");
    }
    return 1 << (errorCorrectionLevel + 1);
  }
}",3
"public class GETDATAMASKBIT {

  static boolean getDataMaskBit(int maskPattern, int x, int y) {
    int intermediate;
    int temp;
    switch (maskPattern) {
      case 0:
        intermediate = (y + x) & 0x1;
        break;
      case 1:
        intermediate = y & 0x1;
        break;
      case 2:
        intermediate = x % 3;
        break;
      case 3:
        intermediate = (y + x) % 3;
        break;
      case 4:
        intermediate = ((y >>> 1) + (x / 3)) & 0x1;
        break;
      case 5:
        temp = y * x;
        intermediate = (temp & 0x1) + (temp % 3);
        break;
      case 6:
        temp = y * x;
        intermediate = ((temp & 0x1) + (temp % 3)) & 0x1;
        break;
      case 7:
        temp = y * x;
        intermediate = ((temp % 3) + ((y + x) & 0x1)) & 0x1;
        break;
      default:
        throw new IllegalArgumentException(""Invalid mask pattern: "" + maskPattern);
    }
    return intermediate == 0;
  }
}",2
