Unnamed: 0.1,Function,cyclomatic_complexity,javadoc_length,tokens,LOC,Unnamed: 0,doc_bin,loc_bin,group,class_name,valid_jqf,failure_jqf,JQF_Time_valid,JQF_Time_failure
148,"public class DECODEHEXDIGIT {
/**
     * Convert a character that represents a hexidecimal digit into an integer.
     * If the character is not a hexidecimal digit, then -1 is returned.
     * Both upper case and lower case hex digits are allowed.
     * @param c the hexidecimal digit.
     * @return the integer value of the hexidecimal digit.
     */

    public int decodeHexDigit(char c) {
        if (c >= '0' && c <= '9') {
            return c - '0';
        }
        else if (c >= 'A' && c <= 'F') {
            return c - 'A' + 10;
        }
        else if (c >= 'a' && c <= 'f') {
            return c - 'a' + 10;
        }
        else {
            return -1;
        }
    }
}",7.0,3,33,8,12.0,Long (21-40),Short (6-10),Long (21-40) | Short (6-10),DECODEHEXDIGIT,"['[춠]', '[J]', '[\x00]', '[8]', '[F]', '[e]']",[],"[0.44099998474121094, 0.5360000133514404, 0.619999885559082, 3.2679998874664307, 3.5450000762939453, 9.772000074386597]",[]
539,"public class ISVOWEL {
/**
     * Test if a char is a french vowel, including accentuated ones
     * 
     * @param ch the char to test
     * @return boolean - true if the char is a vowel
     */
    public boolean isVowel(char ch)
    {
        switch (ch) {
            case 'a':
            case 'e':
            case 'i':
            case 'o':
            case 'u':
            case 'y':
            case '\u00E0': // A WITH GRAVE
            case '\u00E2': // A WITH CIRCUMFLEX
            case '\u00E8': // E WITH GRAVE
            case '\u00E9': // E WITH ACUTE
            case '\u00EA': // E WITH CIRCUMFLEX
            case '\u00EB': // E WITH DIAERESIS
            case '\u00EE': // I WITH CIRCUMFLEX
            case '\u00EF': // I WITH DIAERESIS
            case '\u00F4': // O WITH CIRCUMFLEX
            case '\u00F9': // U WITH GRAVE
            case '\u00FB': // U WITH CIRCUMFLEX
            case '\u00FC': // U WITH DIAERESIS
                return true;
            default:
                return false;
        }
    }
}",2.0,1,11,22,403.0,Medium (11-20),Long (21+),Medium (11-20) | Long (21+),ISVOWEL,"['[Ⴗ]', '[ê]', '[i]', '[é]', '[e]', '[â]', '[û]', '[à]', '[è]', '[u]', '[y]', '[ù]', '[ï]', '[o]', '[î]']",[],"[0.12100005149841309, 2.818000078201294, 4.7200000286102295, 7.861000061035156, 12.599999904632568, 15.95300006866455, 16.568000078201294, 24.88100004196167, 30.8989999294281, 41.45799994468689, 42.698999881744385, 42.72499990463257, 42.818000078201294, 44.36500000953674, 55.11800003051758]",[]
571,"public class ISLATINCHAR {
/**
     * Returns true if the specified character is within one of the Latin
     * unicode character blocks.
     *
     * @param c The char to test.
     *
     * @return True if c is latin.
     */
    public boolean isLatinChar(char c) {

        if ( c < 255 && Character.isLetterOrDigit( c )){
            // cheap quick check, should catch most lation-chars
            return true;
        }

        Character.UnicodeBlock block = Character.UnicodeBlock.of(c);

        if (block == Character.UnicodeBlock.BASIC_LATIN ||
            block == Character.UnicodeBlock.LATIN_1_SUPPLEMENT ||
            block == Character.UnicodeBlock.LATIN_EXTENDED_ADDITIONAL ||
            block == Character.UnicodeBlock.LATIN_EXTENDED_A ||
            block == Character.UnicodeBlock.LATIN_EXTENDED_B ||
            block == Character.UnicodeBlock.ARABIC ||
            block == Character.UnicodeBlock.ARABIC_PRESENTATION_FORMS_A ||
            block == Character.UnicodeBlock.ARABIC_PRESENTATION_FORMS_B) {
            return true;
        }
        return false;
    }
}",11.0,2,15,13,435.0,Medium (11-20),Medium (11-20),Medium (11-20) | Medium (11-20),ISLATINCHAR,"['[\u18fe]', '[\x00]', '[ó]', '[ﻂ]', '[\xad]', '[ﰤ]', '[Ɏ]', '[ŝ]', '[ỉ]', '[ه]']",[],"[0.7049999237060547, 0.8039999008178711, 1.0169999599456787, 1.0320000648498535, 1.0720000267028809, 1.369999885559082, 1.438999891281128, 2.075000047683716, 2.369999885559082, 3.9549999237060547]",[]
159,"public class ISFORMATCHAR {
/**
   * Determines whether the given character is the beginning or end of a
   * section with special formatting.
   */
  public static boolean isFormatChar(char ch) {
    switch (ch) {
      case '*': case '_': case '^':
        return true;

      default:
        return false;
    }
  }
}",2.0,2,16,7,23.0,Medium (11-20),Short (6-10),Medium (11-20) | Short (6-10),ISFORMATCHAR,['[ꇘ]'],[],[0.09200000762939453],[]
315,"public class GETCORRESPONDINGSYMBOL {
/**
     * Looks for the corresponding symbol in the font Symbol.
     *
     * @param	c	the original ASCII-char
     * @return	the corresponding symbol in font Symbol
     */
    public static char getCorrespondingSymbol(char c) {
        switch(c) {
            case 913:
                return 'A'; // ALFA
            case 914:
                return 'B'; // BETA
            case 915:
                return 'G'; // GAMMA
            case 916:
                return 'D'; // DELTA
            case 917:
                return 'E'; // EPSILON
            case 918:
                return 'Z'; // ZETA
            case 919:
                return 'H'; // ETA
            case 920:
                return 'Q'; // THETA
            case 921:
                return 'I'; // IOTA
            case 922:
                return 'K'; // KAPPA
            case 923:
                return 'L'; // LAMBDA
            case 924:
                return 'M'; // MU
            case 925:
                return 'N'; // NU
            case 926:
                return 'X'; // XI
            case 927:
                return 'O'; // OMICRON
            case 928:
                return 'P'; // PI
            case 929:
                return 'R'; // RHO
            case 931:
                return 'S'; // SIGMA
            case 932:
                return 'T'; // TAU
            case 933:
                return 'U'; // UPSILON
            case 934:
                return 'F'; // PHI
            case 935:
                return 'C'; // CHI
            case 936:
                return 'Y'; // PSI
            case 937:
                return 'W'; // OMEGA
            case 945:
                return 'a'; // alfa
            case 946:
                return 'b'; // beta
            case 947:
                return 'g'; // gamma
            case 948:
                return 'd'; // delta
            case 949:
                return 'e'; // epsilon
            case 950:
                return 'z'; // zeta
            case 951:
                return 'h'; // eta
            case 952:
                return 'q'; // theta
            case 953:
                return 'i'; // iota
            case 954:
                return 'k'; // kappa
            case 955:
                return 'l'; // lambda
            case 956:
                return 'm'; // mu
            case 957:
                return 'n'; // nu
            case 958:
                return 'x'; // xi
            case 959:
                return 'o'; // omicron
            case 960:
                return 'p'; // pi
            case 961:
                return 'r'; // rho
            case 962:
                return 'V'; // sigma
            case 963:
                return 's'; // sigma
            case 964:
                return 't'; // tau
            case 965:
                return 'u'; // upsilon
            case 966:
                return 'f'; // phi
            case 967:
                return 'c'; // chi
            case 968:
                return 'y'; // psi
            case 969:
                return 'w'; // omega
                default:
                    return ' ';
        }
    }
}",2.0,1,9,101,179.0,Short (4-10),Long (21+),Short (4-10) | Long (21+),GETCORRESPONDINGSYMBOL,"['[訝]', '[\x00]', '[\t]', '[\x05]', '[\x0c]', '[\x12]', '[#]', '[\x11]', '[\x14]', '[8]', '[\x02]', '[3]', '[\x1b]', '[1]', '[2]', '[\x03]', '[)]', '[7]', '[,]', '[\x1d]', '[ ]', '[\x18]', '[%]', '[5]', '[$]', '[""]', '[\x1f]', '[\x1e]', '[.]', '[\x17]', '[\x06]', '[+]', '[\x0b]', '[\x08]', '[\x13]', '[\x19]', '[!]', '[\x10]', '[(]', '[]', '[&]', '[0]', '[/]', '[\x07]', ""[']"", '[\x0e]', '[6]', '[4]', '[*]', '[]']",[],"[0.6770000457763672, 0.8220000267028809, 3.5320000648498535, 3.6019999980926514, 4.329999923706055, 4.855999946594238, 6.644999980926514, 7.331000089645386, 7.680999994277954, 8.535000085830688, 8.555999994277954, 8.780999898910522, 9.259000062942505, 9.608999967575073, 10.480000019073486, 11.101999998092651, 11.861999988555908, 12.66599988937378, 12.783999919891357, 13.99399995803833, 15.426000118255615, 15.447999954223633, 15.700000047683716, 16.500999927520752, 18.375999927520752, 18.42799997329712, 21.846999883651733, 23.516000032424927, 23.676000118255615, 24.23799991607666, 24.914999961853027, 26.581000089645386, 26.769999980926514, 27.92300009727478, 28.513999938964844, 30.783999919891357, 30.979000091552734, 31.63100004196167, 31.83400011062622, 34.51799988746643, 35.03099989891052, 35.87700009346008, 38.05200004577637, 38.49900007247925, 39.38199996948242, 39.46000003814697, 43.86999988555908, 45.579999923706055, 49.58400011062622, 55.115999937057495]",[]
147,"public class ISWHITESPACE {
/**
         * Check if c is whitespace.
         * @param c character to test
         * @return true if c is a whitespace character
         */
        public boolean isWhitespace(char c) {
            switch(c) {
            case ' ':
            case '\t':
            case '\f':
            case '\n':
            case '\r':
            case 11: /* VT */
                return true;
            default:
                return false;
            }
        }
}",2.0,1,5,10,11.0,Short (4-10),Short (6-10),Short (4-10) | Short (6-10),ISWHITESPACE,"['[犏]', '[\x0b]', '[\x0c]', '[]', '[ ]']",[],"[0.1919999122619629, 15.157999992370605, 32.640000104904175, 35.312999963760376, 40.187000036239624]",[]
247,"public class COMPILE {
/**
     * Return true or false whether this encoding/format can encode the specified character or not.
     * <p>
     * This method will return true for the following character range: <br />
     * <code>
     *   <nobr>\b | \f | \t | \r | \n | "" | \ | / | [#x20-#xD7FF] | [#xE000-#xFFFD]</nobr>
     * </code>
     * </p>
     *
     * @see <a href=""http://www.w3.org/TR/REC-xml#charsets"">W3C XML 1.0 </a>
     * @see <a href=""http://json.org/"">JSON.org</a>
     */
    public boolean compile(char c) {
        if ((c == '\b') || (c == '\f') | (c == '\t') || (c == '\n') || (c == '\r') || (c == '""') || (c == '\\') || (c == '/')
            || (c == ']') || // ] - to avoid conflicts in CDATA
            (c == '<') || // - escape HTML markup characters
            (c == '>') || // - HTML
            (c == '&') || // - HTML
            (c == '-') || // - HTML comments
            (c < 0x20) || // See <http://www.w3.org/TR/REC-xml#charsets>
            ((c > 0xd7ff) && (c < 0xe000)) || (c > 0xfffd) || (c > 0xff)) {
            return false;
        }

        return true;
    }
}",18.0,7,49,24,111.0,Very Long (41+),Long (21+),Very Long (41+) | Long (21+),COMPILE,"['[欠]', '[\ue90f]', '[\x00]', '[?]', '[)]', '[]', '[]', '[\t]', '[-]', '[""]', '[>]', '[/]', '[\\]', '[\x08]']",[],"[0.21199989318847656, 0.27300000190734863, 0.2950000762939453, 0.312999963760376, 0.3970000743865967, 6.5350000858306885, 8.513000011444092, 12.29099988937378, 13.138000011444092, 18.683000087738037, 19.3989999294281, 39.33999991416931, 50.73300004005432, 57.91799998283386]",[]
773,"public class ISPRINTABLESTRINGCHAR {
/**
     * Determine if a character is one of the permissible characters for
     * PrintableString:
     * A-Z, a-z, 0-9, space, apostrophe (39), left and right parentheses,
     * plus sign, comma, hyphen, period, slash, colon, equals sign,
     * and question mark.
     *
     * Characters that are *not* allowed in PrintableString include
     * exclamation point, quotation mark, number sign, dollar sign,
     * percent sign, ampersand, asterisk, semicolon, less than sign,
     * greater than sign, at sign, left and right square brackets,
     * backslash, circumflex (94), underscore, back quote (96),
     * left and right curly brackets, vertical line, tilde,
     * and the control codes (0-31 and 127).
     *
     * This list is based on X.680 (the ASN.1 spec).
     */
    public static boolean isPrintableStringChar(char ch) {
        if ((ch >= 'a' && ch <= 'z') || (ch >= 'A' && ch <= 'Z') ||
            (ch >= '0' && ch <= '9')) {
            return true;
        } else {
            switch (ch) {
                case ' ':       /* space */
                case '\'':      /* apostrophe */
                case '(':       /* left paren */
                case ')':       /* right paren */
                case '+':       /* plus */
                case ',':       /* comma */
                case '-':       /* hyphen */
                case '.':       /* period */
                case '/':       /* slash */
                case ':':       /* colon */
                case '=':       /* equals */
                case '?':       /* question mark */
                    return true;
                default:
                    return false;
            }
        }
    }
}",8.0,13,99,19,637.0,Very Long (41+),Medium (11-20),Very Long (41+) | Medium (11-20),ISPRINTABLESTRINGCHAR,"['[ꈲ]', '[\x00]', '[Q]', '[q]', '[\x18]', '[9]', '[\x07]', '[\x11]', '[\x1e]', '[\x02]', '[\x1a]', '[\x14]', '[\x1b]', '[\x0b]', '[\x1d]', '[\x0e]', '[]', '[\x0c]', '[\x15]', '[\x13]', '[]', '[\x01]', '[\x16]', '[\x05]', '[\x19]', '[\x12]', '[\x0f]', '[\x03]', '[\x17]', '[\x08]']",[],"[0.6289999485015869, 0.6809999942779541, 3.1649999618530273, 3.2720000743865967, 3.640000104904175, 3.9639999866485596, 4.019999980926514, 4.5320000648498535, 5.992000102996826, 8.058000087738037, 8.178999900817871, 8.500999927520752, 9.561000108718872, 11.1010000705719, 15.367000102996826, 16.884000062942505, 16.95900011062622, 19.236999988555908, 19.69600009918213, 21.256999969482422, 22.89400005340576, 23.23799991607666, 23.956000089645386, 24.822999954223633, 26.65400004386902, 26.91100001335144, 27.219000101089478, 33.157999992370605, 43.07800006866455, 49.88800001144409]",[]
197,"public class USESAN {
/**
   * tests if this word should have an ""a"" or an ""an""
   * before it. char c is the first character of the word.
   */
  public static boolean usesAn(char c) {
    boolean result = false;
    switch(c) {
      case 'a':
      case 'A':
      case 'e':
      case 'E':
      case 'i':
      case 'I':
      case 'o':
      case 'O':
      case 'h':
      case 'H':
        result = true;
        break;
      default:
        result = false;
        break;
    }
    return result;
  }
}",2.0,2,22,18,61.0,Long (21-40),Medium (11-20),Long (21-40) | Medium (11-20),USESAN,"['[ã²•]', '[E]', '[I]', '[H]', '[a]', '[O]']",[],"[0.4270000457763672, 14.723999977111816, 36.17400002479553, 40.35899996757507, 43.42899990081787, 47.073999881744385]",[]
647,"public class TOCODEPOINT {
/**
     * Return the unicode code point represented by the char.
     * A bit of a dummy method, since all it does is return the char,
     * but as an int value.
     * <p>
     * This is not a public API.
     * @param ch the char.
     * @xsl.usage internal
     */
    static int toCodePoint(char ch) {
        int codePoint = ch;
        return codePoint;
    }
}",1.0,5,35,2,511.0,Long (21-40),Very Short (2-5),Long (21-40) | Very Short (2-5),TOCODEPOINT,['[æ“¥]'],[],[0.5659999847412109],[]
23,"public class HEXDIGITMSB0TOINT {
/**
     * Converts a hexadecimal digit into an int using the Msb0 bit ordering.
     *
     * <p>
     * '1' is converted to 8
     * </p>
     *
     * @param hexDigit the hexadecimal digit to convert
     * @return an int equals to {@code hexDigit}
     * @throws IllegalArgumentException if {@code hexDigit} is not a hexadecimal digit
     */
    public static int hexDigitMsb0ToInt(final char hexDigit) {
        switch (hexDigit) {
        case '0':
            return 0x0;
        case '1':
            return 0x8;
        case '2':
            return 0x4;
        case '3':
            return 0xC;
        case '4':
            return 0x2;
        case '5':
            return 0xA;
        case '6':
            return 0x6;
        case '7':
            return 0xE;
        case '8':
            return 0x1;
        case '9':
            return 0x9;
        case 'a':// fall through
        case 'A':
            return 0x5;
        case 'b':// fall through
        case 'B':
            return 0xD;
        case 'c':// fall through
        case 'C':
            return 0x3;
        case 'd':// fall through
        case 'D':
            return 0xB;
        case 'e':// fall through
        case 'E':
            return 0x7;
        case 'f':// fall through
        case 'F':
            return 0xF;
        default:
            throw new IllegalArgumentException(""Cannot interpret '"" + hexDigit + ""' as a hexadecimal digit"");
        }
    }
}",2.0,4,19,42,,Medium (11-20),Long (21+),Medium (11-20) | Long (21+),HEXDIGITMSB0TOINT,"['[9]', '[1]', '[4]', '[6]', '[2]', '[0]', '[5]', '[3]']",['[èŸ›]'],"[2.4079999923706055, 5.184000015258789, 9.194999933242798, 10.279000043869019, 16.727999925613403, 17.73799991607666, 32.40599989891052, 33.312000036239624]",[0.7679998874664307]
177,"public class DEHEXCHAR {
/**
     * Get the hex value of a character (base16).
     * @param c A character between '0' and '9' or between 'A' and 'F' or
     * between 'a' and 'f'.
     * @return  An int between 0 and 15, or -1 if c was not a hex digit.
     */
    public static int dehexchar(char c) {
        if (c >= '0' && c <= '9') {
            return c - '0';
        }
        if (c >= 'A' && c <= 'F') {
            return c - ('A' - 10);
        }
        if (c >= 'a' && c <= 'f') {
            return c - ('a' - 10);
        }
        return -1;
    }
}",7.0,2,12,7,41.0,Medium (11-20),Short (6-10),Medium (11-20) | Short (6-10),DEHEXCHAR,"['[â¼ª]', '[\x00]', '[D]', '[3]', '[b]']",[],"[0.556999921798706, 0.6519999504089355, 4.5959999561309814, 4.704999923706055, 17.72699999809265]",[]
622,"public class ISVALIDCODE {
/**
     * Checks that the type code letter is valid
     * @param aCode Lower-cased type code to validate.
     * @return true if the type code is valid, otherwise false.
     */
    public static boolean isValidCode(char aCode) {

        /* Allowed values for test codes are:
         * (note that UPPERCASE codes, while valid are only processed if the
         * system property IgnoreCodeCase has been set to true)
         *
         * 'u' - update
         * 'c' - count
         * 'e' - exception
         * 'r' - results
         * 'w' - wait
         * 'p' - proceed
         * 's' - silent
         * 'd' - display   (No reason to use upper-case).
         * ' ' - not a test
         */
        switch (aCode) {

            case ' ' :
            case 'r' :
            case 'o' :
            case 'e' :
            case 'c' :
            case 'u' :
            case 's' :
            case 'd' :
            case 'w' :
            case 'p' :
                return true;
        }

        return false;
    }
}",2.0,1,8,27,486.0,Short (4-10),Long (21+),Short (4-10) | Long (21+),ISVALIDCODE,"['[á‰\xa0]', '[r]', '[s]', '[c]', '[u]', '[w]', '[o]', '[ ]', '[p]', '[d]']",[],"[0.812000036239624, 11.632999897003174, 13.075999975204468, 13.450000047683716, 17.799999952316284, 17.95799994468689, 28.341000080108643, 33.66199994087219, 38.26900005340576, 38.27800011634827]",[]
568,"public class ARABICCHARSHAPESDUEL {
/**
     * Returns true if character has duel shaping.
     *
     * @param c The character to test.
     * @return True if the character is duel shaping, false otherwise.
     */
    public static boolean arabicCharShapesDuel(char c) {
        int charVal = c;

        if ((charVal == 0x0626)
         || (charVal == 0x0628)
         || (charVal >= 0x062A && charVal <= 0x062E)
         || (charVal >= 0x0633 && charVal <= 0x063A)
         || (charVal >= 0x0641 && charVal <= 0x0647)
         || (charVal >= 0x0649 && charVal <= 0x064A)
         || (charVal >= 0x0678 && charVal <= 0x0687)
         || (charVal >= 0x069A && charVal <= 0x06BF)
         || (charVal == 0x6C1)
         || (charVal == 0x6CC)
         || (charVal == 0x6CE)
         || (charVal >= 0x06D0 && charVal <= 0x06D1)
         || (charVal >= 0x06FA && charVal <= 0x06FC)) {
            return true;
        }
        return false;
    }
}",22.0,1,7,16,432.0,Short (4-10),Medium (11-20),Short (4-10) | Medium (11-20),ARABICCHARSHAPESDUEL,"['[æ·‹]', '[\x00]', '[Úº]', '[Ù¹]', '[Ø¹]', '[Ù…]', '[ÙŠ]', '[Û»]', '[Û‘]', '[Ø¦]', '[Ø®]', '[ÛŒ]']",[],"[0.7100000381469727, 0.8220000267028809, 1.4509999752044678, 1.8499999046325684, 4.9079999923706055, 6.9019999504089355, 11.079999923706055, 16.861000061035156, 29.09500002861023, 29.73900008201599, 34.66000008583069, 53.0]",[]
787,"public class DIGIT {
/**
     * Digit representation for a character
     *
     * @param ch             a character
     * @param radix          radix
     * @param onlyIsoLatin1  iso latin conversion only
     *
     * @return the digit for this character
     */
    public static int digit(final char ch, final int radix, final boolean onlyIsoLatin1) {
        final char maxInRadix = (char)('a' + (radix - 1) - 10);
        final char c          = Character.toLowerCase(ch);

        if (c >= 'a' && c <= maxInRadix) {
            return Character.digit(ch, radix);
        }

        if (Character.isDigit(ch)) {
            if (!onlyIsoLatin1 || ch >= '0' && ch <= '9') {
                return Character.digit(ch, radix);
            }
        }

        return -1;
    }
}",7.0,1,5,8,651.0,Short (4-10),Short (6-10),Short (4-10) | Short (6-10),DIGIT,"['[ä¿\xad, -2018870824, true]', '[î²¾, 115355600, false]', '[\x00, 0, false]', '[8, 1895975958, false]', '[ê§–, -2024322274, true]', '[8, 1895975958, true]']",[],"[0.8849999904632568, 0.9289999008178711, 0.9960000514984131, 1.8380000591278076, 2.0480000972747803, 3.680000066757202]",[]
170,"public class ISVALIDTOKENCHAR {
/**
     * This function returns TRUE if the character is a valid token character.
     *
     *     token          = 1*<any CHAR except CTLs or separators>
     *
     *      separators     = ""("" | "")"" | ""<"" | "">"" | ""@""
     *                     | "","" | "";"" | "":"" | ""\"" | <"">
     *                     | ""/"" | ""["" | ""]"" | ""?"" | ""=""
     *                     | ""{"" | ""}"" | SP | HT
     *
     *      CTL            = <any US-ASCII control character
     *                       (octets 0 - 31) and DEL (127)>
     *
     *      CHAR           = <any US-ASCII character (octets 0 - 127)>
     *
     * @param c  character to be tested
     *
     * @return Returns TRUE if the character is a valid token character.
     */
    boolean isValidTokenChar(
        char c)
    {
        if ( ( (c >= '\u0000') && (c <='\u0020') ) ||
             ( (c >= '\u003a') && (c <= '\u0040') ) ||
             ( (c >= '\u005b') && (c <= '\u005d') ) ||
             ('\u002c' == c) ||
             ('\u0025' == c) ||
             ('\u0028' == c) ||
             ('\u0029' == c) ||
             ('\u007b' == c) ||
             ('\u007d' == c) ||
             ('\u007f' == c) )
            return false;

        return true;
    }
}",14.0,9,81,12,34.0,Very Long (41+),Medium (11-20),Very Long (41+) | Medium (11-20),ISVALIDTOKENCHAR,"['[ä’»]', '[\x00]', '[Z]', '[#]', '[)]', '[]]', '[:]', '[}]', '[,]', '[{]', '[(]', '[%]']",[],"[0.9179999828338623, 0.9760000705718994, 3.8010001182556152, 4.203999996185303, 4.230999946594238, 5.855999946594238, 5.875, 6.145999908447266, 17.63100004196167, 24.167999982833862, 32.914000034332275, 55.736000061035156]",[]
28,"public class GREATESTCOMMONDIVISOR {
/**
     * Gets the greatest common divisor of the absolute value of
     * two numbers, using the ""binary gcd"" method which avoids
     * division and modulo operations.  See Knuth 4.5.2 algorithm B.
     * This algorithm is due to Josef Stein (1961).
     *
     * @param u  a non-zero number
     * @param v  a non-zero number
     * @return the greatest common divisor, never zero
     */
    public static int greatestCommonDivisor(int u, int v) {
        // From Commons Math:
        if (u == 0 || v == 0) {
            if (u == Integer.MIN_VALUE || v == Integer.MIN_VALUE) {
                throw new ArithmeticException(""overflow: gcd is 2^31"");
            }
            return Math.abs(u) + Math.abs(v);
        }
        // if either operand is abs 1, return 1:
        if (Math.abs(u) == 1 || Math.abs(v) == 1) {
            return 1;
        }
        // keep u and v negative, as negative integers range down to
        // -2^31, while positive numbers can only be as large as 2^31-1
        // (i.e. we can't necessarily negate a negative number without
        // overflow)
        if (u > 0) {
            u = -u;
        } // make u negative
        if (v > 0) {
            v = -v;
        } // make v negative
        // B1. [Find power of 2]
        int k = 0;
        while ((u & 1) == 0 && (v & 1) == 0 && k < 31) { // while u and v are both even...
            u /= 2;
            v /= 2;
            k++; // cast out twos.
        }
        if (k == 31) {
            throw new ArithmeticException(""overflow: gcd is 2^31"");
        }
        // B2. Initialize: u and v have been divided by 2^k and at least
        // one is odd.
        int t = (u & 1) == 1 ? v : -(u / 2)/* B3 */;
        // t negative: u was odd, v may be even (t replaces v)
        // t positive: u was even, v is odd (t replaces u)
        do {
            /* assert u<0 && v<0; */
            // B4/B3: cast out twos from t.
            while ((t & 1) == 0) { // while t is even.
                t /= 2; // cast out twos
            }
            // B5 [reset max(u,v)]
            if (t > 0) {
                u = -t;
            } else {
                v = t;
            }
            // B6/B3. at this point both u and v should be odd.
            t = (v - u) / 2;
            // |u| larger: t positive (replace u)
            // |v| larger: t negative (replace v)
        } while (t != 0);
        return -u * (1 << k); // gcd is u*2^k
    }
}",16.0,4,36,31,,Long (21-40),Long (21+),Long (21-40) | Long (21+),GREATESTCOMMONDIVISOR,"['[-19574934, -905361544]', '[-1427755414, 1534555787]', '[1339972752, 1668859297]', '[318183018, -2100869256]', '[0, 0]', '[-19574934, -892158496]', '[1103999659, 1183623936]', '[740095480, -1825800764]', '[-1932177558, -905877919]', '[2130511413, 1056445933]', '[-30029718, -905370615]', '[13979498, 0]', '[106, 589824]', '[106, -905969664]', '[-19574934, -133609608]', '[-1980887408, 111079448]', '[106, -905951488]', '[-1715204752, -2087918224]', '[15073280, 1526726656]', '[11776, 1526726656]', '[1339972752, 161]', '[128, 589824]', '[11776, 30208]', '[171, 43776]', '[11776, 7936]', '[-419147861, 1]']",[],"[0.15000009536743164, 0.19099998474121094, 0.2109999656677246, 0.23200011253356934, 0.26200008392333984, 0.2820000648498535, 0.3529999256134033, 0.3640000820159912, 0.37199997901916504, 0.3840000629425049, 0.4140000343322754, 0.6180000305175781, 0.6989998817443848, 0.812000036239624, 0.9219999313354492, 1.053999900817871, 1.24399995803833, 1.4690001010894775, 2.2279999256134033, 2.609999895095825, 2.947999954223633, 4.681999921798706, 6.019999980926514, 7.680000066757202, 8.506999969482422, 32.66300010681152]",[]
511,"public class INCOMPLETEGAMMA {
/**
	 * Returns the incomplete gamma ratio I(x,alpha) where x is the upper limit
	 * of the integration and alpha is the shape parameter.
	 * 
	 * @param x
	 *            upper limit of integration
	 * @param alpha
	 *            shape parameter
	 * @param ln_gamma_alpha
	 *            the log gamma function for alpha
	 * @return the incomplete gamma ratio
	 */
	public static double incompleteGamma(double x, double alpha,
			double ln_gamma_alpha) {
		// (1) series expansion if (alpha>x || x<=1)
		// (2) continued fraction otherwise
		// RATNEST FORTRAN by
		// Bhattacharjee GP (1970) The incomplete gamma integral. Applied
		// Statistics,
		// 19: 285-287 (AS32)

		double accurate = 1e-8, overflow = 1e30;
		double factor, gin, rn, a, b, an, dif, term;
		double pn0, pn1, pn2, pn3, pn4, pn5;

		if (x == 0.0) {
			return 0.0;
		}
		if (x < 0.0 || alpha <= 0.0) {
			throw new IllegalArgumentException(""Arguments out of bounds"");
		}

		factor = Math.exp(alpha * Math.log(x) - x - ln_gamma_alpha);

		if (x > 1 && x >= alpha) {
			// continued fraction
			a = 1 - alpha;
			b = a + x + 1;
			term = 0;
			pn0 = 1;
			pn1 = x;
			pn2 = x + 1;
			pn3 = x * b;
			gin = pn2 / pn3;

			do {
				a++;
				b += 2;
				term++;
				an = a * term;
				pn4 = b * pn2 - an * pn0;
				pn5 = b * pn3 - an * pn1;

				if (pn5 != 0) {
					rn = pn4 / pn5;
					dif = Math.abs(gin - rn);
					if (dif <= accurate) {
						if (dif <= accurate * rn) {
							break;
						}
					}

					gin = rn;
				}
				pn0 = pn2;
				pn1 = pn3;
				pn2 = pn4;
				pn3 = pn5;
				if (Math.abs(pn4) >= overflow) {
					pn0 /= overflow;
					pn1 /= overflow;
					pn2 /= overflow;
					pn3 /= overflow;
				}
			} while (true);
			gin = 1 - factor * gin;
		} else {
			// series expansion
			gin = 1;
			term = 1;
			rn = alpha;
			do {
				rn++;
				term *= x / rn;
				gin += term;
			} while (term > accurate);
			gin *= factor / alpha;
		}
		return gin;
	}
}",12.0,5,33,53,375.0,Long (21-40),Long (21+),Long (21-40) | Long (21+),INCOMPLETEGAMMA,"['[0.8251776152306158, 0.370318021297957, 0.17116481563627928]', '[0.39256042554617687, 0.7446360544039918, 0.5780085887676074]', '[0.0, 0.0, 0.0]', '[1.3709068298339844E-6, 0.37011718750000944, 0.0]', '[0.011041110098816254, 0.370318021297957, 0.6711648117758935]']","['[0.8251776099205017, 0.0, 0.17116165161335117]']","[0.7829999923706055, 0.815000057220459, 0.8550000190734863, 1.0079998970031738, 1.1089999675750732]",[0.937000036239624]
164,"public class GETMASK {
/**
     * Calculate bit mask for a given number of bits. The mask should enable to
     * make a bitwise and to the given number of bits.
     * @param numOfBits number of bits to calculate mask for.
     * @return bit mask
     */
    public static int getMask(int numOfBits) {
        int mask = 0x00;

        switch (numOfBits) {
        case 1:
            mask = 0x01;
            break;
        case 2:
            mask = 0x03;
            break;
        case 3:
            mask = 0x07;
            break;
        case 4:
            mask = 0x0F;
            break;
        case 5:
            mask = 0x1F;
            break;
        case 6:
            mask = 0x3F;
            break;
        case 7:
            mask = 0x7F;
            break;
        case 8:
            mask = 0xFF;
            break;
        }
        return mask;
    }
}",2.0,2,24,27,28.0,Long (21-40),Long (21+),Long (21-40) | Long (21+),GETMASK,"['[1994145609]', '[0]', '[5]', '[4]', '[2]']",[],"[0.8080000877380371, 0.8670001029968262, 7.33899998664856, 10.130000114440918, 49.74600005149841]",[]
26,"public class INTTOHEXDIGITMSB0 {
/**
     * Converts the 4 lsb of an int to a hexadecimal digit encoded using the Msb0 bit ordering.
     *
     * <p>
     * 0 returns '0'
     * </p>
     * <p>
     * 1 returns '8'
     * </p>
     * <p>
     * 10 returns '5' and so on...
     * </p>
     *
     * @param nibble the 4 bits to convert
     * @return a hexadecimal digit representing the 4 lsb of {@code nibble}
     * @throws IllegalArgumentException if {@code nibble < 0} or {@code nibble > 15}
     */
    public static char intToHexDigitMsb0(final int nibble) {
        switch (nibble) {
        case 0x0:
            return '0';
        case 0x1:
            return '8';
        case 0x2:
            return '4';
        case 0x3:
            return 'c';
        case 0x4:
            return '2';
        case 0x5:
            return 'a';
        case 0x6:
            return '6';
        case 0x7:
            return 'e';
        case 0x8:
            return '1';
        case 0x9:
            return '9';
        case 0xA:
            return '5';
        case 0xB:
            return 'd';
        case 0xC:
            return '3';
        case 0xD:
            return 'b';
        case 0xE:
            return '7';
        case 0xF:
            return 'f';
        default:
            throw new IllegalArgumentException(""nibble value not between 0 and 15: "" + nibble);
        }
    }
}",2.0,10,35,35,,Long (21-40),Long (21+),Long (21-40) | Long (21+),INTTOHEXDIGITMSB0,[],['[1912603126]'],[],[0.5710000991821289]
431,"public class CONTAINS {
/**
     * Returns whether the given coordinates are on the line defined by (x1,y1)
     * and (x2,y2) within the given distance.
     * 
     * @param x x component of point being tested
     * @param y y component of point being tested
     * @param x1 x component of start point of line segment
     * @param y1 y component of start point of line segment
     * @param x2 x component of end point of line segment
     * @param y2 y component of end point of line segment
     * @param min whether the point should be constrained to ""after"" the start
     *            of the segment
     * @param max whether the point should be constrained to ""before"" the end of
     *            the segment
     * @param distance distance from line acceptable as ""touching""
     * @return whether the point (x,y) is near enough to the given line
     */
    public static boolean contains(final double x, final double y, final double x1, final double y1, final double x2,
            final double y2, final boolean min, final boolean max, final double distance) {
        double dx = x2 - x1;
        double dy = y2 - y1;

        // If line is a point then bail out
        if (dx == 0 && dy == 0) {
            return false;
        }

        final double dx2 = dx * dx;
        final double dy2 = dy * dy;

        // distance along segment as a ratio or the (x1,y1)->(x2,y2) vector
        final double p;
        if (dx != 0) {
            p = ((x - x1) / dx + dy * (y - y1) / dx2) / (1 + dy2 / dx2);
        }
        else {
            p = ((y - y1) / dy + dx * (x - x1) / dy2) / (1 + dx2 / dy2);
        }

        // Point is not ""beside"" the segment and it's been disallowed, bail.
        if (min && p < 0 || max && p > 1.0) {
            return false;
        }

        dx = p * dx + x1 - x;
        dy = p * dy + y1 - y;

        final double len = dx * dx + dy * dy;
        return len < distance;
    }
}",8.0,4,23,26,295.0,Long (21-40),Long (21+),Long (21-40) | Long (21+),CONTAINS,"['[0.04151526075489986, 0.4985895807528401, 0.997550563857586, 0.09447003357756645, 0.9228831905460928, 0.5222366329508346, false, false, 0.4858034703478121]', '[0.04151526075998224, 0.19683177212097125, 0.3309158073224684, 0.04341008174577565, 0.13419182855778, 0.5222366441939796, true, false, 0.21075488660186348]', '[0.04151526075489986, 0.4985895807528401, 0.9975505675828763, 0.33269966422217156, 0.9228852829921299, 0.4326234654910903, false, true, 0.5049944537844229]', '[0.04151524708769738, 0.1534778679394474, 0.06416663086703844, 0.09447009651839411, 0.9228851799476039, 0.27223849997640914, false, true, 0.4409241550358671]', '[0.2651480601003787, 0.9985895852382163, 0.8322300194963028, 0.9292744601257619, 0.922883192408738, 0.45446495671472387, true, false, 0.36675840751331856]', '[1.4721231345049546E-8, 0.25000000173686987, 0.0, 7.200241088867188E-4, 0.0, 7.676135282963514E-10, false, false, 0.4853515628322863]', '[2.0317081350640365E-14, 0.0, 0.0, 0.0, 0.0, 0.0, false, false, 0.0]']",[],"[0.11999988555908203, 0.15400004386901855, 0.18799996376037598, 0.2109999656677246, 0.2369999885559082, 0.755000114440918, 3.424999952316284]",[]
679,"public class GETHIGHBIT {
/**
     * Returns the index of the high bit in value (assuming le, actually
     * power of 2 >= value). value must be positive.
     */
    public static int getHighBit(int value) {
        if (value <= 0) {
            return -32;
        }

        int bit = 0;

        if (value >= 1 << 16) {
            value >>= 16;
            bit += 16;
        }

        if (value >= 1 << 8) {
            value >>= 8;
            bit += 8;
        }

        if (value >= 1 << 4) {
            value >>= 4;
            bit += 4;
        }

        if (value >= 1 << 2) {
            value >>= 2;
            bit += 2;
        }

        if (value >= 1 << 1) {
            bit += 1;
        }

        return bit;
    }
}",7.0,2,21,18,543.0,Long (21-40),Medium (11-20),Long (21-40) | Medium (11-20),GETHIGHBIT,"['[-1289403542]', '[813864042]', '[174552497]', '[1565541327]', '[2441984]', '[17258]']",[],"[-0.009000062942504883, 0.04999995231628418, 0.06200003623962402, 0.0820000171661377, 0.1510000228881836, 0.20199990272521973]",[]
591,"public class ISNUMERIC {
/**
     * Indicates whether the given SQL data type is a numberic type.
     *
     * @param type one of the constants from <code>java.sql.Types</code>
     * @return <code>true</code> if the given type is <code>NUMERIC</code>,'
     *         <code>DECIMAL</code>, <code>BIT</code>, <code>TINYINT</code>,
     *         <code>SMALLINT</code>, <code>INTEGER</code>, <code>BIGINT</code>,
     *         <code>REAL</code>, <code>DOUBLE</code>, or <code>FLOAT</code>;
     *         <code>false</code> otherwise
     */
    public boolean isNumeric(int type) {
        switch (type) {
            case java.sql.Types.NUMERIC:
            case java.sql.Types.DECIMAL:
            case java.sql.Types.BIT:
            case java.sql.Types.TINYINT:
            case java.sql.Types.SMALLINT:
            case java.sql.Types.INTEGER:
            case java.sql.Types.BIGINT:
            case java.sql.Types.REAL:
            case java.sql.Types.DOUBLE:
            case java.sql.Types.FLOAT:
                return true;
            default:
                return false;
        }
    }
}",2.0,5,23,14,455.0,Long (21-40),Medium (11-20),Long (21-40) | Medium (11-20),ISNUMERIC,"['[232817336]', '[0]', '[14]', '[1]', '[11]', '[12]', '[7]', '[6]']",[],"[0.0409998893737793, 0.1770000457763672, 3.9519999027252197, 8.760999917984009, 20.694999933242798, 28.046000003814697, 35.229000091552734, 55.89400005340576]",[]
77,"public class SFEXACT {
/**
         * Calculates exact cases for the complementary probability
         * {@code P[D_n^+ >= x]} the one-sided one-sample Kolmogorov-Smirnov distribution.
         *
         * <p>Exact cases handle x not in [0, 1]. It is assumed n is positive.
         *
         * @param x Statistic.
         * @param n Sample size (assumed to be positive).
         * @return \(P(D_n^+ &ge; x)\)
         */
        public static double sfExact(double x, int n) {
            if (n * x * x >= 372.5 || x >= 1) {
                // p would underflow, or x is out of the domain
                return 0;
            }
            if (x <= 0) {
                // edge-of, or out-of, the domain
                return 1;
            }
            if (n == 1) {
                return x;
            }
            // x <= 1/n
            // [1] Equation (33)
            final double nx = n * x;
            if (nx <= 1) {
                // 1 - x (1+x)^(n-1): here x may be small so use log1p
                return 1 - x * Math.exp((n - 1) * Math.log1p(x));
            }
            // 1 - 1/n <= x < 1
            // [1] Equation (16)
            if (n - 1 <= nx) {
                // (1-x)^n: here x > 0.5 and 1-x is exact
                return Math.pow(1 - x, n);
            }
            return -1;
        }
}",7.0,3,30,12,,Long (21-40),Medium (11-20),Long (21-40) | Medium (11-20),SFEXACT,"['[0.005647678245270238, 1633416375]', '[0.3246308079828729, -973838171]', '[0.0, 0]', '[1.9222497940063477E-6, 1627389952]', '[4.1868020161928143E-10, 1]', '[0.7500000041439744, 3]']",[],"[0.07200002670288086, 0.1119999885559082, 0.12199997901916504, 0.37599992752075195, 4.947999954223633, 45.76300001144409]",[]
355,"public class BINROOT {
/**
     * Bin root - a binary search for a square root.
     * I wrote this purely to check my recollection
     * of how this kind of search can be used to invert
     * functions.
     */

    public static double binRoot(double x) {
        double eps = 0.0001; // accuracy
        // do a binary search for it
        // find the square root of x using a binary search
        double lower = 0.0;
        double upper = x;
        double mid = 0.0;


        for (int i = 0; i < 100; i++) {
            mid = (lower + upper) / 2;
            // each time, if mid is too big
            // fix lower to mid
            // else fix upper to mid

            double cur = mid * mid;
            if (Math.abs(x - cur) < eps) {
                // System.out.println(""Converged to "" + cur + "" in "" + i + "" iterations"");
                return mid;
            }

            if (cur < x) // mid too small
                lower = mid;
            else // mid too big
                upper = mid;
        }
        return mid;
    }
}",4.0,4,30,14,219.0,Long (21-40),Medium (11-20),Long (21-40) | Medium (11-20),BINROOT,"['[0.6011774190461203]', '[1.9371509552001953E-7]', '[0.9999180381439053]', '[0.9999447425236124]']",[],"[0.9230000972747803, 1.0069999694824219, 22.79699993133545, 56.49300003051758]",[]
204,"public class CHECKDOUBLEPRECISE {
/**
	 * Checks a double value is double precise. If value is 2.1, then return
	 * true; if value is 2.1000000001 or 2.099999999999, then return false.
	 * 
	 * @param dValue
	 * @return if precise
	 */
	public static boolean checkDoublePrecise( double dValue )
	{
		if ( dValue - (int) dValue == 0 )
		{
			return true;
		}
		String sValue = String.valueOf( dValue );
		if ( sValue.length( ) < 8 )
		{
			return true;
		}
		int iPoint = sValue.indexOf( '.' );
		int iZero = sValue.lastIndexOf( ""00000000"" ); //$NON-NLS-1$
		if ( iZero >= iPoint )
		{
			return false;
		}
		int iNine = sValue.lastIndexOf( ""99999999"" ); //$NON-NLS-1$
		if ( iNine >= iPoint )
		{
			return false;
		}
		return true;
	}
}",5.0,2,23,13,68.0,Long (21-40),Medium (11-20),Long (21-40) | Medium (11-20),CHECKDOUBLEPRECISE,"['[0.4735775420699807]', '[0.0]', '[0.75]', '[0.2500000000000143]']",[],"[0.39299988746643066, 0.4869999885559082, 2.2669999599456787, 2.328000068664551]",[]
129,"public class VALIDATELENGTHS {
/**
     * Validate the parameter array lengths are either 1 or n. Returns the maximum length (n).
     *
     * <p>Note: It is assumed lengths of 1 can be expanded to length n using an array fill
     * operation.
     *
     * @param lengths the lengths
     * @return n
     * @throws IllegalArgumentException If a length is between 1 and n.
     */
    static int validateLengths(int... lengths) {
        int max = 0;
        for (final int l : lengths) {
            max = max < l ? l : max;
        }
        // Validate
        for (final int l : lengths) {
            if (l != 1 && l != max) {
                throw new IllegalArgumentException(
                    ""Invalid parameter array length: "" + l +
                    "". Lengths must by either 1 or the maximum ("" + max + "")."");
            }
        }
        return max;
    }
}",5.0,3,33,12,,Long (21-40),Medium (11-20),Long (21-40) | Medium (11-20),VALIDATELENGTHS,"['[1440193179]', '[0]']",['[-1100100025]'],"[0.09100008010864258, 0.13100004196166992]",[0.039999961853027344]
125,"public class GETDEVIANCEPART {
/**
     * A part of the deviance portion of the saddle point approximation.
     * <p>
     * References:
     * <ol>
     * <li>Catherine Loader (2000). ""Fast and Accurate Computation of Binomial
     * Probabilities."". <a target=""_blank""
     * href=""http://www.herine.net/stat/papers/dbinom.pdf"">
     * http://www.herine.net/stat/papers/dbinom.pdf</a></li>
     * </ol>
     *
     * <p>Note: This function has been modified for integer {@code x}.</p>
     *
     * @param x Value at which the function is evaluated.
     * @param mu Average.
     * @return a part of the deviance.
     */
    static double getDeviancePart(int x, double mu) {
        if (Math.abs(x - mu) < 0.1 * (x + mu)) {
            final double d = x - mu;
            double v = d / (x + mu);
            double s1 = v * d;
            double s = Double.NaN;
            double ej = 2.0 * x * v;
            v *= v;
            int j = 1;
            while (s1 != s) {
                s = s1;
                ej *= v;
                s1 = s + ej / ((j * 2) + 1);
                ++j;
            }
            return s1;
        } else if (x == 0) {
            return mu;
        }
        return x * Math.log(x / mu) + mu - x;
    }
}",4.0,10,39,17,,Long (21-40),Medium (11-20),Long (21-40) | Medium (11-20),GETDEVIANCEPART,"['[-84103277, 0.4890020769611173]', '[0, 0.0]']",[],"[0.5889999866485596, 0.7620000839233398]",[]
775,"public class GETEUROPEANDIGIT {
/**
     * Getting the digit values of characters like 'A' - 'Z', normal,
     * half-width and full-width. This method assumes that the other digit
     * characters are checked by the calling method.
     * @param ch character to test
     * @return -1 if ch is not a character of the form 'A' - 'Z', otherwise
     *         its corresponding digit will be returned.
     */
    public static int getEuropeanDigit(int ch) {
        if ((ch > 0x7a && ch < 0xff21)
            || ch < 0x41 || (ch > 0x5a && ch < 0x61)
            || ch > 0xff5a || (ch > 0xff3a && ch < 0xff41)) {
            return -1;
        }
        if (ch <= 0x7a) {
            // ch >= 0x41 or ch < 0x61
            return ch + 10 - ((ch <= 0x5a) ? 0x41 : 0x61);
        }
        // ch >= 0xff21
        if (ch <= 0xff3a) {
            return ch + 10 - 0xff21;
        }
        // ch >= 0xff41 && ch <= 0xff5a
        return ch + 10 - 0xff41;
    }
}",11.0,4,34,11,639.0,Long (21-40),Medium (11-20),Long (21-40) | Medium (11-20),GETEUROPEANDIGIT,"['[1593416713]', '[-1903241435]', '[39945]']",[],"[0.9489998817443848, 0.9920001029968262, 1.5090000629425049]",[]
327,"public class COLORCOMPONENTABSOLUTE {
/**
     * Defines a simple function for a color.
     * 
     * @param value
     * @param bLeft under this value, the color is 0
     * @param bRight up to this value, the color is 0
     * @param tLeft from this value until @link tRight, the color is 1
     * @param tRight from @link tLeft until this value, the color is 1
     * 
     * Between bLeft and tLeft, as well as tRight and bRight, the output value is a linear
     * interpolation between 0 and 1.
     * 
     * <code>
     *                      tLeft       tRight
     *                        /-----------\
     *                       /             \ 
     *                      /               \
     *              -------|-----------------|--------
     *                    bLeft            bRight  
     * </code>
     * 
     * @return color influence.
     */
    public float colorComponentAbsolute( float value, float bLeft, float bRight, float tLeft, float tRight ){
        float output = 0;
        // a gauche ou a droite du creneau
        if( (value < bLeft) || (value >= bRight) ){
            output = 0;
        }
        // sur le plateau haut
        else if( (value >= tLeft) && (value < tRight) ){
            output = 1;
        }
        // sur la pente gauche du creneau
        else if( (value >= bLeft) && (value < tLeft) ){
            output = (value-bLeft)/(tLeft-bLeft);
        }
        // sur la pente droite du creneau
        else if( (value >= tRight) && (value < bRight) ){
            output = (value-bRight)/(tRight-bRight);
        }
        return output;
    }
}",9.0,11,40,11,191.0,Long (21-40),Medium (11-20),Long (21-40) | Medium (11-20),COLORCOMPONENTABSOLUTE,"['[0.20089126, 0.90057516, 0.59151983, 0.7951877, 0.8842941]', '[0.99776626, 0.9203707, 0.03422326, 0.4619273, 0.54925454]', '[0.70955825, 0.1795479, 0.7939759, 0.81796944, 0.15713495]', '[0.56856704, 0.26478767, 0.90637493, 0.22982937, 0.5563394]', '[0.20089126, 0.16137838, 0.44442046, 0.044730008, 0.72527075]']",[],"[0.2850000858306885, 0.33299994468688965, 0.38000011444091797, 0.44899988174438477, 0.48000001907348633]",[]
428,"public class TOJAVASECS {
/**
     * Converts the given postgresql seconds to java seconds.
     * Reverse engineered by inserting varying dates to postgresql
     * and tuning the formula until the java dates matched.
     * See {@link #toPgSecs} for the reverse operation.
     * 
     * @param secs Postgresql seconds.
     * @return Java seconds.
     */
    public static long toJavaSecs(long secs) {
        // postgres epoc to java epoc
        secs += 946684800L;

        // Julian/Gregorian calendar cutoff point
        if (secs < -12219292800L) { // October 4, 1582 -> October 15, 1582
            secs += 86400 * 10;
            if (secs < -14825808000L) { // 1500-02-28 -> 1500-03-01
                int extraLeaps = (int) ((secs + 14825808000L) / 3155760000L);
                extraLeaps--;
                extraLeaps -= extraLeaps / 4;
                secs += extraLeaps * 86400L;
            }
        }
        return secs;
    }
}",3.0,4,32,9,292.0,Long (21-40),Short (6-10),Long (21-40) | Short (6-10),TOJAVASECS,"['[-8498624097974006656]', '[9095902087563549767]']",[],"[0.6600000858306885, 0.7030000686645508]",[]
256,"public class GETWRAPPEDVALUE {
/**
     * Utility method that ensures the given value lies within the field's
     * legal value range.
     * 
     * @param value  the value to fit into the wrapped value range
     * @param minValue the wrap range minimum value.
     * @param maxValue the wrap range maximum value.  This must be
     *  greater than minValue (checked by the method).
     * @return the wrapped value
     * @throws IllegalArgumentException if minValue is greater
     *  than or equal to maxValue
     */
    public static int getWrappedValue(int value, int minValue, int maxValue) {
        if (minValue >= maxValue) {
            throw new IllegalArgumentException(""MIN > MAX"");
        }

        int wrapRange = maxValue - minValue + 1;
        value -= minValue;

        if (value >= 0) {
            return (value % wrapRange) + minValue;
        }

        int remByRange = (-value) % wrapRange;

        if (remByRange == 0) {
            return 0 + minValue;
        }
        return (wrapRange - remByRange) + minValue;
    }
}",4.0,4,26,10,120.0,Long (21-40),Short (6-10),Long (21-40) | Short (6-10),GETWRAPPEDVALUE,"['[-2065498714, -1813365723, 1770363932]', '[793670974, -1169221634, -1033980052]']","['[-2128374390, -1431612476, -2014798928]']","[0.5069999694824219, 0.5510001182556152]",[0.4779999256134033]
189,"public class LOG2 {
/**
     * Method that calculates the floor of the log, base 2,
     * of 'x'. The calculation is performed in integer arithmetic,
     * therefore, it is exact.
     *
     * @param x The value to calculate log2 on.
     *
     * @return floor(log(x)/log(2)), calculated in an exact way.
     * */
    public static int log2(int x) {
        int y,v;
        // No log of 0 or negative
        if (x <= 0) {
            throw new IllegalArgumentException(""""+x+"" <= 0"");
        }
        // Calculate log2 (it's actually floor log2)
        v = x;
        y = -1;
        while (v>0) {
            v >>=1;
            y++;
        }
        return y;
    }
}",3.0,3,23,9,53.0,Long (21-40),Short (6-10),Long (21-40) | Short (6-10),LOG2,"['[1154191588]', '[228]', '[65]']",['[-333429071]'],"[0.806999921798706, 1.1449999809265137, 18.36400008201599]",[0.8519999980926514]
429,"public class TOPGSECS {
/**
     * Converts the given java seconds to postgresql seconds.
     * See {@link #toJavaSecs} for the reverse operation.
     * The conversion is valid for any year 100 BC onwards.
     * 
     * @param secs Postgresql seconds.
     * @return Java seconds.
     */
     public static long toPgSecs(long secs) {
        // java epoc to postgres epoc
        secs -= 946684800L;

        // Julian/Greagorian calendar cutoff point
        if (secs < -13165977600L) { // October 15, 1582 -> October 4, 1582
            secs -= 86400 * 10;
            if (secs < -15773356800L) { // 1500-03-01 -> 1500-02-28
                int years = (int) ((secs + 15773356800L) / -3155823050L);
                years++;
                years -= years/4;
                secs += years * 86400;
            }
        }
        
        return secs;
    }
}",3.0,3,25,9,293.0,Long (21-40),Short (6-10),Long (21-40) | Short (6-10),TOPGSECS,"['[6531203690080990914]', '[-3845089849785029059]']",[],"[0.7769999504089355, 0.8239998817443848]",[]
92,"public class POWM1 {
/**
     * Returns {@code pow(x, y) - 1}. This function is accurate when {@code x -> 1} or {@code y} is
     * small.
     *
     * <p>Adapted from {@code boost/math/special_functions/powm1.hpp}. Explicit handling of
     * edges cases (overflow, domain error) using the policy has been removed.
     *
     * @param x the x
     * @param y the y
     * @return {@code pow(x, y) - 1}
     */
    static double powm1(double x, double y) {
        if (x > 0) {
            // Check for small y or x close to 1.
            // Require term < 0.5
            // => log(x) * y < 0.5
            // Assume log(x) ~ (x - 1) [true when x is close to 1]
            // => |(x-1) * y| < 0.5

            if (Math.abs(y * (x - 1)) < 0.5 || Math.abs(y) < 0.2) {
                // We don't have any good/quick approximation for log(x) * y
                // so just try it and see:
                final double l = y * Math.log(x);
                if (l < 0.5) {
                    return Math.expm1(l);
                }
                // fall through....
            }
        } else if (x < 0 &&
                   // y had better be an integer:
                   // x is negative.
                   // pow(x, y) only allowed if y is an integer.
                   // if y is even then we can invert non-zero finite x.
                   Math.rint(y * 0.5) == y * 0.5) {
            return powm1(-x, y);
        }
        return Math.pow(x, y) - 1;
    }
}",7.0,4,38,10,,Long (21-40),Short (6-10),Long (21-40) | Short (6-10),POWM1,"['[0.36089728471436777, 0.3852257923043112]', '[0.02578454802922614, 0.7638961527248205]', '[0.0, 0.0]']",[],"[0.24099993705749512, 0.2950000762939453, 0.3510000705718994]",[]
701,"public class REVERSE {
/**
     * Returns the value obtained by reversing the order of the bits in the
     * two's complement binary representation of the specified {@code long}
     * value.
     *
     * @param i the value to be reversed
     * @return the value obtained by reversing order of the bits in the
     *     specified {@code long} value.
     * @since 1.5
     */
    public static long reverse(long i) {
        // HD, Figure 7-1
        i = (i & 0x5555555555555555L) << 1 | (i >>> 1) & 0x5555555555555555L;
        i = (i & 0x3333333333333333L) << 2 | (i >>> 2) & 0x3333333333333333L;
        i = (i & 0x0f0f0f0f0f0f0f0fL) << 4 | (i >>> 4) & 0x0f0f0f0f0f0f0f0fL;
        i = (i & 0x00ff00ff00ff00ffL) << 8 | (i >>> 8) & 0x00ff00ff00ff00ffL;
        i = (i << 48) | ((i & 0xffff0000L) << 16) |
            ((i >>> 16) & 0xffff0000L) | (i >>> 48);
        return i;
    }
}",1.0,4,27,6,565.0,Long (21-40),Short (6-10),Long (21-40) | Short (6-10),REVERSE,['[1602526665534058741]'],[],[0.16000008583068848],[]
340,"public class NEXTHIGHESTPOWEROFTWO {
/** returns the next highest power of two, or the current value if it's already a power of two or zero*/
  public static int nextHighestPowerOfTwo(int v) {
    v--;
    v |= v >> 1;
    v |= v >> 2;
    v |= v >> 4;
    v |= v >> 8;
    v |= v >> 16;
    v++;
    return v;
  }
}",1.0,1,21,8,204.0,Long (21-40),Short (6-10),Long (21-40) | Short (6-10),NEXTHIGHESTPOWEROFTWO,['[-73827611]'],[],[0.125],[]
700,"public class BITCOUNT {
/**
     * Returns the number of one-bits in the two's complement binary
     * representation of the specified {@code long} value.  This function is
     * sometimes referred to as the <i>population count</i>.
     *
     * @param i the value whose bits are to be counted
     * @return the number of one-bits in the two's complement binary
     *     representation of the specified {@code long} value.
     * @since 1.5
     */
     public static int bitCount(long i) {
        // HD, Figure 5-14
        i = i - ((i >>> 1) & 0x5555555555555555L);
        i = (i & 0x3333333333333333L) + ((i >>> 2) & 0x3333333333333333L);
        i = (i + (i >>> 4)) & 0x0f0f0f0f0f0f0f0fL;
        i = i + (i >>> 8);
        i = i + (i >>> 16);
        i = i + (i >>> 32);
        return (int)i & 0x7f;
     }
}",1.0,4,34,7,564.0,Long (21-40),Short (6-10),Long (21-40) | Short (6-10),BITCOUNT,['[6213434489718269007]'],[],[0.9440000057220459],[]
559,"public class CALCULATEUNPINNEDSTEPSIZE {
/**
     * If setting is less then 100kBytes take 1 kByte steps.
     * If setting is less then 500kBytes take 5 kByte steps.
     * if setting is larger take 10 kBytes steps.
     * @param currLimitMax - current limit setting.
     * @return - set size for next change.
     */
    public int calculateUnpinnedStepSize(int currLimitMax){
        if(currLimitMax<102400){
            return 1024;
        }else if(currLimitMax<409600){
            return 1024*5;
        }else if(currLimitMax>=409600){
            return 1024*10;
        }
        return 1024;
    }
}",4.0,3,28,7,423.0,Long (21-40),Short (6-10),Long (21-40) | Short (6-10),CALCULATEUNPINNEDSTEPSIZE,"['[-1708994244]', '[90599560]', '[302921]']",[],"[0.6050000190734863, 0.6480000019073486, 1.8320000171661377]",[]
37,"public class COMPARE {
/**
     * Compares to {@code long} values numerically. This is the same functionality as provided in Java 7.
     *
     * @param x the first {@code long} to compare
     * @param y the second {@code long} to compare
     * @return the value {@code 0} if {@code x == y};
     *         a value less than {@code 0} if {@code x < y}; and
     *         a value greater than {@code 0} if {@code x > y}
     * @since 3.4
     */
    public static int compare(final long x, final long y) {
        if (x == y) {
            return 0;
        }
        return x < y ? -1 : 1;
    }
}",2.0,3,39,3,,Long (21-40),Very Short (2-5),Long (21-40) | Very Short (2-5),COMPARE,"['[0.8580642145852232, 0.2929983634658988]', '[0.0, 0.0]', '[0.05437772982182898, 0.5482594843991112]']",[],"[0.3840000629425049, 0.42600011825561523, 0.4330000877380371]",[]
95,"public class MURMUR3 {
/**
     * Perform the finalising 32-bit mix function of Austin Appleby's MurmurHash3.
     *
     * <p>This function can be used to mix the bits of a {@code int} value to
     * obtain a better distribution and avoid collisions between similar values.
     *
     * @param x the input value
     * @return the output value
     * @see <a href=""https://github.com/aappleby/smhasher"">SMHasher</a>
     */
    public static int murmur3(int x) {
        x = (x ^ (x >>> 16)) * 0x85ebca6b;
        x = (x ^ (x >>> 13)) * 0xc2b2ae35;
        return x ^ (x >>> 16);
    }
}",1.0,3,35,3,,Long (21-40),Very Short (2-5),Long (21-40) | Very Short (2-5),MURMUR3,['[-517815946]'],[],[0.9100000858306885],[]
11,"public class ADD {
/**
     * Returns the int result of adding an int and a long, and throws an exception if the result overflows an int.
     *
     * @param x the first value, an int.
     * @param y the second value, a long,
     * @return the addition of both values.
     * @throws IllegalArgumentException when y or the result overflows an int
     */
    public static int add(final int x, final long y) {
        try {
            return Math.addExact(x, Math.toIntExact(y));
        } catch (final ArithmeticException exp) {
            throw new IllegalArgumentException(""Argument too large or result overflows"", exp);
        }
    }
}",2.0,1,21,4,,Long (21-40),Very Short (2-5),Long (21-40) | Very Short (2-5),ADD,[],"['[1841486575, 496608838779437329]']",[],[0.9460000991821289]
312,"public class ISFILENAMECHARACTER {
/**
     * Returns whether we may want to use this character as part of a file name.
     *
     * This basically only accepts ascii letters and numbers, and rejects everything else.
     */
    public static boolean isFileNameCharacter(int codePoint) {
        if (codePoint >= 0x30 && codePoint <= 0x39) return true; // Digit
        if (codePoint >= 0x41 && codePoint <= 0x5A) return true; // Uppercase
        if (codePoint >= 0x61 && codePoint <= 0x7A) return true; // Lowercase
        return codePoint == '_'; // Underscore
    }
}",7.0,2,27,4,176.0,Long (21-40),Very Short (2-5),Long (21-40) | Very Short (2-5),ISFILENAMECHARACTER,"['[1955009342]', '[0]', '[67]', '[51]', '[116]']",[],"[0.937999963760376, 0.9719998836517334, 3.305999994277954, 3.753000020980835, 5.242000102996826]",[]
614,"public class YTOTILEY {
/**
  * Converts a pixel's Y coordinate into a vertical tile index
  * relative to a given tile grid layout specified by its Y offset
  * and tile height.
  */
 public static int YToTileY(int y, int tileGridYOffset, int tileHeight) {
     y -= tileGridYOffset;
     if (y < 0) {
         y += 1 - tileHeight; // Force round to -infinity
     }
     return y/tileHeight;
 }
}",2.0,3,25,4,478.0,Long (21-40),Very Short (2-5),Long (21-40) | Very Short (2-5),YTOTILEY,"['[-360616566, -517229063, 1901538624]', '[936806063, 2125317809, -588756526]']","['[0, 0, 0]', '[936806063, 177, 0]']","[0.3410000801086426, 0.3919999599456787]","[0.3900001049041748, 7.364000082015991]"
188,"public class ISORIGSIGNED {
/**
     * Returns true if the data read was originally signed in the specified
     * component, false if not. This method returns always false since PGM
     * data is always unsigned.
     *
     * @param c The index of the component, from 0 to N-1.
     *
     * @return always false, since PGM data is always unsigned.
     * */
    public boolean isOrigSigned(int c) {
        // Check component index
        if (c != 0)
            throw new IllegalArgumentException();
        return false;
    }
}",2.0,3,27,2,52.0,Long (21-40),Very Short (2-5),Long (21-40) | Very Short (2-5),ISORIGSIGNED,[],['[1323086255]'],[],[0.01699995994567871]
107,"public class MIXINT {
/**
     * Perform the 32-bit mixing step from the SplittableRandom algorithm. Note this is
     * the 32 high bits of Stafford variant 4 mix64 function as int.
     *
     * @param z the input value
     * @return the output value
     * @see <a
     * href=""http://zimbry.blogspot.com/2011/09/better-bit-mixing-improving-on.html"">Better
     * Bit Mixing</a>
     */
    public static int mixInt(long z) {
        z = (z ^ (z >>> 33)) * 0x62a9d9ed799705f5L;
        return (int) (((z ^ (z >>> 28)) * 0xcb24d0a5c88c35b3L) >>> 32);
    }
}",1.0,4,27,2,,Long (21-40),Very Short (2-5),Long (21-40) | Very Short (2-5),MIXINT,['[-4219554312961655425]'],[],[0.016000032424926758],[]
732,"public class CONVERTFROMDPHI {
/**
     * Convert a value from dphi to some other units. The result is rounded to
     * the nearest integer.
     *
     * @param  dphi
     *     Value (dphi) to convert.
     * @param  units
     *     Unit conversion factor, e.g. {@link #DPI <CODE>DPI</CODE>} or
     * {@link     #DPCM <CODE>DPCM</CODE>}.
     *
     * @return  The value of <CODE>dphi</CODE> converted to the desired units.
     *
     * @exception  IllegalArgumentException
     *     (unchecked exception) Thrown if <CODE>units</CODE> < 1.
     */
    public static int convertFromDphi(int dphi, int units) {
        if (units < 1) {
            throw new IllegalArgumentException("": units is < 1"");
        }
        int round = units / 2;
        return (dphi + round) / units;
    }
}",2.0,6,39,4,596.0,Long (21-40),Very Short (2-5),Long (21-40) | Very Short (2-5),CONVERTFROMDPHI,"['[-1244604939, 129916587]']","['[-789794568, -1166560255]']",[0.33500003814697266],[0.2929999828338623]
685,"public class ISTILEWRITABLE {
/**
     * Returns whether or not a tile is currently checked out for writing.
     * @param tileX the x index of the tile.
     * @param tileY the y index of the tile.
     * @return <code>true</code> if the tile specified by the specified
     *          indices is checked out for writing; <code>false</code>
     *          otherwise.
     * @exception ArrayIndexOutOfBoundsException if both
     *          <code>tileX</code> and <code>tileY</code> are not equal
     *          to 0
     */
    public boolean isTileWritable (int tileX, int tileY) {
        if (tileX == 0 && tileY == 0) {
            return true;
        }
        throw new IllegalArgumentException(""Only 1 tile in image"");
    }
}",3.0,5,28,3,549.0,Long (21-40),Very Short (2-5),Long (21-40) | Very Short (2-5),ISTILEWRITABLE,[],"['[1192154769, 1338187460]']",[],[0.006000041961669922]
74,"public class GCDINTADAPTEDFORLONG {
/**
     * This is a copy of the GCD method for ints but adapted for longs.
     *
     * @param p a long.
     * @param q a long.
     * @return the GCD of p and q.
     */
    public static long gcdIntAdaptedForLong(long p, long q) {
        // Perform the gcd algorithm on negative numbers, so that -2^31 does not
        // need to be handled separately
        long a = p > 0 ? -p : p;
        long b = q > 0 ? -q : q;

        long negatedGcd;
        if (a == 0) {
            negatedGcd = b;
        } else if (b == 0) {
            negatedGcd = a;
        } else {
            // Make ""a"" and ""b"" odd, keeping track of common power of 2.
            final int aTwos = Long.numberOfTrailingZeros(a);
            final int bTwos = Long.numberOfTrailingZeros(b);
            a >>= aTwos;
            b >>= bTwos;
            final int shift = Math.min(aTwos, bTwos);

            // ""a"" and ""b"" are negative and odd.
            // If a < b then ""gdc(a, b)"" is equal to ""gcd(a - b, b)"".
            // If a > b then ""gcd(a, b)"" is equal to ""gcd(b - a, a)"".
            // Hence, in the successive iterations:
            //  ""a"" becomes the negative absolute difference of the current values,
            //  ""b"" becomes that value of the two that is closer to zero.
            while (a != b) {
                final long delta = a - b;
                b = Math.max(a, b);
                a = delta > 0 ? -delta : delta;

                // Remove any power of 2 in ""a"" (""b"" is guaranteed to be odd).
                a >>= Long.numberOfTrailingZeros(a);
            }

            // Recover the common power of 2.
            negatedGcd = a << shift;
        }
        if (negatedGcd == Long.MIN_VALUE) {
            throw new ArithmeticException();
        }

        return -negatedGcd;
    }
}",5.0,1,14,22,,Medium (11-20),Long (21+),Medium (11-20) | Long (21+),GCDINTADAPTEDFORLONG,"['[7326185405234387062, 1151272419884876457]', '[-744265127202634056, -6921442203833702861]', '[0, 1151272235201282729]', '[2179245130653748066, -7703954209093483996]', '[48132221017522176, 0]', '[7326185403405670518, -1979711488]', '[890886946934, 184699387904]', '[8887298399307718868, -4438769316490762211]', '[236184546574336, 17065]', '[889058230272, 1151232654746583040]', '[184, -1426063360]', '[889058230272, -6989586621679009792]', '[318767104, 1151272235201330679]', '[-100532224, 8096373869733471940]', '[48132221017522176, -1056964608]', '[48132221017522176, -318767104]']",[],"[0.7739999294281006, 0.8440001010894775, 0.872999906539917, 0.9149999618530273, 0.9619998931884766, 1.0099999904632568, 1.378999948501587, 1.6559998989105225, 1.7160000801086426, 2.056999921798706, 3.0339999198913574, 3.0980000495910645, 3.505000114440918, 3.559999942779541, 4.003000020980835, 4.128999948501587]",[]
453,"public class PARSENIBBLE {
/**
     * Converts a hex character into the corresponding nibble value.
     * 
     * @return the nibble value.
     * @throws NumberFormatException
     *             if <code>c</code> is not a valid hex character.
     */
    public long parseNibble(char c)
    {
        switch (c)
        {
            case '0' :
                return 0;
            case '1' :
                return 1;
            case '2' :
                return 2;
            case '3' :
                return 3;
            case '4' :
                return 4;
            case '5' :
                return 5;
            case '6' :
                return 6;
            case '7' :
                return 7;
            case '8' :
                return 8;
            case '9' :
                return 9;
            case 'a' :
            case 'A' :
                return 10;
            case 'b' :
            case 'B' :
                return 11;
            case 'c' :
            case 'C' :
                return 12;
            case 'd' :
            case 'D' :
                return 13;
            case 'e' :
            case 'E' :
                return 14;
            case 'f' :
            case 'F' :
                return 15;
            default :
                throw new NumberFormatException();
        }
    }
}",2.0,2,17,41,317.0,Medium (11-20),Long (21+),Medium (11-20) | Long (21+),PARSENIBBLE,"['[a]', '[0]', '[1]', '[2]', '[3]', '[6]', '[4]', '[5]']",['[?]'],"[0.26200008392333984, 6.805999994277954, 9.828999996185303, 15.471999883651733, 15.588000059127808, 20.502000093460083, 22.596999883651733, 23.79800009727478]",[0.10100007057189941]
546,"public class GETDATAMASKBIT {
/**
   * Return the mask bit for ""getMaskPattern"" at ""x"" and ""y"". See 8.8 of JISX0510:2004 for mask
   * pattern conditions.
   */
  static boolean getDataMaskBit(int maskPattern, int x, int y) {
    int intermediate;
    int temp;
    switch (maskPattern) {
      case 0:
        intermediate = (y + x) & 0x1;
        break;
      case 1:
        intermediate = y & 0x1;
        break;
      case 2:
        intermediate = x % 3;
        break;
      case 3:
        intermediate = (y + x) % 3;
        break;
      case 4:
        intermediate = ((y >>> 1) + (x / 3)) & 0x1;
        break;
      case 5:
        temp = y * x;
        intermediate = (temp & 0x1) + (temp % 3);
        break;
      case 6:
        temp = y * x;
        intermediate = ((temp & 0x1) + (temp % 3)) & 0x1;
        break;
      case 7:
        temp = y * x;
        intermediate = ((temp % 3) + ((y + x) & 0x1)) & 0x1;
        break;
      default:
        throw new IllegalArgumentException(""Invalid mask pattern: "" + maskPattern);
    }
    return intermediate == 0;
  }
}",2.0,2,18,33,410.0,Medium (11-20),Long (21+),Medium (11-20) | Long (21+),GETDATAMASKBIT,[],"['[-198779977, -1134732029, -544028255]']",[],[0.13700008392333984]
75,"public class OLDGCDLONG {
/**
     * This is a copy of the original method in {@code o.a.c.numbers.core.ArithmeticUtils} v1.0.
     *
     * @param p a long.
     * @param q a long.
     * @return the GCD of p and q.
     */
    public static long oldGcdLong(final long p, final long q) {
        long u = p;
        long v = q;
        if (u == 0 || v == 0) {
            if (u == Long.MIN_VALUE || v == Long.MIN_VALUE) {
                throw new ArithmeticException();
            }
            return Math.abs(u) + Math.abs(v);
        }
        // keep u and v negative, as negative integers range down to
        // -2^63, while positive numbers can only be as large as 2^63-1
        // (i.e. we can't necessarily negate a negative number without
        // overflow)
        /* assert u!=0 && v!=0; */
        if (u > 0) {
            u = -u;
        } // make u negative
        if (v > 0) {
            v = -v;
        } // make v negative
        // B1. [Find power of 2]
        int k = 0;
        while ((u & 1) == 0 && (v & 1) == 0 && k < 63) { // while u and v are
            // both even...
            u /= 2;
            v /= 2;
            k++; // cast out twos.
        }
        if (k == 63) {
            throw new ArithmeticException();
        }
        // B2. Initialize: u and v have been divided by 2^k and at least
        // one is odd.
        long t = ((u & 1) == 1) ? v : -(u / 2)/* B3 */;
        // t negative: u was odd, v may be even (t replaces v)
        // t positive: u was even, v is odd (t replaces u)
        do {
            /* assert u<0 && v<0; */
            // B4/B3: cast out twos from t.
            while ((t & 1) == 0) { // while t is even..
                t /= 2; // cast out twos
            }
            // B5 [reset max(u,v)]
            if (t > 0) {
                u = -t;
            } else {
                v = t;
            }
            // B6/B3. at this point both u and v should be odd.
            t = (v - u) / 2;
            // |u| larger: t positive (replace u)
            // |v| larger: t negative (replace v)
        } while (t != 0);
        return -u * (1L << k); // gcd is u*2^k
    }
}",14.0,1,12,32,,Medium (11-20),Long (21+),Medium (11-20) | Long (21+),OLDGCDLONG,"['[-1062165697833497511, -5427832721575557471]', '[823080461720917281, 6660278285165040448]', '[-6828462071187019438, -5376166376168116989]', '[1017907249152, -5476377147784345951]', '[6129453985865812428, 776369902078084424]', '[-1062165697430844327, 129742372077568]', '[-1062165697833497600, 130729312714752]', '[7912675774604574156, 5686340449263283690]', '[354526447253534440, -5427832721575557471]', '[0, 0]', '[120864674676736, 0]', '[18697195230330880, -5476377146882523136]', '[-4016527052871193957, -5104686068496211843]', '[120864674676736, -5476377146882523136]', '[-1062165697833992192, -901840896]', '[6696505382542935408, 222691437262955576]', '[18577348462903296, 129742372077568]', '[3479957951264888192, 6660278285165040448]', '[352187318272, 201326592]', '[855638016, 81604378624]', '[91259465105408, 248489627877376]', '[4827858800541171712, 1657324662872342528]', '[-402653184, 4128768]', '[-402653184, 6488064]']",[],"[0.2630000114440918, 0.309999942779541, 0.3399999141693115, 0.37599992752075195, 0.4289999008178711, 0.44499993324279785, 0.44499993324279785, 0.46000003814697266, 0.559999942779541, 0.5920000076293945, 0.6459999084472656, 0.7300000190734863, 0.7609999179840088, 0.8280000686645508, 1.0299999713897705, 1.3610000610351562, 1.377000093460083, 1.5239999294281006, 2.1410000324249268, 4.209000110626221, 4.255000114440918, 4.286999940872192, 4.740999937057495, 9.388000011444092]",[]
76,"public class GCDLONGADAPTEDFORINT {
/**
     * This is a copy of the GCD method for longs, but adapted for ints.
     *
     * @param p an int.
     * @param q an int.
     * @return the GCD of p and q.
     */
    public static int gcdLongAdaptedForInt(int p, int q) {
        // Perform the gcd algorithm on negative numbers, so that -2^31 does not
        // need to be handled separately
        int a = p > 0 ? -p : p;
        int b = q > 0 ? -q : q;

        int negatedGcd;
        if (a == 0) {
            negatedGcd = b;
        } else if (b == 0) {
            negatedGcd = a;
        } else {
            // Make ""a"" and ""b"" odd, keeping track of common power of 2.
            final int aTwos = Integer.numberOfTrailingZeros(a);
            final int bTwos = Integer.numberOfTrailingZeros(b);
            a >>= aTwos;
            b >>= bTwos;
            final int shift = Math.min(aTwos, bTwos);

            // ""a"" and ""b"" are negative and odd.
            // If a < b then ""gdc(a, b)"" is equal to ""gcd(a - b, b)"".
            // If a > b then ""gcd(a, b)"" is equal to ""gcd(b - a, a)"".
            // Hence, in the successive iterations:
            //  ""a"" becomes the negative absolute difference of the current values,
            //  ""b"" becomes that value of the two that is closer to zero.
            while (true) {
                final int delta = a - b;

                if (delta == 0) {
                    break;
                }

                b = Math.max(a, b);
                a = delta > 0 ? -delta : delta;

                // Remove any power of 2 in ""a"" (""b"" is guaranteed to be odd).
                a >>= Integer.numberOfTrailingZeros(a);
            }

            // Recover the common power of 2.
            negatedGcd = a << shift;
        }
        if (negatedGcd == Integer.MIN_VALUE) {
            throw new ArithmeticException();
        }
        return -negatedGcd;
    }
}",6.0,1,14,24,,Medium (11-20),Long (21+),Medium (11-20) | Long (21+),GCDLONGADAPTEDFORINT,"['[-421555863, 678391614]', '[-465991626, 1421060355]', '[1221905619, 1890183966]', '[-224007829, -121886796]', '[-599186163, 1358046181]', '[0, 0]', '[-421555863, 676585790]', '[37225, 0]', '[-4531057, 27302516]', '[1507823977, 5002413]', '[1135834744, 1812145213]', '[105, 28416]', '[-1612738199, 1537164223]', '[1221905619, 30]', '[211, 1879048192]', '[-83886080, 16]']","['[0, -2147483648]']","[0.4890000820159912, 0.5290000438690186, 0.5399999618530273, 0.559999942779541, 0.6110000610351562, 0.6349999904632568, 0.6489999294281006, 0.7009999752044678, 0.7200000286102295, 0.9849998950958252, 1.0160000324249268, 1.056999921798706, 1.0769999027252197, 2.255000114440918, 2.3559999465942383, 24.63599991798401]",[17.408999919891357]
87,"public class ULPS {
/**
     * Compute the units of least precision (ulps) between the two numbers.
     *
     * @param a first number
     * @param b second number
     * @return the ulps
     */
    public static long ulps(double a, double b) {
        long x = Double.doubleToLongBits(a);
        long y = Double.doubleToLongBits(b);
        if (x != y) {
            if ((x ^ y) < 0L) {
                // Opposite signs. Measure the combined distance to zero.
                if (x < 0) {
                    final long tmp = x;
                    x = y;
                    y = tmp;
                }
                return (x - Double.doubleToLongBits(0.0)) + (y - Double.doubleToLongBits(-0.0)) + 1;
            }
            return Math.abs(x - y);
        }
        return 0;
    }
}",4.0,1,11,11,,Medium (11-20),Medium (11-20),Medium (11-20) | Medium (11-20),ULPS,"['[0.7784169492310526, 0.3867267003546777]', '[0.0, 0.0]']",[],"[0.05500006675720215, 0.46700000762939453]",[]
619,"public class GETHEXVALUE {
/**
     * returns hex value of a hex character, or 16 if not a hex character
     */
    static int getHexValue(int c) {

        if (c >= '0' && c <= '9') {
            c -= '0';
        } else if (c > 'z') {
            c = 16;
        } else if (c >= 'a') {
            c -= ('a' - 10);
        } else if (c > 'Z') {
            c = 16;
        } else if (c >= 'A') {
            c -= ('A' - 10);
        } else {
            c = -1;
        }

        return c;
    }
}",7.0,1,14,13,483.0,Medium (11-20),Medium (11-20),Medium (11-20) | Medium (11-20),GETHEXVALUE,"['[476473964]', '[-492791605]', '[108]', '[49]', '[70]', '[96]']",[],"[0.6159999370574951, 0.6579999923706055, 0.7720000743865967, 2.86299991607666, 10.081000089645386, 10.375]",[]
194,"public class ISINTERNALDATEFORMAT {
/**
     * Given a format ID this will check whether the format represents
     *  an internal excel date format or not.
     * @see #isADateFormat(int, java.lang.String)  
     */
    public static boolean isInternalDateFormat(int format) {
      boolean retval =false;

            switch(format) {
                // Internal Date Formats as described on page 427 in
                // Microsoft Excel Dev's Kit...
                case 0x0e:
                case 0x0f:
                case 0x10:
                case 0x11:
                case 0x12:
                case 0x13:
                case 0x14:
                case 0x15:
                case 0x16:
                case 0x2d:
                case 0x2e:
                case 0x2f:
                    retval = true;
                    break;
                    
                default:
                    retval = false;
                    break;
            }
       return retval;
    }
}",2.0,2,18,20,58.0,Medium (11-20),Medium (11-20),Medium (11-20) | Medium (11-20),ISINTERNALDATEFORMAT,"['[-723154007]', '[0]', '[15]', '[30]', '[2]', '[26]', '[21]', '[19]', '[13]', '[16]', '[18]', '[1]', '[29]', '[31]', '[10]', '[25]', '[17]', '[7]', '[22]', '[3]', '[11]', '[23]', '[6]', '[24]', '[8]', '[9]', '[12]', '[27]']",[],"[0.5490000247955322, 0.6679999828338623, 2.9260001182556152, 4.016999959945679, 4.477999925613403, 5.622999906539917, 9.789999961853027, 13.671000003814697, 14.66700005531311, 15.052000045776367, 18.335999965667725, 19.17899990081787, 22.191999912261963, 22.20199990272522, 22.990999937057495, 27.881999969482422, 31.543999910354614, 33.83800005912781, 34.1800000667572, 34.670000076293945, 36.10899996757507, 43.25, 43.605000019073486, 44.54200005531311, 48.20700001716614, 48.479000091552734, 49.60700011253357, 55.61400008201599]",[]
418,"public class GETOPPOSITEDIRECTION {
/**
	 * Given the direction of the bond from ring1 to ring2, returns the opposite direction: from ring2 to ring1
	 * @param prevDir
	 * @return
	 */
	static int getOppositeDirection(int prevDir) {
		int dir;
		if (prevDir == 0) {
			dir = 4;
		}
		else if (Math.abs(prevDir) == 4){
			dir =0;
		}
		else if (Math.abs(prevDir) == 2){
			dir = 2 * -1 * Integer.signum(prevDir);
		}
		else if (Math.abs(prevDir) == 1){
			dir = 3 * -1 * Integer.signum(prevDir);
		}
		else {//prevDir will be +-3
			dir = 1 * -1 * Integer.signum(prevDir);
		}
		return dir;
	}
}",5.0,1,18,12,282.0,Medium (11-20),Medium (11-20),Medium (11-20) | Medium (11-20),GETOPPOSITEDIRECTION,"['[-1628672892]', '[0]']",[],"[0.0559999942779541, 0.15700006484985352]",[]
338,"public class POP {
/** Returns the number of bits set in the long */
  public static int pop(long x) {
  /* Hacker's Delight 32 bit pop function:
   * http://www.hackersdelight.org/HDcode/newCode/pop_arrayHS.cc
   *
  int pop(unsigned x) {
     x = x - ((x >> 1) & 0x55555555);
     x = (x & 0x33333333) + ((x >> 2) & 0x33333333);
     x = (x + (x >> 4)) & 0x0F0F0F0F;
     x = x + (x >> 8);
     x = x + (x >> 16);
     return x & 0x0000003F;
    }
  ***/

    // 64 bit java version of the C function from above
    x = x - ((x >>> 1) & 0x5555555555555555L);
    x = (x & 0x3333333333333333L) + ((x >>>2 ) & 0x3333333333333333L);
    x = (x + (x >>> 4)) & 0x0F0F0F0F0F0F0F0FL;
    x = x + (x >>> 8);
    x = x + (x >>> 16);
    x = x + (x >>> 32);
    return ((int)x) & 0x7F;
  }
}",1.0,1,11,18,202.0,Medium (11-20),Medium (11-20),Medium (11-20) | Medium (11-20),POP,['[-6354390066859999654]'],[],[0.6909999847412109],[]
284,"public class GETNEIGHBOR {
/**
	 * Return the value of the circular neighbor in the corresponding position
	 * neigh to pixel
	 */
	public static int getNeighbor(int pixel, int neigh, int w)
		{
		switch (neigh)
			{
			case 0:
				return pixel-w;
			case 1:
				return pixel-w+1;
			case 2:
				return pixel+1;
			case 3:
				return pixel+w+1;
			case 4:
				return pixel+w;
			case 5:
				return pixel+w-1;
			case 6:
				return pixel-1;
			case 7:
				return pixel-w-1;
			default:
				return -1;
			}

		}
}",2.0,2,14,19,148.0,Medium (11-20),Medium (11-20),Medium (11-20) | Medium (11-20),GETNEIGHBOR,"['[788369665, -1509439283, 1114411184]', '[1, 0, 0]', '[-1221161326, 3, -2020323341]', '[-76657504, 5, -2025436481]', '[-1468117856, 4, -314160449]', '[1, 7, 0]', '[-919184494, 2, -2028623117]', '[1609720077, 1, 473189055]', '[-76651104, 6, -1053144385]']",[],"[0.8420000076293945, 0.9159998893737793, 3.240999937057495, 6.447999954223633, 6.857000112533569, 8.134000062942505, 19.64800000190735, 20.121000051498413, 20.132999897003174]",[]
772,"public class GETLENFIELDSIZE {
/**
     * Used to determine the number of bytes that will be need to encode
     * the length field of the GSSHeader.
     */
    public int getLenFieldSize(int len) {
        int retVal = 1;
        if (len < 128) {
            retVal=1;
        } else if (len < (1 << 8)) {
            retVal=2;
        } else if (len < (1 << 16)) {
            retVal=3;
        } else if (len < (1 << 24)) {
            retVal=4;
        } else {
            retVal=5; // See getMaxMechTokenSize
        }
        return retVal;
    }
}",5.0,2,19,12,636.0,Medium (11-20),Medium (11-20),Medium (11-20) | Medium (11-20),GETLENFIELDSIZE,"['[1655701575]', '[-819490269]', '[11534407]', '[37411]', '[252]']",[],"[-0.005000114440917969, 0.04399991035461426, 0.23399996757507324, 2.00600004196167, 24.43499994277954]",[]
598,"public class GETINPUTJDBCTYPE {
/**
     * Convert the input targetJdbcType to the correct JdbcType used by CrossConverters.
     */
    public static int getInputJdbcType(int jdbcType) {
        switch (jdbcType) {
        case java.sql.Types.BIT:
        case java.sql.Types.BOOLEAN:
        case java.sql.Types.TINYINT:
        case java.sql.Types.SMALLINT:
            return java.sql.Types.INTEGER;
        case java.sql.Types.NUMERIC:
            return java.sql.Types.DECIMAL;
        case java.sql.Types.FLOAT:
            return java.sql.Types.DOUBLE;
        default:
            return jdbcType;
        }

    }
}",2.0,1,11,12,462.0,Medium (11-20),Medium (11-20),Medium (11-20) | Medium (11-20),GETINPUTJDBCTYPE,['[-139483798]'],[],[0.8689999580383301],[]
447,"public class WRAPANGLETO180_DOUBLE {
/**
     * the angle is reduced to an angle between -180 and +180 by mod, and a 360 check
     */
    public static double wrapAngleTo180_double(double par0)
    {
        par0 %= 360.0D;

        if (par0 >= 180.0D)
        {
            par0 -= 360.0D;
        }

        if (par0 < -180.0D)
        {
            par0 += 360.0D;
        }

        return par0;
    }
}",3.0,1,17,6,311.0,Medium (11-20),Short (6-10),Medium (11-20) | Short (6-10),WRAPANGLETO180_DOUBLE,['[0.06268205858155673]'],[],[0.6400001049041748],[]
294,"public class NORMALISEINDEX {
/**
     * This converts a possibly negative index to a real index into the array.
     *
     * @param i    the unnormalised index
     * @param size the array size
     * @return the normalised index
     */
    public static int normaliseIndex(int i, int size) {
        int temp = i;
        if (i < 0) {
            i += size;
        }
        if (i < 0) {
            throw new ArrayIndexOutOfBoundsException(""Negative array index ["" + temp + ""] too large for array size "" + size);
        }
        return i;
    }
}",3.0,1,13,7,158.0,Medium (11-20),Short (6-10),Medium (11-20) | Short (6-10),NORMALISEINDEX,"['[1768943064, -1615678216]', '[-1627973272, -989954711]']","['[-101462056, -130295778]']","[0.015000104904174805, 0.0969998836517334]",[0.07699990272521973]
590,"public class BEFORESAVE {
/**
	 * 	Called before Save for Pre-Save Operation
	 * 	@param newRecord new record
	 *	@return true if record can be saved
	 */
	public boolean beforeSave(boolean newRecord)
	{
		/** Prevents saving
		log.saveError(""Error"", Msg.parseTranslation(getCtx(), ""@C_Currency_ID@ = @C_Currency_ID@""));
		log.saveError(""FillMandatory"", Msg.getElement(getCtx(), ""PriceEntered""));
		/** Issues message
		log.saveWarning(AD_Message, message);
		log.saveInfo (AD_Message, message);
		 **/
		return true;
	}
}",1.0,3,17,7,454.0,Medium (11-20),Short (6-10),Medium (11-20) | Short (6-10),BEFORESAVE,['[false]'],[],[0.2219998836517334],[]
497,"public class VOLTAGE_TO_INTENSITY_SRGB {
/**
     * Returns the intensity of an RGB component using the
     * sRGB gamma function.
     * 
     * @param val Value to convert.
     * @return Light intensity of the component.
     */
    double voltage_to_intensity_srgb(double val) {
        /* Handle invalid values before doing a gamma transform. */
        if (val < 0.0) {
			return 0.0;
		}
        if (val > 1.0) {
			return 1.0;
		}

        if (val <= 0.04045) {
            return val / 12.92;
        }
        return Math.pow((val + 0.055) / 1.055, 2.4);
    }
}",4.0,2,12,9,361.0,Medium (11-20),Short (6-10),Medium (11-20) | Short (6-10),VOLTAGE_TO_INTENSITY_SRGB,"['[0.9066975952779565]', '[0.0]']",[],"[0.3789999485015869, 0.4200000762939453]",[]
671,"public class ISBINARY {
/**
     * Indicates whether the given SQL data type is a binary type.
     *
     * @param type one of the constants from <code>java.sql.Types</code>
     * @return <code>true</code> if the given type is <code>BINARY</code>,'
     *         <code>VARBINARY</code>, or <code>LONGVARBINARY</code>;
     *         <code>false</code> otherwise
     */
    public boolean isBinary(int type) {
        switch (type) {
            case java.sql.Types.BINARY:
            case java.sql.Types.VARBINARY:
            case java.sql.Types.LONGVARBINARY:
                return true;
            default:
                return false;
        }
    }
}",2.0,3,16,7,535.0,Medium (11-20),Short (6-10),Medium (11-20) | Short (6-10),ISBINARY,"['[-1923482933]', '[0]', '[2]']",[],"[0.11100006103515625, 0.1700000762939453, 35.24300003051758]",[]
166,"public class UNSIGNEDLEB128SIZE {
/**
     * Gets the number of bytes in the unsigned LEB128 encoding of the
     * given value.
     *
     * @param value the value in question
     * @return its write size, in bytes
     */
    public static int unsignedLeb128Size(int value) {
        // TODO: This could be much cleverer.

        int remaining = value >>> 7;
        int count = 0;

        while (remaining != 0) {
            value = remaining;
            remaining >>>= 7;
            count++;
        }

        return count + 1;
    }
}",2.0,2,14,7,30.0,Medium (11-20),Short (6-10),Medium (11-20) | Short (6-10),UNSIGNEDLEB128SIZE,"['[315627330]', '[22687298]', '[5954]']",[],"[0.5220000743865967, 0.6159999370574951, 0.6860001087188721]",[]
723,"public class GETROLLEDVALUE {
/**
     * Returns the new value after 'roll'ing the specified value and amount.
     */
    public static int getRolledValue(int value, int amount, int min, int max) {
        assert value >= min && value <= max;
        int range = max - min + 1;
        amount %= range;
        int n = value + amount;
        if (n > max) {
            n -= range;
        } else if (n < min) {
            n += range;
        }
        assert n >= min && n <= max;
        return n;
    }
}",5.0,1,11,10,587.0,Medium (11-20),Short (6-10),Medium (11-20) | Short (6-10),GETROLLEDVALUE,"['[-1155089232, -843821339, -1358277378, -906190194]', '[-907035571, 221789493, -1358277378, -616994418]', '[-843366172, 674335726, 244743237, -856796696]']",[],"[-0.019999980926513672, 0.029999971389770508, 0.039999961853027344]",[]
217,"public class COMPARESTRING {
/**
	 * Compares the two times.
	 * 
	 * @param checktimes
	 *            the times that the string display.
	 * @param countstring
	 *            the golden times.
	 * @return true if two times are same.
	 * @throws Exception
	 *             if any exception
	 */
	public boolean compareString( int checktimes, int countstring )
	{
		boolean same = true;
		StringBuffer errorText = new StringBuffer( );
		try
		{
			if ( checktimes == countstring )
				same = true;
			else
				same = false;
		}
		catch ( Exception e )
		{
			errorText.append( e.toString( ) );
		}
		return same;

	}
}",3.0,4,16,8,81.0,Medium (11-20),Short (6-10),Medium (11-20) | Short (6-10),COMPARESTRING,"['[-435282714, -652949863]', '[0, 0]']",[],"[0.3080000877380371, 0.4590001106262207]",[]
655,"public class REQUIREESCAPING {
/**
     * Can be overrided. Return true if the character
     * needs to be escaped.
     */
    public boolean requireEscaping(int ch) {
        if(ch>=128)     return true;

        // control characters
        if( ch<0x20 && "" \t\r\n"".indexOf(ch)==-1 )  return true;

        return false;
    }
}",4.0,2,12,3,519.0,Medium (11-20),Very Short (2-5),Medium (11-20) | Very Short (2-5),REQUIREESCAPING,"['[4534075]', '[-123111116]', '[59]', '[9]']",[],"[0.3080000877380371, 0.3559999465942383, 0.7460000514984131, 3.062999963760376]",[]
269,"public class POVYAXIS {
/** Convert from JInput strange pov to a real axis: Y */
	public double povYaxis(double in)
		{
		if(in==0.125 || in==0.25 || in==0.375) return -1;
		else if(in==0.625 || in==0.75 || in==0.825) return 1;
		return 0;
		}
}",7.0,1,12,3,133.0,Medium (11-20),Very Short (2-5),Medium (11-20) | Very Short (2-5),POVYAXIS,['[0.22284411054987385]'],[],[0.8819999694824219],[]
666,"public class CONVERTTEMPO {
/**
     * converts<br>
     * 1 - MPQ-Tempo to BPM tempo<br>
     * 2 - BPM tempo to MPQ tempo<br>
     */
    public static double convertTempo(double tempo) {
        if (tempo <= 0) {
            tempo = 1;
        }
        return ((double) 60000000l) / tempo;
    }
}",2.0,3,14,3,530.0,Medium (11-20),Very Short (2-5),Medium (11-20) | Very Short (2-5),CONVERTTEMPO,"['[0.28021152768191515]', '[0.0]']",[],"[0.6040000915527344, 0.6570000648498535]",[]
706,"public class SUBTRACTEXACT {
/**
     * Returns the difference of the arguments,
     * throwing an exception if the result overflows a {@code long}.
     *
     * @param x the first value
     * @param y the second value to subtract from the first
     * @return the result
     * @throws ArithmeticException if the result overflows a long
     * @since 1.8
     */
    public static long subtractExact(long x, long y) {
        long r = x - y;
        // HD 2-12 Overflow iff the arguments have different signs and
        // the sign of the result is different than the sign of x
        if (((x ^ y) & (x ^ r)) < 0) {
            throw new ArithmeticException(""long overflow"");
        }
        return r;
    }
}",2.0,2,16,4,570.0,Medium (11-20),Very Short (2-5),Medium (11-20) | Very Short (2-5),SUBTRACTEXACT,"['[-650820462504179761, 748966353573784072]']","['[-1606475322284157162, 8912159026201862941]']",[0.8469998836517334],[0.9010000228881836]
199,"public class NUMINSERIES {
/** returns the number of of elements in a series given from, to, and by values */
  public int numInSeries(int from, int to, int by)
  {
    if (by < 1)
      throw new IllegalArgumentException(""numInSeries passed a stepBy value < 1"");

    // could calc this but simple loop suffices for our purposes
    int count = 0;
    for (int i = from; i <= to; i += by)
        count++;
    return count;
  }
}",3.0,1,17,4,63.0,Medium (11-20),Very Short (2-5),Medium (11-20) | Very Short (2-5),NUMINSERIES,"['[-1439095118, -104209263, 2136255017]', '[-1352972542, 1926496080, 1138481729]', '[-1436080462, 1200933970, 674829226]', '[-1439095118, 1739449489, 2136254996]', '[-1200609614, 1232566756, 2115552318]', '[-2126960974, 1175044301, 2147330703]', '[-1439095118, -1177951087, 18993961]', '[-1439095118, -104209263, 41]', '[680535730, 1990828451, 2134100644]', '[178, 13231104, 41]', '[-1439095118, -104209263, 43561]', '[-1439095118, 58513, 5548544]', '[-1352972542, 1926436595, 4791105]', '[-1439095118, -1177951087, 54057]', '[-1438037070, -104209263, 150]', '[-1757808718, -104209263, 41]', '[-1860884814, -3546078, 54587]', '[1708819890, 2116286461, 43561]', '[-1438037070, -104209263, 18326]', '[597262002, 2123847931, 537203241]', '[-1438037070, 431682112, 10841]', '[313468594, 1524045200, 2147330700]']","['[1959673201, 1272470428, -1956543839]']","[0.2990000247955322, 0.3789999485015869, 0.4010000228881836, 0.4330000877380371, 0.46000003814697266, 0.5399999618530273, 0.6619999408721924, 4.6600000858306885, 4.997999906539917, 5.556999921798706, 5.759999990463257, 6.105999946594238, 6.444000005722046, 6.927000045776367, 11.200000047683716, 15.167999982833862, 15.193000078201294, 22.76699995994568, 27.931999921798706, 44.194000005722046, 44.3199999332428, 53.61400008201599]",[0.21399998664855957]
481,"public class CIRCLEUP {
/**
	 * A ""circle up"" function. Returns y on a unit circle given 1-x. Useful for forming bevels.
	 * @param x the input parameter in the range 0..1
	 * @return the output value
	 */
	public static float circleUp(float x) {
		x = 1-x;
		return (float)Math.sqrt(1-x*x);
	}
}",1.0,1,16,2,345.0,Medium (11-20),Very Short (2-5),Medium (11-20) | Very Short (2-5),CIRCLEUP,['[0.7545898]'],[],[0.9230000972747803],[]
483,"public class MOD {
/**
	 * Return a mod b. This differs from the % operator with respect to negative numbers.
	 * @param a the dividend
	 * @param b the divisor
	 * @return a mod b
	 */
	public static float mod(float a, float b) {
		int n = (int)(a/b);
		
		a -= n*b;
		if (a < 0)
			return a + b;
		return a;
	}
}",2.0,1,15,4,347.0,Medium (11-20),Very Short (2-5),Medium (11-20) | Very Short (2-5),MOD,"['[7090377134535026803, 1311467856]', '[8819759392297221902, 1311459692]']","['[7061644696761860096, 0]', '[0, 0]']","[0.11800003051757812, 0.15799999237060547]","[0.2390000820159912, 7.448999881744385]"
480,"public class SMOOTHSTEP {
/**
	 * A smoothed step function. A cubic function is used to smooth the step between two thresholds.
	 * @param a the lower threshold position
	 * @param b the upper threshold position
	 * @param x the input parameter
	 * @return the output value
	 */
	public static float smoothStep(float a, float b, float x) {
		if (x < a)
			return 0;
		if (x >= b)
			return 1;
		x = (x - a) / (b - a);
		return x*x * (3 - 2*x);
	}
}",3.0,1,16,4,344.0,Medium (11-20),Very Short (2-5),Medium (11-20) | Very Short (2-5),SMOOTHSTEP,"['[0.08630872, 0.5333561, 0.53573793]', '[0.82276094, 0.05694121, 0.7684079]', '[0.10460204, 0.8885654, 0.59321326]']",[],"[0.3619999885559082, 0.3940000534057617, 0.4249999523162842]",[]
707,"public class MULTIPLYEXACT {
/**
     * Returns the product of the arguments,
     * throwing an exception if the result overflows an {@code int}.
     *
     * @param x the first value
     * @param y the second value
     * @return the result
     * @throws ArithmeticException if the result overflows an int
     * @since 1.8
     */
    public static int multiplyExact(int x, int y) {
        long r = (long)x * (long)y;
        if ((int)r != r) {
            throw new ArithmeticException(""integer overflow"");
        }
        return (int)r;
    }
}",2.0,2,16,4,571.0,Medium (11-20),Very Short (2-5),Medium (11-20) | Very Short (2-5),MULTIPLYEXACT,[],"['[-310650607, -472094346]']",[],[0.5759999752044678]
564,"public class GETSTANDARDBOLDERFONTWEIGHT {
/**
     * Returns a bolder font-weight.
     */
    public static float getStandardBolderFontWeight(float f) {
        // Round f to nearest 100...
        int weight = ((int)((f+50)/100))*100;
        switch (weight) {
        case 100: return 600;
        case 200: return 600;
        case 300: return 600;
        case 400: return 600;
        case 500: return 600;
        case 600: return 700;
        case 700: return 800;
        case 800: return 900;
        case 900: return 900;
        default:
            throw new IllegalArgumentException(""Bad Font Weight: "" + f);
        }
    }
}",2.0,1,4,22,428.0,Short (4-10),Long (21+),Short (4-10) | Long (21+),GETSTANDARDBOLDERFONTWEIGHT,[],['[0.62379444]'],[],[0.878000020980835]
44,"public class SCALB {
/**
     * Multiply a double number by a power of 2.
     * @param d number to multiply
     * @param n power of 2
     * @return d &times; 2<sup>n</sup>
     */
    public static double scalb(final double d, final int n) {

        // first simple and fast handling when 2^n can be represented using normal numbers
        if ((n > -1023) && (n < 1024)) {
            return d * Double.longBitsToDouble(((long) (n + 1023)) << 52);
        }

        // handle special cases
        if (Double.isNaN(d) || Double.isInfinite(d) || (d == 0)) {
            return d;
        }
        if (n < -2098) {
            return (d > 0) ? 0.0 : -0.0;
        }
        if (n > 2097) {
            return (d > 0) ? Double.POSITIVE_INFINITY : Double.NEGATIVE_INFINITY;
        }

        // decompose d
        final long bits = Double.doubleToRawLongBits(d);
        final long sign = bits & 0x8000000000000000L;
        int  exponent   = ((int) (bits >>> 52)) & 0x7ff;
        long mantissa   = bits & 0x000fffffffffffffL;

        // compute scaled exponent
        int scaledExponent = exponent + n;

        if (n < 0) {
            // we are really in the case n <= -1023
            if (scaledExponent > 0) {
                // both the input and the result are normal numbers, we only adjust the exponent
                return Double.longBitsToDouble(sign | (((long) scaledExponent) << 52) | mantissa);
            } else if (scaledExponent > -53) {
                // the input is a normal number and the result is a subnormal number

                // recover the hidden mantissa bit
                mantissa |= 1L << 52;

                // scales down complete mantissa, hence losing least significant bits
                final long mostSignificantLostBit = mantissa & (1L << (-scaledExponent));
                mantissa >>>= 1 - scaledExponent;
                if (mostSignificantLostBit != 0) {
                    // we need to add 1 bit to round up the result
                    mantissa++;
                }
                return Double.longBitsToDouble(sign | mantissa);
            } else {
                // no need to compute the mantissa, the number scales down to 0
                return (sign == 0L) ? 0.0 : -0.0;
            }
        } else {
            // we are really in the case n >= 1024
            if (exponent == 0) {

                // the input number is subnormal, normalize it
                while ((mantissa >>> 52) != 1) {
                    mantissa <<= 1;
                    --scaledExponent;
                }
                ++scaledExponent;
                mantissa &= 0x000fffffffffffffL;

                if (scaledExponent < 2047) {
                    return Double.longBitsToDouble(sign | (((long) scaledExponent) << 52) | mantissa);
                } else {
                    return (sign == 0L) ? Double.POSITIVE_INFINITY : Double.NEGATIVE_INFINITY;
                }
            } else if (scaledExponent < 2047) {
                return Double.longBitsToDouble(sign | (((long) scaledExponent) << 52) | mantissa);
            } else {
                return (sign == 0L) ? Double.POSITIVE_INFINITY : Double.NEGATIVE_INFINITY;
            }
        }
    }
}",16.0,1,9,40,,Short (4-10),Long (21+),Short (4-10) | Long (21+),SCALB,"['[0.10078962394439395, -609148121]', '[0.3229337823344821, 1537860937]', '[1.5050172808006579E-6, 0]', '[0.0, 11608871]', '[1.5143305065468127E-6, 1929]']",[],"[0.7179999351501465, 0.7569999694824219, 0.8310000896453857, 0.9149999618530273, 49.04200005531311]",[]
573,"public class GETBOLDERFONTWEIGHT {
/**
     * Returns a bolder font-weight.
     */
    public float getBolderFontWeight(float f) {
        // Round f to nearest 100...
        int weight = ((int)((f+50)/100))*100;
        switch (weight) {
        case 100: return 600;
        case 200: return 600;
        case 300: return 600;
        case 400: return 600;
        case 500: return 600;
        case 600: return 700;
        case 700: return 800;
        case 800: return 900;
        case 900: return 900;
        default:
            throw new IllegalArgumentException(""Bad Font Weight: "" + f);
        }
    }
}",2.0,1,4,22,437.0,Short (4-10),Long (21+),Short (4-10) | Long (21+),GETBOLDERFONTWEIGHT,[],['[0.48334473]'],[],[0.1770000457763672]
506,"public class MIRRORVERTICALLY {
/**
     * mirror each row separately
     *
     * @param position as long
     * @return position mirrored vertically
     */
    public static long mirrorVertically(long position) {
        long verticallyMirroredPosition;
        verticallyMirroredPosition = ((position & (1L << 2)) << 42) | ((position & (1L << 3)) << 42) | ((position & (1L << 4)) << 42);
        verticallyMirroredPosition |= ((position & (1L << 9)) << 28) | ((position & (1L << 10)) << 28) | ((position & (1L << 11)) << 28);
        verticallyMirroredPosition |= ((position & (1L << 14)) << 14) | ((position & (1L << 15)) << 14) | ((position & (1L << 16)) << 14)
                | ((position & (1L << 17)) << 14) | ((position & (1L << 18)) << 14) | ((position & (1L << 19)) << 14)
                | ((position & (1L << 20)) << 14);
        verticallyMirroredPosition |= ((position & (1L << 21))) | ((position & (1L << 22))) | ((position & (1L << 23)))
                | ((position & (1L << 24)))
                | ((position & (1L << 25))) | ((position & (1L << 26))) | ((position & (1L << 27)));
        verticallyMirroredPosition |= ((position & (1L << 28)) >> 14) | ((position & (1L << 29)) >> 14) | ((position & (1L << 30)) >> 14)
                | ((position & (1L << 31)) >> 14) | ((position & (1L << 32)) >> 14) | ((position & (1L << 33)) >> 14)
                | ((position & (1L << 34)) >> 14);
        verticallyMirroredPosition |= ((position & (1L << 37)) >> 28) | ((position & (1L << 38)) >> 28) | ((position & (1L << 39)) >> 28);
        verticallyMirroredPosition |= ((position & (1L << 44)) >> 42) | ((position & (1L << 45)) >> 42) | ((position & (1L << 46)) >> 42);
        return verticallyMirroredPosition;
    }
}",1.0,1,4,42,370.0,Short (4-10),Long (21+),Short (4-10) | Long (21+),MIRRORVERTICALLY,['[7159620028132762187]'],[],[0.4030001163482666],[]
485,"public class BILINEARINTERPOLATE {
/**
	 * Bilinear interpolation of ARGB values.
	 * @param x the X interpolation parameter 0..1
	 * @param y the y interpolation parameter 0..1
	 * @param rgb array of four ARGB values in the order NW, NE, SW, SE
	 * @return the interpolated value
	 */
	public static int bilinearInterpolate(float x, float y, int nw, int ne, int sw, int se) {
		float m0, m1;
		int a0 = (nw >> 24) & 0xff;
		int r0 = (nw >> 16) & 0xff;
		int g0 = (nw >> 8) & 0xff;
		int b0 = nw & 0xff;
		int a1 = (ne >> 24) & 0xff;
		int r1 = (ne >> 16) & 0xff;
		int g1 = (ne >> 8) & 0xff;
		int b1 = ne & 0xff;
		int a2 = (sw >> 24) & 0xff;
		int r2 = (sw >> 16) & 0xff;
		int g2 = (sw >> 8) & 0xff;
		int b2 = sw & 0xff;
		int a3 = (se >> 24) & 0xff;
		int r3 = (se >> 16) & 0xff;
		int g3 = (se >> 8) & 0xff;
		int b3 = se & 0xff;

		float cx = 1.0f-x;
		float cy = 1.0f-y;

		m0 = cx * a0 + x * a1;
		m1 = cx * a2 + x * a3;
		int a = (int)(cy * m0 + y * m1);

		m0 = cx * r0 + x * r1;
		m1 = cx * r2 + x * r3;
		int r = (int)(cy * m0 + y * m1);

		m0 = cx * g0 + x * g1;
		m1 = cx * g2 + x * g3;
		int g = (int)(cy * m0 + y * m1);

		m0 = cx * b0 + x * b1;
		m1 = cx * b2 + x * b3;
		int b = (int)(cy * m0 + y * m1);

		return (a << 24) | (r << 16) | (g << 8) | b;
	}
}",1.0,1,5,32,349.0,Short (4-10),Long (21+),Short (4-10) | Long (21+),BILINEARINTERPOLATE,"['[0.7593, 0.8687113, -1039013075, -547444020, 1718012428, 438464826]']",[],[0.5550000667572021],[]
561,"public class GETLIGHTERFONTWEIGHT {
/**
         * Returns a lighter font-weight.
         */
        public float getLighterFontWeight(float f) {
            // Round f to nearest 100...
            int weight = ((int)((f+50)/100))*100;
            switch (weight) {
            case 100: return 100;
            case 200: return 100;
            case 300: return 200;
            case 400: return 300;
            case 500: return 400;
            case 600: return 400;
            case 700: return 400;
            case 800: return 400;
            case 900: return 400;
            default:
                throw new IllegalArgumentException(""Bad Font Weight: "" + f);
            }
        }
}",2.0,1,4,22,425.0,Short (4-10),Long (21+),Short (4-10) | Long (21+),GETLIGHTERFONTWEIGHT,[],['[0.8158589]'],[],[0.5710000991821289]
89,"public class ERFINVIMP {
/**
     * Common implementation for inverse erf and erfc functions.
     *
     * @param p P-value
     * @param q Q-value (1-p)
     * @return the inverse
     */
    public static double erfInvImp(double p, double q) {
        final double result;

        if (p <= 0.5) {
            //
            // Evaluate inverse erf using the rational approximation:
            //
            // x = p(p+10)(Y+R(p))
            //
            // Where Y is a constant, and R(p) is optimised for a low
            // absolute error compared to |Y|.
            //
            // double: Max error found: 2.001849e-18
            // long double: Max error found: 1.017064e-20
            // Maximum Deviation Found (actual error term at infinite precision) 8.030e-21
            //
            final float Y = 0.0891314744949340820313f;
            double P;
            P =  -0.00538772965071242932965;
            P =   0.00822687874676915743155 + P * p;
            P =    0.0219878681111168899165 + P * p;
            P =   -0.0365637971411762664006 + P * p;
            P =   -0.0126926147662974029034 + P * p;
            P =    0.0334806625409744615033 + P * p;
            P =  -0.00836874819741736770379 + P * p;
            P = -0.000508781949658280665617 + P * p;
            double Q;
            Q = 0.000886216390456424707504;
            Q = -0.00233393759374190016776 + Q * p;
            Q =   0.0795283687341571680018 + Q * p;
            Q =  -0.0527396382340099713954 + Q * p;
            Q =    -0.71228902341542847553 + Q * p;
            Q =    0.662328840472002992063 + Q * p;
            Q =     1.56221558398423026363 + Q * p;
            Q =    -1.56574558234175846809 + Q * p;
            Q =   -0.970005043303290640362 + Q * p;
            Q =                        1.0 + Q * p;
            final double g = p * (p + 10);
            final double r = P / Q;
            result = g * Y + g * r;
        } else if (q >= 0.25) {
            //
            // Rational approximation for 0.5 > q >= 0.25
            //
            // x = sqrt(-2*log(q)) / (Y + R(q))
            //
            // Where Y is a constant, and R(q) is optimised for a low
            // absolute error compared to Y.
            //
            // double : Max error found: 7.403372e-17
            // long double : Max error found: 6.084616e-20
            // Maximum Deviation Found (error term) 4.811e-20
            //
            final float Y = 2.249481201171875f;
            final double xs = q - 0.25f;
            double P;
            P =  -3.67192254707729348546;
            P =   21.1294655448340526258 + P * xs;
            P =    17.445385985570866523 + P * xs;
            P =  -44.6382324441786960818 + P * xs;
            P =  -18.8510648058714251895 + P * xs;
            P =   17.6447298408374015486 + P * xs;
            P =   8.37050328343119927838 + P * xs;
            P =  0.105264680699391713268 + P * xs;
            P = -0.202433508355938759655 + P * xs;
            double Q;
            Q =  1.72114765761200282724;
            Q = -22.6436933413139721736 + Q * xs;
            Q =  10.8268667355460159008 + Q * xs;
            Q =  48.5609213108739935468 + Q * xs;
            Q = -20.1432634680485188801 + Q * xs;
            Q = -28.6608180499800029974 + Q * xs;
            Q =   3.9713437953343869095 + Q * xs;
            Q =  6.24264124854247537712 + Q * xs;
            Q =                     1.0 + Q * xs;
            final double g = Math.sqrt(-2 * Math.log(q));
            final double r = P / Q;
            result = g / (Y + r);
        } else {
            //
            // For q < 0.25 we have a series of rational approximations all
            // of the general form:
            //
            // let: x = sqrt(-log(q))
            //
            // Then the result is given by:
            //
            // x(Y+R(x-B))
            //
            // where Y is a constant, B is the lowest value of x for which
            // the approximation is valid, and R(x-B) is optimised for a low
            // absolute error compared to Y.
            //
            // Note that almost all code will really go through the first
            // or maybe second approximation. After than we're dealing with very
            // small input values indeed.
            //
            // Limit for a double: Math.sqrt(-Math.log(Double.MIN_VALUE)) = 27.28...
            // Branches for x >= 44 (supporting 80 and 128 bit long double) have been removed.
            final double x = Math.sqrt(-Math.log(q));
            if (x < 3) {
                // Max error found: 1.089051e-20
                final float Y = 0.807220458984375f;
                final double xs = x - 1.125f;
                double P;
                P = -0.681149956853776992068e-9;
                P =  0.285225331782217055858e-7 + P * xs;
                P = -0.679465575181126350155e-6 + P * xs;
                P =   0.00214558995388805277169 + P * xs;
                P =    0.0290157910005329060432 + P * xs;
                P =     0.142869534408157156766 + P * xs;
                P =     0.337785538912035898924 + P * xs;
                P =     0.387079738972604337464 + P * xs;
                P =     0.117030156341995252019 + P * xs;
                P =    -0.163794047193317060787 + P * xs;
                P =    -0.131102781679951906451 + P * xs;
                double Q;
                Q =  0.01105924229346489121;
                Q = 0.152264338295331783612 + Q * xs;
                Q = 0.848854343457902036425 + Q * xs;
                Q =  2.59301921623620271374 + Q * xs;
                Q =  4.77846592945843778382 + Q * xs;
                Q =  5.38168345707006855425 + Q * xs;
                Q =  3.46625407242567245975 + Q * xs;
                Q =                     1.0 + Q * xs;
                final double R = P / Q;
                result = Y * x + R * x;
            } else if (x < 6) {
                // Max error found: 8.389174e-21
                final float Y = 0.93995571136474609375f;
                final double xs = x - 3;
                double P;
                P = 0.266339227425782031962e-11;
                P = -0.230404776911882601748e-9 + P * xs;
                P =  0.460469890584317994083e-5 + P * xs;
                P =  0.000157544617424960554631 + P * xs;
                P =   0.00187123492819559223345 + P * xs;
                P =   0.00950804701325919603619 + P * xs;
                P =    0.0185573306514231072324 + P * xs;
                P =  -0.00222426529213447927281 + P * xs;
                P =   -0.0350353787183177984712 + P * xs;
                double Q;
                Q = 0.764675292302794483503e-4;
                Q =  0.00263861676657015992959 + Q * xs;
                Q =   0.0341589143670947727934 + Q * xs;
                Q =    0.220091105764131249824 + Q * xs;
                Q =    0.762059164553623404043 + Q * xs;
                Q =      1.3653349817554063097 + Q * xs;
                Q =                        1.0 + Q * xs;
                final double R = P / Q;
                result = Y * x + R * x;
            } else if (x < 18) {
                // Max error found: 1.481312e-19
                final float Y = 0.98362827301025390625f;
                final double xs = x - 6;
                double P;
                P =   0.99055709973310326855e-16;
                P = -0.281128735628831791805e-13 + P * xs;
                P =   0.462596163522878599135e-8 + P * xs;
                P =   0.449696789927706453732e-6 + P * xs;
                P =   0.149624783758342370182e-4 + P * xs;
                P =   0.000209386317487588078668 + P * xs;
                P =    0.00105628862152492910091 + P * xs;
                P =   -0.00112951438745580278863 + P * xs;
                P =    -0.0167431005076633737133 + P * xs;
                double Q;
                Q = 0.282243172016108031869e-6;
                Q = 0.275335474764726041141e-4 + Q * xs;
                Q = 0.000964011807005165528527 + Q * xs;
                Q =   0.0160746087093676504695 + Q * xs;
                Q =    0.138151865749083321638 + Q * xs;
                Q =    0.591429344886417493481 + Q * xs;
                Q =                        1.0 + Q * xs;
                final double R = P / Q;
                result = Y * x + R * x;
            } else {
                // x < 44
                // Max error found: 5.697761e-20
                final float Y = 0.99714565277099609375f;
                final double xs = x - 18;
                double P;
                P = -0.116765012397184275695e-17;
                P =  0.145596286718675035587e-11 + P * xs;
                P =   0.411632831190944208473e-9 + P * xs;
                P =   0.396341011304801168516e-7 + P * xs;
                P =   0.162397777342510920873e-5 + P * xs;
                P =   0.254723037413027451751e-4 + P * xs;
                P =  -0.779190719229053954292e-5 + P * xs;
                P =    -0.0024978212791898131227 + P * xs;
                double Q;
                Q = 0.509761276599778486139e-9;
                Q = 0.144437756628144157666e-6 + Q * xs;
                Q = 0.145007359818232637924e-4 + Q * xs;
                Q = 0.000690538265622684595676 + Q * xs;
                Q =   0.0169410838120975906478 + Q * xs;
                Q =    0.207123112214422517181 + Q * xs;
                Q =                        1.0 + Q * xs;
                final double R = P / Q;
                result = Y * x + R * x;
            }
        }
        return result;
    }
}",6.0,1,8,149,,Short (4-10),Long (21+),Short (4-10) | Long (21+),ERFINVIMP,"['[0.11607944701491735, 0.9981194482788497]', '[0.8075850297437174, 0.7706654614204246]', '[0.8250218508185236, 0.05905673440290449]', '[0.8075850158929825, 4.632738637155853E-12]', '[0.75, 0.0]']",[],"[0.3680000305175781, 0.3940000534057617, 0.4479999542236328, 1.3650000095367432, 1.7239999771118164]",[]
560,"public class CALCULATEDOWNTICKMULTIPLE {
/**
     * Want to drop rate faster then increase.
     * @param c -
     * @return -
     */
    public float calculateDownTickMultiple(int c) {

        float multiple=0.0f;
        if(c<0){
            return multiple;
        }

        switch(c){
            case 0:
            case 1:
                multiple=0.25f;
                break;
            case 2:
                multiple=0.5f;
                break;
            case 3:
                multiple=1.0f;
                break;
            case 4:
                multiple=2.0f;
                break;
            case 5:
                multiple=3.0f;
                break;
            case 6:
                multiple=4.0f;
                break;
            case 7:
                multiple=6.0f;
                break;
            case 8:
                multiple=9.0f;
                break;
            case 9:
                multiple=15.0f;
                break;
            default:
                multiple=20.0f;
        }//switch
        return multiple;
    }
}",3.0,1,7,36,424.0,Short (4-10),Long (21+),Short (4-10) | Long (21+),CALCULATEDOWNTICKMULTIPLE,"['[-2089553464]', '[675136712]', '[0]', '[6]', '[5]', '[3]', '[1]', '[8]', '[9]']",[],"[0.687999963760376, 0.7300000190734863, 0.8199999332427979, 8.200000047683716, 26.594000101089478, 30.119999885559082, 31.536999940872192, 44.4760000705719, 58.64100003242493]",[]
762,"public class ISTABLE {
/**
     * Returns true if ""arc"" identifies a table object.
     */
    public boolean isTable(long arc) {

        switch((int)arc) {
            case 23:
                return true;
            case 22:
                return true;
            case 21:
                return true;
            case 20:
                return true;
            default:
                break;
        }
        return false;
    }
}",2.0,1,8,12,626.0,Short (4-10),Medium (11-20),Short (4-10) | Medium (11-20),ISTABLE,['[4956347546213152152]'],[],[0.4119999408721924],[]
766,"public class ISVARIABLE {
/**
     * Returns true if ""arc"" identifies a scalar object.
     */
    public boolean isVariable(long arc) {

        switch((int)arc) {
            case 9:
            case 8:
            case 7:
            case 6:
            case 5:
            case 4:
            case 3:
            case 11:
            case 2:
            case 10:
            case 1:
                return true;
            default:
                break;
        }
        return false;
    }
}",2.0,1,8,16,630.0,Short (4-10),Medium (11-20),Short (4-10) | Medium (11-20),ISVARIABLE,['[-263059119379658115]'],[],[0.806999921798706],[]
161,"public class SATURATION {
/**
     * Returns the saturation component of a color int.
     * 
     * @return A value between 0.0f and 1.0f
     * 
     * @hide Pending API council
     */
    public static float saturation(int color) {
        int r = (color >> 16) & 0xFF;
        int g = (color >> 8) & 0xFF;
        int b = color & 0xFF;


        int V = Math.max(b, Math.max(r, g));
        int temp = Math.min(b, Math.min(r, g));

        float S;

        if (V == temp) {
            S = 0;
        } else {
            S = (V - temp) / (float) V;
        }

        return S;
    }
}",2.0,1,8,11,25.0,Short (4-10),Medium (11-20),Short (4-10) | Medium (11-20),SATURATION,"['[84605651]', '[0]']",[],"[0.4240000247955322, 0.4960000514984131]",[]
356,"public class VOCALTRACTCOMPENSATION {
/**
     * Compensation of the vocal tract influence
     * @param freq
     * @param formant
     * @param bandWidth
     * @return
     */   
    public double vocalTractCompensation(double freq, double formant, double bandWidth){
      double num, denom, aux, val;     
      aux = Math.pow((bandWidth/2), 2.0);
      num = Math.pow(formant, 2.0) + aux;
      denom = Math.sqrt( ( Math.pow((freq-formant), 2.0) + aux )*( Math.pow((freq+formant), 2.0) + aux) );
      val = (num/denom);
      if(val > 0.0)
        return (20 * Math.log10(val));
      else{
        System.out.println(""vocalTractCompensation: warning value < 0.0"");
        return 0.0;
      }      
    }
}",2.0,1,6,11,220.0,Short (4-10),Medium (11-20),Short (4-10) | Medium (11-20),VOCALTRACTCOMPENSATION,"['[0.47081450713718787, 0.3421932251787938, 0.3182486458382787]', '[0.0, 0.0, 0.0]']",[],"[0.22900009155273438, 0.29200005531311035]",[]
720,"public class BINARYGCD {
/**
     * Calculate GCD of a and b interpreted as unsigned integers.
     */
    static int binaryGcd(int a, int b) {
        if (b == 0)
            return a;
        if (a == 0)
            return b;

        // Right shift a & b till their last bits equal to 1.
        int aZeros = Integer.numberOfTrailingZeros(a);
        int bZeros = Integer.numberOfTrailingZeros(b);
        a >>>= aZeros;
        b >>>= bZeros;

        int t = (aZeros < bZeros ? aZeros : bZeros);

        while (a != b) {
            if ((a+0x80000000) > (b+0x80000000)) {  // a > b as unsigned
                a -= b;
                a >>>= Integer.numberOfTrailingZeros(a);
            } else {
                b -= a;
                b >>>= Integer.numberOfTrailingZeros(b);
            }
        }
        return a<<t;
    }
}",5.0,1,10,15,584.0,Short (4-10),Medium (11-20),Short (4-10) | Medium (11-20),BINARYGCD,"['[-1567083594, 811612017]', '[-1863784069, -1581884722]', '[-988154721, -2142653051]', '[-1560857674, 806434687]', '[182, 0]', '[-1567083594, -1254934671]', '[-600027466, -424874527]', '[-1577058122, 805306368]', '[-1567083594, 113]', '[-1567096832, 6305536]', '[-1567096832, 811597824]', '[0, 805306368]', '[10, 1321658624]', '[182, -67108864]', '[1769472, 805306368]']",[],"[0.559999942779541, 0.6189999580383301, 0.6440000534057617, 0.6610000133514404, 0.6909999847412109, 0.7219998836517334, 0.7829999923706055, 1.1080000400543213, 1.128000020980835, 1.3220000267028809, 1.5139999389648438, 1.75, 3.2730000019073486, 3.3489999771118164, 7.3450000286102295]",[]
253,"public class SAFEMULTIPLY {
/**
     * Multiply two values throwing an exception if overflow occurs.
     * 
     * @param val1  the first value
     * @param scalar  the second value
     * @return the new total
     * @throws ArithmeticException if the value is too big or too small
     * @since 1.2
     */
    public static long safeMultiply(long val1, int scalar) {
        switch (scalar) {
        case -1:
            return -val1;
        case 0:
            return 0L;
        case 1:
            return val1;
        }
        long total = val1 * scalar;
        if (total / scalar != val1) {
            throw new ArithmeticException
                (""The calculation caused an overflow: "" + val1 + "" * "" + scalar);
        }
        return total;
    }
}",3.0,1,9,11,117.0,Short (4-10),Medium (11-20),Short (4-10) | Medium (11-20),SAFEMULTIPLY,[],"['[1486229019535705320, 8239582273167113390]']",[],[0.3900001049041748]
736,"public class GETHUE {
/**
     * Calculates the hue component for HSL and HSV color spaces.
     *
     * @param red    the red component of the color
     * @param green  the green component of the color
     * @param blue   the blue component of the color
     * @param max    the larger of {@code red}, {@code green} and {@code blue}
     * @param min    the smaller of {@code red}, {@code green} and {@code blue}
     * @return the hue component
     */
    static float getHue(float red, float green, float blue, float max, float min) {
        float hue = max - min;
        if (hue > 0.0f) {
            if (max == red) {
                hue = (green - blue) / hue;
                if (hue < 0.0f) {
                    hue += 6.0f;
                }
            }
            else if (max == green) {
                hue = 2.0f + (blue - red) / hue;
            }
            else /*max == blue*/ {
                hue = 4.0f + (red - green) / hue;
            }
            hue /= 6.0f;
        }
        return hue;
    }
}",5.0,1,10,12,600.0,Short (4-10),Medium (11-20),Short (4-10) | Medium (11-20),GETHUE,"['[0.32866877, 0.06723094, 0.0027227402, 0.52323836, 0.10294849]', '[0.10646951, 0.6414224, 0.94107455, 0.13458174, 0.84507275]']",[],"[0.23000001907348633, 0.2690000534057617]",[]
393,"public class ISPOINTONLINE {
/**
	 * Checks if a point is on a line.
	 * 
	 * @param x0 x value of first point in line
	 * @param y0 y value of first point in line
	 * @param x1 x value of second point in line
	 * @param y1 y value of second point in line
	 * @param xt x value of target point
	 * @param yt y value of target point
	 * @return return true if point is on the line, false if the point isn't on the line
	 */
	public static boolean isPointOnLine(int x0, int y0, int x1, int y1, int xt, int yt) {
		// this implementation avoids using doubles
		// apply transformation points to change target point to (0,0)
		x0 -= xt;
		y0 -= yt;
		x1 -= xt;
		y1 -= yt;

		// ensure that x0 is smaller than x1 so that we can just check to see if the line intersects the y axis easily
		if (x0 > x1) {
			int xtemp = x0;
			int ytemp = y0;
			x0 = x1;
			y0 = y1;
			x1 = xtemp;
			y1 = ytemp;
		}

		// if a point is on the edge of shape (on a line), it's considered outside the shape
		// special case if line is on y-axis
		if (x0 == 0 && x1 == 0) {
			// ensure that y0 is smaller than y1 so that we can just check if the line intersects the x axis
			if (y0 > y1) {
				int ytemp = y0;
				y0 = y1;
				y1 = ytemp;
			}
			// test to see if we have a vertical line touches x-axis
			if (y0 <= 0 && y1 >= 0)
				return true;
			// checks if point is on the line, see comments in contain() for derivation of similar 
			// formula - left as an exercise to the reader ;)
		} else if ((x0 <= 0 && x1 >= 0) && (y0 * (x1 - x0)) == ((y1 - y0) * x0)) {
			return true;
		}
		return false;
	}
}",10.0,1,8,20,257.0,Short (4-10),Medium (11-20),Short (4-10) | Medium (11-20),ISPOINTONLINE,"['[51772929, -235550171, 290895948, 689531913, -1218493127, 1232648522]', '[51772929, -235579648, 290895948, 689518768, -2090908359, 1232648525]', '[51772929, -235550171, 290895948, 1262971913, 1281312163, 1197084066]', '[0, 0, 0, 0, 0, 0]', '[51772929, 37, 0, 0, 0, 0]', '[0, 16056320, 0, 0, 0, 0]', '[0, 0, 0, 0, 0, 7864320]', '[0, 0, 0, 0, 0, -1210191616]']",[],"[0.9119999408721924, 0.9449999332427979, 0.9749999046325684, 1.2899999618530273, 1.3410000801086426, 1.6050000190734863, 2.2049999237060547, 2.934999942779541]",[]
467,"public class IMAGEFONTHEIGHT {
/**
    * Get font height.
    *
    * @param font a font previously loaded with {@link #imageloadfont},
    *             or 1 -5 for built-in fonts
    */
   public static int imagefontheight(int font) {
      if (font < 1) {
         return 8;
      } else if (font == 1) {
         return 8;
      } else if (font == 2) {
         return 13;
      } else if (font == 3) {
         return 13;
      } else if (font == 4) {
         return 16;
      } else if (font == 5) {
         return 15;
      } else {
         return 15;
      }
   }
}",7.0,2,9,14,331.0,Short (4-10),Medium (11-20),Short (4-10) | Medium (11-20),IMAGEFONTHEIGHT,"['[-1055034092]', '[1712458821]']",[],"[0.5, 0.5499999523162842]",[]
758,"public class ISVARIABLE {
/**
     * Returns true if ""arc"" identifies a scalar object.
     */
    public boolean isVariable(long arc) {

        switch((int)arc) {
            case 2:
            case 1:
                return true;
            default:
                break;
        }
        return false;
    }
}",2.0,1,8,7,622.0,Short (4-10),Short (6-10),Short (4-10) | Short (6-10),ISVARIABLE,['[629139594794566479]'],[],[0.5199999809265137],[]
65,"public class MED3 {
/**
     * Find the median index of 3 values.
     *
     * @param a Value.
     * @param b Value.
     * @param c Value.
     * @param ia Index of a.
     * @param ib Index of b.
     * @param ic Index of c.
     * @return the median index
     */
    public static int med3(double a, double b, double c, int ia, int ib, int ic) {
        if (a < b) {
            if (b < c) {
                return ib;
            }
            return a < c ? ic : ia;
        }
        if (b > c) {
            return ib;
        }
        return a > c ? ic : ia;
    }
}",4.0,1,7,7,,Short (4-10),Short (6-10),Short (4-10) | Short (6-10),MED3,"['[0.8025353756074061, 0.4058700925280241, 0.6270358746225495, -945343582, 1798569796, -1887180990]', '[0.8025353710744765, 0.147672356002704, 0.03096941447442869, -809749598, -285291771, 855112637]', '[0.8025353756074054, 0.40587009368490135, 0.957668425889807, -945343582, 1143151940, -1887233892]', '[0.4899552013836813, 0.7839310222024201, 0.2724070031989102, 1521364312, 1798569791, 1421854321]', '[0.09340222915765695, 0.4058721786905912, 0.6270358743173003, -945343582, 1798569796, -572356286]', '[0.2467343877031004, 0.4229172350440119, 0.3636555295796574, 1945150725, 2065413879, -465470736]']",[],"[0.5209999084472656, 0.5520000457763672, 0.568000078201294, 0.5880000591278076, 0.6289999485015869, 0.6830000877380371]",[]
575,"public class HYPOT {
/**
 * Returns sqrt(a^2 + b^2) without under/overflow.
 */
public static double hypot(double a, double b) {
	double r;
	if (Math.abs(a) > Math.abs(b)) {
		r = b/a;
		r = Math.abs(a)*Math.sqrt(1+r*r);
	} else if (b != 0) {
		r = a/b;
		r = Math.abs(b)*Math.sqrt(1+r*r);
	} else {
		r = 0.0;
	}
	return r;
}
}",3.0,1,6,10,439.0,Short (4-10),Short (6-10),Short (4-10) | Short (6-10),HYPOT,"['[0.23525567632360167, 0.8046463915711943]', '[0.23525567632359978, 0.033162019786260544]', '[0.0, 0.0]']",[],"[0.559999942779541, 0.6080000400543213, 0.8329999446868896]",[]
759,"public class ISREADABLE {
/**
     * Returns true if ""arc"" identifies a readable scalar object.
     */
    public boolean isReadable(long arc) {

        switch((int)arc) {
            case 2:
                return true;
            default:
                break;
        }
        return false;
    }
}",2.0,1,9,6,623.0,Short (4-10),Short (6-10),Short (4-10) | Short (6-10),ISREADABLE,['[-8637352037196082393]'],[],[0.500999927520752],[]
270,"public class SUITABLEPOWER2 {
/**
	 * Round to best 2^
	 */
	public static int suitablePower2(int s)
		{
//		return 128;
		if(s>380) return 512;
		else if(s>192) return 256;
		else if(s>96) return 128;
		else if(s>48) return 64;
		else if(s>24) return 32;
		else if(s>12) return 16;
		else if(s>6) return 8;
		else return 4;
		}
}",8.0,1,4,8,134.0,Short (4-10),Short (6-10),Short (4-10) | Short (6-10),SUITABLEPOWER2,"['[1222730708]', '[-1781057896]', '[212]', '[152]', '[33]', '[11]', '[71]', '[19]']",[],"[0.30500006675720215, 0.3410000801086426, 0.6050000190734863, 0.9830000400543213, 2.5480000972747803, 2.815000057220459, 4.450000047683716, 24.378999948501587]",[]
254,"public class SAFEMULTIPLY {
/**
     * Multiply two values throwing an exception if overflow occurs.
     * 
     * @param val1  the first value
     * @param val2  the second value
     * @return the new total
     * @throws ArithmeticException if the value is too big or too small
     */
    public static long safeMultiply(long val1, long val2) {
        if (val2 == 1) {
            return val1;
        }
        if (val2 == 0) {
            return 0;
        }
        long total = val1 * val2;
        if (total / val2 != val1) {
            throw new ArithmeticException
                (""The calculation caused an overflow: "" + val1 + "" * "" + val2);
        }
        return total;
    }
}",4.0,1,9,8,118.0,Short (4-10),Short (6-10),Short (4-10) | Short (6-10),SAFEMULTIPLY,[],"['[-5505097334906938362, 2538871595474769407]']",[],[0.7400000095367432]
420,"public class COUNTDY {
/**
	 * Counts delta y distance (height) between previous and next rings
	 * @param val
	 * @return
	 */

	public static int countDY (int val) {
		int dY = 0;
		if (Math.abs(val) != 4) {
			if (val > 0) {
				dY = 1;
			}
			if (val < 0) {
				dY = -1;
			}
		}
		return dY;
	}
}",4.0,1,10,7,284.0,Short (4-10),Short (6-10),Short (4-10) | Short (6-10),COUNTDY,"['[30157223]', '[-147987163]']",[],"[0.39299988746643066, 0.4159998893737793]",[]
400,"public class ADDEDGE {
/**
     * Unsupported operation. Spanning trees should not be edited.
     * @see prefuse.data.Graph#addEdge(int, int)
     */
    public int addEdge(int s, int t) {
        throw new UnsupportedOperationException(
            ""Changes to graph structure not allowed for spanning trees."");
    }
}",1.0,1,8,2,264.0,Short (4-10),Very Short (2-5),Short (4-10) | Very Short (2-5),ADDEDGE,[],"['[-270013806, -2045156691]']",[],[0.6789999008178711]
684,"public class DISTANCE {
/**
     * Returns the distance between two points.
     *
     * @param x1 the X coordinate of the first specified point
     * @param y1 the Y coordinate of the first specified point
     * @param x2 the X coordinate of the second specified point
     * @param y2 the Y coordinate of the second specified point
     * @return the distance between the two sets of specified
     * coordinates.
     * @since 1.2
     */
    public static double distance(double x1, double y1,
                                  double x2, double y2)
    {
        x1 -= x2;
        y1 -= y2;
        return Math.sqrt(x1 * x1 + y1 * y1);
    }
}",1.0,2,7,3,548.0,Short (4-10),Very Short (2-5),Short (4-10) | Very Short (2-5),DISTANCE,"['[0.6821343127345953, 0.41206440673628875, 0.16303623213681995, 0.9520796453854748]']",[],[0.7379999160766602],[]
162,"public class BRIGHTNESS {
/**
     * Returns the brightness component of a color int.
     * 
     * @return A value between 0.0f and 1.0f
     * 
     * @hide Pending API council
     */
    public static float brightness(int color) {
        int r = (color >> 16) & 0xFF;
        int g = (color >> 8) & 0xFF;
        int b = color & 0xFF;

        int V = Math.max(b, Math.max(r, g));

        return (V / 255.f);
    }
}",1.0,1,8,5,26.0,Short (4-10),Very Short (2-5),Short (4-10) | Very Short (2-5),BRIGHTNESS,['[1688302547]'],[],[0.749000072479248],[]
152,"public class GETTOPSELECTIONPIXEL {
/**
     * Calculate the top-most pixel we can draw the selection into
     *
     * @param childrenTop Top pixel were children can be drawn
     * @param fadingEdgeLength Length of the fading edge in pixels, if present
     * @param rowStart The start of the row that will contain the selection
     * @return The top-most pixel we can draw the selection into
     */
    public int getTopSelectionPixel(int childrenTop, int fadingEdgeLength, int rowStart) {
        // first pixel we can draw the selection into
        int topSelectionPixel = childrenTop;
        if (rowStart > 0) {
            topSelectionPixel += fadingEdgeLength;
        }
        return topSelectionPixel;
    }
}",2.0,1,10,4,16.0,Short (4-10),Very Short (2-5),Short (4-10) | Very Short (2-5),GETTOPSELECTIONPIXEL,"['[-1659731287, -2098902070, 2043965448]', '[-1659725655, -2098902070, -1662750712]']",[],"[0.8629999160766602, 0.9059998989105225]",[]
542,"public class UNRANDOMIZE255STATE {
/**
   * See ISO 16022:2006, Annex B, B.2
   */
  public static int unrandomize255State(int randomizedBase256Codeword,
                                          int base256CodewordPosition) {
    int pseudoRandomNumber = ((149 * base256CodewordPosition) % 255) + 1;
    int tempVariable = randomizedBase256Codeword - pseudoRandomNumber;
    return tempVariable >= 0 ? tempVariable : tempVariable + 256;
  }
}",1.0,1,6,4,406.0,Short (4-10),Very Short (2-5),Short (4-10) | Very Short (2-5),UNRANDOMIZE255STATE,"['[-756930801, 1572497506]', '[9999, 0]']",[],"[0.8859999179840088, 0.9279999732971191]",[]
297,"public class NEXTRAND {
/** Marsaglia, 2003. */
  long nextRand(long x) {
    x ^= (x << 13);
    x ^= (x >>> 7);
    return (x ^= (x << 17));
  }
}",1.0,1,4,4,161.0,Short (4-10),Very Short (2-5),Short (4-10) | Very Short (2-5),NEXTRAND,['[5009478555031056526]'],[],[0.8289999961853027],[]
464,"public class COMPARENUMBERS {
/**
   * Compare two numbers for equality.
   *
   *
   * @param n1 First number to compare
   * @param n2 Second number to compare
   *
   * @return true if n1 is equal to n2
   */
  boolean compareNumbers(double n1, double n2)
  {
    return n1 == n2;
  }
}",1.0,1,5,2,328.0,Short (4-10),Very Short (2-5),Short (4-10) | Very Short (2-5),COMPARENUMBERS,"['[0.8604950504541277, 0.8344239196566035]', '[0.0, 0.0]']",[],"[0.7290000915527344, 0.9509999752044678]",[]
748,"public class ISTABLE {
/**
     * Returns true if ""arc"" identifies a table object.
     */
    public boolean isTable(long arc) {

        switch((int)arc) {
            default:
                break;
        }
        return false;
    }
}",2.0,1,8,4,612.0,Short (4-10),Very Short (2-5),Short (4-10) | Very Short (2-5),ISTABLE,['[-4226234005700018761]'],[],[0.48799991607666016],[]
788,"public class TOINT64 {
/**
     * JavaScript compliant number to int64 conversion
     *
     * @param num a number
     * @return an int64
     */
    public static long toInt64(final double num) {
        if (Double.isInfinite(num)) {
            return 0L;
        }
        return (long)num;
    }
}",2.0,1,6,3,652.0,Short (4-10),Very Short (2-5),Short (4-10) | Very Short (2-5),TOINT64,['[0.5195063047247052]'],[],[0.7939999103546143],[]
347,"public class SORTABLEINTTOFLOAT {
/**
   * Converts a sortable <code>int</code> back to a <code>float</code>.
   * @see #floatToSortableInt
   */
  public static float sortableIntToFloat(int val) {
    if (val<0) val ^= 0x7fffffff;
    return Float.intBitsToFloat(val);
  }
}",2.0,1,8,2,211.0,Short (4-10),Very Short (2-5),Short (4-10) | Very Short (2-5),SORTABLEINTTOFLOAT,"['[1620703125]', '[-1678291552]']",[],"[0.12599992752075195, 0.17400002479553223]",[]
699,"public class NUMBEROFTRAILINGZEROS {
/**
     * Returns the number of zero bits following the lowest-order (""rightmost"")
     * one-bit in the two's complement binary representation of the specified
     * {@code long} value.  Returns 64 if the specified value has no
     * one-bits in its two's complement representation, in other words if it is
     * equal to zero.
     *
     * @param i the value whose number of trailing zeros is to be computed
     * @return the number of zero bits following the lowest-order (""rightmost"")
     *     one-bit in the two's complement binary representation of the
     *     specified {@code long} value, or 64 if the value is equal
     *     to zero.
     * @since 1.5
     */
    public static int numberOfTrailingZeros(long i) {
        // HD, Figure 5-14
        int x, y;
        if (i == 0) return 64;
        int n = 63;
        y = (int)i; if (y != 0) { n = n -32; x = y; } else x = (int)(i>>>32);
        y = x <<16; if (y != 0) { n = n -16; x = y; }
        y = x << 8; if (y != 0) { n = n - 8; x = y; }
        y = x << 4; if (y != 0) { n = n - 4; x = y; }
        y = x << 2; if (y != 0) { n = n - 2; x = y; }
        return n - ((x << 1) >>> 31);
    }
}",7.0,8,68,25,563.0,Very Long (41+),Long (21+),Very Long (41+) | Long (21+),NUMBEROFTRAILINGZEROS,"['[-1101585057]', '[0]', '[-1846856236]', '[-2119154368]', '[9472]', '[-1107296256]']",[],"[0.39100003242492676, 0.4700000286102295, 0.48000001907348633, 0.5980000495910645, 1.0929999351501465, 1.4270000457763672]",[]
240,"public class HYPERGEOMETRIC {
/**
   * Find a hypergeometric distribution.  This uses exact math, trying
   * fairly hard to avoid numeric overflow by interleaving
   * multiplications and divisions.
   * (To do: make it even better at avoiding overflow, by using loops
   * that will do either a multiple or divide based on the size of the
   * intermediate result.)
   *
   * @param k The number of black balls drawn
   * @param n The total number of balls
   * @param r The number of black balls
   * @param m The number of balls drawn
   * @return The hypergeometric value
   */
  public static double hypergeometric(int k, int n, int r, int m) {
    if (k < 0 || r > n || m > n || n <= 0 || m < 0 || r < 0) {
      throw new IllegalArgumentException(""Invalid hypergeometric"");
    }

    // exploit symmetry of problem
    if (m > n / 2) {
      m = n - m;
      k = r - k;
    }
    if (r > n / 2) {
      r = n - r;
      k = m - k;
    }
    if (m > r) {
      int temp = m;
      m = r;
      r = temp;
    }
    // now we have that k <= m <= r <= n/2

    if (k < (m + r) - n || k > m) {
      return 0.0;
    }

    // Do limit cases explicitly
    // It's unclear whether this is a good idea.  I put it in fearing
    // numerical errors when the numbers seemed off, but actually there
    // was a bug in the Fisher's exact routine.
    if (r == n) {
      if (k == m) {
        return 1.0;
      } else {
        return 0.0;
      }
    } else if (r == n - 1) {
      if (k == m) {
        return (n - m) / (double) n;
      } else if (k == m - 1) {
        return m / (double) n;
      } else {
        return 0.0;
      }
    } else if (m == 1) {
      if (k == 0) {
        return (n - r) / (double) n;
      } else if (k == 1) {
        return r / (double) n;
      } else {
        return 0.0;
      }
    } else if (m == 0) {
      if (k == 0) {
        return 1.0;
      } else {
        return 0.0;
      }
    } else if (k == 0) {
      double ans = 1.0;
      for (int m0 = 0; m0 < m; m0++) {
        ans *= ((n - r) - m0);
        ans /= (n - m0);
      }
      return ans;
    }

    double ans = 1.0;
    // do (n-r)x...x((n-r)-((m-k)-1))/n x...x (n-((m-k-1)))
    // leaving rest of denominator to get to multimply by (n-(m-1))
    // that's k things which goes into next loop
    for (int nr = n - r, n0 = n; nr > (n - r) - (m - k); nr--, n0--) {
      // System.out.println(""Multiplying by "" + nr);
      ans *= nr;
      // System.out.println(""Dividing by "" + n0);
      ans /= n0;
    }
    // System.out.println(""Done phase 1"");
    for (int k0 = 0; k0 < k; k0++) {
      ans *= (m - k0);
      // System.out.println(""Multiplying by "" + (m-k0));
      ans /= ((n - (m - k0)) + 1);
      // System.out.println(""Dividing by "" + ((n-(m+k0)+1)));
      ans *= (r - k0);
      // System.out.println(""Multiplying by "" + (r-k0));
      ans /= (k0 + 1);
      // System.out.println(""Dividing by "" + (k0+1));
    }
    return ans;
  }
}",26.0,6,48,54,104.0,Very Long (41+),Long (21+),Very Long (41+) | Long (21+),HYPERGEOMETRIC,"['[1695100798, 1914807501, 1282667749, 1021736239]', '[126, 1912602624, 7536869, 0]', '[1695148414, 945202381, 192696883, 826845188]', '[12158, 1914807501, 1282667749, 29952]', '[570503038, 1914807487, 1282667749, 753300783]']","['[1960758152, 1604190596, -1552529883, -528439211]']","[0.14800000190734863, 0.2109999656677246, 0.24699997901916504, 0.4930000305175781, 150.95000004768372]",[0.07599997520446777]
674,"public class HSBTORGB {
/**
     * Converts the components of a color, as specified by the HSB
     * model, to an equivalent set of values for the default RGB model.
     * <p>
     * The <code>saturation</code> and <code>brightness</code> components
     * should be floating-point values between zero and one
     * (numbers in the range 0.0-1.0).  The <code>hue</code> component
     * can be any floating-point number.  The floor of this number is
     * subtracted from it to create a fraction between 0 and 1.  This
     * fractional number is then multiplied by 360 to produce the hue
     * angle in the HSB color model.
     * <p>
     * The integer that is returned by <code>HSBtoRGB</code> encodes the
     * value of a color in bits 0-23 of an integer value that is the same
     * format used by the method {@link #getRGB() getRGB}.
     * This integer can be supplied as an argument to the
     * <code>Color</code> constructor that takes a single integer argument.
     * @param     hue   the hue component of the color
     * @param     saturation   the saturation of the color
     * @param     brightness   the brightness of the color
     * @return    the RGB value of the color with the indicated hue,
     *                            saturation, and brightness.
     * @see       java.awt.Color#getRGB()
     * @see       java.awt.Color#Color(int)
     * @see       java.awt.image.ColorModel#getRGBdefault()
     * @since     JDK1.0
     */
    public static int HSBtoRGB(float hue, float saturation, float brightness) {
        int r = 0, g = 0, b = 0;
        if (saturation == 0) {
            r = g = b = (int) (brightness * 255.0f + 0.5f);
        } else {
            float h = (hue - (float)Math.floor(hue)) * 6.0f;
            float f = h - (float)java.lang.Math.floor(h);
            float p = brightness * (1.0f - saturation);
            float q = brightness * (1.0f - saturation * f);
            float t = brightness * (1.0f - (saturation * (1.0f - f)));
            switch ((int) h) {
            case 0:
                r = (int) (brightness * 255.0f + 0.5f);
                g = (int) (t * 255.0f + 0.5f);
                b = (int) (p * 255.0f + 0.5f);
                break;
            case 1:
                r = (int) (q * 255.0f + 0.5f);
                g = (int) (brightness * 255.0f + 0.5f);
                b = (int) (p * 255.0f + 0.5f);
                break;
            case 2:
                r = (int) (p * 255.0f + 0.5f);
                g = (int) (brightness * 255.0f + 0.5f);
                b = (int) (t * 255.0f + 0.5f);
                break;
            case 3:
                r = (int) (p * 255.0f + 0.5f);
                g = (int) (q * 255.0f + 0.5f);
                b = (int) (brightness * 255.0f + 0.5f);
                break;
            case 4:
                r = (int) (t * 255.0f + 0.5f);
                g = (int) (p * 255.0f + 0.5f);
                b = (int) (brightness * 255.0f + 0.5f);
                break;
            case 5:
                r = (int) (brightness * 255.0f + 0.5f);
                g = (int) (p * 255.0f + 0.5f);
                b = (int) (q * 255.0f + 0.5f);
                break;
            }
        }
        return 0xff000000 | (r << 16) | (g << 8) | (b << 0);
    }
}",3.0,17,139,41,538.0,Very Long (41+),Long (21+),Very Long (41+) | Long (21+),HSBTORGB,"['[0.29092467, 0.23786491, 0.4033546]', '[0.49749196, 0.7950266, 0.6117131]', '[0.0, 0.0, 0.0]', '[0.7038038, 0.3568229, 0.20018256]', '[0.918388, 0.82232803, 0.7662075]', '[0.5946031, 0.66178244, 0.31125027]', '[0.15851182, 0.16380155, 0.6560568]']",[],"[0.47300004959106445, 0.5280001163482666, 0.5369999408721924, 0.5529999732971191, 0.5690000057220459, 0.5690000057220459, 0.6019999980926514]",[]
86,"public class INVERSEERF {
/**
     * Returns the inverse error function.
     *
     * <p>This implementation is described in the paper:
     * <a href=""http://people.maths.ox.ac.uk/gilesm/files/gems_erfinv.pdf"">Approximating
     * the erfinv function</a> by Mike Giles, Oxford-Man Institute of Quantitative Finance,
     * which was published in GPU Computing Gems, volume 2, 2010.
     * The source code is available <a href=""http://gpucomputing.net/?q=node/1828"">here</a>.
     * </p>
     *
     * <p>This is the implementation in Commons Numbers 1.0.
     *
     * @param x Value in [-1, 1].
     * @return t such that {@code x = erf(t)}
     */
    public static double inverseErf(final double x) {
        // Beware that the logarithm argument must be
        // computed as (1 - x) * (1 + x),
        // it must NOT be simplified as 1 - x * x as this
        // would induce rounding errors near the boundaries +/-1
        double w = -Math.log((1 - x) * (1 + x));
        double p;

        if (w < 6.25) {
            w -= 3.125;
            p =  -3.6444120640178196996e-21;
            p =   -1.685059138182016589e-19 + p * w;
            p =   1.2858480715256400167e-18 + p * w;
            p =    1.115787767802518096e-17 + p * w;
            p =   -1.333171662854620906e-16 + p * w;
            p =   2.0972767875968561637e-17 + p * w;
            p =   6.6376381343583238325e-15 + p * w;
            p =  -4.0545662729752068639e-14 + p * w;
            p =  -8.1519341976054721522e-14 + p * w;
            p =   2.6335093153082322977e-12 + p * w;
            p =  -1.2975133253453532498e-11 + p * w;
            p =  -5.4154120542946279317e-11 + p * w;
            p =    1.051212273321532285e-09 + p * w;
            p =  -4.1126339803469836976e-09 + p * w;
            p =  -2.9070369957882005086e-08 + p * w;
            p =   4.2347877827932403518e-07 + p * w;
            p =  -1.3654692000834678645e-06 + p * w;
            p =  -1.3882523362786468719e-05 + p * w;
            p =    0.0001867342080340571352 + p * w;
            p =  -0.00074070253416626697512 + p * w;
            p =   -0.0060336708714301490533 + p * w;
            p =      0.24015818242558961693 + p * w;
            p =       1.6536545626831027356 + p * w;
        } else if (w < 16.0) {
            w = Math.sqrt(w) - 3.25;
            p =   2.2137376921775787049e-09;
            p =   9.0756561938885390979e-08 + p * w;
            p =  -2.7517406297064545428e-07 + p * w;
            p =   1.8239629214389227755e-08 + p * w;
            p =   1.5027403968909827627e-06 + p * w;
            p =   -4.013867526981545969e-06 + p * w;
            p =   2.9234449089955446044e-06 + p * w;
            p =   1.2475304481671778723e-05 + p * w;
            p =  -4.7318229009055733981e-05 + p * w;
            p =   6.8284851459573175448e-05 + p * w;
            p =   2.4031110387097893999e-05 + p * w;
            p =   -0.0003550375203628474796 + p * w;
            p =   0.00095328937973738049703 + p * w;
            p =   -0.0016882755560235047313 + p * w;
            p =    0.0024914420961078508066 + p * w;
            p =   -0.0037512085075692412107 + p * w;
            p =     0.005370914553590063617 + p * w;
            p =       1.0052589676941592334 + p * w;
            p =       3.0838856104922207635 + p * w;
        } else if (w < Double.POSITIVE_INFINITY) {
            w = Math.sqrt(w) - 5;
            p =  -2.7109920616438573243e-11;
            p =  -2.5556418169965252055e-10 + p * w;
            p =   1.5076572693500548083e-09 + p * w;
            p =  -3.7894654401267369937e-09 + p * w;
            p =   7.6157012080783393804e-09 + p * w;
            p =  -1.4960026627149240478e-08 + p * w;
            p =   2.9147953450901080826e-08 + p * w;
            p =  -6.7711997758452339498e-08 + p * w;
            p =   2.2900482228026654717e-07 + p * w;
            p =  -9.9298272942317002539e-07 + p * w;
            p =   4.5260625972231537039e-06 + p * w;
            p =  -1.9681778105531670567e-05 + p * w;
            p =   7.5995277030017761139e-05 + p * w;
            p =  -0.00021503011930044477347 + p * w;
            p =  -0.00013871931833623122026 + p * w;
            p =       1.0103004648645343977 + p * w;
            p =       4.8499064014085844221 + p * w;
        } else if (w == Double.POSITIVE_INFINITY) {
            // this branch does not appears in the original code, it
            // was added because the previous branch does not handle
            // x = +/-1 correctly. In this case, w is positive infinity
            // and as the first coefficient (-2.71e-11) is negative.
            // Once the first multiplication is done, p becomes negative
            // infinity and remains so throughout the polynomial evaluation.
            // So the branch above incorrectly returns negative infinity
            // instead of the correct positive infinity.
            p = Double.POSITIVE_INFINITY;
        } else {
            // this branch does not appears in the original code, it
            // occurs when the input is NaN or not in the range [-1, 1].
            return Double.NaN;
        }

        return p * x;
    }
}",5.0,8,51,72,,Very Long (41+),Long (21+),Very Long (41+) | Long (21+),INVERSEERF,"['[0.5323600951193732]', '[0.9995765882877569]']",[],"[0.11999988555908203, 2.7679998874664307]",[]
689,"public class ISCASED {
/**
     * Examines whether a character is 'cased'.
     *
     * A character C is defined to be 'cased' if and only if at least one of
     * following are true for C: uppercase==true, or lowercase==true, or
     * general_category==titlecase_letter.
     *
     * The uppercase and lowercase property values are specified in the data
     * file DerivedCoreProperties.txt in the Unicode Character Database.
     */
    public static boolean isCased(int ch) {
        int type = Character.getType(ch);
        if (type == Character.LOWERCASE_LETTER ||
                type == Character.UPPERCASE_LETTER ||
                type == Character.TITLECASE_LETTER) {
            return true;
        } else {
            // Check for Other_Lowercase and Other_Uppercase
            //
            if ((ch >= 0x02B0) && (ch <= 0x02B8)) {
                // MODIFIER LETTER SMALL H..MODIFIER LETTER SMALL Y
                return true;
            } else if ((ch >= 0x02C0) && (ch <= 0x02C1)) {
                // MODIFIER LETTER GLOTTAL STOP..MODIFIER LETTER REVERSED GLOTTAL STOP
                return true;
            } else if ((ch >= 0x02E0) && (ch <= 0x02E4)) {
                // MODIFIER LETTER SMALL GAMMA..MODIFIER LETTER SMALL REVERSED GLOTTAL STOP
                return true;
            } else if (ch == 0x0345) {
                // COMBINING GREEK YPOGEGRAMMENI
                return true;
            } else if (ch == 0x037A) {
                // GREEK YPOGEGRAMMENI
                return true;
            } else if ((ch >= 0x1D2C) && (ch <= 0x1D61)) {
                // MODIFIER LETTER CAPITAL A..MODIFIER LETTER SMALL CHI
                return true;
            } else if ((ch >= 0x2160) && (ch <= 0x217F)) {
                // ROMAN NUMERAL ONE..ROMAN NUMERAL ONE THOUSAND
                // SMALL ROMAN NUMERAL ONE..SMALL ROMAN NUMERAL ONE THOUSAND
                return true;
            } else if ((ch >= 0x24B6) && (ch <= 0x24E9)) {
                // CIRCLED LATIN CAPITAL LETTER A..CIRCLED LATIN CAPITAL LETTER Z
                // CIRCLED LATIN SMALL LETTER A..CIRCLED LATIN SMALL LETTER Z
                return true;
            } else {
                return false;
            }
        }
    }
}",18.0,6,50,24,553.0,Very Long (41+),Long (21+),Very Long (41+) | Long (21+),ISCASED,"['[391183356]', '[0]', '[252]', '[66]']",[],"[0.05200004577636719, 0.09400010108947754, 0.312000036239624, 2.0230000019073486]",[]
719,"public class RINT {
/**
     * Returns the {@code double} value that is closest in value
     * to the argument and is equal to a mathematical integer. If two
     * {@code double} values that are mathematical integers are
     * equally close to the value of the argument, the result is the
     * integer value that is even. Special cases:
     * <ul><li>If the argument value is already equal to a mathematical
     * integer, then the result is the same as the argument.
     * <li>If the argument is NaN or an infinity or positive zero or negative
     * zero, then the result is the same as the argument.</ul>
     *
     * @param   a   a value.
     * @return  the closest floating-point value to {@code a} that is
     *          equal to a mathematical integer.
     * @author Joseph D. Darcy
     */
    public static double rint(double a) {
        /*
         * If the absolute value of a is not less than 2^52, it
         * is either a finite integer (the double format does not have
         * enough significand bits for a number that large to have any
         * fractional portion), an infinity, or a NaN.  In any of
         * these cases, rint of the argument is the argument.
         *
         * Otherwise, the sum (twoToThe52 + a ) will properly round
         * away any fractional portion of a since ulp(twoToThe52) ==
         * 1.0; subtracting out twoToThe52 from this sum will then be
         * exact and leave the rounded integer portion of a.
         *
         * This method does *not* need to be declared strictfp to get
         * fully reproducible results.  Whether or not a method is
         * declared strictfp can only make a difference in the
         * returned result if some operation would overflow or
         * underflow with strictfp semantics.  The operation
         * (twoToThe52 + a ) cannot overflow since large values of a
         * are screened out; the add cannot underflow since twoToThe52
         * is too large.  The subtraction ((twoToThe52 + a ) -
         * twoToThe52) will be exact as discussed above and thus
         * cannot overflow or meaningfully underflow.  Finally, the
         * last multiply in the return statement is by plus or minus
         * 1.0, which is exact too.
         */
        double twoToThe52 = (double)(1L << 52); // 2^52
        double sign = Math.copySign(1.0, a); // preserve sign info
        a = Math.abs(a);

        if (a < twoToThe52) { // E_min <= ilogb(a) <= 51
            a = ((twoToThe52 + a ) - twoToThe52);
        }

        return sign * a; // restore original sign
    }
}",2.0,10,97,31,583.0,Very Long (41+),Long (21+),Very Long (41+) | Long (21+),RINT,['[0.2957135928192459]'],[],[0.7750000953674316],[]
432,"public class INTERSECTS {
/**
     * Returns true if the two segments defined by (x1,y1)->(x2,y2) and
     * (x3,y3)->(x4,y4) intersect. Optional fields allow for consideration of
     * extending the segments to infinity at either end.
     * 
     * @param x1 segment 1's start x component
     * @param y1 segment 1's start y component
     * @param x2 segment 1's end x component
     * @param y2 segment 1's end y component
     * @param x3 segment 2's start x component
     * @param y3 segment 2's start y component
     * @param x4 segment 2's end x component
     * @param y4 segment 2's end y component
     * @param min1 whether the second segment is acceptable if it passes
     *            ""before the start of the first segment""
     * @param max1 whether the second segment is acceptable if it passes
     *            ""after the end of the first segment""
     * @param min2 whether the first segment is acceptable if it passes
     *            ""before the start of the second segment""
     * @param max2 whether the first segment is acceptable if it passes
     *            ""after the start of the second segment""
     * @return true if line segments intersect
     */
    public static boolean intersects(final double x1, final double y1, final double x2, final double y2,
            final double x3, final double y3, final double x4, final double y4, final boolean min1, final boolean max1,
            final boolean min2, final boolean max2) {
        final double dx1 = x2 - x1, dy1 = y2 - y1, dx2 = x4 - x3, dy2 = y4 - y3;
        double d, p2, p1;

        if (dy1 != 0.0) {
            d = dx1 / dy1;
            p2 = (x3 - x1 + d * (y1 - y3)) / (d * dy2 - dx2);
            p1 = (dy2 * p2 + y3 - y1) / dy1;
        }
        else if (dy2 != 0.0) {
            d = dx2 / dy2;
            p1 = (x1 - x3 + d * (y3 - y1)) / (d * dy1 - dx1);
            p2 = (dy1 * p1 + y1 - y3) / dy2;
        }
        else if (dx1 != 0.0) {
            d = dy1 / dx1;
            p2 = (y3 - y1 + d * (x1 - x3)) / (d * dx2 - dy2);
            p1 = (dx2 * p2 + x3 - x1) / dx1;
        }
        else if (dx2 != 0.0) {
            d = dy2 / dx2;
            p1 = (y1 - y3 + d * (x3 - x1)) / (d * dx1 - dy1);
            p2 = (dx1 * p1 + x1 - x3) / dx2;
        }
        else {
            return false;
        }
        return (!min1 || p1 >= 0.0) && (!max1 || p1 <= 1.0) && (!min2 || p2 >= 0.0) && (!max2 || p2 <= 1.0);
    }
}",12.0,7,54,36,296.0,Very Long (41+),Long (21+),Very Long (41+) | Long (21+),INTERSECTS,"['[0.864383131609963, 0.38944761126461014, 0.9472729917795986, 0.6012792287671406, 0.4115889540333274, 0.1537943442611831, 0.17744958896399532, 0.8560423885203347, true, false, false, true]', '[1.253187656402588E-4, 0.0, 0.0, 1.4741090126335621E-8, 0.41158895402622875, 0.1537943442611831, 1.3162571121938527E-6, 1.430511474609375E-6, false, false, false, false]', '[0.7501253187656625, 0.0, 0.19726943970074706, 0.0, 0.4111328127253774, 0.0, 6.917715072631836E-4, 1.430511474609375E-6, false, false, false, false]', '[0.8643831444811321, 0.2985695966481946, 0.8483972903521388, 0.34255257481775003, 0.3077634182877921, 0.15415015418818434, 0.7665512183005504, 0.7472272569483515, false, false, true, true]', '[0.059695631432111096, 0.35915231376113876, 0.9472729917795986, 0.6012792195635089, 0.523138286926847, 0.27815088580407665, 0.17744958896399532, 0.8560423975157917, true, false, false, true]', '[0.3839143895144095, 0.9408813832493252, 0.9472729876849438, 0.5157357452714283, 0.41158896334655315, 0.4904636636237468, 0.06971666712523494, 0.8560423866576895, false, true, true, false]', '[0.864383131609963, 0.38944761126461014, 0.9472729917795986, 0.6012792287671406, 0.4115889540333274, 0.1537943442611831, 0.17744958896399532, 0.8560423866576895, false, false, true, true]', '[0.4669221994368067, 0.3723210794252314, 0.3800969775946118, 0.6012792287693575, 0.4115889652091983, 0.6537962629675858, 0.6307028701453212, 0.4009642614800152, false, true, false, false]', '[0.8647024618718087, 0.38918843536796555, 0.7587964249213, 0.6012792287671406, 0.4115889540333274, 0.1537943442611831, 0.17744958896399532, 0.8560423885203347, true, false, false, true]', '[3.248453140258789E-6, 0.0, 0.0, 0.0, 0.0, 0.0, 0.0, 0.0, false, false, false, false]', '[0.0, 0.0, 0.0, 0.0, 0.0, 0.0, 6.90460205078125E-4, 0.0, false, false, false, false]', '[0.0, 0.0, 0.0, 0.0, 0.0, 0.0, 0.0, 0.0, false, false, false, false]']",[],"[0.35500001907348633, 0.4049999713897705, 0.4049999713897705, 0.4219999313354492, 0.43899989128112793, 0.4549999237060547, 0.4719998836517334, 0.505000114440918, 0.5889999866485596, 0.9189999103546143, 1.4049999713897705, 5.085999965667725]",[]
389,"public class ALPHABLEND {
/**
     * Uses the alpha of the two colors passed in to determine the contributions of each color.  If either of them has
     * an alpha greater than 0 then the returned alpha is 255 otherwise its zero if they are both zero. Args: color1,
     * color2
     */
    public int alphaBlend(int par1, int par2)
    {
        int i = (par1 & 0xff000000) >> 24 & 0xff;
        int j = (par2 & 0xff000000) >> 24 & 0xff;
        char c = '\377';

        if (i + j < 255)
        {
            c = '\0';
            i = 1;
            j = 1;
        }
        else if (i > j)
        {
            i = 255;
            j = 1;
        }
        else
        {
            i = 1;
            j = 255;
        }

        int k = (par1 >> 16 & 0xff) * i;
        int l = (par1 >> 8 & 0xff) * i;
        int i1 = (par1 & 0xff) * i;
        int j1 = (par2 >> 16 & 0xff) * j;
        int k1 = (par2 >> 8 & 0xff) * j;
        int l1 = (par2 & 0xff) * j;
        int i2 = (k + j1) / (i + j);
        int j2 = (l + k1) / (i + j);
        int k2 = (i1 + l1) / (i + j);
        return c << 24 | i2 << 16 | j2 << 8 | k2;
    }
}",3.0,3,43,23,253.0,Very Long (41+),Long (21+),Very Long (41+) | Long (21+),ALPHABLEND,"['[1855003642, 1233649905]', '[-1190156440, -127781583]', '[-154360042, -1082782460]']",[],"[0.45600008964538574, 0.4930000305175781, 0.5090000629425049]",[]
681,"public class PTSEGDISTSQ {
/**
     * Returns the square of the distance from a point to a line segment.
     * The distance measured is the distance between the specified
     * point and the closest point between the specified end points.
     * If the specified point intersects the line segment in between the
     * end points, this method returns 0.0.
     *
     * @param x1 the X coordinate of the start point of the
     *           specified line segment
     * @param y1 the Y coordinate of the start point of the
     *           specified line segment
     * @param x2 the X coordinate of the end point of the
     *           specified line segment
     * @param y2 the Y coordinate of the end point of the
     *           specified line segment
     * @param px the X coordinate of the specified point being
     *           measured against the specified line segment
     * @param py the Y coordinate of the specified point being
     *           measured against the specified line segment
     * @return a double value that is the square of the distance from the
     *                  specified point to the specified line segment.
     * @see #ptLineDistSq(double, double, double, double, double, double)
     * @since 1.2
     */
    public static double ptSegDistSq(double x1, double y1,
                                     double x2, double y2,
                                     double px, double py)
    {
        // Adjust vectors relative to x1,y1
        // x2,y2 becomes relative vector from x1,y1 to end of segment
        x2 -= x1;
        y2 -= y1;
        // px,py becomes relative vector from x1,y1 to test point
        px -= x1;
        py -= y1;
        double dotprod = px * x2 + py * y2;
        double projlenSq;
        if (dotprod <= 0.0) {
            // px,py is on the side of x1,y1 away from x2,y2
            // distance to segment is length of px,py vector
            // ""length of its (clipped) projection"" is now 0.0
            projlenSq = 0.0;
        } else {
            // switch to backwards vectors relative to x2,y2
            // x2,y2 are already the negative of x1,y1=>x2,y2
            // to get px,py to be the negative of px,py=>x2,y2
            // the dot product of two negated vectors is the same
            // as the dot product of the two normal vectors
            px = x2 - px;
            py = y2 - py;
            dotprod = px * x2 + py * y2;
            if (dotprod <= 0.0) {
                // px,py is on the side of x2,y2 away from x1,y1
                // distance to segment is length of (backwards) px,py vector
                // ""length of its (clipped) projection"" is now 0.0
                projlenSq = 0.0;
            } else {
                // px,py is between x1,y1 and x2,y2
                // dotprod is the length of the px,py vector
                // projected on the x2,y2=>x1,y1 vector times the
                // length of the x2,y2=>x1,y1 vector
                projlenSq = dotprod * dotprod / (x2 * x2 + y2 * y2);
            }
        }
        // Distance to line is now the length of the relative point
        // vector minus the length of its projection onto the line
        // (which is zero if the projection falls outside the range
        //  of the line segment).
        double lenSq = px * px + py * py - projlenSq;
        if (lenSq < 0) {
            lenSq = 0;
        }
        return lenSq;
    }
}",4.0,12,80,21,545.0,Very Long (41+),Long (21+),Very Long (41+) | Long (21+),PTSEGDISTSQ,"['[0.8977973414233036, 0.610906165504171, 0.19306976268650677, 0.15667767290632184, 0.5222322899353222, 0.4710293170716622]', '[0.8977973414233036, 0.6109061539173222, 6.655454853898846E-9, 0.15667766333116162, 1.440611185898888E-9, 5.6461431086063385E-9]', '[0.4798629184488634, 0.45372869370829494, 0.13738904068829205, 0.02093548540632184, 0.06944679744795623, 0.8810215356043652]', '[0.897797331215135, 0.0, 0.0, 0.0, 0.5222322791887328, 0.0]']",[],"[0.49699997901916504, 0.5480000972747803, 0.5869998931884766, 6.867000102996826]",[]
3,"public class GETMINRATING {
/**
     * Obtains the min rating of the length sum of the 2 names. In essence the larger the sum length the smaller the
     * min rating. Values strictly from documentation.
     *
     * <h2>API Usage</h2>
     * <p>
     * Consider this method public, it is package public for unit testing only.
     * </p>
     *
     * @param sumLength
     *            The length of 2 strings sent down.
     * @return The min rating value.
     */
    int getMinRating(final int sumLength) {
        int minRating = 0;

        if (sumLength <= 4) {
            minRating = 5;
        } else if (sumLength <= 7) { // already know it is at least 5
            minRating = 4;
        } else if (sumLength <= 11) { // already know it is at least 8
            minRating = 3;
        } else if (sumLength == 12) {
            minRating = 2;
        } else {
            minRating = 1; // docs said little here.
        }

        return minRating;
    }
}",5.0,7,51,13,,Very Long (41+),Medium (11-20),Very Long (41+) | Medium (11-20),GETMINRATING,"['[-387355296]', '[541289824]']",[],"[0.09100008010864258, 0.16000008583068848]",[]
698,"public class NUMBEROFLEADINGZEROS {
/**
     * Returns the number of zero bits preceding the highest-order
     * (""leftmost"") one-bit in the two's complement binary representation
     * of the specified {@code long} value.  Returns 64 if the
     * specified value has no one-bits in its two's complement representation,
     * in other words if it is equal to zero.
     *
     * <p>Note that this method is closely related to the logarithm base 2.
     * For all positive {@code long} values x:
     * <ul>
     * <li>floor(log<sub>2</sub>(x)) = {@code 63 - numberOfLeadingZeros(x)}
     * <li>ceil(log<sub>2</sub>(x)) = {@code 64 - numberOfLeadingZeros(x - 1)}
     * </ul>
     *
     * @param i the value whose number of leading zeros is to be computed
     * @return the number of zero bits preceding the highest-order
     *     (""leftmost"") one-bit in the two's complement binary representation
     *     of the specified {@code long} value, or 64 if the value
     *     is equal to zero.
     * @since 1.5
     */
    public static int numberOfLeadingZeros(long i) {
        // HD, Figure 5-6
         if (i == 0)
            return 64;
        int n = 1;
        int x = (int)(i >>> 32);
        if (x == 0) { n += 32; x = (int)i; }
        if (x >>> 16 == 0) { n += 16; x <<= 16; }
        if (x >>> 24 == 0) { n +=  8; x <<=  8; }
        if (x >>> 28 == 0) { n +=  4; x <<=  4; }
        if (x >>> 30 == 0) { n +=  2; x <<=  2; }
        n -= x >>> 31;
        return n;
    }
}",7.0,14,104,20,562.0,Very Long (41+),Medium (11-20),Very Long (41+) | Medium (11-20),NUMBEROFLEADINGZEROS,"['[9117638229363741004]', '[28407713736118918]', '[1914781486626361911]', '[730144440320]', '[569524664765170609]', '[0]', '[76]']",[],"[0.7579998970031738, 0.8090000152587891, 0.8090000152587891, 0.8580000400543213, 0.875999927520752, 0.9579999446868896, 1.1949999332427979]",[]
46,"public class NEXTAFTER {
/**
     * Get the next machine representable number after a number, moving
     * in the direction of another number.
     * <p>
     * The ordering is as follows (increasing):
     * <ul>
     * <li>-INFINITY</li>
     * <li>-MAX_VALUE</li>
     * <li>-MIN_VALUE</li>
     * <li>-0.0</li>
     * <li>+0.0</li>
     * <li>+MIN_VALUE</li>
     * <li>+MAX_VALUE</li>
     * <li>+INFINITY</li>
     * <li></li>
     * </ul>
     * <p>
     * If arguments compare equal, then the second argument is returned.
     * <p>
     * If {@code direction} is greater than {@code d},
     * the smallest machine representable number strictly greater than
     * {@code d} is returned; if less, then the largest representable number
     * strictly less than {@code d} is returned.</p>
     * <p>
     * If {@code d} is infinite and direction does not
     * bring it back to finite numbers, it is returned unchanged.</p>
     *
     * @param d base number
     * @param direction (the only important thing is whether
     * {@code direction} is greater or smaller than {@code d})
     * @return the next machine representable number in the specified direction
     */
    public static double nextAfter(double d, double direction) {
        // handling of some important special cases
        if (Double.isNaN(d) || Double.isNaN(direction)) {
            return Double.NaN;
        } else if (d == direction) {
            return direction;
        } else if (Double.isInfinite(d)) {
            return (d < 0) ? -Double.MAX_VALUE : Double.MAX_VALUE;
        } else if (d == 0) {
            return (direction < 0) ? -Double.MIN_VALUE : Double.MIN_VALUE;
        }
        // special cases MAX_VALUE to infinity and  MIN_VALUE to 0
        // are handled just as normal numbers
        // can use raw bits since already dealt with infinity and NaN
        final long bits = Double.doubleToRawLongBits(d);
        final long sign = bits & 0x8000000000000000L;
        if ((direction < d) ^ (sign == 0L)) {
            return Double.longBitsToDouble(sign | ((bits & 0x7fffffffffffffffL) + 1));
        } else {
            return Double.longBitsToDouble(sign | ((bits & 0x7fffffffffffffffL) - 1));
        }
    }
}",7.0,26,109,14,,Very Long (41+),Medium (11-20),Very Long (41+) | Medium (11-20),NEXTAFTER,"['[0.34642500351557204, 0.8933861480069772]', '[0.34642500518654074, 0.33516185252345254]', '[0.0, 0.0]', '[0.0, 3.3487657091768597E-12]']",[],"[0.5169999599456787, 0.5759999752044678, 0.8080000877380371, 0.8599998950958252]",[]
83,"public class FASTSUMWITHSTICKYBITBRANCHLESS {
/**
     * Compute the sum of two numbers {@code a} and {@code b} using
     * Dekker's two-sum algorithm. The values are required to be ordered by magnitude
     * {@code |a| >= |b|}. The result is adjusted to set the lowest bit as a sticky
     * bit that summarises the magnitude of the round-off that were lost. The
     * result is not the correctly rounded result; it is intended the result is to
     * be used in an addition with a value with a greater magnitude exponent. This
     * addition will have exact round-to-nearest, ties-to-even rounding taking account
     * of bits lots in the previous sum.
     *
     * @param a First part of sum.
     * @param b Second part of sum.
     * @return <code>b - (sum - a)</code>
     * @see <a href=""http://www-2.cs.cmu.edu/afs/cs/project/quake/public/papers/robust-arithmetic.ps"">
     * Shewchuk (1997) Theorum 6</a>
     */
    public static double fastSumWithStickyBitBranchless(double a, double b) {
        final double sum = a + b;
        // bVirtual = sum - a
        // b - bVirtual == b round-off
        final double r = b - (sum - a);

        // In floating-point arithmetic the sticky bit is the bit-wise OR
        // of the rest of the binary bits that cannot be stored in the
        // preliminary representation of the result:
        //
        // sgn | exp | V | N | .............. | L | G | R | S
        //
        // sgn : sign bit
        // exp : exponent
        // V : overflow for significand field
        // N and L : most and least significant bits of the result
        // G and R : the two bits beyond
        // S : sticky bit, bitwise OR of all bits thereafter
        //
        // The sticky bit is a flag indicating if there is more magnitude beyond
        // the last bits.
        //
        // Here the round-off is signed so we have to consider the
        // sign of the sum and round-off together and either add the sticky or
        // remove it. The final bit is thus used to push up the next addition using
        // the sum to a higher value, or down to a lower value, when tie breaking for
        // the correct round-to-nearest, ties-to-even result.
        //
        // One extra consideration: sum is already rounded. Since we are using the
        // last bit to store a sticky bit then if the final bit is 1 then this was
        // not created by a ties-to-even rounding and is already a sticky bit.

        // Compute the sticky bit addition:
        // sign sum   last bit sum    sign r    magnitude r      sticky
        // x          1               x         x                +0
        //
        // 1          0               1         1                +1
        // 1          0               1         0                +0
        // 1          0               0         1                -1
        // 1          0               0         0                +0
        // 0          0               1         1                -1
        // 0          0               1         0                +0
        // 0          0               0         1                +1
        // 0          0               0         0                +0
        //
        // Magnitude of r is computed by bitwise OR of the 63-bits from exponent+mantissa
        // Sign of sum and r is the sign-bit of sum or r

        final long hi = Double.doubleToRawLongBits(sum);

        // Note: >50% of the time all code below here is redundant
        //if ((hi & 0x1) == 0x1) {
        //    // Already sticky
        //    return sum;
        //}

        final long lo = Double.doubleToRawLongBits(r);

        // OR compress least significant 63-bits into lowest bit
        long sticky = lo;
        sticky |= sticky >>> 31; // Discard sign bit
        sticky |= sticky >>> 16;
        sticky |= sticky >>> 8;
        sticky |= sticky >>> 4;
        sticky |= sticky >>> 2;
        sticky |= sticky >>> 1; // final sticky bit is in position 0

        // AND with the inverse of the trailing bit from hi to set it to zero
        // if the last bit in hi is 1 (already sticky).
        sticky = sticky & ~hi;

        // Clear the rest. Sticky is now 0 if r was 0.0; or 1 if r was non-zero.
        sticky = sticky & 0x1;

        // The sign bit is created as + or - using the XOR of hi and lo.
        // Signed shift will create a flag: -1 to negate, else 0.
        final long fNegate = (hi ^ lo) >> 63;

        // Conditionally negate a value without branching:
        // http://graphics.stanford.edu/~seander/bithacks.html#ConditionalNegate
        // (Logic updated since fNegate is already negative.)
        // (1 ^  0) -  0 =  1 -  0 =  1
        // (0 ^  0) -  0 =  0 -  0 =  0
        // (1 ^ -1) - -1 = -2 - -1 = -1
        // (0 ^ -1) - -1 = -1 - -1 =  0
        sticky = (sticky ^ fNegate) - fNegate;

        return Double.longBitsToDouble(hi + sticky);
    }
}",1.0,9,100,16,,Very Long (41+),Medium (11-20),Very Long (41+) | Medium (11-20),FASTSUMWITHSTICKYBITBRANCHLESS,"['[0.7092822631443062, 0.7079517381260141]']",[],[0.5469999313354492],[]
680,"public class RELATIVECCW {
/**
     * Returns an indicator of where the specified point
     * {@code (px,py)} lies with respect to the line segment from
     * {@code (x1,y1)} to {@code (x2,y2)}.
     * The return value can be either 1, -1, or 0 and indicates
     * in which direction the specified line must pivot around its
     * first end point, {@code (x1,y1)}, in order to point at the
     * specified point {@code (px,py)}.
     * <p>A return value of 1 indicates that the line segment must
     * turn in the direction that takes the positive X axis towards
     * the negative Y axis.  In the default coordinate system used by
     * Java 2D, this direction is counterclockwise.
     * <p>A return value of -1 indicates that the line segment must
     * turn in the direction that takes the positive X axis towards
     * the positive Y axis.  In the default coordinate system, this
     * direction is clockwise.
     * <p>A return value of 0 indicates that the point lies
     * exactly on the line segment.  Note that an indicator value
     * of 0 is rare and not useful for determining collinearity
     * because of floating point rounding issues.
     * <p>If the point is colinear with the line segment, but
     * not between the end points, then the value will be -1 if the point
     * lies ""beyond {@code (x1,y1)}"" or 1 if the point lies
     * ""beyond {@code (x2,y2)}"".
     *
     * @param x1 the X coordinate of the start point of the
     *           specified line segment
     * @param y1 the Y coordinate of the start point of the
     *           specified line segment
     * @param x2 the X coordinate of the end point of the
     *           specified line segment
     * @param y2 the Y coordinate of the end point of the
     *           specified line segment
     * @param px the X coordinate of the specified point to be
     *           compared with the specified line segment
     * @param py the Y coordinate of the specified point to be
     *           compared with the specified line segment
     * @return an integer that indicates the position of the third specified
     *                  coordinates with respect to the line segment formed
     *                  by the first two specified coordinates.
     * @since 1.2
     */
    public static int relativeCCW(double x1, double y1,
                                  double x2, double y2,
                                  double px, double py)
    {
        x2 -= x1;
        y2 -= y1;
        px -= x1;
        py -= y1;
        double ccw = px * y2 - py * x2;
        if (ccw == 0.0) {
            // The point is colinear, classify based on which side of
            // the segment the point falls on.  We can calculate a
            // relative value using the projection of px,py onto the
            // segment - a negative value indicates the point projects
            // outside of the segment in the direction of the particular
            // endpoint used as the origin for the projection.
            ccw = px * x2 + py * y2;
            if (ccw > 0.0) {
                // Reverse the projection to be relative to the original x2,y2
                // x2 and y2 are simply negated.
                // px and py need to have (x2 - x1) or (y2 - y1) subtracted
                //    from them (based on the original values)
                // Since we really want to get a positive answer when the
                //    point is ""beyond (x2,y2)"", then we want to calculate
                //    the inverse anyway - thus we leave x2 & y2 negated.
                px -= x2;
                py -= y2;
                ccw = px * x2 + py * y2;
                if (ccw < 0.0) {
                    ccw = 0.0;
                }
            }
        }
        return (ccw < 0.0) ? -1 : ((ccw > 0.0) ? 1 : 0);
    }
}",4.0,31,245,14,544.0,Very Long (41+),Medium (11-20),Very Long (41+) | Medium (11-20),RELATIVECCW,"['[0.004950156865871191, 0.6689371223103365, 0.5570560440172158, 0.5091604464660628, 0.21392921095840167, 0.3798372050529396]', '[0.012762657941252309, 0.20060858675354332, 0.9711185440140211, 0.5091604474856671, 0.21392921095840167, 0.37983721436616535]', '[0.0, 0.0, 0.0570526123046875, 2.220446049250313E-14, 0.0, 0.0]', '[0.0, 6.565414878423326E-12, 0.0, 0.0, 0.0, 0.0]', '[0.0, 6.565414878423326E-12, 0.0, 9.57489013671875E-4, 0.0, 7.450580596923828E-9]']",[],"[0.41100001335144043, 0.44300007820129395, 1.0109999179840088, 1.1470000743865967, 3.0250000953674316]",[]
79,"public class FASTSUMWITHSTICKYBIT {
/**
             * Compute the sum of two numbers {@code a} and {@code b} using
             * Dekker's two-sum algorithm. The values are required to be ordered by magnitude
             * {@code |a| >= |b|}. The result is adjusted to set the lowest bit as a sticky
             * bit that summarises the magnitude of the round-off that were lost. The
             * result is not the correctly rounded result; it is intended the result is to
             * be used in an addition with a value with a greater magnitude exponent. This
             * addition will have exact round-to-nearest, ties-to-even rounding taking account
             * of bits lots in the previous sum.
             *
             * <p>Details of the sticky bit can be found in:
             * <blockquote>
             * Coonen, J.T., ""An Implementation Guide to a Proposed Standard for Floating Point
             * Arithmetic"", Computer, Vol. 13, No. 1, Jan. 1980, pp 68-79.
             * </blockquote>
             *
             * @param a First part of sum.
             * @param b Second part of sum.
             * @return <code>b - (sum - a)</code>
             * @see <a href=""http://www-2.cs.cmu.edu/afs/cs/project/quake/public/papers/robust-arithmetic.ps"">
             * Shewchuk (1997) Theorum 6</a>
             */
            static double fastSumWithStickyBit(double a, double b) {
                double sum = a + b;
                // bVirtual = sum - a
                // b - bVirtual == b round-off
                final double r = b - (sum - a);

                if (r != 0) {
                    // Bits will be lost.
                    // In floating-point arithmetic the sticky bit is the bit-wise OR
                    // of the rest of the binary bits that cannot be stored in the
                    // preliminary representation of the result:
                    //
                    // sgn | exp | V | N | .............. | L | G | R | S
                    //
                    // sgn : sign bit
                    // exp : exponent
                    // V : overflow for significand field
                    // N and L : most and least significant bits of the result
                    // G and R : the two bits beyond
                    // S : sticky bit, bitwise OR of all bits thereafter
                    //
                    // The sticky bit is a flag indicating if there is more magnitude beyond
                    // the last bits. Here the round-off is signed so we have to consider the
                    // sign of the sum and round-off together and either add the sticky or
                    // remove it. The final bit is thus used to push up the next addition using
                    // the sum to a higher value, or down to a lower value, when tie breaking for
                    // the correct round-to-nearest, ties-to-even result.
                    long hi = Double.doubleToRawLongBits(sum);
                    // Can only set a sticky bit if the bit is not set.
                    if ((hi & 0x1) == 0) {
                        // In a standard extended precision result for (a+b) the bits are extra
                        // magnitude lost and the sticky bit is positive.
                        // Here the round-off magnitude (r) can be negative so the sticky
                        // bit should be added (same sign) or subtracted (different sign).
                        if (sum > 0) {
                            hi += (r > 0) ? 1 : -1;
                        } else {
                            hi += (r < 0) ? 1 : -1;
                        }
                        sum = Double.longBitsToDouble(hi);
                    }
                }
                return sum;
            }
}",4.0,14,133,11,,Very Long (41+),Medium (11-20),Very Long (41+) | Medium (11-20),FASTSUMWITHSTICKYBIT,"['[0.4352632326949507, 0.06366694547708418]', '[0.6555696403717118, 0.7782972718394308]', '[0.435064880895321, 0.8801261084514395]']",[],"[0.6719999313354492, 0.7330000400543213, 0.8220000267028809]",[]
694,"public class NUMBEROFTRAILINGZEROS {
/**
     * Returns the number of zero bits following the lowest-order (""rightmost"")
     * one-bit in the two's complement binary representation of the specified
     * {@code int} value.  Returns 32 if the specified value has no
     * one-bits in its two's complement representation, in other words if it is
     * equal to zero.
     *
     * @param i the value whose number of trailing zeros is to be computed
     * @return the number of zero bits following the lowest-order (""rightmost"")
     *     one-bit in the two's complement binary representation of the
     *     specified {@code int} value, or 32 if the value is equal
     *     to zero.
     * @since 1.5
     */
    public static int numberOfTrailingZeros(int i) {
        // HD, Figure 5-14
        int y;
        if (i == 0) return 32;
        int n = 31;
        y = i <<16; if (y != 0) { n = n -16; i = y; }
        y = i << 8; if (y != 0) { n = n - 8; i = y; }
        y = i << 4; if (y != 0) { n = n - 4; i = y; }
        y = i << 2; if (y != 0) { n = n - 2; i = y; }
        return n - ((i << 1) >>> 31);
    }
}",6.0,8,68,20,558.0,Very Long (41+),Medium (11-20),Very Long (41+) | Medium (11-20),NUMBEROFTRAILINGZEROS,"['[-1016931350]', '[-1378622176]', '[0]', '[1970590196]', '[56064]', '[-1023410176]']",[],"[0.10800004005432129, 0.22600007057189941, 0.2909998893737793, 0.315000057220459, 0.6150000095367432, 0.7170000076293945]",[]
690,"public class COMPARE {
/**
     * Compares the two specified {@code double} values. The sign
     * of the integer value returned is the same as that of the
     * integer that would be returned by the call:
     * <pre>
     *    new Double(d1).compareTo(new Double(d2))
     * </pre>
     *
     * @param   d1        the first {@code double} to compare
     * @param   d2        the second {@code double} to compare
     * @return  the value {@code 0} if {@code d1} is
     *          numerically equal to {@code d2}; a value less than
     *          {@code 0} if {@code d1} is numerically less than
     *          {@code d2}; and a value greater than {@code 0}
     *          if {@code d1} is numerically greater than
     *          {@code d2}.
     * @since 1.4
     */
    public static int compare(double d1, double d2) {
        if (d1 < d2)
            return -1;           // Neither val is NaN, thisVal is smaller
        if (d1 > d2)
            return 1;            // Neither val is NaN, thisVal is larger

        // Cannot use doubleToRawLongBits because of possibility of NaNs.
        long thisBits    = Double.doubleToLongBits(d1);
        long anotherBits = Double.doubleToLongBits(d2);

        return (thisBits == anotherBits ?  0 : // Values are equal
                (thisBits < anotherBits ? -1 : // (-0.0, 0.0) or (!NaN, NaN)
                 1));                          // (0.0, -0.0) or (NaN, !NaN)
    }
}",3.0,11,70,11,554.0,Very Long (41+),Medium (11-20),Very Long (41+) | Medium (11-20),COMPARE,"['[0.9350733084891942, 0.7881222223956807]', '[0.0, 0.0]', '[0.9350733084891942, 0.9814816043672896]']",[],"[-0.020999908447265625, 0.039999961853027344, 0.059999942779541016]",[]
620,"public class CANDISPLAYTYPE {
/**
     * This method is used to tell SqlFile whether this Sql Type must
     * ALWAYS be loaded to the binary buffer without displaying.
     * <P>
     * N.b.:  If this returns ""true"" for a type, then the user can never
     * ""see"" values for these columns.
     * Therefore, if a type may-or-may-not-be displayable, better to return
     * false here and let the user choose.
     * In general, if there is a toString() operator for this Sql Type
     * then return false, since the JDBC driver should know how to make the
     * value displayable.
     * </P>
     *
     * @see <A href=""http://java.sun.com/docs/books/tutorial/jdbc/basics/retrieving.html"">http://java.sun.com/docs/books/tutorial/jdbc/basics/retrieving.html</A>
     *      The table on this page lists the most common SqlTypes, all of which
     *      must implement toString()
     * @see java.sql.Types
     */
    public static boolean canDisplayType(int i) {
        /* I don't now about some of the more obscure types, like REF and
         * DATALINK */
        switch (i) {
            //case java.sql.Types.BINARY :
            case java.sql.Types.BLOB :
            case java.sql.Types.JAVA_OBJECT :

            //case java.sql.Types.LONGVARBINARY :
            //case java.sql.Types.LONGVARCHAR :
            case java.sql.Types.OTHER :
            case java.sql.Types.STRUCT :

                //case java.sql.Types.VARBINARY :
                return false;
        }

        return true;
    }
}",2.0,13,100,9,484.0,Very Long (41+),Short (6-10),Very Long (41+) | Short (6-10),CANDISPLAYTYPE,['[105149399]'],[],[0.5780000686645508],[]
192,"public class ISSAMEASFULLWT {
/**
     * Returns true if the wavelet filter computes or uses the
     * same ""inner"" subband coefficient as the full frame wavelet transform,
     * and false otherwise. In particular, for block based transforms with 
     * reduced overlap, this method should return false. The term ""inner""
     * indicates that this applies only with respect to the coefficient that 
     * are not affected by image boundaries processings such as symmetric
     * extension, since there is not reference method for this.
     *
     * <P>The result depends on the length of the allowed overlap when
     * compared to the overlap required by the wavelet filter. It also
     * depends on how overlap processing is implemented in the wavelet
     * filter.
     *
     * @param tailOvrlp This is the number of samples in the input
     * signal before the first sample to filter that can be used for
     * overlap.
     *
     * @param headOvrlp This is the number of samples in the input
     * signal after the last sample to filter that can be used for
     * overlap.
     *
     * @param inLen This is the lenght of the input signal to filter.The
     * required number of samples in the input signal after the last sample
     * depends on the length of the input signal.
     *
     * @return true if both overlaps are greater than 2, and correct 
     * processing is applied in the analyze() method.
     *
     *
     *
     */
    public boolean isSameAsFullWT(int tailOvrlp, int headOvrlp, int inLen) {
        
        //If the input signal has even length.
        if(inLen % 2 == 0) {
            if(tailOvrlp >= 2 && headOvrlp >= 1) return true;
            else return false;
        }
        //Else if the input signal has odd length.
        else {
            if(tailOvrlp >= 2 && headOvrlp >= 2) return true;
            else return false;
        }
    }
}",6.0,18,156,6,56.0,Very Long (41+),Short (6-10),Very Long (41+) | Short (6-10),ISSAMEASFULLWT,"['[-1867869164, -1999483849, 1658145120]', '[981828116, -1058724485, 2105323870]', '[-1360610653, 118580992, -1292446727]', '[431897364, 821009314, -1757460092]', '[1306956820, 1797190720, 38482703]', '[117019668, -1629070288, 526624389]']",[],"[0.30900001525878906, 0.3410000801086426, 0.34800004959106445, 0.3789999485015869, 0.42600011825561523, 0.5380001068115234]",[]
538,"public class HASH {
/**
     * Applies a supplemental hash function to a given hashCode, which
     * defends against poor quality hash functions.  This is critical
     * because ConcurrentWeakHashMap uses power-of-two length hash tables,
     * that otherwise encounter collisions for hashCodes that do not
     * differ in lower or upper bits.
     */
    public static int hash(int h) {
        // Spread bits to regularize both segment and index locations,
        // using variant of single-word Wang/Jenkins hash.
        h += (h <<  15) ^ 0xffffcd7d;
        h ^= (h >>> 10);
        h += (h <<   3);
        h ^= (h >>>  6);
        h += (h <<   2) + (h << 14);
        return h ^ (h >>> 16);
    }
}",1.0,5,41,6,402.0,Very Long (41+),Short (6-10),Very Long (41+) | Short (6-10),HASH,['[-288141221]'],[],[0.5690000057220459],[]
452,"public class INTERPOLATEROTATION {
/**
     * Returns a rotation angle that is inbetween two other rotation angles. par1 and par2 are the angles between which
     * to interpolate, par3 is probably a float between 0.0 and 1.0 that tells us where ""between"" the two angles we are.
     * Example: par1 = 30, par2 = 50, par3 = 0.5, then return = 40
     */
    public float interpolateRotation(float par1, float par2, float par3)
    {
        float var4;

        for (var4 = par2 - par1; var4 < -180.0F; var4 += 360.0F)
        {
            ;
        }

        while (var4 >= 180.0F)
        {
            var4 -= 360.0F;
        }

        return par1 + par3 * var4;
    }
}",3.0,3,54,6,316.0,Very Long (41+),Short (6-10),Very Long (41+) | Short (6-10),INTERPOLATEROTATION,"['[0.6794815, 0.52122927, 0.41910434]']",[],[0.9240000247955322],[]
212,"public class ISVALIDCODEPOINT {
/**
	 * In <a href=""http://www.w3.org/TR/REC-xml/"">XML specification 1.0 </a>
	 * section 2.2 Character, the valid characters in XML should be limited to:
	 * 
	 * Any Unicode character, excluding the surrogate blocks, FFFE, and FFFF.
	 * 
	 * Char ::= #x9 | #xA | #xD | [#x20-#xD7FF] | [#xE000-#xFFFD] |
	 * [#x10000-#x10FFFF]
	 * 
	 */
	public static boolean isValidCodePoint( int ch )
	{
		if ( ch == 0x09 || ch == 0x0A || ch == 0x0D
				|| ( ch >= 0x20 && ch <= 0xD7FF )
				|| ( ch >= 0xE000 && ch <= 0xFFFD )
				|| ( ch >= 0x10000 && ch <= 0x10FFFF ) )
		{
			return true;
		}
		return false;
	}
}",10.0,5,41,8,76.0,Very Long (41+),Short (6-10),Very Long (41+) | Short (6-10),ISVALIDCODEPOINT,"['[-1265420927]', '[2021924547]', '[129]', '[60695]', '[983169]']",[],"[0.4440000057220459, 0.4930000305175781, 0.5250000953674316, 2.946000099182129, 6.053999900817871]",[]
686,"public class ISVALIDCHARCODE {
/**
     * Returns <code>true</code> if the argument,
     * a Unicode code point, is valid in XML documents.
     * Unicode characters fit into the low sixteen bits of a Unicode code point,
     * and pairs of Unicode <em>surrogate characters</em> can be combined
     * to encode Unicode code point in documents containing only Unicode.
     * (The <code>char</code> datatype in the Java Programming Language
     * represents Unicode characters, including unpaired surrogates.)
     * <par>
     * [2] Char ::= #x0009 | #x000A | #x000D
     *            | [#x0020-#xD7FF]
     *            | [#xE000-#xFFFD]
     *            | [#x10000-#x10ffff]
     * </par>
     *
     * @param code  the 32-bit Unicode code point being tested
     * @return  <code>true</code> if the Unicode code point is valid,
     *          <code>false</code> otherwise
     */
    public static boolean isValidCharCode(int code) {
        return (0x0020 <= code && code <= 0xD7FF)
            || (0x000A == code)
            || (0x0009 == code)
            || (0x000D == code)
            || (0xE000 <= code && code <= 0xFFFD)
            || (0x10000 <= code && code <= 0x10ffff);
    }
}",9.0,14,78,6,550.0,Very Long (41+),Short (6-10),Very Long (41+) | Short (6-10),ISVALIDCHARCODE,"['[1185833012]', '[-898790983]', '[52]', '[65200]', '[781753]', '[13]', '[10]']",[],"[0.8420000076293945, 0.9000000953674316, 0.9760000705718994, 5.4700000286102295, 10.168999910354614, 49.503000020980835, 52.75399994850159]",[]
333,"public class GETNEXTSQUARENUMBERABOVE {
/**
	 * Calculates i.e. the increase of zoomlevel needed when the visible latitude needs to be bigger by <code>factor</code>.  
	 * 
	 * Assert.assertEquals(1, getNextSquareNumberAbove(1.1f));
	 * Assert.assertEquals(2, getNextSquareNumberAbove(2.1f));
	 * Assert.assertEquals(2, getNextSquareNumberAbove(3.9f));
	 * Assert.assertEquals(3, getNextSquareNumberAbove(4.1f));
	 * Assert.assertEquals(3, getNextSquareNumberAbove(7.9f));
	 * Assert.assertEquals(4, getNextSquareNumberAbove(8.1f));
	 * Assert.assertEquals(5, getNextSquareNumberAbove(16.1f));
	 * 
	 * Assert.assertEquals(-1, - getNextSquareNumberAbove(1 / 0.4f) + 1);
	 * Assert.assertEquals(-2, - getNextSquareNumberAbove(1 / 0.24f) + 1);
	 * 
	 * @param factor
	 * @return
	 */
	public static int getNextSquareNumberAbove(final float factor){
		int out = 0;
		int cur = 1;
		int i = 1;
		while(true){
			if(cur > factor)
				return out;
			
			out = i;
			cur *= 2;
			i++;
		}
	}
}",3.0,10,45,8,197.0,Very Long (41+),Short (6-10),Very Long (41+) | Short (6-10),GETNEXTSQUARENUMBERABOVE,['[0.4627182]'],[],[0.1119999885559082],[]
85,"public class FASTSUMWITHSTICKYBITBRANCHEDONLOW {
/**
     * Compute the sum of two numbers {@code a} and {@code b} using
     * Dekker's two-sum algorithm. The values are required to be ordered by magnitude
     * {@code |a| >= |b|}. The result is adjusted to set the lowest bit as a sticky
     * bit that summarises the magnitude of the round-off that were lost. The
     * result is not the correctly rounded result; it is intended the result is to
     * be used in an addition with a value with a greater magnitude exponent. This
     * addition will have exact round-to-nearest, ties-to-even rounding taking account
     * of bits lots in the previous sum.
     *
     * @param a First part of sum.
     * @param b Second part of sum.
     * @return <code>b - (sum - a)</code>
     * @see <a href=""http://www-2.cs.cmu.edu/afs/cs/project/quake/public/papers/robust-arithmetic.ps"">
     * Shewchuk (1997) Theorum 6</a>
     */
    public static double fastSumWithStickyBitBranchedOnLow(double a, double b) {
        final double sum = a + b;
        // bVirtual = sum - a
        // b - bVirtual == b round-off
        final double r = b - (sum - a);

        // In floating-point arithmetic the sticky bit is the bit-wise OR
        // of the rest of the binary bits that cannot be stored in the
        // preliminary representation of the result:
        //
        // sgn | exp | V | N | .............. | L | G | R | S
        //
        // sgn : sign bit
        // exp : exponent
        // V : overflow for significand field
        // N and L : most and least significant bits of the result
        // G and R : the two bits beyond
        // S : sticky bit, bitwise OR of all bits thereafter
        //
        // The sticky bit is a flag indicating if there is more magnitude beyond
        // the last bits.
        //
        // Here the round-off is signed so we have to consider the
        // sign of the sum and round-off together and either add the sticky or
        // remove it. The final bit is thus used to push up the next addition using
        // the sum to a higher value, or down to a lower value, when tie breaking for
        // the correct round-to-nearest, ties-to-even result.
        //
        // One extra consideration: sum is already rounded. Since we are using the
        // last bit to store a sticky bit then if the final bit is 1 then this was
        // not created by a ties-to-even rounding and is already a sticky bit.

        // Compute the sticky bit addition.
        // This is only done when r is non-zero:
        // sign sum   last bit sum    sign r    sticky
        // x          1               x         +0
        //
        // 1          0               1         +1
        // 1          0               0         -1
        // 0          0               1         -1
        // 0          0               0         +1
        //
        // Sign of sum and r is the sign-bit of sum or r

        // In the majority of cases there is some round-off.
        // Testing for non-zero allows the branch to assume the sticky bit magnitude
        // is 1 (unless the final bit of hi is already set).
        if (r != 0) {
            // Bits will be lost.
            final long hi = Double.doubleToRawLongBits(sum);
            final long lo = Double.doubleToRawLongBits(r);

            // Can only set a sticky bit if the bit is not already set.
            // Flip the bits and extract the lowest bit. This is 1 if
            // the sticky bit is not currently set. If already set then
            // 'sticky' is zero and the rest of this execution path has
            // no effect but we have eliminated the requirement to check the
            // 50/50 branch:
            // if ((hi & 0x1) == 0) {
            //    // set sticky ...
            // }
            int sticky = ~((int) hi) & 0x1;

            // The sign bit is created as + or - using the XOR of hi and lo.
            // Signed shift will create a flag: -1 to negate, else 0.
            final int fNegate = (int) ((hi ^ lo) >> 63);

            // Conditionally negate a value without branching:
            // http://graphics.stanford.edu/~seander/bithacks.html#ConditionalNegate
            // (Logic updated since fNegate is already negative.)
            // (1 ^  0) -  0 =  1 -  0 =  1
            // (0 ^  0) -  0 =  0 -  0 =  0
            // (1 ^ -1) - -1 = -2 - -1 = -1
            // (0 ^ -1) - -1 = -1 - -1 =  0
            sticky = (sticky ^ fNegate) - fNegate;

            return Double.longBitsToDouble(hi + sticky);
        }

        return sum;
    }
}",2.0,9,100,10,,Very Long (41+),Short (6-10),Very Long (41+) | Short (6-10),FASTSUMWITHSTICKYBITBRANCHEDONLOW,"['[0.4006404710759768, 0.15081793881440753]', '[0.7501048871063529, 0.2962991648236072]']",[],"[0.5429999828338623, 0.5969998836517334]",[]
237,"public class INTPOW {
/**
   * Exponentiation like we learned in grade school:
   * multiply b by itself e times.  Uses power of two trick.
   * e must be nonnegative!!!  no checking!!!  For e &lt;= 0,
   * the exponent is treated as 0, and 1 is returned.  0^0 also
   * returns 1.
   *
   * @param b base
   * @param e exponent
   * @return b^e
   */
  public static int intPow(int b, int e) {
    int result = 1;
    int currPow = b;
    while (e > 0) {
      if ((e & 1) != 0) { result *= currPow; }
      currPow = currPow * currPow;
      e >>= 1;
    }
    return result;
  }
}",3.0,5,42,8,101.0,Very Long (41+),Short (6-10),Very Long (41+) | Short (6-10),INTPOW,"['[-1104303226, 1819581050]', '[-1104303122, 1819067508]', '[-1104303226, 39546]', '[0, 1811939328]', '[-1104303226, 122]', '[-1104303226, 517]', '[-1104303226, 512]', '[-1964917114, 223]', '[-811354234, 7]']",[],"[0.5329999923706055, 0.6040000915527344, 0.9170000553131104, 0.9909999370574951, 1.062000036239624, 2.8359999656677246, 2.9140000343322754, 6.236000061035156, 14.477999925613403]",[]
112,"public class D2 {
/**
     * Evaluate {@code (exp(x) - 1) / x} using {@link Math#expm1(double)}.
     * For {@code x} in the range {@code [-inf, inf]} returns
     * a result in {@code [0, inf]}.
     *
     * <ul>
     * <li>For {@code x=-inf} this returns {@code 0}.
     * <li>For {@code x=0} this returns {@code 1}.
     * <li>For {@code x=inf} this returns {@code inf}.
     * </ul>
     *
     * <p> This corrects {@code 0 / 0} and {@code inf / inf} division from
     * {@code NaN} to either {@code 1} or the upper bound respectively.
     *
     * @param x value to evaluate
     * @return {@code (exp(x) - 1) / x}.
     */
    public static double d2(double x) {
        // Here we use a conditional to detect both edge cases, which are then corrected.
        final double d2 = Math.expm1(x) / x;
        if (Double.isNaN(d2)) {
            // Correct edge cases.
            if (x == 0) {
                return 1.0;
            }
            // x must have been +infinite or NaN
            return x;
        }
        return d2;
    }
}",3.0,10,74,6,,Very Long (41+),Short (6-10),Very Long (41+) | Short (6-10),D2,"['[0.07132186188651368]', '[0.0]']",[],"[0.37800002098083496, 0.5539999008178711]",[]
4,"public class MOD {
/**
     * Performs a modulus calculation on an unsigned long and a positive integer divisor.
     *
     * <p>This method computes the same result as {@link Long#remainderUnsigned(long, long)}
     * but assumes that the divisor is an integer in the range 1 to 2<sup>31</sup> - 1 inclusive,
     * that is a strictly positive integer size.
     *
     * <p><em>If the divisor is negative the behavior is not defined.</em></p>
     *
     * @param dividend an unsigned long value to calculate the modulus of.
     * @param divisor the divisor for the modulus calculation, must be strictly positive.
     * @return the remainder or modulus value.
     * @throws ArithmeticException if the divisor is zero
     * @see Long#remainderUnsigned(long, long)
     */
    public static int mod(final long dividend, final int divisor) {
        // See Hacker's Delight (2nd ed), section 9.3.
        // Assume divisor is positive.
        // Divide half the unsigned number and then double the quotient result.
        final long quotient = (dividend >>> 1) / divisor << 1;
        final long remainder = dividend - quotient * divisor;
        // remainder in [0, 2 * divisor)
        return (int) (remainder >= divisor ? remainder - divisor : remainder);
    }
}",1.0,5,57,3,,Very Long (41+),Very Short (2-5),Very Long (41+) | Very Short (2-5),MOD,"['[6181973405389792878, 1158262349]', '[-4791282830919750546, -1072508336]']","['[0, 0]', '[36575971567534080, 0]']","[0.5520000457763672, 0.5920000076293945]","[0.6940000057220459, 8.292999982833862]"
54,"public class SMALLESTCHANGE {
/**
     * Perform the smallest change to the value. This returns the next double value
     * adjacent to d in the direction of infinity. Edge cases: if already infinity then
     * return the next closest in the direction of negative infinity; if nan then return
     * 0.
     *
     * @param x the x
     * @return the new value
     */
    public static double smallestChange(double x) {
        if (Double.isNaN(x)) {
            return 0;
        }
        return x == Double.POSITIVE_INFINITY ? Math.nextDown(x) : Math.nextUp(x);
    }
}",2.0,4,42,3,,Very Long (41+),Very Short (2-5),Very Long (41+) | Very Short (2-5),SMALLESTCHANGE,['[0.8191748965292149]'],[],[0.8629999160766602],[]
320,"public class PREPARESETTINGS {
/**
     * Its only job is to accept lots of setting flags as arguments and create a single integer
     * that represents all those settings. <b>Note</b>, that it doesn't set {@link #settingFlags settingFlags} at all,
     * it will simply return the combined setting flags. You can pass the output of this method to {@link #isSettingSet(int) isSettingSet}
     * to check for multiple settings at one call, or pass this value to constructors. 
     * @param flags The settings as arguments.
     * @return The settings ORed together. 
     */
    public static int prepareSettings(int... flags) {
	int settings = 0;
	for (int flag : flags) {
	    settings = settings | flag;
	}
	return settings;
    }
}",2.0,4,66,4,184.0,Very Long (41+),Very Short (2-5),Very Long (41+) | Very Short (2-5),PREPARESETTINGS,['[635832892]'],[],[0.1789999008178711],[]
96,"public class CHECKFROMINDEXSIZE {
/**
     * Checks if the sub-range from fromIndex (inclusive) to fromIndex + size (exclusive) is
     * within the bounds of range from 0 (inclusive) to length (exclusive).
     *
     * <p>This function provides the functionality of
     * {@code java.utils.Objects.checkFromIndexSize} introduced in JDK 9. The
     * <a href=""https://docs.oracle.com/en/java/javase/11/docs/api/java.base/java/util/Objects.html#checkFromIndexSize(int,int,int)"">Objects</a>
     * javadoc has been reproduced for reference.
     *
     * <p>The sub-range is defined to be out of bounds if any of the following inequalities
     * is true:
     * <ul>
     * <li>{@code fromIndex < 0}
     * <li>{@code size < 0}
     * <li>{@code fromIndex + size > length}, taking into account integer overflow
     * <li>{@code length < 0}, which is implied from the former inequalities
     * </ul>
     *
     * @param fromIndex the lower-bound (inclusive) of the sub-interval
     * @param size the size of the sub-range
     * @param length the upper-bound (exclusive) of the range
     * @return the fromIndex
     * @throws IndexOutOfBoundsException if the sub-range is out of bounds
     */
    public static int checkFromIndexSize(int fromIndex, int size, int length) {
        // check for any negatives,
        // or overflow safe length check given the values are all positive
        // remaining = length - fromIndex
        if ((fromIndex | size | length) < 0 || size > length - fromIndex) {
            throw new IndexOutOfBoundsException(
                // Note: %<d is 'relative indexing' to re-use the last argument
                String.format(""Range [%d, %<d + %d) out of bounds for length %d"",
                    fromIndex, size, length));
        }
        return fromIndex;
    }
}",3.0,14,94,5,,Very Long (41+),Very Short (2-5),Very Long (41+) | Very Short (2-5),CHECKFROMINDEXSIZE,"['[392514387, 576755900, 1258810211]']","['[-1287713238, -846462628, -1763046091]']",[1.0199999809265137],[0.9539999961853027]
121,"public class ZEROVARIANCE {
/**
     * Returns {@code true} if the second central moment {@code m2} is effectively
     * zero given the magnitude of the first raw moment {@code m1}.
     *
     * <p>This method shares the logic for detecting a zero variance among implementations
     * that divide by the variance (e.g. skewness, kurtosis).
     *
     * @param m1 First raw moment (mean).
     * @param m2 Second central moment (biased variance).
     * @return true if the variance is zero
     */
    static boolean zeroVariance(double m1, double m2) {
        // Note: Commons Math checks the variance is < 1e-19.
        // The absolute threshold does not account for the magnitude of the sample.
        // This checks the average squared deviation from the mean (m2)
        // is smaller than the squared precision of the mean (m1).
        // Precision is set to 15 decimal digits
        // (1e-15 ~ 4.5 eps where eps = 2^-52).
        final double meanPrecision = 1e-15 * m1;
        return m2 <= meanPrecision * meanPrecision;
    }
}",1.0,4,43,2,,Very Long (41+),Very Short (2-5),Very Long (41+) | Very Short (2-5),ZEROVARIANCE,"['[0.38179362938503136, 0.3059052417977133]', '[0.13179361820220947, 0.0]']",[],"[0.7650001049041748, 0.8340001106262207]",[]
717,"public class NEXTDOWN {
/**
     * Returns the floating-point value adjacent to {@code d} in
     * the direction of negative infinity.  This method is
     * semantically equivalent to {@code nextAfter(d,
     * Double.NEGATIVE_INFINITY)}; however, a
     * {@code nextDown} implementation may run faster than its
     * equivalent {@code nextAfter} call.
     *
     * <p>Special Cases:
     * <ul>
     * <li> If the argument is NaN, the result is NaN.
     *
     * <li> If the argument is negative infinity, the result is
     * negative infinity.
     *
     * <li> If the argument is zero, the result is
     * {@code -Double.MIN_VALUE}
     *
     * </ul>
     *
     * @param d  starting floating-point value
     * @return The adjacent floating-point value closer to negative
     * infinity.
     * @since 1.8
     */
    public static double nextDown(double d) {
        if (Double.isNaN(d) || d == Double.NEGATIVE_INFINITY)
            return d;
        else {
            if (d == 0.0)
                return -Double.MIN_VALUE;
            else
                return Double.longBitsToDouble(Double.doubleToRawLongBits(d) +
                                               ((d > 0.0d)?-1L:+1L));
        }
    }
}",4.0,15,75,4,581.0,Very Long (41+),Very Short (2-5),Very Long (41+) | Very Short (2-5),NEXTDOWN,"['[0.7833384409254986]', '[0.0]']",[],"[0.252000093460083, 0.3080000877380371]",[]
344,"public class DOUBLETOSORTABLELONG {
/**
   * Converts a <code>double</code> value to a sortable signed <code>long</code>.
   * The value is converted by getting their IEEE 754 floating-point &quot;double format&quot;
   * bit layout and then some bits are swapped, to be able to compare the result as long.
   * By this the precision is not reduced, but the value can easily used as a long.
   * The sort order (including {@link Double#NaN}) is defined by
   * {@link Double#compareTo}; {@code NaN} is greater than positive infinity.
   * @see #sortableLongToDouble
   */
  public static long doubleToSortableLong(double val) {
    long f = Double.doubleToLongBits(val);
    if (f<0) f ^= 0x7fffffffffffffffL;
    return f;
  }
}",2.0,6,72,3,208.0,Very Long (41+),Very Short (2-5),Very Long (41+) | Very Short (2-5),DOUBLETOSORTABLELONG,['[0.7089975278660942]'],[],[0.6860001087188721],[]
186,"public class YTOTILEY {
/**
     * Converts a pixel's Y coordinate into a vertical tile index
     * relative to a given tile grid layout specified by its Y offset
     * and tile height.
     *
     * <p> If <code>tileHeight < 0</code>, the results of this method
     * are undefined.  If <code>tileHeight == 0</code>, an
     * <code>ArithmeticException</code> will be thrown.
     *
     * @throws ArithmeticException  If <code>tileHeight == 0</code>.
     */
    public static int YToTileY(int y, int tileGridYOffset, int tileHeight) {
        y -= tileGridYOffset;
        if (y < 0) {
            y += 1 - tileHeight;	 // force round to -infinity (ceiling)
        }
        return y/tileHeight;
    }
}",2.0,6,46,4,50.0,Very Long (41+),Very Short (2-5),Very Long (41+) | Very Short (2-5),YTOTILEY,"['[948019163, -2042973933, 2141944184]', '[-1525178405, 907402170, -1396843925]']","['[0, 0, 0]', '[0, 0, 0]']","[0.7750000953674316, 0.8359999656677246]","[0.815000057220459, 8.058000087738037]"
94,"public class STAFFORD13 {
/**
     * Perform variant 13 of David Stafford's 64-bit mix function.
     * This is the mix function used in the
     * {@link org.apache.commons.rng.core.source64.SplitMix64 SplitMix64} RNG.
     *
     * <p>This is ranked first of the top 14 Stafford mixers.
     *
     * <p>This function can be used to mix the bits of a {@code long} value to
     * obtain a better distribution and avoid collisions between similar values.
     *
     * @param x the input value
     * @return the output value
     * @see <a href=""https://zimbry.blogspot.com/2011/09/better-bit-mixing-improving-on.html"">Better
     *      Bit Mixing - Improving on MurmurHash3&#39;s 64-bit Finalizer.</a>
     */
    public static long stafford13(long x) {
        x = (x ^ (x >>> 30)) * 0xbf58476d1ce4e5b9L;
        x = (x ^ (x >>> 27)) * 0x94d049bb133111ebL;
        return x ^ (x >>> 31);
    }
}",1.0,7,64,3,,Very Long (41+),Very Short (2-5),Very Long (41+) | Very Short (2-5),STAFFORD13,['[-1179511967549045464]'],[],[0.6889998912811279],[]
316,"public class ISCTRLWS {
/**
     * Return true is c is a C0 or C1 control character, Unicode
     * defined whitespace, or BOM.
     */
    public static boolean isCtrlWS( final char c )
    {
        switch( c ) {

            /* C0 control characters (not allowed in XML) */
        case 0x0000: // NUL
        case 0x0001:
        case 0x0002:
        case 0x0003:
        case 0x0004:
        case 0x0005:
        case 0x0006:
        case 0x0007: // BEL
        case 0x0008: // BS
        case 0x0009: // HT
        case 0x000A: // LF
        case 0x000B: // VT
        case 0x000C: // FF
        case 0x000D: // CR
        case 0x000E: // SO
        case 0x000F: // SI
        case 0x0010: // DLE
        case 0x0011: // DC1
        case 0x0012: // DC2
        case 0x0013: // DC3
        case 0x0014: // DC4
        case 0x0015: // NAK
        case 0x0016: // SYN
        case 0x0017: // ETB
        case 0x0018: // CAN
        case 0x0019: // EM
        case 0x001A: // SUB
        case 0x001B: // ESC
        case 0x001C: // FS
        case 0x001D: // GS
        case 0x001E: // RS
        case 0x001F: // US
        case 0x0020: // SPACE

        case 0x007F: // DEL

            /* C1 control characters (not allowed in XML 1.0) */
        case 0x0080:
        case 0x0081:
        case 0x0082:
        case 0x0083:
        case 0x0084:
        case 0x0085: // NEL ~CR+LF
        case 0x0086:
        case 0x0087:
        case 0x0088:
        case 0x0089:
        case 0x008A:
        case 0x008B:
        case 0x008C:
        case 0x008D:
        case 0x008E:
        case 0x008F:
        case 0x0090:
        case 0x0091:
        case 0x0092:
        case 0x0093:
        case 0x0094:
        case 0x0095:
        case 0x0096:
        case 0x0097:
        case 0x0098:
        case 0x0099:
        case 0x009A:
        case 0x009B:
        case 0x009C:
        case 0x009D:
        case 0x009E:
        case 0x009F:

        case 0x00A0: // NBSP

        case 0x1680: // OGHAM SPACE MARK
        case 0x180E: // MONGOLIAN VOWEL SEPARATOR

        case 0x2000: // EN QUAD
        case 0x2001: // EM QUAD
        case 0x2002: // EN SPACE
        case 0x2003: // EM SPACE
        case 0x2004: // THREE-PER-EM SPACE
        case 0x2005: // FOUR-PER-EM SPACE
        case 0x2006: // SIX-PER-EM SPACE
        case 0x2007: // FIGURE SPACE
        case 0x2008: // PUNCTUATION SPACE
        case 0x2009: // THIN SPACE
        case 0x200A: // HAIR SPACE
        case 0x200B: // ZERO WIDTH SPACE
            //FIXME: Zero widths, joiner, etc. should be removed instead of
            //replaced?

        case 0x2028: // LINE SEPARATOR
        case 0x2029: // PARAGRAPH SEPARATOR

        case 0x202F: // NARROW NO-BREAK SPACE

        case 0x205F: // MEDIUM MATHEMATICAL SPACE
        case 0x2060: // WORD JOINER

        case 0x3000: // IDEOGRAPHIC SPACE

        case 0xFEFF: // BOM
        case 0xFFFE: // Bad BOM: (not assigned)
        case 0xFFFF: // Not assigned (invalid Unicode)
            return true;
        }
        return false;
    }
}",2.0,2,16,95,180.0,Medium (11-20),Long (21+),Medium (11-20) | Long (21+),ISCTRLWS,"['[裏]', '[\x00]', '[\x97]', '[\u2005]', '[\x82]', '[\x8f]', '[\x0f]', '[\u202f]', '[\x94]', '[\x9f]', '[\x13]', '[]', '[\u2008]', '[\x12]', '[\x10]', '[\x9a]', '[\x98]', '[\x0e]', '[\x95]', '[\x87]', '[\x8b]', '[\x8e]', '[\x80]', '[\x08]', '[\u2000]', '[\x06]', '[\x1d]', '[\x7f]', '[\u2006]', '[\x01]', '[\x89]', '[\x84]', '[\x1c]', '[\x83]', '[\x1b]', '[\x04]', '[\x18]', '[\x19]', '[\u2003]', '[\u180e]', '[\x86]', '[\x9c]', '[\u2002]', '[\xa0]', '[\x93]', '[\x96]', '[\x85]', '[\u3000]', '[\x8d]', '[]', '[\x02]', '[\x15]', '[\x03]', '[\x11]', '[\x81]', '[\x8c]']",[],"[0.3529999256134033, 0.45799994468688965, 3.869999885559082, 3.9489998817443848, 4.053999900817871, 4.542999982833862, 5.325000047683716, 6.226000070571899, 6.789000034332275, 7.168999910354614, 7.453000068664551, 8.414000034332275, 8.70799994468689, 10.105000019073486, 10.431999921798706, 11.372999906539917, 11.82200002670288, 12.5, 12.604000091552734, 13.022000074386597, 13.77999997138977, 14.02999997138977, 15.315000057220459, 20.778000116348267, 24.138999938964844, 25.21499991416931, 28.115000009536743, 30.164999961853027, 30.713000059127808, 30.95199990272522, 31.036999940872192, 31.236000061035156, 31.453999996185303, 31.68400001525879, 36.80800008773804, 37.454999923706055, 38.49799990653992, 38.62899994850159, 39.831000089645386, 42.41000008583069, 42.83400011062622, 44.75999999046326, 45.611000061035156, 47.069000005722046, 48.138999938964844, 48.71300005912781, 48.75600004196167, 49.026000022888184, 49.39800000190735, 51.90899991989136, 52.33200001716614, 53.151999950408936, 53.33200001716614, 54.848999977111816, 55.454999923706055, 57.926000118255615]",[]
