Functions,cyclomatic_complexity
"public class ACCEPTNUMPARAM {
/**
	Returns true only for 1 parameter, false otherwise.
	*/
	public boolean acceptnumparam(int numParam) {
		return numParam == 1;
	}
}",1
"public class ACCEPTNUMPARAM {
/**
	Returns true only for 1 parameter, false otherwise.
	*/
	public boolean acceptnumparam(int numParam) {
		return numParam == 1;
	}
}",1
"public class ACCEPTNUMPARAM {
/**
	Returns true only for 1 parameter, false otherwise.
	*/
	public boolean acceptnumparam(int numParam) {
		return numParam == 1;
	}
}",1
"public class ACCEPTNUMPARAM {
/**
	Returns true only for 1 parameter, false otherwise.
	*/
	public boolean acceptnumparam(int numParam) {
		return numParam == 1;
	}
}",1
"public class ACCEPTNUMPARAM {
/**
	Returns true only for 1 parameter, false otherwise.
	*/
	public boolean acceptnumparam(int numParam) {
		return numParam == 1;
	}
}",1
"public class ACCEPTNUMPARAM {
/**
	Returns true only for 1 parameter, false otherwise.
	*/
	public boolean acceptnumparam(int numParam) {
		return numParam == 1;
	}
}",1
"public class ACCEPTNUMPARAM {
/**
	Returns true only for 1 parameter, false otherwise.
	*/
	public boolean acceptnumparam(int numParam) {
		return numParam == 1;
	}
}",1
"public class ACCEPTNUMPARAM {
/**
	Returns true for 1 or more parameters, false otherwise.
	*/
	public boolean acceptnumparam(int numParam) {
		return numParam > 0;
	}
}",1
"public class ACCEPTNUMPARAM {
/**
	Returns true only for 1 parameter, false otherwise.
	*/
	public boolean acceptnumparam(int numParam) {
		return numParam == 1;
	}
}",1
"public class ACCEPTNUMPARAM {
/**
	Returns true only for 2 parameters, false otherwise.
	*/
	public boolean acceptnumparam(int numParam) {
		return numParam == 2;
	}
}",1
"public class ACCEPTNUMPARAM {
/**
	Returns true only for 1 parameter, false otherwise.
	*/
	public boolean acceptnumparam(int numParam) {
		return numParam == 1;
	}
}",1
"public class ACCEPTNUMPARAM {
/**
	Returns true only for 1 parameter, false otherwise.
	*/
	public boolean acceptnumparam(int numParam) {
		return numParam == 1;
	}
}",1
"public class ACCEPTNUMPARAM {
/**
	Returns true only for 0 parameters, false otherwise.
	*/
	public boolean acceptnumparam(int numParam) {
		return numParam == 0;
	}
}",1
"public class ACCEPTNUMPARAM {
/**
	Returns true only for 1 parameter, false otherwise.
	*/
	public boolean acceptnumparam(int numParam) {
		return numParam == 1;
	}
}",1
"public class ACCEPTNUMPARAM {
/**
	Returns true only for 1 parameter, false otherwise.
	*/
	public boolean acceptnumparam(int numParam) {
		return numParam == 1;
	}
}",1
"public class ACCEPTNUMPARAM {
/**
	Returns true only for 1 parameter, false otherwise.
	*/
	public boolean acceptnumparam(int numParam) {
		return numParam == 1;
	}
}",1
"public class ACCEPTNUMPARAM {
/**
	Returns true only for 1 parameter, false otherwise.
	*/
	public boolean acceptnumparam(int numParam) {
		return numParam == 1;
	}
}",1
"public class ACCEPTNUMPARAM {
/**
	Returns true only for 1 parameter, false otherwise.
	*/
	public boolean acceptnumparam(int numParam) {
		return numParam == 1;
	}
}",1
"public class ACCEPTNUMPARAM {
/**
	Returns true only for 1 or 2 parameters, false otherwise.
	*/
	public boolean acceptnumparam(int numParam) {
		return numParam == 1 || numParam == 2;
	}
}",2
"public class ACCEPTNUMPARAM {
/**
	Returns true for 0 or more parameters, false otherwise.
	*/
	public boolean acceptnumparam(int numParam) {
		return numParam >= 0;
	}
}",1
"public class ACCEPTNUMPARAM {
/**
	Returns true for 0 or more parameters, false otherwise.
	*/
	public boolean acceptnumparam(int numParam) {
		return numParam >= 0;
	}
}",1
"public class ACCEPTNUMPARAM {
/**
	Returns true only for 2 parameters, false otherwise.
	*/
	public boolean acceptnumparam(int numParam) {
		return numParam == 2;
	}
}",1
"public class ACCEPTNUMPARAM {
/**
	Returns true only for 0 parameters, false otherwise.
	*/
	public boolean acceptnumparam(int numParam) {
		return numParam == 0;
	}
}",1
"public class ACCEPTNUMPARAM {
/**
	Returns true only for 2 parameters, false otherwise.
	*/
	public boolean acceptnumparam(int numParam) {
		return numParam == 2;
	}
}",1
"public class ACCEPTNUMPARAM {
/**
	Returns true only for 0 parameters, false otherwise.
	*/
	public boolean acceptnumparam(int numParam) {
		return numParam == 0;
	}
}",1
"public class ACCEPTNUMPARAM {
/**
	Returns true only for 1 parameter, false otherwise.
	*/
	public boolean acceptnumparam(int numParam) {
		return numParam == 1;
	}
}",1
"public class ACCEPTNUMPARAM {
/**
	Returns true only for 1 parameter, false otherwise.
	*/
	public boolean acceptnumparam(int numParam) {
		return numParam == 1;
	}
}",1
"public class ACCEPTNUMPARAM {
/**
	Returns true only for 1 parameter, false otherwise.
	*/
	public boolean acceptnumparam(int numParam) {
		return numParam == 1;
	}
}",1
"public class ACCEPTNUMPARAM {
/**
	Returns true only for 1 parameter, false otherwise.
	*/
	public boolean acceptnumparam(int numParam) {
		return numParam == 1;
	}
}",1
"public class ACCEPTNUMPARAM {
/**
	Returns true only for 1 parameter, false otherwise.
	*/
	public boolean acceptnumparam(int numParam) {
		return numParam == 1;
	}
}",1
"public class ACCEPTNUMPARAM {
/**
	Returns true for 1 or more parameters, false otherwise.
	*/
	public boolean acceptnumparam(int numParam) {
		return numParam > 0;
	}
}",1
"public class ACCEPTNUMPARAM {
/**
	Returns true only for 1 parameter, false otherwise.
	*/
	public boolean acceptnumparam(int numParam) {
		return numParam == 1;
	}
}",1
"public class ACCEPTNUMPARAM {
/**
	Returns true only for 1 parameter, false otherwise.
	*/
	public boolean acceptnumparam(int numParam) {
		return numParam == 1;
	}
}",1
"public class MBTOBYTE {
/**
     * Converts MB to bytes.
     * 
     * @param mbytes The MB to convert.
     * @return The converted result.
     */

    private static long mbTobyte(final long mbytes)
    {
        final int MB_TO_BYTE = 1048576;
        return mbytes * MB_TO_BYTE;
    }
}",1
"public class ISTOKENEXPIRED {
/**
     * Checks if the token is expired.
     * 
     * @param tokenExpiryTime The token expiration time.
     * @return A boolean indicating if the token is expired.
     */
    public static boolean istokenexpired(final long tokenExpiryTime)
    {
        return tokenExpiryTime < System.currentTimeMillis();
    }
}",1
"public class DISTANCESQ {
/**
     * Returns the square of the distance between two points.
     *
     * @param x1 the X coordinate of the first specified point
     * @param y1 the Y coordinate of the first specified point
     * @param x2 the X coordinate of the second specified point
     * @param y2 the Y coordinate of the second specified point
     * @return the square of the distance between the two
     * sets of specified coordinates.
     * @since 1.2
     */
    public static double distancesq(double x1, double y1,
                                    double x2, double y2)
    {
        x1 -= x2;
        y1 -= y2;
        return (x1 * x1 + y1 * y1);
    }
}",1
"public class DISTANCE {
/**
     * Returns the distance between two points.
     *
     * @param x1 the X coordinate of the first specified point
     * @param y1 the Y coordinate of the first specified point
     * @param x2 the X coordinate of the second specified point
     * @param y2 the Y coordinate of the second specified point
     * @return the distance between the two sets of specified
     * coordinates.
     * @since 1.2
     */
    public static double distance(double x1, double y1,
                                  double x2, double y2)
    {
        x1 -= x2;
        y1 -= y2;
        return Math.sqrt(x1 * x1 + y1 * y1);
    }
}",1
"public class FONTSIZE {
/**
     * Caclulates the font size in pixels given the font size in points and
     * the resolution (dots-per-inch)
     *
     * @param pt Font size in points (1 in = 72 points)
     * @param dpi Resolution in dots-per-inch (pixels-per-inch)
     * @return the font-size in pixels
     */
    private int fontSize(int pt, int dpi) {
        return (int) ( ((float) pt) / 72f * ((float) dpi) );
    }
}",1
"public class TOALFRESCOLOCKTIMEOUT {
/**
     * Convert FrontPageExtension lock timeout to Alfresco lock timeout. FrontPageExtension timeout is number of minutes, but Alfresco timeout is number of seconds.
     * 
     * @param timeout FrontPageExtension lock timeout
     * @return Alfresco lock timeout
     */
    public static int toalfrescolocktimeout(int timeout)
    {
        return timeout * 60;
    }
}",1
"public class RANDOMNUMBER {
/**
     * @param min
     * @param max
     * @return
     */
    private int randomNumber (int min, int max)
    {
        return min + (int)(Math.random() * ((max - min) + 1));
    }
}",1
"public class RESTARTAT {
/**
     * Restart a search at the specified resume point.
     *
     * @param resumeId   Resume point id.
     * @return           true if the search can be restarted, else false.
     */
    public boolean restartat(int resumeId) {
        return false;
    }
}",1
"public class RESTARTAT {
/**
   * Restart a search at the specified resume point.
   *
   * @param resumeId   Resume point id.
   * @return           true if the search can be restarted, else false.
   */
  public boolean restartat(int resumeId) {
    
    //	Cannot restart the search
    
    return false;
  }
}",1
"public class ROUNDUPLONGSIZE {
/**
	 * Round up the size value to a 512 byte boundary
	 * 
	 * @param lSize long
	 * @return long
	 */
	public static long rounduplongsize(long lSize) {
	    return ( lSize + 512L) & 0xFFFFFFFFFFFFFE00L;
	}
}",1
"public class ROUNDUPINTSIZE {
/**
	 * Round up the size value to a 512 byte boundary
	 * 
	 * @param iSize int
	 * @return int
	 */
	public static int roundupintsize(int iSize) {
	    return ( iSize + 512) & 0xFFFFFE00;
	}
}",1
"public class SETBULKFETCH {
/**
     * Bulk fetch results in the cache - not supported here
     * 
     * @param bulkFetch
     */
    public boolean setbulkfetch(boolean bulkFetch)
    {
    	return false;
    }
}",1
"public class SETBULKFETCHSIZE {
/**
     * Set the bulk fetch size
     * 
     * @param bulkFetchSize
     */
    public int setbulkfetchsize(int bulkFetchSize)
    {
    	return 0;
    }
}",1
"public class SETBULKFETCH {
/**
     * Bulk fetch results in the cache - not supported here
     * 
     * @param bulkFetch
     */
    public boolean setbulkfetch(boolean bulkFetch)
    {
        return false;
    }
}",1
"public class SETBULKFETCHSIZE {
/**
     * Set the bulk fetch size
     * 
     * @param bulkFetchSize
     */
    public int setbulkfetchsize(int bulkFetchSize)
    {
        return 0;
    }
}",1
"public class SETBULKFETCH {
/**
     * Bulk fetch results in the cache
     * 
     * @param bulkFetch
     */
    public boolean setbulkfetch(boolean bulkFetch)
    {
    	return false;
    }
}",1
"public class SETBULKFETCHSIZE {
/**
     * Set the bulk fetch size
     * 
     * @param bulkFetchSize
     */
    public int setbulkfetchsize(int bulkFetchSize)
    {
    	return 0;
    }
}",1
"public class SETBULKFETCH {
/**
     * Bulk fetch results in the cache
     * 
     * @param bulkFetch
     */
    public boolean setbulkfetch(boolean bulkFetch)
    {
    	return false;
    }
}",1
"public class SETBULKFETCHSIZE {
/**
     * Set the bulk fetch size
     * 
     * @param bulkFetchSize
     */
    public int setbulkfetchsize(int bulkFetchSize)
    {
    	return 0;
    }
}",1
"public class MINSET {
/**
     * Returns the lower of the two value supplied, ignoring values less than 
     * 0 unless both are less than zero.
     */
    private long minSet(long value1, long value2)
    {
        if (value1 < 0)
        {
            return value2;
        }
        else if (value2 < 0)
        {
            return value1;
        }
        return Math.min(value1, value2);
    }
}",3
"public class MAXSET {
/**
     * Returns the higher (common denominator) of the two value supplied.
     * If either value is less than 0, -1 is returned.
     */
    private long maxSet(long value1, long value2)
    {
        if (value1 < 0 || value2 < 0)
        {
            return -1;
        }
        return Math.max(value1, value2);
    }
}",3
"public class LOOKFORSELECTABLEPOSITION {
/**
     * Find a position that can be selected (i.e., is not a separator).
     *
     * @param position The starting position to look at.
     * @param lookDown Whether to look down for other positions.
     * @return The next selectable position starting at position and then searching either up or
     *         down. Returns {@link #INVALID_POSITION} if nothing can be found.
     */
    int lookForSelectablePosition(int position, boolean lookDown) {
        return position;
    }
}",1
"public class GETITEMID {
/**
	 * @return 0
	 */
	
	public long getitemid(int position) {
		// TODO Auto-generated method stub
		return 0;
	}
}",1
"public class TRUNCATE {
/**
		 * Sets the RGB between 0 and 255
		 *
		 * @param a
		 * @return
		 */
		private static int truncate(int a) {
			if (a < 0)
				return 0;
			else if (a > 255)
				return 255;
			else
				return a;
		}
}",3
"public class GETVALIDINTERVAL {
/**
	 * method to calculate an appropriate interval for flicker lines
	 * 
	 * @param a_value
	 * @return
	 */
	private static int getValidInterval(int a_value){
		if(a_value < 0) return 0;
		if(a_value > 255) return 255;
		return a_value;
	}
}",3
"public class ISWHITESPACE {
/**
     * Checks if a byte value is whitespace or not.
     * Whitespace is taken to mean: space, tab, CR, LF
     * @param byteToCheck
     *            the byte to check
     * @return true if byte is whitespace, false otherwise
     */
    protected static boolean isWhiteSpace(byte byteToCheck) {
        switch (byteToCheck) {
            case ' ' :
            case '\n' :
            case '\r' :
            case '\t' :
                return true;
            default :
                return false;
        }
    }
}",2
"public class ISTOKENSEPARATOR {
/**
     * Checks whether a character is a token separator.
     * RFC 2616, section 2.1 defines comma as the separator for
     * <tt>#token</tt> sequences. The end of a header value will
     * also separate tokens, but that is not a character check.
     *
     * @param ch        the character to check
     *
     * @return  <code>true</code> if the character is a token separator,
     *          <code>false</code> otherwise
     */
    protected boolean isTokenSeparator(char ch) {
        return (ch == ',');
    }
}",1
"public class ISWHITESPACE {
/**
     * Checks whether a character is a whitespace character.
     * RFC 2616, section 2.2 defines space and horizontal tab as whitespace.
     * The optional preceeding line break is irrelevant, since header
     * continuation is handled transparently when parsing messages.
     *
     * @param ch        the character to check
     *
     * @return  <code>true</code> if the character is whitespace,
     *          <code>false</code> otherwise
     */
    protected boolean isWhitespace(char ch) {

        // we do not use Character.isWhitspace(ch) here, since that allows
        // many control characters which are not whitespace as per RFC 2616
        return ((ch == '\t') || Character.isSpaceChar(ch));
    }
}",2
"public class ISWHITESPACE {
/**
     * Checks if a byte value is whitespace or not.
     * Whitespace is taken to mean: space, tab, CR, LF
     * @param byteToCheck
     *            the byte to check
     * @return true if byte is whitespace, false otherwise
     */
    protected static boolean isWhiteSpace(byte byteToCheck) {
        switch (byteToCheck) {
            case ' ' :
            case '\n' :
            case '\r' :
            case '\t' :
                return true;
            default :
                return false;
        }
    }
}",2
"public class EQUALS {
/**
	 * Compare if two floats are equals within the given delta tolerance.
	 * 
	 * @param f1
	 *            A float
	 * @param f2
	 *            Another float
	 * @param delta
	 *            The delta tolerance.
	 * @return True if they are equal, false if not.
	 */
	public static boolean equals(float f1, float f2, float delta) {
		return Math.abs(f1 - f2) <= delta;
	}
}",1
"public class EQUALS {
/**
	 * Compare if two floats are equals within the given delta tolerance.
	 * 
	 * @param f1
	 *            A float
	 * @param f2
	 *            Another float
	 * @param delta
	 *            The delta tolerance.
	 * @return True if they are equal, false if not.
	 */
	public static boolean equals(double f1, double f2, double delta) {
		return Math.abs(f1 - f2) <= delta;
	}
}",1
"public class DECODEDIGIT {
/**
	 * This method converts a Base 64 digit to its numeric value.
	 * 
	 * @param data digit (character) to convert
	 * @return value for the digit
	 */
	static int decodeDigit(byte data) {
		char charData = (char) data;
		if (charData <= 'Z' && charData >= 'A')
			return charData - 'A';
		if (charData <= 'z' && charData >= 'a')
			return charData - 'a' + 26;
		if (charData <= '9' && charData >= '0')
			return charData - '0' + 52;
		switch (charData) {
			case '+' :
				return 62;
			case '/' :
				return 63;
			default :
				throw new IllegalArgumentException(""Invalid char to decode: "" + data); //$NON-NLS-1$
		}
	}
}",8
"public class GETPASSWORDMAXIMUMLENGTH {
/**
     * Return the maximum password length that the device supports for a
     * particular password quality.
     * @param quality The quality being interrogated.
     * @return Returns the maximum length that the user can enter.
     */
    public int getpasswordmaximumlength(int quality) {
        // Kind-of arbitrary.
        return 16;
    }
}",1
"public class ONMOVE {
/**
     * This function is called every time the cursor is successfully scrolled
     * to a new position, giving the subclass a chance to update any state it
     * may have. If it returns false the move function will also do so and the
     * cursor will scroll to the beforeFirst position.
     *
     * @param oldPosition the position that we're moving from
     * @param newPosition the position that we're moving to
     * @return true if the move is successful, false otherwise
     */
    public boolean onmove(int oldPosition, int newPosition) {
        return true;
    }
}",1
"public class GETALTITUDE {
/**
     * Computes the Altitude in meters from the atmospheric pressure and the
     * pressure at sea level.
     * <p>
     * Typically the atmospheric pressure is read from a
     * {@link Sensor#TYPE_PRESSURE} sensor. The pressure at sea level must be
     * known, usually it can be retrieved from airport databases in the
     * vicinity. If unknown, you can use {@link #PRESSURE_STANDARD_ATMOSPHERE}
     * as an approximation, but absolute altitudes won't be accurate.
     * </p>
     * <p>
     * To calculate altitude differences, you must calculate the difference
     * between the altitudes at both points. If you don't know the altitude
     * as sea level, you can use {@link #PRESSURE_STANDARD_ATMOSPHERE} instead,
     * which will give good results considering the range of pressure typically
     * involved.
     * </p>
     * <p>
     * <code><ul>
     *  float altitude_difference =
     *      getAltitude(SensorManager.PRESSURE_STANDARD_ATMOSPHERE, pressure_at_point2)
     *      - getAltitude(SensorManager.PRESSURE_STANDARD_ATMOSPHERE, pressure_at_point1);
     * </ul></code>
     * </p>
     *
     * @param p0 pressure at sea level
     * @param p atmospheric pressure
     * @return Altitude in meters
     */
   public static float getaltitude(float p0, float p) {
        final float coef = 1.0f / 5.255f;
        return 44330.0f * (1.0f - (float)Math.pow(p/p0, coef));
    }
}",1
"public class SETPSRTPROGRAMTYPE {
/**
    *  Set the Program Type to be used for Continuously transmit
    *  RDS/RBDS Program Service information and RDS/RBDS RadioText
    *  information.
    *  <p>
    *  This is a function to set the Program Type to be used while
    *  transmitting Program Service and Radio Text Information.
    *  <p>
    *  Included in the Program Service information is an RDS/RBDS program type (PTY), and
    *  one or more Program Service strings. The program type (PTY)
    *  is used to describe the content being transmitted and follows
    *  the RDS/RBDS program types described in the RDS/RBDS
    *  specifications.
    *  <p>
    *  Included in the RadioText information is an RDS/RBDS program type (PTY),
    *  and a single string of up to 64 characters. The program type (PTY) is used
    *  to describe the content being transmitted and follows the RDS/RBDS program
    *  types described in the RDS/RBDS specifications.
    *
    *  Note: If the PS or RT transmission is currently active, the
    *  PTY change will take effect when the current transmission is
    *  complete. Typically  setPSRTProgramType should be called
    *  before {@link #setPSInfo} or {@link #setRTInfo} is started.
    *
    *  @param pty the program type to use in the program Service
    *             information and Radio Text information.
    *
    *  @return true if the driver was updated to use the new
    *             Program Type, false if the driver could not be
    *             updated.
    *
    *  @see #setPSInfo
    *  @see #setRTInfo
    *
    */
   public boolean setpsrtprogramtype(int pty){
      boolean bStatus = false;

      return bStatus;
   }
}",1
"public class TRANSMITRDSGROUPCONTROL {
/**
    *  Pause/Resume RDS/RBDS group transmission, or stop and clear
    *  all RDS groups.
    *  <p>
    *  This is a function used to used to pause/resume RDS/RBDS
    *  group transmission, or stop and clear all RDS groups. This
    *  function can be used with to control continuous and
    *  non-continuous RDS/RBDS group transmissions.
    *  <p>
    *  @param ctrlCmd The Tx RDS group control.
    *
    *  @return true if RDS Group Control command was
    *             successfully sent to the driver, false if RDS
    *             Group Control command could not be sent to the
    *             driver.
    *
    *  @see #transmitRdsGroups
    */
   public boolean transmitrdsgroupcontrol(int ctrlCmd){
      boolean bStatus = false;

      return bStatus;
   }
}",1
"public class ISSTATUSSUCCESS {
/**
     * Returns whether the status is a success (i.e. 2xx).
     */
    public static boolean isstatussuccess(int status) {
        return (status >= 200 && status < 300);
    }
}",2
"public class ISSTATUSERROR {
/**
     * Returns whether the status is an error (i.e. 4xx or 5xx).
     */
    public static boolean isstatuserror(int status) {
        return (status >= 400 && status < 600);
    }
}",2
"public class REQUESTROUTETOHOST {
/**
     * Ensure that a network route exists to deliver traffic to the specified
     * host via this network interface.
     * @param hostAddress the IP address of the host to which the route is desired
     * @return {@code true} on success, {@code false} on failure
     */
    public boolean requestroutetohost(int hostAddress) {
        return false;
    }
}",1
"public class ISWHITESPACE {
/**
         * Check if c is whitespace.
         * @param c character to test
         * @return true if c is a whitespace character
         */
        private boolean isWhitespace(char c) {
            switch(c) {
            case ' ':
            case '\t':
            case '\f':
            case '\n':
            case '\r':
            case 11: /* VT */
                return true;
            default:
                return false;
            }
        }
}",2
"public class DECODEHEXDIGIT {
/**
     * Convert a character that represents a hexidecimal digit into an integer.
     * If the character is not a hexidecimal digit, then -1 is returned.
     * Both upper case and lower case hex digits are allowed.
     * @param c the hexidecimal digit.
     * @return the integer value of the hexidecimal digit.
     */

    protected int decodeHexDigit(char c) {
        if (c >= '0' && c <= '9') {
            return c - '0';
        }
        else if (c >= 'A' && c <= 'F') {
            return c - 'A' + 10;
        }
        else if (c >= 'a' && c <= 'f') {
            return c - 'a' + 10;
        }
        else {
            return -1;
        }
    }
}",7
"public class SECTORTOBLOCK {
/**
     * Return the first block of a given sector.
     * <p>Does not cause any RF activity and does not block.
     *
     * @param sectorIndex index of sector to lookup, starting from 0
     * @return block index of first block in sector
     */
    public int sectortoblock(int sectorIndex) {
        if (sectorIndex < 32) {
            return sectorIndex * 4;
        } else {
            return 32 * 4 + (sectorIndex - 32) * 16;
        }
    }
}",2
"public class ISSTATUSINFORMATIONAL {
/**
     * Returns whether the status is informational (i.e. 1xx).
     * @hide
     */
    public static boolean isstatusinformational(int status) {
        return (status >= 100 && status < 200);
    }
}",2
"public class ISSTATUSSUCCESS {
/**
     * Returns whether the status is a success (i.e. 2xx).
     * @hide
     */
    public static boolean isstatussuccess(int status) {
        return (status >= 200 && status < 300);
    }
}",2
"public class ISSTATUSERROR {
/**
     * Returns whether the status is an error (i.e. 4xx or 5xx).
     * @hide
     */
    public static boolean isstatuserror(int status) {
        return (status >= 400 && status < 600);
    }
}",2
"public class ISSTATUSCLIENTERROR {
/**
     * Returns whether the status is a client error (i.e. 4xx).
     * @hide
     */
    public static boolean isstatusclienterror(int status) {
        return (status >= 400 && status < 500);
    }
}",2
"public class ISSTATUSSERVERERROR {
/**
     * Returns whether the status is a server error (i.e. 5xx).
     * @hide
     */
    public static boolean isstatusservererror(int status) {
        return (status >= 500 && status < 600);
    }
}",2
"public class ISSTATUSCOMPLETED {
/**
     * Returns whether the download has completed (either with success or
     * error).
     * @hide
     */
    public static boolean isstatuscompleted(int status) {
        return (status >= 200 && status < 300) || (status >= 400 && status < 600);
    }
}",4
"public class ISSTATUSINFORMATIONAL {
/**
         * Returns whether the status is informational (i.e. 1xx).
         */
        public static boolean isstatusinformational(int status) {
            return (status >= 100 && status < 200);
        }
}",2
"public class ISSTATUSSUCCESS {
/**
         * Returns whether the status is a success (i.e. 2xx).
         */
        public static boolean isstatussuccess(int status) {
            return (status >= 200 && status < 300);
        }
}",2
"public class ISSTATUSERROR {
/**
         * Returns whether the status is an error (i.e. 4xx or 5xx).
         */
        public static boolean isstatuserror(int status) {
            return (status >= 400 && status < 600);
        }
}",2
"public class ISSTATUSCLIENTERROR {
/**
         * Returns whether the status is a client error (i.e. 4xx).
         */
        public static boolean isstatusclienterror(int status) {
            return (status >= 400 && status < 500);
        }
}",2
"public class ISSTATUSSERVERERROR {
/**
         * Returns whether the status is a server error (i.e. 5xx).
         */
        public static boolean isstatusservererror(int status) {
            return (status >= 500 && status < 600);
        }
}",2
"public class ISSTATUSCOMPLETED {
/**
         * Returns whether the download has completed (either with success or
         * error).
         */
        public static boolean isstatuscompleted(int status) {
            return (status >= 200 && status < 300) || (status >= 400 && status < 600);
        }
}",4
"public class ISGRAPHIC {
/**
     * Returns whether this character is a printable character.
     */
    public static boolean isgraphic(char c) {
        int gc = Character.getType(c);
        return     gc != Character.CONTROL
                && gc != Character.FORMAT
                && gc != Character.SURROGATE
                && gc != Character.UNASSIGNED
                && gc != Character.LINE_SEPARATOR
                && gc != Character.PARAGRAPH_SEPARATOR
                && gc != Character.SPACE_SEPARATOR;
    }
}",7
"public class ISPRINTABLEASCII {
/**
     * @hide
     */
    public static boolean isprintableascii(final char c) {
        final int asciiFirst = 0x20;
        final int asciiLast = 0x7E;  // included
        return (asciiFirst <= c && c <= asciiLast) || c == '\r' || c == '\n';
    }
}",4
"public class ISRTLCHARACTER {
/**
     * @hide
     */
    private static boolean isRTLCharacter(char c) {
        //range of RTL characters per unicode specification
        return (c >= 0x0590 && c <= 0x05FF) ||
               (c >= 0xFB1D && c <= 0xFB4F) ||
               (c >= 0x0600 && c <= 0x07BF) ||
               (c >= 0xFB50 && c <= 0xFDFF) ||
               (c >= 0xFE70 && c <= 0xFEFE)    ;
    }
}",10
"public class ISARABICCHARACTER {
/**
     * @hide
     */
    private static boolean isArabicCharacter(char c) {
        //range of Arabic characters per unicode specification
        return (c >= 0x0600 && c <= 0x06FF) ||
               (c >= 0x0750 && c <= 0x077F) ||
               (c >= 0xFB50 && c <= 0xFDFF) ||
               (c >= 0xFE70 && c <= 0xFEFE)    ;
    }
}",8
"public class MAXOUTPUTSIZE {
/**
         * @return an overestimate for the number of bytes {@code
         * len} bytes could decode to.
         */
        public int maxoutputsize(int len) {
            return len * 3/4 + 10;
        }
}",1
"public class MAXOUTPUTSIZE {
/**
         * @return an overestimate for the number of bytes {@code
         * len} bytes could encode to.
         */
        public int maxoutputsize(int len) {
            return len * 8/5 + 10;
        }
}",1
"public class GETWEIGHTEDDISTANCEFOR {
/**
     * Fudge-factor opportunity: how to calculate distance given major and minor
     * axis distances.  Warning: this fudge factor is finely tuned, be sure to
     * run all focus tests if you dare tweak it.
     */
    int getWeightedDistanceFor(int majorAxisDistance, int minorAxisDistance) {
        return 13 * majorAxisDistance * majorAxisDistance
                + minorAxisDistance * minorAxisDistance;
    }
}",1
"public class ONSETALPHA {
/**
     * Invoked if there is a Transform that involves alpha. Subclass that can
     * draw themselves with the specified alpha should return true, and then
     * respect that alpha when their onDraw() is called. If this returns false
     * then the view may be redirected to draw into an offscreen buffer to
     * fulfill the request, which will look fine, but may be slower than if the
     * subclass handles it internally. The default implementation returns false.
     *
     * @param alpha The alpha (0..255) to apply to the view's drawing
     * @return true if the view can draw with the specified alpha.
     */
    protected boolean onSetAlpha(int alpha) {
        return false;
    }
}",1
"public class MAKEMEASURESPEC {
/**
         * Creates a measure specification based on the supplied size and mode.
         *
         * The mode must always be one of the following:
         * <ul>
         *  <li>{@link android.view.View.MeasureSpec#UNSPECIFIED}</li>
         *  <li>{@link android.view.View.MeasureSpec#EXACTLY}</li>
         *  <li>{@link android.view.View.MeasureSpec#AT_MOST}</li>
         * </ul>
         *
         * @param size the size of the measure specification
         * @param mode the mode of the measure specification
         * @return the measure specification based on size and mode
         */
        public static int makemeasurespec(int size, int mode) {
            return size + mode;
        }
}",1
"public class GETCHILDDRAWINGORDER {
/**
     * Returns the index of the child to draw for this iteration. Override this
     * if you want to change the drawing order of children. By default, it
     * returns i.
     * <p>
     * NOTE: In order for this method to be called, you must enable child ordering
     * first by calling {@link #setChildrenDrawingOrderEnabled(boolean)}.
     *
     * @param i The current iteration.
     * @return The index of the child to draw this iteration.
     * 
     * @see #setChildrenDrawingOrderEnabled(boolean)
     * @see #isChildrenDrawingOrderEnabled()
     */
    protected int getChildDrawingOrder(int childCount, int i) {
        return i;
    }
}",1
"public class PERFORMCONTEXTMENUACTION {
/**
     * The default implementation does nothing.
     */
    public boolean performcontextmenuaction(int id) {
        return false;
    }
}",1
"public class LOOKFORSELECTABLEPOSITION {
/**
     * Find a position that can be selected (i.e., is not a separator).
     *
     * @param position The starting position to look at.
     * @param lookDown Whether to look down for other positions.
     * @return The next selectable position starting at position and then searching either up or
     *         down. Returns {@link #INVALID_POSITION} if nothing can be found.
     */
    int lookForSelectablePosition(int position, boolean lookDown) {
        return position;
    }
}",1
"public class GETITEMID {
/**
     * {@inheritDoc}
     */
    public long getitemid(int position) {
        return position;
    }
}",1
"public class GETCOMBINEDCHILDID {
/**
     * Override this method if you foresee a clash in IDs based on this scheme:
     * <p>
     * Base implementation returns a long:
     * <li> bit 0: Whether this ID points to a child (unset) or group (set), so for this method
     *             this bit will be 1.
     * <li> bit 1-31: Lower 31 bits of the groupId
     * <li> bit 32-63: Lower 32 bits of the childId.
     * <p> 
     * {@inheritDoc}
     */
    public long getcombinedchildid(long groupId, long childId) {
        return 0x8000000000000000L | ((groupId & 0x7FFFFFFF) << 32) | (childId & 0xFFFFFFFF);
    }
}",1
"public class GETCOMBINEDGROUPID {
/**
     * Override this method if you foresee a clash in IDs based on this scheme:
     * <p>
     * Base implementation returns a long:
     * <li> bit 0: Whether this ID points to a child (unset) or group (set), so for this method
     *             this bit will be 0.
     * <li> bit 1-31: Lower 31 bits of the groupId
     * <li> bit 32-63: Lower 32 bits of the childId.
     * <p> 
     * {@inheritDoc}
     */
    public long getcombinedgroupid(long groupId) {
        return (groupId & 0x7FFFFFFF) << 32;
    }
}",1
"public class GETCHILDTYPE {
/**
     * {@inheritDoc}
     * @return 0 for any group or child position, since only one child type count is declared.
     */
    public int getchildtype(int groupPosition, int childPosition) {
        return 0;
    }
}",1
"public class GETGROUPTYPE {
/**
     * {@inheritDoc}
     * @return 0 for any groupPosition, since only one group type count is declared.
     */
    public int getgrouptype(int groupPosition) {
        return 0;
    }
}",1
"public class GETTOPSELECTIONPIXEL {
/**
     * Calculate the top-most pixel we can draw the selection into
     *
     * @param childrenTop Top pixel were children can be drawn
     * @param fadingEdgeLength Length of the fading edge in pixels, if present
     * @param rowStart The start of the row that will contain the selection
     * @return The top-most pixel we can draw the selection into
     */
    private int getTopSelectionPixel(int childrenTop, int fadingEdgeLength, int rowStart) {
        // first pixel we can draw the selection into
        int topSelectionPixel = childrenTop;
        if (rowStart > 0) {
            topSelectionPixel += fadingEdgeLength;
        }
        return topSelectionPixel;
    }
}",2
"public class MEASURENULLCHILD {
/**
     * <p>Returns the size (width or height) that should be occupied by a null
     * child.</p>
     *
     * @param childIndex the index of the null child
     * @return the width or height of the child depending on the orientation
     */
    int measureNullChild(int childIndex) {
        return 0;
    }
}",1
"public class GETTOPSELECTIONPIXEL {
/**
     * Calculate the top-most pixel we can draw the selection into
     *
     * @param childrenTop Top pixel were children can be drawn
     * @param fadingEdgeLength Length of the fading edge in pixels, if present
     * @param selectedPosition The position that will be selected
     * @return The top-most pixel we can draw the selection into
     */
    private int getTopSelectionPixel(int childrenTop, int fadingEdgeLength, int selectedPosition) {
        // first pixel we can draw the selection into
        int topSelectionPixel = childrenTop;
        if (selectedPosition > 0) {
            topSelectionPixel += fadingEdgeLength;
        }
        return topSelectionPixel;
    }
}",2
"public class GETITEMID {
/**
     * @see android.widget.Adapter#getItemId(int)
     */
    public long getitemid(int position) {
        return position;
    }
}",1
"public class ROUND {
/**
     * Fast round from float to int. This is faster than Math.round()
     * thought it may return slightly different results. It does not try to
     * handle (in any meaningful way) NaN or infinities.
     */
    public static int round(float x) {
        long lx = (long)(x * (65536 * 256f));
        return (int)((lx + 0x800000) >> 24);
    }
}",1
"public class ISTOKENCHARACTER {
/**
     * Check TOKEN data defined in RFC2616.
     * @param ch checking data
     * @return true when ch is TOKEN, false when ch is not TOKEN
     */
    protected static boolean isTokenCharacter(int ch) {
        /**
         * Token      = 1*<any CHAR except CTLs or separators>
         * separators = ""(""(40) | "")""(41) | ""<""(60) | "">""(62) | ""@""(64)
         *            | "",""(44) | "";""(59) | "":""(58) | ""\""(92) | <"">(34)
         *            | ""/""(47) | ""[""(91) | ""]""(93) | ""?""(63) | ""=""(61)
         *            | ""{""(123) | ""}""(125) | SP(32) | HT(9)
         * CHAR       = <any US-ASCII character (octets 0 - 127)>
         * CTL        = <any US-ASCII control character
         *            (octets 0 - 31) and DEL (127)>
         * SP         = <US-ASCII SP, space (32)>
         * HT         = <US-ASCII HT, horizontal-tab (9)>
         */
        if((ch < 33) || (ch > 126)) {
            return false;
        }

        switch(ch) {
            case '""': /* '""' */
            case '(': /* '(' */
            case ')': /* ')' */
            case ',': /* ',' */
            case '/': /* '/' */
            case ':': /* ':' */
            case ';': /* ';' */
            case '<': /* '<' */
            case '=': /* '=' */
            case '>': /* '>' */
            case '?': /* '?' */
            case '@': /* '@' */
            case '[': /* '[' */
            case '\\': /* '\' */
            case ']': /* ']' */
            case '{': /* '{' */
            case '}': /* '}' */
                return false;
        }

        return true;
    }
}",4
"public class ISTEXT {
/**
     * Check TEXT data defined in RFC2616.
     * @param ch checking data
     * @return true when ch is TEXT, false when ch is not TEXT
     */
    protected static boolean isText(int ch) {
        /**
         * TEXT = <any OCTET except CTLs,
         *      but including LWS>
         * CTL  = <any US-ASCII control character
         *      (octets 0 - 31) and DEL (127)>
         * LWS  = [CRLF] 1*( SP | HT )
         * CRLF = CR LF
         * CR   = <US-ASCII CR, carriage return (13)>
         * LF   = <US-ASCII LF, linefeed (10)>
         */
        if(((ch >= 32) && (ch <= 126)) || ((ch >= 128) && (ch <= 255))) {
            return true;
        }

        switch(ch) {
            case '\t': /* '\t' */
            case '\n': /* '\n' */
            case '\r': /* '\r' */
                return true;
        }

        return false;
    }
}",6
"public class ISDOMAINCHAR {
/** Determines if this is an allowable domain character. */
  private boolean isDomainChar(char c) {
    return c == '-' || Character.isLetter(c) || Character.isDigit(c);
  }
}",3
"public class ISPUNCTUATION {
/** Determines whether the given character is punctuation. */
  private static boolean isPunctuation(char ch) {
    switch (ch) {
      case '.': case ',': case '""': case ':': case ';':
      case '?': case '!': case '(': case ')':
        return true;

      default:
        return false;
    }
  }
}",2
"public class ISFORMATCHAR {
/**
   * Determines whether the given character is the beginning or end of a
   * section with special formatting.
   */
  private static boolean isFormatChar(char ch) {
    switch (ch) {
      case '*': case '_': case '^':
        return true;

      default:
        return false;
    }
  }
}",2
"public class DMETHOD {
/** Calls itself recursively to make some interesting trace data.
     * 
     * @return a meaningless value
     */
    private int dMethod(int level) {
        int count = 0;
        if (level > 0) {
            count = dMethod(level - 1);
        }
        for (int ii = 0; ii < 100; ii++) {
            count += ii;
        }
        if (level == 0) {
            return count;
        }
        return dMethod(level - 1);
    }
}",4
"public class GETITEMVIEWTYPE {
/**
     * Return an item type for the specified position in the adapter. Override if your
     * adapter creates more than one type.
     */
    public int getitemviewtype(int position) {
        return 0;
    }
}",1
"public class ALPHA {
/**
     * Return the alpha component of a color int. This is the same as saying
     * color >>> 24
     */
    public static int alpha(int color) {
        return color >>> 24;
    }
}",1
"public class RED {
/**
     * Return the red component of a color int. This is the same as saying
     * (color >> 16) & 0xFF
     */
    public static int red(int color) {
        return (color >> 16) & 0xFF;
    }
}",1
"public class GREEN {
/**
     * Return the green component of a color int. This is the same as saying
     * (color >> 8) & 0xFF
     */
    public static int green(int color) {
        return (color >> 8) & 0xFF;
    }
}",1
"public class BLUE {
/**
     * Return the blue component of a color int. This is the same as saying
     * color & 0xFF
     */
    public static int blue(int color) {
        return color & 0xFF;
    }
}",1
"public class RGB {
/**
     * Return a color-int from red, green, blue components.
     * The alpha component is implicity 255 (fully opaque).
     * These component values should be [0..255], but there is no
     * range check performed, so if they are out of range, the
     * returned color is undefined.
     * @param red  Red component [0..255] of the color
     * @param green Green component [0..255] of the color
     * @param blue  Blue component [0..255] of the color
     */
    public static int rgb(int red, int green, int blue) {
        return (0xFF << 24) | (red << 16) | (green << 8) | blue;
    }
}",1
"public class ARGB {
/**
     * Return a color-int from alpha, red, green, blue components.
     * These component values should be [0..255], but there is no
     * range check performed, so if they are out of range, the
     * returned color is undefined.
     * @param alpha Alpha component [0..255] of the color
     * @param red   Red component [0..255] of the color
     * @param green Green component [0..255] of the color
     * @param blue  Blue component [0..255] of the color
     */
    public static int argb(int alpha, int red, int green, int blue) {
        return (alpha << 24) | (red << 16) | (green << 8) | blue;
    }
}",1
"public class HUE {
/**
     * Returns the hue component of a color int.
     * 
     * @return A value between 0.0f and 1.0f
     * 
     * @hide Pending API council
     */
    public static float hue(int color) {
        int r = (color >> 16) & 0xFF;
        int g = (color >> 8) & 0xFF;
        int b = color & 0xFF;

        int V = Math.max(b, Math.max(r, g));
        int temp = Math.min(b, Math.min(r, g));

        float H;

        if (V == temp) {
            H = 0;
        } else {
            final float vtemp = (float) (V - temp);
            final float cr = (V - r) / vtemp;
            final float cg = (V - g) / vtemp;
            final float cb = (V - b) / vtemp;

            if (r == V) {
                H = cb - cg;
            } else if (g == V) {
                H = 2 + cr - cb;
            } else {
                H = 4 + cg - cr;
            }

            H /= 6.f;
            if (H < 0) {
                H++;
            }
        }

        return H;
    }
}",5
"public class SATURATION {
/**
     * Returns the saturation component of a color int.
     * 
     * @return A value between 0.0f and 1.0f
     * 
     * @hide Pending API council
     */
    public static float saturation(int color) {
        int r = (color >> 16) & 0xFF;
        int g = (color >> 8) & 0xFF;
        int b = color & 0xFF;


        int V = Math.max(b, Math.max(r, g));
        int temp = Math.min(b, Math.min(r, g));

        float S;

        if (V == temp) {
            S = 0;
        } else {
            S = (V - temp) / (float) V;
        }

        return S;
    }
}",2
"public class BRIGHTNESS {
/**
     * Returns the brightness component of a color int.
     * 
     * @return A value between 0.0f and 1.0f
     * 
     * @hide Pending API council
     */
    public static float brightness(int color) {
        int r = (color >> 16) & 0xFF;
        int g = (color >> 8) & 0xFF;
        int b = color & 0xFF;

        int V = Math.max(b, Math.max(r, g));

        return (V / 255.f);
    }
}",1
"public class ONLEVELCHANGE {
/** Override this in your subclass to change appearance if you vary based
     *  on level.
     * @return Returns true if the level change has caused the appearance of
     * the Drawable to change (that is, it needs to be drawn), else false
     * if it looks the same and there is no need to redraw it since its
     * last level.
     */
    protected boolean onLevelChange(int level) { return false; }
}",1
"public class GETVALUEFORVIBRATESETTING {
/**
     * @see #setVibrateSetting(int, int)
     */
    public static int getvalueforvibratesetting(int existingValue, int vibrateType,
            int vibrateSetting) {

        // First clear the existing setting. Each vibrate type has two bits in
        // the value. Note '3' is '11' in binary.
        existingValue &= ~(3 << (vibrateType * 2));

        // Set into the old value
        existingValue |= (vibrateSetting & 3) << (vibrateType * 2);

        return existingValue;
    }
}",1
"public class GETROUTING {
/** @deprecated use {@link #getDeviceConnectionState(int,String)} */
    public static int getrouting(int mode) {
        return 0;
    }
}",1
"public class LENGTH {
/**
     * Computes the length of a vector
     *
     * @param x x coordinate of a vector
     * @param y y coordinate of a vector
     * @param z z coordinate of a vector
     * @return the length of a vector
     */
    public static float length(float x, float y, float z) {
        return (float) Math.sqrt(x * x + y * y + z * z);
    }
}",1
"public class SHOULDDEVICESTAYAWAKE {
/**
         * Determine whether the bit value corresponding to {@code pluggedType} is set in
         * the bit string {@code stayAwakeConditions}. Because a {@code pluggedType} value
         * of {@code 0} isn't really a plugged type, but rather an indication that the
         * device isn't plugged in at all, there is no bit value corresponding to a
         * {@code pluggedType} value of {@code 0}. That is why we shift by
         * {@code pluggedType&nbsp;&#8212;&nbsp;1} instead of by {@code pluggedType}.
         * @param stayAwakeConditions a bit string specifying which ""plugged types"" should
         * keep the device (and hence Wi-Fi) awake.
         * @param pluggedType the type of plug (USB, AC, or none) for which the check is
         * being made
         * @return {@code true} if {@code pluggedType} indicates that the device is
         * supposed to stay awake, {@code false} otherwise.
         */
        private boolean shouldDeviceStayAwake(int stayAwakeConditions, int pluggedType) {
            return (stayAwakeConditions & pluggedType) != 0;
        }
}",1
"public class ISISODIGIT {
/** True if c is ISO-LATIN characters 0-9 */
    public static boolean
    isisodigit (char c) {
        return c >= '0' && c <= '9';
    }
}",2
"public class TRYGETISODIGIT {
/**
     * Returns interger corresponding to the input if input ""ch"" is
     * ISO-LATIN characters 0-9.
     * Returns -1 otherwise
     */
    private static int tryGetISODigit(char ch) {
        if ('0' <= ch && ch <= '9') {
            return ch - '0';
        } else {
            return -1;
        }
    }
}",3
"public class GSMBCDBYTETOINT {
/**
     * Decodes a GSM-style BCD byte, returning an int ranging from 0-99.
     *
     * In GSM land, the least significant BCD digit is stored in the most
     * significant nibble.
     *
     * Out-of-range digits are treated as 0 for the sake of the time stamp,
     * because of this:
     *
     * TS 23.040 section 9.2.3.11
     * ""if the MS receives a non-integer value in the SCTS, it shall
     * assume the digit is set to 0 but shall store the entire field
     * exactly as received""
     */
    public static int
    gsmbcdbytetoint(byte b) {
        int ret = 0;

        // treat out-of-range BCD values as 0
        if ((b & 0xf0) <= 0x90) {
            ret = (b >> 4) & 0xf;
        }

        if ((b & 0x0f) <= 0x09) {
            ret +=  (b & 0xf) * 10;
        }

        return ret;
    }
}",3
"public class CDMABCDBYTETOINT {
/**
     * Decodes a CDMA style BCD byte like {@link gsmBcdByteToInt}, but
     * opposite nibble format. The least significant BCD digit
     * is in the least significant nibble and the most significant
     * is in the most significant nibble.
     */
    public static int
    cdmabcdbytetoint(byte b) {
        int ret = 0;

        // treat out-of-range BCD values as 0
        if ((b & 0xf0) <= 0x90) {
            ret = ((b >> 4) & 0xf) * 10;
        }

        if ((b & 0x0f) <= 0x09) {
            ret +=  (b & 0xf);
        }

        return ret;
    }
}",3
"public class REGCODEISROAMING {
/**
     * code is registration state 0-5 from TS 27.007 7.2
     * returns true if registered roam, false otherwise
     */
    private boolean
    regCodeIsRoaming (int code) {
        // 5 is  ""in service -- roam""
        return 5 == code;
    }
}",1
"public class CONVERTDTMFTOASCII {
/**
     * Converts a 4-Bit DTMF encoded symbol from the calling address number to ASCII character
     */
    private byte convertDtmfToAscii(byte dtmfDigit) {
        byte asciiDigit;

        switch (dtmfDigit) {
        case  0: asciiDigit = 68; break; // 'D'
        case  1: asciiDigit = 49; break; // '1'
        case  2: asciiDigit = 50; break; // '2'
        case  3: asciiDigit = 51; break; // '3'
        case  4: asciiDigit = 52; break; // '4'
        case  5: asciiDigit = 53; break; // '5'
        case  6: asciiDigit = 54; break; // '6'
        case  7: asciiDigit = 55; break; // '7'
        case  8: asciiDigit = 56; break; // '8'
        case  9: asciiDigit = 57; break; // '9'
        case 10: asciiDigit = 48; break; // '0'
        case 11: asciiDigit = 42; break; // '*'
        case 12: asciiDigit = 35; break; // '#'
        case 13: asciiDigit = 65; break; // 'A'
        case 14: asciiDigit = 66; break; // 'B'
        case 15: asciiDigit = 67; break; // 'C'
        default:
            asciiDigit = 32; // Invalid DTMF code
            break;
        }

        return asciiDigit;
    }
}",2
"public class REGCODEISROAMING {
/**
     * code is registration state 0-5 from TS 27.007 7.2
     * returns true if registered roam, false otherwise
     */
    private boolean regCodeIsRoaming (int code) {
        // 5 is  ""in service -- roam""
        return 5 == code;
    }
}",1
"public class GETMASK {
/**
     * Calculate bit mask for a given number of bits. The mask should enable to
     * make a bitwise and to the given number of bits.
     * @param numOfBits number of bits to calculate mask for.
     * @return bit mask
     */
    private static int getMask(int numOfBits) {
        int mask = 0x00;

        switch (numOfBits) {
        case 1:
            mask = 0x01;
            break;
        case 2:
            mask = 0x03;
            break;
        case 3:
            mask = 0x07;
            break;
        case 4:
            mask = 0x0F;
            break;
        case 5:
            mask = 0x1F;
            break;
        case 6:
            mask = 0x3F;
            break;
        case 7:
            mask = 0x7F;
            break;
        case 8:
            mask = 0xFF;
            break;
        }
        return mask;
    }
}",2
"public class COMPUTECHANNEL {
/**
         * Returns the channel value between 2 values based on the percent of the distance between
         * the 2 values..
         */
        private int computeChannel(int c1, int c2, float percent) {
            return c1 + (int)((percent * (c2-c1)) + .5);
        }
}",1
"public class NANOSTOMICROS {
/**
     * Converts nanoseconds to microseconds.
     *
     * @throws RuntimeException if overflow occurs
     */
    private static int nanosToMicros(long nanos) {
        long micros = nanos / 1000;
        int microsInt = (int) micros;
        if (microsInt != micros) {
            throw new RuntimeException(""Integer overflow: "" + nanos);
        }
        return microsInt;
    }
}",2
"public class COMPARESIGNALLEVEL {
/**
     * Compares two signal strengths.
     * 
     * @param rssiA The power of the first signal measured in RSSI.
     * @param rssiB The power of the second signal measured in RSSI.
     * @return Returns <0 if the first signal is weaker than the second signal,
     *         0 if the two signals have the same strength, and >0 if the first
     *         signal is stronger than the second signal.
     */
    public static int comparesignallevel(int rssiA, int rssiB) {
        return rssiA - rssiB;
    }
}",1
"public class MAXOUTPUTSIZE {
/**
         * @return an overestimate for the number of bytes {@code
         * len} bytes could decode to.
         */
        public int maxoutputsize(int len) {
            return len * 3/4 + 10;
        }
}",1
"public class MAXOUTPUTSIZE {
/**
         * @return an overestimate for the number of bytes {@code
         * len} bytes could encode to.
         */
        public int maxoutputsize(int len) {
            return len * 8/5 + 10;
        }
}",1
"public class PLACEITEM {
/** {@inheritDoc} */
    protected int placeItem(int offset) {
        return offset + 32;
    }
}",1
"public class PLACEITEM {
/** {@inheritDoc} */
    protected int placeItem(int offset) {
        return offset + 8;
    }
}",1
"public class PLACEITEM {
/** {@inheritDoc} */
    protected int placeItem(int offset) {
        return offset + 8;
    }
}",1
"public class PLACEITEM {
/** {@inheritDoc} */
    protected int placeItem(int offset) {
        return offset + 12;
    }
}",1
"public class PLACEITEM {
/** {@inheritDoc} */
    protected int placeItem(int offset) {
        return offset + 4;
    }
}",1
"public class PLACEITEM {
/** {@inheritDoc} */
    protected int placeItem(int offset) {
        return offset + 4;
    }
}",1
"public class PLACEVALUE {
/** {@inheritDoc} */
    public int placevalue(int offset) {
        return offset + 1;
    }
}",1
"public class PLACEVALUE {
/** {@inheritDoc} */
    public int placevalue(int offset) {
        return offset + 2;
    }
}",1
"public class PLACEVALUE {
/** {@inheritDoc} */
    public int placevalue(int offset) {
        return offset + 1;
    }
}",1
"public class UNSIGNEDLEB128SIZE {
/**
     * Gets the number of bytes in the unsigned LEB128 encoding of the
     * given value.
     *
     * @param value the value in question
     * @return its write size, in bytes
     */
    public static int unsignedleb128size(int value) {
        // TODO: This could be much cleverer.

        int remaining = value >>> 7;
        int count = 0;

        while (remaining != 0) {
            value = remaining;
            remaining >>>= 7;
            count++;
        }

        return count + 1;
    }
}",2
"public class SIGNEDLEB128SIZE {
/**
     * Gets the number of bytes in the signed LEB128 encoding of the
     * given value.
     *
     * @param value the value in question
     * @return its write size, in bytes
     */
    public static int signedleb128size(int value) {
        // TODO: This could be much cleverer.

        int remaining = value >> 7;
        int count = 0;
        boolean hasMore = true;
        int end = ((value & Integer.MIN_VALUE) == 0) ? 0 : -1;

        while (hasMore) {
            hasMore = (remaining != end)
                || ((remaining & 1) != ((value >> 6) & 1));

            value = remaining;
            remaining >>= 7;
            count++;
        }

        return count;
    }
}",3
"public class DECODEHIGHSIGNEDNIBBLE {
/**
     * Decodes the high signed 4-bit nibble from the given byte
     * @param b the byte to decode
     * @return the decoded signed nibble
     */
    public static byte decodehighsignednibble(byte b) {
        return (byte)(b >> 4);
    }
}",1
"public class DECODELOWSIGNEDNIBBLE {
/**
     * Decodes the low signed 4-bit nibble from the given byte
     * @param b the byte to decode
     * @return the decoded signed nibble
     */
    public static byte decodelowsignednibble(byte b) {
        return (byte)(((byte)(b << 4)) >> 4);
    }
}",1
"public class DECODEHIGHUNSIGNEDNIBBLE {
/**
     * Decodes the high unsigned 4-bit nibble from the given byte
     * @param b the byte to decode
     * @return the decoded unsigned nibble
     */
    public static byte decodehighunsignednibble(byte b) {
        return (byte)((b & 0xFF) >>> 4);
    }
}",1
"public class DECODELOWUNSIGNEDNIBBLE {
/**
     * Decodes the low unsigned 4-bit nibble from the given byte
     * @param b the byte to decode
     * @return the decoded unsigned nibble
     */
    public static byte decodelowunsignednibble(byte b) {
        return (byte)(b & 0x0F);
    }
}",1
"public class DECODEUNSIGNEDBYTE {
/**
     * Decodes an unsigned byte from a signed byte
     * @param b the signed byte to decode
     * @return the decoded unsigned byte as a short
     */
    public static short decodeunsignedbyte(byte b) {
        return (short)(b & 0xFF);
    }
}",1
"public class DECODESHORT {
/**
     * Decodes a signed short value from 2 individual bytes
     * The parameters are in order from least significant byte to most significant byte
     * @param lsb the least significant byte
     * @param msb the most significant byte
     * @return the decoded signed short value
     */
    public static short decodeshort(byte lsb, byte msb) {
        return (short)
               (    (lsb & 0xFF) |
                    (msb << 8)
               );
    }
}",1
"public class DECODEUNSIGNEDSHORT {
/**
     * Decodes an unsigned short value from 2 individual bytes
     * The parameters are in order from least significant byte to most significant byte
     * @param lsb the least significant byte
     * @param msb the most significant byte
     * @return the decoded unsigned short value as an int
     */
    public static int decodeunsignedshort(byte lsb, byte msb) {
        return  (   (lsb & 0xFF) |
                    ((msb & 0xFF) << 8)
                );
    }
}",1
"public class DECODEINT {
/**
     * Decodes a signed integer value from 4 individual bytes
     * The parameters are in order from least significant byte to most significant byte
     * @param lsb the least significant byte
     * @param mlsb the middle least significant byte
     * @param mmsb the middle most significant byte
     * @param msb the most significant byte
     * @return the decoded signed integer value
     */
    public static int decodeint(byte lsb, byte mlsb, byte mmsb, byte msb) {
        return (lsb & 0xFF) |
               ((mlsb & 0xFF) << 8) |
               ((mmsb & 0xFF) << 16) |
               (msb << 24);
    }
}",1
"public class DECODELONG {
/**
     * Decodes a signed long value from 8 individual bytes
     * The parameters are in order from least significant byte to most significant byte
     * @param llsb the lower least significant byte
     * @param lmlsb the lower middle least significant byte
     * @param lmmsb the lower middle most significant byte
     * @param lgsb the lower greater significant byte
     * @param glsb the greater least significant byte
     * @param gmlsb the greater middle least significant byte
     * @param gmmsb the greater middle most significant byte
     * @param gmsb the greater most significant byte
     * @return the decoded signed long value
     */
    public static long decodelong(byte llsb, byte lmlsb, byte lmmsb, byte lgsb, byte glsb, byte gmlsb, byte gmmsb,
                                  byte gmsb) {
        return  (llsb   & 0xFFL) |
                ((lmlsb & 0xFFL) << 8) |
                ((lmmsb & 0xFFL) << 16) |
                ((lgsb  & 0xFFL) << 24) |
                ((glsb  & 0xFFL) << 32) |
                ((gmlsb & 0xFFL) << 40) |
                ((gmmsb & 0xFFL) << 48) |
                (((long)gmsb) << 56);
    }
}",1
"public class COMPARE {
/**
   * Compares the given {@code byte} values.
   * 
   * @see Comparable
   * @see Comparator
   */
  public static int compare(byte b1, byte b2) {
    if (b1 < b2) {
      return -1;
    } else if (b2 < b1) {
      return 1;
    }
    return 0;
  }
}",3
"public class COMPAREUNSIGNED {
/**
   * Compares the given {@code byte}s as unsigned values.
   * 
   * @see Comparable
   * @see Comparator
   */
  public static int compareunsigned(int b1, int b2) {
    return (b1 & 0xFF) - (b2 & 0xFF);
  }
}",1
"public class COMPARE {
/**
   * Compares the given {@code long} values.
   * 
   * @see Comparable
   * @see Comparator
   */
  public static int compare(long l1, long l2) {
    if (l1 < l2) {
      return -1;
    } else if (l2 < l1) {
      return 1;
    }
    return 0;
  }
}",3
"public class NEXTPOWOFTWO {
/**
   * Returns the closest power of two value that's greater or 
   * equal to the given argument.
   */
  public static int nextpowoftwo(int expected) {
    int value = 1;
    while (value < expected) {
      value <<= 1;
    }
    return value;
  }
}",2
"public class ISUNDEFINED {
/**
   * Returns true if the given value is undefined in the sense that
   * {@link Double#isNaN(double)} or {@link Double#isInfinite(double)}
   * would return true.
   */
  public static boolean isundefined(double value) {
    return Double.isNaN(value) || Double.isInfinite(value);
  }
}",2
"public class ISUNDEFINED {
/**
   * Returns true if the given value is undefined in the sense that
   * {@link Float#isNaN(double)} or {@link Float#isInfinite(double)}
   * would return true.
   */
  public static boolean isundefined(float value) {
    return Float.isNaN(value) || Float.isInfinite(value);
  }
}",2
"public class GETHEXCHAR {
/**
     * This function returns hex character representing the value of the input
     * 
     * @param value Input value in byte
     *
     * @return Hex value of the Input byte value
     */
    private static char getHexChar(
        byte    value)
    {
        switch (value)
        {
        case 0:
            return '0';
        case 1:
            return '1';
        case 2:
            return '2';
        case 3:
            return '3';
        case 4:
            return '4';
        case 5:
            return '5';
        case 6:
            return '6';
        case 7:
            return '7';
        case 8:
            return '8';
        case 9:
            return '9';
        case 10:
            return 'a';
        case 11:
            return 'b';
        case 12:
            return 'c';
        case 13:
            return 'd';
        case 14:
            return 'e';
        case 15:
            return 'f';
        default:
            return 'Z';
        }
    }
}",2
"public class ISVALIDTOKENCHAR {
/**
     * This function returns TRUE if the character is a valid token character.
     *
     *     token          = 1*<any CHAR except CTLs or separators>
     *
     *      separators     = ""("" | "")"" | ""<"" | "">"" | ""@""
     *                     | "","" | "";"" | "":"" | ""\"" | <"">
     *                     | ""/"" | ""["" | ""]"" | ""?"" | ""=""
     *                     | ""{"" | ""}"" | SP | HT
     *
     *      CTL            = <any US-ASCII control character
     *                       (octets 0 - 31) and DEL (127)>
     *
     *      CHAR           = <any US-ASCII character (octets 0 - 127)>
     *
     * @param c  character to be tested
     *
     * @return Returns TRUE if the character is a valid token character.
     */
    boolean isValidTokenChar(
        char c)
    {
        if ( ( (c >= '\u0000') && (c <='\u0020') ) ||
             ( (c >= '\u003a') && (c <= '\u0040') ) ||
             ( (c >= '\u005b') && (c <= '\u005d') ) ||
             ('\u002c' == c) ||
             ('\u0025' == c) ||
             ('\u0028' == c) ||
             ('\u0029' == c) ||
             ('\u007b' == c) ||
             ('\u007d' == c) ||
             ('\u007f' == c) )
            return false;

        return true;
    }
}",14
"public class ISWHITESPACE {
/**
     * This function returns TRUE if the character is linear white space (LWS).
     *         LWS = [CRLF] 1*( SP | HT )
     * @param c  Input charcter to be tested
     *
     * @return Returns TRUE if the character is linear white space (LWS)
     */
    boolean isWhiteSpace(
        char c)
    {
        if ( ('\t' == c) ||  // HORIZONTAL TABULATION.
             ('\n' == c) ||  // LINE FEED.
             ('\r' == c) ||  // CARRIAGE RETURN.
             ('\u0020' == c) )
            return true;

        return false;
    }
}",5
"public class ISVALIDTOKENCHAR {
/**
     * This function returns TRUE if the character is a valid token character.
     *
     *     token          = 1*<any CHAR except CTLs or separators>
     *
     *      separators     = ""("" | "")"" | ""<"" | "">"" | ""@""
     *                     | "","" | "";"" | "":"" | ""\"" | <"">
     *                     | ""/"" | ""["" | ""]"" | ""?"" | ""=""
     *                     | ""{"" | ""}"" | SP | HT
     *
     *      CTL            = <any US-ASCII control character
     *                       (octets 0 - 31) and DEL (127)>
     *
     *      CHAR           = <any US-ASCII character (octets 0 - 127)>
     *
     * @param c  character to be validated
     *
     * @return True if character is valid Token character else it returns 
     * false
     */
    boolean isValidTokenChar(
        char c)
    {
        if ( ( (c >= '\u0000') && (c <='\u0020') ) ||
             ( (c >= '\u003a') && (c <= '\u0040') ) ||
             ( (c >= '\u005b') && (c <= '\u005d') ) ||
             ('\u002c' == c) ||
             ('\u0025' == c) ||
             ('\u0028' == c) ||
             ('\u0029' == c) ||
             ('\u007b' == c) ||
             ('\u007d' == c) ||
             ('\u007f' == c) )
            return false;

        return true;
    }
}",14
"public class ISWHITESPACE {
/**
     * This function returns TRUE if the character is linear white space (LWS).
     *         LWS = [CRLF] 1*( SP | HT )
     *
     * @param c  character to be validated
     *
     * @return True if character is liner whitespace else it returns false
     */
    boolean isWhiteSpace(
        char c)
    {
        if ( ('\t' == c) || // HORIZONTAL TABULATION.
             ('\n' == c) || // LINE FEED.
             ('\r' == c) || // CARRIAGE RETURN.
             ('\u0020' == c) )
            return true;

        return false;
    }
}",5
"public class UNSHIFTCHAR {
/*****************************
	 * 
	 *	Shifts a character left by 'shift' amount
	 * 
	 *  Useful for decryption.
	 * 
	 *****************************/
	public char unshiftchar(char c, int shift)
	{
		return (char)(((int)c + 26 -  97 - shift) % 26 + 97);
	}
}",1
"public class SHIFTCHAR {
/*****************************
	 * 
	 *	Shifts a character right by 'shift' amount
	 *
	 *	Useful for encryption.
	 * 
	 *****************************/
	public char shiftchar(char c, int shift)
	{
		return (char)(((int)c + shift - 97) % 26 + 97); 
	}
}",1
"public class CONVERTDIGIT {
/**
     * [Private] Convert the specified value (0 .. 15) to the corresponding hexadecimal digit.
     *
     * @param value Value to be converted
     */
    private static char convertDigit(int value) {

        value &= 0x0f;
        if (value >= 10)
            return ((char)(value - 10 + 'a'));
        else
            return ((char)(value + '0'));

    }
}",2
"public class ISVALID {
/**
     * validate the value against the xsd value space definition
     *
     * @param sValue number to check against range
     */
    public static boolean isvalid(long sValue) {
        return !((sValue < 0L) || (sValue > 255L));
    }
}",2
"public class ISVALID {
/** validate the value against the xsd definition */
    public static boolean isvalid(long iValue) {
        return !((iValue < 0L) || (iValue > 4294967295L));
    }
}",2
"public class COMPARE {
/**
     * @return the value 0 if thatLong is a long numerically equal to thisLong; a value less than 0
     *         if thatLong is a long numerically greater than thisLong; and a value greater than 0
     *         if thatLong is a long numerically less than thisLong (unsigned comparison).
     */
    private static int compare(long thisLong, long thatLong) {
        // To avoid infinite recursion, do not instantiate UnsignedLong in this method, which may be called during UnsignedLong instantiation.

        if (thisLong == thatLong) {
            return 0;
        } else {
            boolean isLessThan; // This is less than that.

            // Prepare the most significant half of the data for comparison.
            // The shift distance can be any number from 1 to 32 inclusive (1 is probably fastest).
            // A shift distance of one is sufficient to move the significant data off of the sign bit, allowing for a signed comparison of positive numbers (i.e. an unsigned comparison).
            long thisHalfLong = (thisLong & 0xffffffff00000000L) >>> 1;
            long thatHalfLong = (thatLong & 0xffffffff00000000L) >>> 1;

            if (thisHalfLong == thatHalfLong) {
                // We must also look at the least significant half of the data.

                // Prepare the least significant half of the data for comparison.
                thisHalfLong = (thisLong & 0x00000000ffffffffL);
                thatHalfLong = (thatLong & 0x00000000ffffffffL);

                // We already know that the data is not equal.
                isLessThan = thisHalfLong < thatHalfLong;
            } else {
                // The answer is in the most significant half of the data.
                isLessThan = thisHalfLong < thatHalfLong;
            }

            if (isLessThan) {
                return -1; // Returns a negative integer as this object is less than than the specified object.
            } else {
                return 1; // Returns a positive integer as this object is greater than than the specified object.
            }
        }
    }
}",4
"public class ISVALID {
/** validate the value against the xsd definition */
    public static boolean isvalid(long sValue) {
        return !((sValue < 0L) || (sValue > 65535L));
    }
}",2
"public class ISDIGIT {
/**
     * Determine whether a char is a digit.
     *
     * @return true if the char is betweeen '0' and '9', false otherwise
     */
    private static boolean isDigit(char p_char) {
        return p_char >= '0' && p_char <= '9';
    }
}",2
"public class ISALPHA {
/**
     * Determine whether a char is an alphabetic character: a-z or A-Z
     *
     * @return true if the char is alphabetic, false otherwise
     */
    private static boolean isAlpha(char p_char) {
        return ((p_char >= 'a' && p_char <= 'z') || (p_char >= 'A' && p_char <= 'Z'));
    }
}",4
"public class ISPUNCTUATION {
/**
     * Is this an XML punctuation character?
     */
    private static boolean isPunctuation(char c) {
        return '-' == c
                || '.' == c
                || ':' == c
                || '\u00B7' == c
                || '\u0387' == c
                || '-' == c
                || '\u06DD' == c
                || '\u06DE' == c;
    }
}",8
"public class ISSUPPLEMENTAL {
/**
     * Returns true if the specified character is a supplemental character.
     *
     * @param c The character to check.
     */
    public static boolean issupplemental(int c) {
        return (c >= 0x10000 && c <= 0x10FFFF);
    }
}",2
"public class SUPPLEMENTAL {
/**
     * Returns true the supplemental character corresponding to the given
     * surrogates.
     *
     * @param h The high surrogate.
     * @param l The low surrogate.
     */
    public static int supplemental(char h, char l) {
        return (h - 0xD800) * 0x400 + (l - 0xDC00) + 0x10000;
    }
}",1
"public class HIGHSURROGATE {
/**
     * Returns the high surrogate of a supplemental character
     *
     * @param c The supplemental character to ""split"".
     */
    public static char highsurrogate(int c) {
        return (char) (((c - 0x00010000) >> 10) + 0xD800);
    }
}",1
"public class LOWSURROGATE {
/**
     * Returns the low surrogate of a supplemental character
     *
     * @param c The supplemental character to ""split"".
     */
    public static char lowsurrogate(int c) {
        return (char) (((c - 0x00010000) & 0x3FF) + 0xDC00);
    }
}",1
"public class ISHIGHSURROGATE {
/**
     * Returns whether the given character is a high surrogate
     *
     * @param c The character to check.
     */
    public static boolean ishighsurrogate(int c) {
        return (0xD800 <= c && c <= 0xDBFF);
    }
}",2
"public class ISLOWSURROGATE {
/**
     * Returns whether the given character is a low surrogate
     *
     * @param c The character to check.
     */
    public static boolean islowsurrogate(int c) {
        return (0xDC00 <= c && c <= 0xDFFF);
    }
}",2
"public class ISMARKUP {
/**
     * Returns true if the specified character can be considered markup.
     * Markup characters include '&lt;', '&amp;', and '%'.
     *
     * @param c The character to check.
     */
    public static boolean ismarkup(int c) {
        return c == '<' || c == '&' || c == '%';
    }
}",3
"public class VALIDATE {
/**
     * This validate method gives us flexibility to bypass a validation from set of
     * validation that we need to perform.
     * For example we may skip RespectBinding Validation if this flag is set to
     * false.
     * performVaidation = false - Means validation can be bypassed.
     * performVaidation = true - Means validation cannot be bypassed.
     * @param performVaidation - When performVaidation is false we will bypass validation 
     * @return
     */
    protected boolean validate(boolean performVaidation){
        //override the implementation where necessary.
        //return validation successful here. 
        return true;
    }
}",1
"public class ADD {
/**
     * Returns the sum of its parameters.
     */
    public int add(int p1, int p2) {
        return p1 + p2;
    }
}",1
"public class ISGENERATETOOLTIPS {
/**
     * This method determines whether to generate the tool tips.
     * 
     * @param ratio The ratio
     * @return Whether to generate tool tips
     */
    protected boolean isGenerateToolTips(double ratio) {
        return (ratio >= 1.0);
    }
}",1
"public class ISGENERATETEXT {
/**
     * This method determines whether to generate the text.
     * 
     * @param ratio The ratio
     * @return Whether to generate text
     */
    protected boolean isGenerateText(double ratio) {
        return (ratio >= 1.0);
    }
}",1
"public class DEHEXCHAR {
/**
     * Get the hex value of a character (base16).
     * @param c A character between '0' and '9' or between 'A' and 'F' or
     * between 'a' and 'f'.
     * @return  An int between 0 and 15, or -1 if c was not a hex digit.
     */
    public static int dehexchar(char c) {
        if (c >= '0' && c <= '9') {
            return c - '0';
        }
        if (c >= 'A' && c <= 'F') {
            return c - ('A' - 10);
        }
        if (c >= 'a' && c <= 'f') {
            return c - ('a' - 10);
        }
        return -1;
    }
}",7
"public class CHARTOUPPER {
/**
	 * To transfer the char from lower case to upper case.
	 * 
	 * @param c
	 *            the char to be transferred.
	 * @return the upper case of the char.
	 */
	public static char chartoupper(char c)
	{
		if ((int) c >= (int) 'a' && (int) c <= (int) 'z')
		{
			c -= (int) 'a' - (int) 'A';
		}
		return c;
	}
}",3
"public class LIMITNUMBER {
/**
	 * To limit a double number within a given range. If the number exceeds the
	 * range, then the boundary value would be taken.
	 * 
	 * @param number
	 *            The number to be limited.
	 * @param lower
	 *            The lower boundary.
	 * @param higher
	 *            The higher boundary.
	 * @return The limited number.
	 */
	public static double limitnumber(double number, double lower, double higher)
	{
		if (lower > higher)
		{
			double temp = lower;
			lower = higher;
			higher = temp;
		}

		return Math.max(lower, Math.min(higher, number));
	}
}",2
"public class LIMITNUMBER {
/**
	 * To limit a float number within a given range. If the number exceeds the
	 * range, then the boundary value would be taken.
	 * 
	 * @param number
	 *            The number to be limited.
	 * @param lower
	 *            The lower boundary.
	 * @param higher
	 *            The higher boundary.
	 * @return The limited number.
	 */
	public static float limitnumber(float number, float lower, float higher)
	{
		if (lower > higher)
		{
			float temp = lower;
			lower = higher;
			higher = temp;
		}

		return Math.max(lower, Math.min(higher, number));
	}
}",2
"public class LIMITNUMBER {
/**
	 * To limit a int number within a given range. If the number exceeds the
	 * range, then the boundary value would be taken.
	 * 
	 * @param number
	 *            The number to be limited.
	 * @param lower
	 *            The lower boundary.
	 * @param higher
	 *            The higher boundary.
	 * @return The limited number.
	 */
	public static int limitnumber(int number, int lower, int higher)
	{
		if (lower > higher)
		{
			int temp = lower;
			lower = higher;
			higher = temp;
		}

		return Math.max(lower, Math.min(higher, number));
	}
}",2
"public class ISNUMBER {
/**
	 * Determine whether a Char is a number letter.
	 * 
	 * @param c
	 *            the number char.
	 * @return <code>TRUE</code> if the char is number otherwise
	 *         <code>FALSE</code>.
	 */
	public static boolean isnumber(char c)
	{
		return '0' <= c && c <= '9';
	}
}",2
"public class ISGREATERTHANEPSILON {
/**
   * Returns true if the given double is greater than epsilon (defined here as
   * 0.000001), i.e. positive and not a very, very small number.
   * Returns false if the given double is negative or less than epsilon.
   * See also: http://en.wikipedia.org/wiki/(%CE%B5,_%CE%B4)-definition_of_limit
   */
  private boolean isGreaterThanEpsilon(double v) {
    return v - 0.000001 > 0;
  }
}",1
"public class XTOTILEX {
/**
     * Converts a pixel's X coordinate into a horizontal tile index
     * relative to a given tile grid layout specified by its X offset
     * and tile width.
     */
    public static int xtotilex(int x, int tileGridXOffset, int tileWidth) {
        x -= tileGridXOffset;
        if (x < 0) {
            x += 1 - tileWidth; // Force round to -infinity
        }
        return x/tileWidth;
    }
}",2
"public class YTOTILEY {
/**
     * Converts a pixel's Y coordinate into a vertical tile index
     * relative to a given tile grid layout specified by its Y offset
     * and tile height.
     */
    public static int ytotiley(int y, int tileGridYOffset, int tileHeight) {
        y -= tileGridYOffset;
        if (y < 0) {
            y += 1 - tileHeight; // Force round to -infinity
        }
        return y/tileHeight;
    }
}",2
"public class TILEXTOX {
/**
     * Converts a horizontal tile index into the X coordinate of its
     * upper left pixel relative to a given tile grid layout specified
     * by its X offset and tile width.
     */
    public static int tilextox(int tx, int tileGridXOffset, int tileWidth) {
        return tx*tileWidth + tileGridXOffset;
    }
}",1
"public class TILEYTOY {
/**
     * Converts a vertical tile index into the Y coordinate of
     * its upper left pixel relative to a given tile grid layout
     * specified by its Y offset and tile height.
     */
    public static int tileytoy(int ty, int tileGridYOffset, int tileHeight) {
        return ty*tileHeight + tileGridYOffset;
    }
}",1
"public class GETGIFPALETTESIZE {
/**
     * According do GIF specification size of clor table (palette here) 
     * must be in range from 2 to 256 and must be power of 2.
     */
    private static int getGifPaletteSize(int x) {
        if (x <= 2) {
            return 2;
        }
        x = x - 1;
        x = x | (x >> 1);
        x = x | (x >> 2);
        x = x | (x >> 4);
        x = x | (x >> 8);
        x = x | (x >> 16);
        return x + 1;
    }
}",2
"public class GETCOMPSUBSX {
/**
     * Returns the component subsampling factor in the horizontal direction,
     * for the specified component. This is, approximately, the ratio of
     * dimensions between the reference grid and the component itself, see the
     * 'ImgData' interface desription for details.
     *
     * @param c The index of the component (between 0 and C-1)
     *
     * @return The horizontal subsampling factor of component 'c'
     *
     * @see ImgData
     * */
    public int getcompsubsx(int c) {
        return 1;
    }
}",1
"public class GETCOMPSUBSY {
/**
     * Returns the component subsampling factor in the vertical direction, for
     * the specified component. This is, approximately, the ratio of
     * dimensions between the reference grid and the component itself, see the
     * 'ImgData' interface desription for details.
     *
     * @param c The index of the component (between 0 and C-1)
     *
     * @return The vertical subsampling factor of component 'c'
     *
     * @see ImgData
     * */
    public int getcompsubsy(int c) {
        return 1;
    }
}",1
"public class GETFIXEDPOINT {
/**
     * Returns the position of the fixed point in the specified component
     * (i.e. the number of fractional bits), which is always 0 for this
     * ImgReader.
     *
     * @param c The index of the component.
     *
     * @return The position of the fixed-point (i.e. the number of fractional
     * bits). Always 0 for this ImgReader.
     * */
    public int getfixedpoint(int c) {
        // Check component index
        return 0;
    }
}",1
"public class XTOTILEX {
/**
     * Converts a pixel's X coordinate into a horizontal tile index
     * relative to a given tile grid layout specified by its X offset
     * and tile width.
     *
     * <p> If <code>tileWidth < 0</code>, the results of this method
     * are undefined.  If <code>tileWidth == 0</code>, an
     * <code>ArithmeticException</code> will be thrown.
     *
     * @throws ArithmeticException  If <code>tileWidth == 0</code>.
     */
    public static int xtotilex(int x, int tileGridXOffset, int tileWidth) {
        x -= tileGridXOffset;
        if (x < 0) {
            x += 1 - tileWidth;		// force round to -infinity (ceiling)
        }
        return x/tileWidth;
    }
}",2
"public class YTOTILEY {
/**
     * Converts a pixel's Y coordinate into a vertical tile index
     * relative to a given tile grid layout specified by its Y offset
     * and tile height.
     *
     * <p> If <code>tileHeight < 0</code>, the results of this method
     * are undefined.  If <code>tileHeight == 0</code>, an
     * <code>ArithmeticException</code> will be thrown.
     *
     * @throws ArithmeticException  If <code>tileHeight == 0</code>.
     */
    public static int ytotiley(int y, int tileGridYOffset, int tileHeight) {
        y -= tileGridYOffset;
        if (y < 0) {
            y += 1 - tileHeight;	 // force round to -infinity (ceiling)
        }
        return y/tileHeight;
    }
}",2
"public class GETCOMPULX {
/**
     * Returns the horizontal coordinate of the upper-left corner of the
     * specified component in the current tile.
     *
     * @param c The component index.
     * */
    public int getcompulx(int c) {
        return 0;
    }
}",1
"public class GETCOMPULY {
/**
     * Returns the vertical coordinate of the upper-left corner of the
     * specified component in the current tile.
     *
     * @param c The component index.
     * */
    public int getcompuly(int c) {
        return 0;
    }
}",1
"public class GETCOMPSUBSX {
/**
     * Returns the component subsampling factor in the horizontal direction,
     * for the specified component. This is, approximately, the ratio of
     * dimensions between the reference grid and the component itself, see the
     * 'ImgData' interface desription for details.
     *
     * @param c The index of the component (between 0 and C-1)
     *
     * @return The horizontal subsampling factor of component 'c'
     *
     * @see jj2000.j2k.image.ImgData
     * */
    public int getcompsubsx(int c) {
        return 1;
    }
}",1
"public class GETCOMPSUBSY {
/**
     * Returns the component subsampling factor in the vertical direction, for
     * the specified component. This is, approximately, the ratio of
     * dimensions between the reference grid and the component itself, see the
     * 'ImgData' interface desription for details.
     *
     * @param c The index of the component (between 0 and C-1)
     *
     * @return The vertical subsampling factor of component 'c'
     *
     * @see jj2000.j2k.image.ImgData
     * */
    public int getcompsubsy(int c) {
        return 1;
    }
}",1
"public class GETCOMPULX {
/**
     * Returns the horizontal coordinate of the upper-left corner of the
     * specified component in the current tile.
     *
     * @param c The component index.
     * */
    public int getcompulx(int c) {
        return 0;
    }
}",1
"public class GETCOMPULY {
/**
     * Returns the vertical coordinate of the upper-left corner of the
     * specified component in the current tile.
     *
     * @param c The component index.
     * */
    public int getcompuly(int c) {
        return 0;
    }
}",1
"public class GETFIXEDPOINT {
/**
     * Returns the position of the fixed point in the specified component
     * (i.e. the number of fractional bits), which is always 0 for this
     * ImgReader.
     *
     * @param c The index of the component.
     *
     * @return The position of the fixed-point (i.e. the number of fractional
     * bits). Always 0 for this ImgReader.
     * */
    public int getfixedpoint(int c) {
        // Check component index
        if (c != 0)
            throw new IllegalArgumentException();
        return 0;
    }
}",2
"public class ISORIGSIGNED {
/**
     * Returns true if the data read was originally signed in the specified
     * component, false if not. This method returns always false since PGM
     * data is always unsigned.
     *
     * @param c The index of the component, from 0 to N-1.
     *
     * @return always false, since PGM data is always unsigned.
     * */
    public boolean isorigsigned(int c) {
        // Check component index
        if (c != 0)
            throw new IllegalArgumentException();
        return false;
    }
}",2
"public class GETFIXEDPOINT {
/**
     * Returns the position of the fixed point in the output data for the
     * specified component. This is the position of the least significant
     * integral (i.e. non-fractional) bit, which is equivalent to the number
     * of fractional bits. For instance, for fixed-point values with 2
     * fractional bits, 2 is returned. For floating-point data this value does
     * not apply and 0 should be returned. Position 0 is the position of the
     * least significant bit in the data. If the output data is 'float' then 0
     * is always returned.
     *
     * <P><u>Note:</u> Fractional bits are no more supported by JJ2000.
     *
     * @param c The index of the component.
     *
     * @return The position of the fixed-point, which is the same as
     * the number of fractional bits. For floating-point data 0 is
     * returned.
     * */
    public int getfixedpoint(int c){
        return 0;
    }
}",1
"public class LOG2 {
/**
     * Method that calculates the floor of the log, base 2,
     * of 'x'. The calculation is performed in integer arithmetic,
     * therefore, it is exact.
     *
     * @param x The value to calculate log2 on.
     *
     * @return floor(log(x)/log(2)), calculated in an exact way.
     * */
    public static int log2(int x) {
        int y,v;
        // No log of 0 or negative
        if (x <= 0) {
            throw new IllegalArgumentException(""""+x+"" <= 0"");
        }
        // Calculate log2 (it's actually floor log2)
        v = x;
        y = -1;
        while (v>0) {
            v >>=1;
            y++;
        }
        return y;
    }
}",3
"public class ISSAMEASFULLWT {
/**
     * Returns true if the wavelet filter computes or uses the
     * same ""inner"" subband coefficient as the full frame wavelet transform,
     * and false otherwise. In particular, for block based transforms with
     * reduced overlap, this method should return false. The term ""inner""
     * indicates that this applies only with respect to the coefficient that
     * are not affected by image boundaries processings such as symmetric
     * extension, since there is not reference method for this.
     *
     * <P>The result depends on the length of the allowed overlap when
     * compared to the overlap required by the wavelet filter. It also
     * depends on how overlap processing is implemented in the wavelet
     * filter.
     *
     * @param tailOvrlp This is the number of samples in the input
     * signal before the first sample to filter that can be used for
     * overlap.
     *
     * @param headOvrlp This is the number of samples in the input
     * signal after the last sample to filter that can be used for
     * overlap.
     *
     * @param inLen This is the lenght of the input signal to filter.The
     * required number of samples in the input signal after the last sample
     * depends on the length of the input signal.
     *
     * @return true if both overlaps are greater than 2, and correct
     * processing is applied in the analyze() method.
     * */
    public boolean issameasfullwt(int tailOvrlp, int headOvrlp, int inLen) {

        //If the input signal has even length.
        if( inLen % 2 == 0) {
            if( tailOvrlp >= 4 && headOvrlp >= 3 ) return true;
            else return false;
        }
        //Else if the input signal has odd length.
        else {
            if( tailOvrlp >= 4 && headOvrlp >= 4 ) return true;
            else return false;
        }
    }
}",6
"public class ISSAMEASFULLWT {
/**
     * Returns true if the wavelet filter computes or uses the same ""inner""
     * subband coefficient as the full frame wavelet transform, and false
     * otherwise. In particular, for block based transforms with reduced
     * overlap, this method should return false. The term ""inner"" indicates
     * that this applies only with respect to the coefficient that are not
     * affected by image boundaries processings such as symmetric extension,
     * since there is not reference method for this.
     *
     * <P>The result depends on the length of the allowed overlap when
     * compared to the overlap required by the wavelet filter. It also depends
     * on how overlap processing is implemented in the wavelet filter.
     *
     * @param tailOvrlp This is the number of samples in the input signal
     * before the first sample to filter that can be used for overlap.
     *
     * @param headOvrlp This is the number of samples in the input signal
     * after the last sample to filter that can be used for overlap.
     *
     * @param inLen This is the lenght of the input signal to filter.The
     * required number of samples in the input signal after the last sample
     * depends on the length of the input signal.
     *
     * @return true if both overlaps are greater than 2, and correct
     * processing is applied in the analyze() method.
     * */
    public boolean issameasfullwt(int tailOvrlp, int headOvrlp, int inLen) {

        //If the input signal has even length.
        if( inLen % 2 == 0) {
            if( tailOvrlp >= 2 && headOvrlp >= 1 ) return true;
            else return false;
        }
        //Else if the input signal has odd length.
        else {
            if( tailOvrlp >= 2 && headOvrlp >= 2 ) return true;
            else return false;
        }
    }
}",6
"public class ISSAMEASFULLWT {
/**
     * Returns true if the wavelet filter computes or uses the
     * same ""inner"" subband coefficient as the full frame wavelet transform,
     * and false otherwise. In particular, for block based transforms with 
     * reduced overlap, this method should return false. The term ""inner""
     * indicates that this applies only with respect to the coefficient that 
     * are not affected by image boundaries processings such as symmetric
     * extension, since there is not reference method for this.
     *
     * <P>The result depends on the length of the allowed overlap when
     * compared to the overlap required by the wavelet filter. It also
     * depends on how overlap processing is implemented in the wavelet
     * filter.
     *
     * @param tailOvrlp This is the number of samples in the input
     * signal before the first sample to filter that can be used for
     * overlap.
     *
     * @param headOvrlp This is the number of samples in the input
     * signal after the last sample to filter that can be used for
     * overlap.
     *
     * @param inLen This is the lenght of the input signal to filter.The
     * required number of samples in the input signal after the last sample
     * depends on the length of the input signal.
     *
     * @return true if both overlaps are greater than 2, and correct 
     * processing is applied in the analyze() method.
     *
     *
     *
     */
    public boolean issameasfullwt(int tailOvrlp, int headOvrlp, int inLen) {
        
        //If the input signal has even length.
        if(inLen % 2 == 0) {
            if(tailOvrlp >= 2 && headOvrlp >= 1) return true;
            else return false;
        }
        //Else if the input signal has odd length.
        else {
            if(tailOvrlp >= 2 && headOvrlp >= 2) return true;
            else return false;
        }
    }
}",6
"public class ISSAMEASFULLWT {
/**
     * Returns true if the wavelet filter computes or uses the same ""inner""
     * subband coefficient as the full frame wavelet transform, and false
     * otherwise. In particular, for block based transforms with reduced
     * overlap, this method should return false. The term ""inner"" indicates
     * that this applies only with respect to the coefficient that are not
     * affected by image boundaries processings such as symmetric extension,
     * since there is not reference method for this.
     *
     * <P>The result depends on the length of the allowed overlap when
     * compared to the overlap required by the wavelet filter. It also depends
     * on how overlap processing is implemented in the wavelet filter.
     *
     * @param tailOvrlp This is the number of samples in the input signal
     * before the first sample to filter that can be used for overlap.
     *
     * @param headOvrlp This is the number of samples in the input signal
     * after the last sample to filter that can be used for overlap.
     *
     * @param inLen This is the lenght of the input signal to filter.The
     * required number of samples in the input signal after the last sample
     * depends on the length of the input signal.
     *
     * @return true if both overlaps are greater than 2, and correct
     * processing is applied in the analyze() method.
     * */
    public boolean issameasfullwt(int tailOvrlp, int headOvrlp, int inLen) {

        //If the input signal has even length.
        if(inLen % 2 == 0) {
            if(tailOvrlp >= 2 && headOvrlp >= 1) return true;
            else return false;
        }
        //Else if the input signal has odd length.
        else {
            if(tailOvrlp >= 2 && headOvrlp >= 2) return true;
            else return false;
        }
    }
}",6
"public class GETACTUALSIZEOFELEMENTS {
/**
     * Sometimes the element size is stored as a negative number.  We
     * negate it and shift it to get the real value.
     */
    public static int getactualsizeofelements(short sizeOfElements)
    {
        if (sizeOfElements < 0)
            return (short) ( ( -sizeOfElements ) >> 2 );
        else
            return sizeOfElements;
    }
}",2
"public class ISALPHA {
/** Recognize an Alpha Character */
    private boolean IsAlpha(char c) {
        return Character.isLetter(c) || c == '$' || c=='_';
    }
}",3
"public class ISDIGIT {
/** Recognize a Decimal Digit */
    private boolean IsDigit(char c) {
        //System.out.println(""Checking digit for""+c);
        return Character.isDigit(c);
    }
}",1
"public class ISADDOP {
/** Recognize an Addop */
    private boolean IsAddop( char c) {
        return (c =='+' || c =='-');
    }
}",2
"public class ISSPECIALCHAR {
/**
     * Determines special characters;primarily in use for definition of string literals
     * @param c
     * @return boolean
     */
    private boolean IsSpecialChar(char c) {
    	return (c == '>' || c== '<' || c== '=' || c=='&' || c=='[' || c==']');
    }
}",6
"public class GETRECORDSIZEFORROWS {
/** Returns the size of a DBCellRecord when it needs to reference a certain number of rows*/
    public static int getrecordsizeforrows(int rows) {
      return 8 + (rows * 2);
    }
}",1
"public class GETRECORDSIZEFORBLOCKCOUNT {
/** Returns the size of an INdexRecord when it needs to index the specified number of blocks
      *
      */
     public static int getrecordsizeforblockcount(int blockCount) {
       return 20 + (4 * blockCount);
     }
}",1
"public class ISINTERNALDATEFORMAT {
/**
     * Given a format ID this will check whether the format represents
     *  an internal excel date format or not.
     * @see #isADateFormat(int, java.lang.String)  
     */
    public static boolean isinternaldateformat(int format) {
      boolean retval =false;

            switch(format) {
                // Internal Date Formats as described on page 427 in
                // Microsoft Excel Dev's Kit...
                case 0x0e:
                case 0x0f:
                case 0x10:
                case 0x11:
                case 0x12:
                case 0x13:
                case 0x14:
                case 0x15:
                case 0x16:
                case 0x2d:
                case 0x2e:
                case 0x2f:
                    retval = true;
                    break;
                    
                default:
                    retval = false;
                    break;
            }
       return retval;
    }
}",2
"public class ISVALIDEXCELDATE {
/**
     * Given a double, checks if it is a valid Excel date.
     *
     * @return true if valid
     * @param  value the double value
     */

    public static boolean isvalidexceldate(double value)
    {
        return (value > -Double.MIN_VALUE);
    }
}",1
"public class DAYSINPRIORYEARS {
/**
     * Return the number of days in prior years since 1900
     *
     * @return    days  number of days in years prior to yr.
     * @param     yr    a year (1900 < yr < 4000)
     * @exception IllegalArgumentException if year is outside of range.
     */

    private static int daysInPriorYears(int yr)
    {
        if (yr < 1900) {
            throw new IllegalArgumentException(
                ""'year' must be 1900 or greater"");
        }
        
        int yr1  = yr - 1;
        int leapDays =   yr1 / 4   // plus julian leap days in prior years
                       - yr1 / 100 // minus prior century years
                       + yr1 / 400 // plus years divisible by 400 
                       - 460;      // leap days in previous 1900 years
        
        return 365 * (yr - 1900) + leapDays;
    }
}",2
"public class DECODENUMBER {
/**
     * Do the dirty work of decoding; made a private static method to
     * facilitate testing the algorithm
     */

    public static double decodenumber(int number)
    {
        long raw_number = number;

        // mask off the two low-order bits, 'cause they're not part of
        // the number
        raw_number = raw_number >> 2;
        double rvalue = 0;

        if ((number & 0x02) == 0x02)
        {
            // ok, it's just a plain ol' int; we can handle this
            // trivially by casting
            rvalue = ( double ) (raw_number);
        }
        else
        {

            // also trivial, but not as obvious ... left shift the
            // bits high and use that clever static method in Double
            // to convert the resulting bit image to a double
            rvalue = Double.longBitsToDouble(raw_number << 34);
        }
        if ((number & 0x01) == 0x01)
        {

            // low-order bit says divide by 100, and so we do. Why?
            // 'cause that's what the algorithm says. Can't fight city
            // hall, especially if it's the city of Redmond
            rvalue /= 100;
        }

        return rvalue;
    }
}",3
"public class UBYTETOINT {
/**
     *  Convert an 'unsigned' byte to an integer. ie, don't carry across the
     *  sign.
     *
     *@param  b  Description of the Parameter
     *@return    Description of the Return Value
     */
    public static int ubytetoint(byte b) {
        return ((b & 0x80) == 0 ? (int) b : (b & (byte) 0x7f) + 0x80);
    }
}",1
"public class CHECK {
/**
     * Check if a logger is enabled to log at the specified level
     *
     * @param level One of DEBUG, INFO, WARN, ERROR, FATAL
     */

    public boolean check(final int level)
    {
       return false;
    }
}",1
"public class USESAN {
/**
   * tests if this word should have an ""a"" or an ""an""
   * before it. char c is the first character of the word.
   */
  public static boolean usesan(char c) {
    boolean result = false;
    switch(c) {
      case 'a':
      case 'A':
      case 'e':
      case 'E':
      case 'i':
      case 'I':
      case 'o':
      case 'O':
      case 'h':
      case 'H':
        result = true;
        break;
      default:
        result = false;
        break;
    }
    return result;
  }
}",2
"public class DIGITS {
/** Computes the given value's number of digits. */
  private static int digits(int value) {
    int digits = 0;
    while (value > 0) {
      value /= 10;
      digits++;
    }
    return digits;
  }
}",2
"public class NUMINSERIES {
/** returns the number of of elements in a series given from, to, and by values */
  private int numInSeries(int from, int to, int by)
  {
    if (by < 1)
      throw new IllegalArgumentException(""numInSeries passed a stepBy value < 1"");

    // could calc this but simple loop suffices for our purposes
    int count = 0;
    for (int i = from; i <= to; i += by)
        count++;
    return count;
  }
}",3
"public class EFFECTIVEC {
/** calculate the effective size C of an image given various params */
  private int effectiveC(int sizeC, int rgb, int lutLen, boolean indexed, boolean falseColor)
  {
    int effC = sizeC;

    if (indexed)  // this is from Melissa
    {
      if (falseColor)
        effC /= rgb;
      else // not falseColor
        effC *= lutLen;
    }

    return effC;
  }
}",3
"public class GETBYTESPERPIXEL {
/**
   * Retrieves how many bytes per pixel the current plane or section has.
   * @return the number of bytes per pixel.
   */
  public static int getbytesperpixel(int type) {
    switch(type) {
    case 0:
    case 1:
      return 1;  // INT8 or UINT8
    case 2:
    case 3:
      return 2;  // INT16 or UINT16
    case 4:
    case 5:
    case 6:
      return 4;  // INT32, UINT32 or FLOAT
    case 7:
      return 8;  // DOUBLE
    }
    throw new RuntimeException(""Unknown type with id: '"" + type + ""'"");
  }
}",2
"public class GETMILLISFROMTICKS {
/**
   * Converts from two-word tick representation to milliseconds.
   * Mainly useful in conjunction with COBOL date conversion.
   */
  public static long getmillisfromticks(long hi, long lo) {
    long ticks = ((hi << 32) | lo);
    return ticks / 10000; // 100 ns = 0.0001 ms
  }
}",1
"public class CANFITINMEMORY {
/** Returns true if a byte buffer of the given size will fit in memory. */
  public static boolean canfitinmemory(long bufferSize) {
    Runtime r = Runtime.getRuntime();
    long mem = r.freeMemory() / 2;
    return bufferSize < mem && bufferSize <= Integer.MAX_VALUE;
  }
}",2
"public class CHECKDOUBLEPRECISE {
/**
	 * Checks a double value is double precise. If value is 2.1, then return
	 * true; if value is 2.1000000001 or 2.099999999999, then return false.
	 * 
	 * @param dValue
	 * @return if precise
	 */
	public static boolean checkdoubleprecise( double dValue )
	{
		if ( dValue - (int) dValue == 0 )
		{
			return true;
		}
		String sValue = String.valueOf( dValue );
		if ( sValue.length( ) < 8 )
		{
			return true;
		}
		int iPoint = sValue.indexOf( '.' );
		int iZero = sValue.lastIndexOf( ""00000000"" ); //$NON-NLS-1$
		if ( iZero >= iPoint )
		{
			return false;
		}
		int iNine = sValue.lastIndexOf( ""99999999"" ); //$NON-NLS-1$
		if ( iNine >= iPoint )
		{
			return false;
		}
		return true;
	}
}",5
"public class XOR {
/**
	 * XOR for boolean
	 * 
	 * @param b0
	 * @param b1
	 * @return xor
	 */
	public static boolean xor( boolean b0, boolean b1 )
	{
		return b0 != b1;
	}
}",1
"public class ISDIGITTEN {
/**
     * 
     * @param c
     * @return
     */
    private static boolean isDigitTen( char c )
	{
		if ( c <= '9' && c >= '0' )
			return true;
		return false;
	}
}",3
"public class ISVALIDPROCEEDING {
/**
	 * Test whether the char immediately before the candidate ""row"" key is
	 * valid.
	 * 
	 * @param operator
	 * @return
	 */
	private static boolean isValidProceeding( char operator )
	{
		if ( ( operator >= 'A' && operator <= 'Z' )
				|| ( operator >= 'a' && operator <= 'z' ) || operator == '_' )
			return false;

		return true;
	}
}",6
"public class GETMULTIPLE {
/**
	 * @param dec
	 * @return
	 */
	private static double getMultiple( int dec )
	{
		double multiple = 1;
		if ( dec >= 0 )
		{
			for ( int i = 0; i < dec; i++ )
			{
				multiple *= 10;
			}
		}
		else
		{
			double adjustment = 1;
			for( int i = dec; i < 0; i++ )
			{
				multiple *= 0.1;
				adjustment *= 10;
			}
			multiple = Math.round( multiple * adjustment ) / adjustment; 
		}
		return multiple;
	}
}",4
"public class PERCENT {
/**
	 * @param denom
	 *            the denominator
	 * @param num
	 *            the numerator
	 * @param valueIfZero
	 * 			  The percent value to return if the numerator is zero. The default is null.
	 * @return the percentage of two numbers
	 */
	static double percent(double denom, double num, double valueIfZero)
	{
		if(num == 0d)
		{
			return valueIfZero;
		}
		if(denom == 0d)
		{
			throw ( new IllegalArgumentException(
					""There exists illegal parameter:"" + denom) );
		}
		
		return ( num / denom ) * 100;
	}
}",3
"public class ISVALIDARGUMENTNUMBER {
/**
	 * Checks whether the arguments number is valid
	 * 
	 * @param aggrArgNumb
	 * @param argDefsLength
	 * @param optionalNum
	 * @return
	 */
	private boolean isValidArgumentNumber( int aggrArgNumb, int argDefsLength,
			int optionalNum )
	{
		return ( aggrArgNumb >= argDefsLength - optionalNum )
				&& ( aggrArgNumb <= argDefsLength );
	}
}",2
"public class ISVALIDARGUMENTNUMBER {
/**
	 * Checks whether the arguments number is valid
	 * 
	 * @param aggrArgNumb
	 * @param argDefsLength
	 * @param optionalNum
	 * @return
	 */
	private boolean isValidArgumentNumber( int aggrArgNumb, int argDefsLength,
			int optionalNum )
	{
		return ( aggrArgNumb >= argDefsLength - optionalNum )
				&& ( aggrArgNumb <= argDefsLength );
	}
}",2
"public class ISWITHININTERVAL {
/**
	 * Determin whether two values are in speficied interval. Please notice,
	 * such a calculation approach only applies to asc order. If desc order
	 * needs to be used too, the intervalValue must be conversed in the start.
	 * 
	 * @param startValue
	 * @param intervalValue
	 * @param currValue
	 * @param prevValue
	 * @return true in interval
	 */
	static boolean isWithinInterval( double startValue, double intervalValue,
			double currValue, double prevValue )
	{
		assert intervalValue != 0;

		boolean isSame = false;
		double curr = ( currValue - startValue ) / intervalValue;
		double prev = ( prevValue - startValue ) / intervalValue;

		// When there is a start value, all the
		// values that less than that start value would enter
		// one group
		if ( curr < 0 && prev < 0 )
			return true;

		if ( curr < 0 || prev < 0 )
			return false;

		int currDiv = (int) ( curr );
		int prevDiv = (int) ( prev );
		if ( currDiv == prevDiv )
		{
			isSame = true;
		}
		return isSame;
	}
}",6
"public class NEEDPRECALCULATEFORGROUPFILTERSORT {
/**
	 * Indicate whether need to pre calculate the aggregations.
	 * @param needGroupFiltering
	 * @param needGroupSorting
	 * @return
	 */
	private boolean needPreCalculateForGroupFilterSort(
			boolean needGroupFiltering, boolean needGroupSorting )
	{
		return needGroupFiltering || needGroupSorting;
	}
}",2
"public class GETTARGETN {
/**
	 * @param total
	 * @param N
	 * @return
	 */
	static int getTargetN( long total, double N )
	{
		return (int) Math.round( N / 100 * total );
	}
}",1
"public class GETBITLENGTH {
/**
		 * 
		 * @param maxInt
		 * @return
		 */
		private int getBitLength( int maxInt )
		{
			int bitLength = 1;
			int powerValue = 2;

			while ( powerValue < maxInt )
			{
				bitLength++;
				powerValue *= 2;
			}
			return bitLength;
		}
}",2
"public class POW {
/**
	 * 
	 * @param a
	 * @param b
	 * @return
	 */
	private int pow( int a, int b )
	{
		int reValue = a;
		for ( int i = 0; i < b - 1; i++ )
		{
			reValue *= a;
		}
		return reValue;
	}
}",2
"public class MIN {
/**
	 * 
	 * @param a
	 * @param b
	 * @param c
	 * @return
	 */
	private static int min( int a, int b, int c )
	{
		int min = a;
		if ( b < min )
			min = b;
		if ( c < min )
			min = c;
		return min;
	}
}",3
"public class PERCENT {
/**
	 * @param denom
	 *            is the denominator
	 * @param num
	 *            is the numerator
	 * @return the percentage of two numbers
	 */
	public static double percent( double denom, double num )
	{

		if ( num == 0 )
			return 0;
		assert ( denom != 0d );
		return ( num / denom ) * 100;
	}
}",2
"public class ISVALIDPROCEEDING {
/**
	 * Test whether the char immediately before the candidate ""row"" key is
	 * valid.
	 * 
	 * @param operator
	 * @return
	 */
	private static boolean isValidProceeding( char operator )
	{
		if ( ( operator >= 'A' && operator <= 'Z' )
				|| ( operator >= 'a' && operator <= 'z' ) || operator == '_' )
			return false;

		return true;
	}
}",6
"public class GETLIGHTERFONTWEIGHT {
/**
		 * Returns a lighter font-weight.
		 */
		public float getlighterfontweight( float f )
		{
			// Round f to nearest 100...
			int weight = ( (int) ( ( f + 50 ) / 100 ) ) * 100;
			switch ( weight )
			{
				case 100 :
					return 100;
				case 200 :
					return 100;
				case 300 :
					return 200;
				case 400 :
					return 300;
				case 500 :
					return 400;
				case 600 :
					return 400;
				case 700 :
					return 400;
				case 800 :
					return 400;
				case 900 :
					return 400;
				default :
					throw new IllegalArgumentException( ""Bad Font Weight: "" + f ); //$NON-NLS-1$
			}
		}
}",2
"public class GETBOLDERFONTWEIGHT {
/**
		 * Returns a bolder font-weight.
		 */
		public float getbolderfontweight( float f )
		{
			// Round f to nearest 100...
			int weight = ( (int) ( ( f + 50 ) / 100 ) ) * 100;
			switch ( weight )
			{
				case 100 :
					return 600;
				case 200 :
					return 600;
				case 300 :
					return 600;
				case 400 :
					return 600;
				case 500 :
					return 600;
				case 600 :
					return 700;
				case 700 :
					return 800;
				case 800 :
					return 900;
				case 900 :
					return 900;
				default :
					throw new IllegalArgumentException( ""Bad Font Weight: "" + f ); //$NON-NLS-1$
			}
		}
}",2
"public class ISVALIDCODEPOINT {
/**
	 * In <a href=""http://www.w3.org/TR/REC-xml/"">XML specification 1.0 </a>
	 * section 2.2 Character, the valid characters in XML should be limited to:
	 * 
	 * Any Unicode character, excluding the surrogate blocks, FFFE, and FFFF.
	 * 
	 * Char ::= #x9 | #xA | #xD | [#x20-#xD7FF] | [#xE000-#xFFFD] |
	 * [#x10000-#x10FFFF]
	 * 
	 */
	protected static boolean isValidCodePoint( int ch )
	{
		if ( ch == 0x09 || ch == 0x0A || ch == 0x0D
				|| ( ch >= 0x20 && ch <= 0xD7FF )
				|| ( ch >= 0xE000 && ch <= 0xFFFD )
				|| ( ch >= 0x10000 && ch <= 0x10FFFF ) )
		{
			return true;
		}
		return false;
	}
}",10
"public class GETHINTOFFSET {
/**
	 * return the hint offset for the page.
	 * 
	 * before version 6, the offset is 8 * pageNumber. the 1st long is the total
	 * page. the page number starts from integer 1.
	 * 
	 * after (include) version 6, the offset is 8 * (pageNumber + 1). the 1st
	 * long is the total page, the 2nd long is the offset to page variable. the
	 * page number starts from integer 1.
	 * 
	 * @param pageNumber
	 * @return the offset of the hints in the hint stream.
	 */
	private long getHintOffset( long pageNumber )
	{
		return ( pageNumber + 1 ) * 8;
	}
}",1
"public class ISBOLDFONT {
/**
	 * Checks if the font is bold
	 * 
	 * @param value
	 *            the CSSValue
	 * @return true if the font is bold false if not
	 */
	public static boolean isboldfont( int fontWeight )
	{
		if ( fontWeight > 400 )
		{
			return true;
		}
		return false;
	}
}",2
"public class ROUND {
/**
	 * The unit conversion may cause a mantissa. The mantissa will lead an
	 * unexpected extra column. To avoid this, any column's y-coordinate will be
	 * rounded down to the multiples of 0.128 point.
	 * 
	 * @param value
	 * @return the rounded value
	 */
	public static int round( int value )
	{
		return ( value >> 7 ) << 7;
	}
}",1
"public class ADJUSTPOSITION {
/**
	 * Adjusts position of destination index. The range is from zero to count-1.
	 * 
	 * @param destIndex
	 *            index of destination
	 * @param count
	 *            count of row.
	 * @return position after adjusting.
	 */

	protected int adjustPosition( int destIndex, int count )
	{
		if ( destIndex < 0 )
			destIndex = 0;
		if ( destIndex > count - 1 )
			destIndex = count - 1;
		return destIndex;
	}
}",3
"public class FORMRGB {
/**
	 * Calculates the integer color value given its red, blue, green values. If
	 * any color factor is over 0xFF, it will be clipped to 0xFF; if any color
	 * factor is below 0, it will be increased to 0.
	 * 
	 * 
	 * @param r
	 *            red value.
	 * @param g
	 *            green value.
	 * @param b
	 *            blue value.
	 * @return the integer color value of the given color factors.
	 */

	public static int formrgb( int r, int g, int b )
	{
		// clip to 0 ~ 0xFF

		r = r > 0xFF ? 0xFF : r < 0 ? 0 : r;
		g = g > 0xFF ? 0xFF : g < 0 ? 0 : g;
		b = b > 0xFF ? 0xFF : b < 0 ? 0 : b;

		return ( r << 16 ) + ( g << 8 ) + b;
	}
}",1
"public class CHECKROWSPAN {
/**
	 * Checks whether the cell vertical overlap exists.
	 * 
	 * @param rowCount
	 *            row count of the band this cell belongs to
	 * @param rowPosn
	 *            row position of this cell in the band
	 * @param rowSpan
	 *            row span of the cell
	 * @return whether the vertical overlap exists
	 */

	private boolean checkRowSpan( int rowCount, int rowPosn, int rowSpan )
	{
		return ( rowCount - rowPosn - rowSpan ) >= 0;
	}
}",1
"public class GETSLOTINDEX {
/**
	 * Returns the slot index in the slots array. The slot ID may be discrete.
	 * 
	 * @param slotID
	 *            the slot id
	 * @return the index based on 0
	 */

	public int getslotindex( int slotID )
	{
		return slotID;
	}
}",1
"public class JUDGETYPE {
/**
	 * If type is false mean EmptyList ,then return 1, else return 3.
	 * 
	 * @param type
	 *            mark of size of rules is zero or not
	 * 
	 * @return the integer flag
	 */

	private int judgeType( boolean type )
	{
		if ( type )
			return 3;

		return 1;
	}
}",2
"public class COMPARESTRING {
/**
	 * Compares the two times.
	 * 
	 * @param checktimes
	 *            the times that the string display.
	 * @param countstring
	 *            the golden times.
	 * @return true if two times are same.
	 * @throws Exception
	 *             if any exception
	 */
	private boolean compareString( int checktimes, int countstring )
	{
		boolean same = true;
		StringBuffer errorText = new StringBuffer( );
		try
		{
			if ( checktimes == countstring )
				same = true;
			else
				same = false;
		}
		catch ( Exception e )
		{
			errorText.append( e.toString( ) );
		}
		return same;

	}
}",3
"public class COMPARESTRING {
/**
	 * Compares the two times.
	 * 
	 * @param checktimes
	 *            the times that the string display.
	 * @param countstring
	 *            the golden times.
	 * @return true if two times are same.
	 * @throws Exception
	 *             if any exception
	 */
	private boolean compareString( int checktimes, int countstring )
	{
		boolean same = true;
		StringBuffer errorText = new StringBuffer( );
		try
		{
			if ( checktimes == countstring )
				same = true;
			else
				same = false;
		}
		catch ( Exception e )
		{
			errorText.append( e.toString( ) );
		}
		return same;

	}
}",3
"public class HASSLOTHANDLEROW {
/**
	 * return false for Grid Item for grid doesn't have slot
	 */
	public boolean hasslothandlerow( int id )
	{
		return false;
	}
}",1
"public class GETBOLDERFONTWEIGHT {
/**
	 * Gets the bolder font weight of given font sweight.
	 * 
	 * @param curWeight
	 *            The given font weight.
	 * @return The bolder font weight value
	 */
	public static int getbolderfontweight( int curWeight )
	{
		int weight = curWeight + 100;
		if ( weight > 900 )
		{
			weight = 900;
		}
		return weight;
	}
}",2
"public class GETLIGHTERFONTWEIGHT {
/**
	 * Gets the lighter font weight of a given font sweight.
	 * 
	 * @param curWeight
	 *            The given font weight.
	 * @return The lighter font weight value
	 */
	public static int getlighterfontweight( int curWeight )
	{
		int weight = curWeight - 100;
		if ( weight < 100 )
		{
			weight = 100;
		}
		return weight;
	}
}",2
"public class INCHTOPOINT {
/**
	 * Converts inch to point.
	 */
	public static double inchtopoint( double inch )
	{
		double pt = inch * 72;
		return pt;
	}
}",1
"public class POINTTOINCH {
/**
	 * Converts point to inch.
	 */
	public static double pointtoinch( double point )
	{
		double inch = point / 72;
		return inch;
	}
}",1
"public class ISMOVEVALID {
/**
	 * Now return true
	 * 
	 * @param zoomedPosition
	 * @return return true if the drag is valid.
	 */
	protected boolean isMoveValid( int zoomedPosition )
	{
		return true;
	}
}",1
"public class GETGAP {
/**
	 * Calculate gap to avoid cross-line when drawing thick/double line.
	 */
	private static int getGap( int x, int y, int i )
	{
		if ( x == 0 )
		{
			return 0;
		}

		if ( i < 0 )
		{
			i = 0;
		}

		if ( i > x )
		{
			i = x;
		}

		return  y * i / x ;
	}
}",4
"public class INCLUDEEVENTTYPE {
/**Filter the event.
	 * @param type
	 * @return
	 */
	protected boolean includeEventType( int type )
	{
		return true;
	}
}",1
"public class BLEND {
/**
	 * Blends two primary color components based on the provided ratio.
	 * 
	 * @param v1
	 *            first component
	 * @param v2
	 *            second component
	 * @param ratio
	 *            percentage of the first component in the blend
	 * @return
	 */
	private static int blend( int v1, int v2, int ratio )
	{
		int b = ( ratio * v1 + ( 100 - ratio ) * v2 ) / 100;
		return Math.min( 255, b );
	}
}",1
"public class ISPOPBLOCK {
/**
     * Checks if a given blockID is a known pop block
     * @param blockID
     * @return true if blockID is known pop block
     */
    private boolean isPopBlock(int blockID) {
        return blockID == 6 || blockID == 26 || blockID == 27 || blockID == 28 || blockID == 37 || blockID == 38 || blockID == 39 ||
                blockID == 40 || blockID == 50 || blockID == 55 || blockID == 59 || blockID == 64 || blockID == 65 || blockID == 66 ||
                blockID == 69 || blockID == 71 || blockID == 75 || blockID == 76 || blockID == 77 || blockID == 81 || blockID == 83 ||
                blockID == 93 || blockID == 94 || blockID == 31 || blockID == 32 || blockID == 96 || blockID == 111 || blockID == 115;
    }
}",28
"public class PLACEITEM {
/** {@inheritDoc} */
    protected int placeItem(int offset) {
        return offset + 32;
    }
}",1
"public class PLACEITEM {
/** {@inheritDoc} */
    protected int placeItem(int offset) {
        return offset + 8;
    }
}",1
"public class PLACEITEM {
/** {@inheritDoc} */
    protected int placeItem(int offset) {
        return offset + 8;
    }
}",1
"public class PLACEITEM {
/** {@inheritDoc} */
    protected int placeItem(int offset) {
        return offset + 12;
    }
}",1
"public class PLACEITEM {
/** {@inheritDoc} */
    protected int placeItem(int offset) {
        return offset + 4;
    }
}",1
"public class PLACEITEM {
/** {@inheritDoc} */
    protected int placeItem(int offset) {
        return offset + 4;
    }
}",1
"public class PLACEVALUE {
/** {@inheritDoc} */
    public int placevalue(int offset) {
        return offset + 1;
    }
}",1
"public class PLACEVALUE {
/** {@inheritDoc} */
    public int placevalue(int offset) {
        return offset + 2;
    }
}",1
"public class PLACEVALUE {
/** {@inheritDoc} */
    public int placevalue(int offset) {
        return offset + 1;
    }
}",1
"public class UNSIGNEDLEB128SIZE {
/**
     * Gets the number of bytes in the unsigned LEB128 encoding of the
     * given value.
     *
     * @param value the value in question
     * @return its write size, in bytes
     */
    public static int unsignedleb128size(int value) {
        // TODO: This could be much cleverer.

        int remaining = value >>> 7;
        int count = 0;

        while (remaining != 0) {
            value = remaining;
            remaining >>>= 7;
            count++;
        }

        return count + 1;
    }
}",2
"public class SIGNEDLEB128SIZE {
/**
     * Gets the number of bytes in the signed LEB128 encoding of the
     * given value.
     *
     * @param value the value in question
     * @return its write size, in bytes
     */
    public static int signedleb128size(int value) {
        // TODO: This could be much cleverer.

        int remaining = value >> 7;
        int count = 0;
        boolean hasMore = true;
        int end = ((value & Integer.MIN_VALUE) == 0) ? 0 : -1;

        while (hasMore) {
            hasMore = (remaining != end)
                || ((remaining & 1) != ((value >> 6) & 1));

            value = remaining;
            remaining >>= 7;
            count++;
        }

        return count;
    }
}",3
"public class DECODEHIGHSIGNEDNIBBLE {
/**
     * Decodes the high signed 4-bit nibble from the given byte
     * @param b the byte to decode
     * @return the decoded signed nibble
     */
    public static byte decodehighsignednibble(byte b) {
        return (byte)(b >> 4);
    }
}",1
"public class DECODELOWSIGNEDNIBBLE {
/**
     * Decodes the low signed 4-bit nibble from the given byte
     * @param b the byte to decode
     * @return the decoded signed nibble
     */
    public static byte decodelowsignednibble(byte b) {
        return (byte)(((byte)(b << 4)) >> 4);
    }
}",1
"public class DECODEHIGHUNSIGNEDNIBBLE {
/**
     * Decodes the high unsigned 4-bit nibble from the given byte
     * @param b the byte to decode
     * @return the decoded unsigned nibble
     */
    public static byte decodehighunsignednibble(byte b) {
        return (byte)((b & 0xFF) >>> 4);
    }
}",1
"public class DECODELOWUNSIGNEDNIBBLE {
/**
     * Decodes the low unsigned 4-bit nibble from the given byte
     * @param b the byte to decode
     * @return the decoded unsigned nibble
     */
    public static byte decodelowunsignednibble(byte b) {
        return (byte)(b & 0x0F);
    }
}",1
"public class DECODEUNSIGNEDBYTE {
/**
     * Decodes an unsigned byte from a signed byte
     * @param b the signed byte to decode
     * @return the decoded unsigned byte as a short
     */
    public static short decodeunsignedbyte(byte b) {
        return (short)(b & 0xFF);
    }
}",1
"public class DECODESHORT {
/**
     * Decodes a signed short value from 2 individual bytes
     * The parameters are in order from least significant byte to most significant byte
     * @param lsb the least significant byte
     * @param msb the most significant byte
     * @return the decoded signed short value
     */
    public static short decodeshort(byte lsb, byte msb) {
        return (short)
               (    (lsb & 0xFF) |
                    (msb << 8)
               );
    }
}",1
"public class DECODEUNSIGNEDSHORT {
/**
     * Decodes an unsigned short value from 2 individual bytes
     * The parameters are in order from least significant byte to most significant byte
     * @param lsb the least significant byte
     * @param msb the most significant byte
     * @return the decoded unsigned short value as an int
     */
    public static int decodeunsignedshort(byte lsb, byte msb) {
        return  (   (lsb & 0xFF) |
                    ((msb & 0xFF) << 8)
                );
    }
}",1
"public class DECODEINT {
/**
     * Decodes a signed integer value from 4 individual bytes
     * The parameters are in order from least significant byte to most significant byte
     * @param lsb the least significant byte
     * @param mlsb the middle least significant byte
     * @param mmsb the middle most significant byte
     * @param msb the most significant byte
     * @return the decoded signed integer value
     */
    public static int decodeint(byte lsb, byte mlsb, byte mmsb, byte msb) {
        return (lsb & 0xFF) |
               ((mlsb & 0xFF) << 8) |
               ((mmsb & 0xFF) << 16) |
               (msb << 24);
    }
}",1
"public class DECODELONG {
/**
     * Decodes a signed long value from 8 individual bytes
     * The parameters are in order from least significant byte to most significant byte
     * @param llsb the lower least significant byte
     * @param lmlsb the lower middle least significant byte
     * @param lmmsb the lower middle most significant byte
     * @param lgsb the lower greater significant byte
     * @param glsb the greater least significant byte
     * @param gmlsb the greater middle least significant byte
     * @param gmmsb the greater middle most significant byte
     * @param gmsb the greater most significant byte
     * @return the decoded signed long value
     */
    public static long decodelong(byte llsb, byte lmlsb, byte lmmsb, byte lgsb, byte glsb, byte gmlsb, byte gmmsb,
                                  byte gmsb) {
        return  (llsb   & 0xFFL) |
                ((lmlsb & 0xFFL) << 8) |
                ((lmmsb & 0xFFL) << 16) |
                ((lgsb  & 0xFFL) << 24) |
                ((glsb  & 0xFFL) << 32) |
                ((gmlsb & 0xFFL) << 40) |
                ((gmmsb & 0xFFL) << 48) |
                (((long)gmsb) << 56);
    }
}",1
"public class GETVALUETYPESCODEBYBITMASK {
/**
	 *  Returns the numeric code of the given channel bitmask
	 * 
	 * @param hasCh1 true if channel1 is enabled in this bitmask; false otherwise
	 * @param hasCh2 true if channel2 is enabled in this bitmask; false otherwise
	 * @param hasCh3 true if channel3 is enabled in this bitmask; false otherwise
	 * @param hasCh4 true if channel4 is enabled in this bitmask; false otherwise
	 * 
	 * @return the numeric code of the given channel bitmask
	 */
	public static byte getvaluetypescodebybitmask(boolean hasCh1, boolean hasCh2, boolean hasCh3, boolean hasCh4) {
		byte code = 0;
		
		if (hasCh1)
			code |= 0x8;
		if (hasCh2)
			code |= 0x4;
		if (hasCh3)
			code |= 0x2;
		if (hasCh4)
			code |= 0x1;
		
		return code;
	}
}",5
"public class COUNTCHANNELSINBITMASK {
/**
	 * Returns the number of of channels that enabled in the given channel bitmask
	 * 
	 * @param channelBitmask the numeric code of the given channel bitmask
	 * 
	 * @return the number of channels enabled in this channel bitmask
	 */
	public static int countchannelsinbitmask(byte channelBitmask) {
		int temp = channelBitmask; 
		int result = 0; 
		while (temp > 0) { 
			result += temp & 0x01; 
			temp = temp >> 1; 
		} 
		return result; 
	}
}",2
"public class READUNSIGNEDBYTE {
/**
	 * @param b		is the byte to convert
	 * @return a 	integer from the given byte
	 */
	static int readUnsignedByte(byte b) {
		return (b & 0xff);
	}
}",1
"public class CHECKSUMPUSHBYTE {
/** CRC check taken from Zephyr PDF's */
	public static int checksumpushbyte(int currentChecksum, int newByte) {

		currentChecksum = (currentChecksum ^ newByte);

		for (int bit = 0; bit < 8; bit++) {

			if ((currentChecksum & 1) == 1)
				currentChecksum = ((currentChecksum >> 1) ^ 0x8C);

			else
				currentChecksum = (currentChecksum >> 1);
		}

		return currentChecksum;
	}
}",3
"public class READUNSIGNEDBYTE {
/**
	 * @param b		is the byte to convert
	 * @return a 	integer from the given byte
	 */
	static int readUnsignedByte(byte b) {
		return (b & 0xff);
	}
}",1
"public class GETVALUETYPESCODEBYBITMASK {
/**
	 *  Returns the numeric code of the given channel bitmask
	 * 
	 * @param hasCh1 true if channel1 is enabled in this bitmask; false otherwise
	 * @param hasCh2 true if channel2 is enabled in this bitmask; false otherwise
	 * @param hasCh3 true if channel3 is enabled in this bitmask; false otherwise
	 * @param hasCh4 true if channel4 is enabled in this bitmask; false otherwise
	 * 
	 * @return the numeric code of the given channel bitmask
	 */
	public static byte getvaluetypescodebybitmask(boolean hasCh1, boolean hasCh2, boolean hasCh3, boolean hasCh4) {
		byte code = 0;
		
		if (hasCh1)
			code |= 0x8;
		if (hasCh2)
			code |= 0x4;
		if (hasCh3)
			code |= 0x2;
		if (hasCh4)
			code |= 0x1;
		
		return code;
	}
}",5
"public class COUNTCHANNELSINBITMASK {
/**
	 * Returns the number of of channels that enabled in the given channel bitmask
	 * 
	 * @param channelBitmask the numeric code of the given channel bitmask
	 * 
	 * @return the number of channels enabled in this channel bitmask
	 */
	public static int countchannelsinbitmask(byte channelBitmask) {
		int temp = channelBitmask; 
		int result = 0; 
		while (temp > 0) { 
			result += temp & 0x01; 
			temp = temp >> 1; 
		} 
		return result; 
	}
}",2
"public class CONVERTTEMPO {
/**
     * converts<br>
     * 1 - MPQ-Tempo to BPM tempo<br>
     * 2 - BPM tempo to MPQ tempo<br>
     */
    public static double converttempo(double tempo) {
        if (tempo <= 0) {
            tempo = 1;
        }
        return ((double) 60000000l) / tempo;
    }
}",2
"public class TICKS2MICROSEC {
/**
     * convert tick to microsecond with given tempo.
     * Does not take tempo changes into account.
     * Does not work for SMPTE timing!
     */
    public static long ticks2microsec(long tick, double tempoMPQ, int resolution) {
        return (long) (((double) tick) * tempoMPQ / resolution);
    }
}",1
"public class MICROSEC2TICKS {
/**
     * convert tempo to microsecond with given tempo
     * Does not take tempo changes into account.
     * Does not work for SMPTE timing!
     */
    public static long microsec2ticks(long us, double tempoMPQ, int resolution) {
        // do not round to nearest tick
        //return (long) Math.round((((double)us) * resolution) / tempoMPQ);
        return (long) ((((double)us) * resolution) / tempoMPQ);
    }
}",1
"public class ISBETWEEN {
/**
	 * Return true if c is between a and b.
	 */
	private static boolean isBetween (double a, double b, double c)
	{
		return b > a ? c >= a && c <= b : c >= b && c <= a;
	}
}",3
"public class EQUALS {
/**
	 * Check if two double precision numbers are ""equal"", i.e. close enough
	 * to a given limit.
	 * 
	 * @param a      First number to check
	 * @param b      Second number to check   
	 * @param limit  The definition of ""equal"".
	 * @return       True if the twho numbers are ""equal"", false otherwise
	 */
	private static boolean equals (double a, double b, double limit)
	{
		return Math.abs (a - b) < limit;
	}
}",1
"public class MIN {
/**
	 * Return smallest of four numbers.
	 * 
	 * @param a  First number to find smallest among.
	 * @param b  Second number to find smallest among.
	 * @param c  Third number to find smallest among.
	 * @param d  Fourth number to find smallest among.   
	 * @return   Smallest of a, b, c and d.
	 */
	private static double min (double a, double b, double c, double d)
	{
		return Math.min (Math.min (a, b), Math.min (c, d));
	}
}",1
"public class MAX {
/**
	 * Return largest of four numbers.
	 * 
	 * @param a  First number to find largest among.
	 * @param b  Second number to find largest among.
	 * @param c  Third number to find largest among.
	 * @param d  Fourth number to find largest among.   
	 * @return   Largest of a, b, c and d.
	 */
	private static double max (double a, double b, double c, double d)
	{
		return Math.max (Math.max (a, b), Math.max (c, d));
	}
}",1
"public class ISPOINTINSIDERECTANGLE {
/**
	 * Check if a specified point is inside a specified rectangle.
	 * 
	 * @param x0, y0, x1, y1  Upper left and lower right corner of rectangle
	 *                        (inclusive)
	 * @param x,y             Point to check.
	 * @return                True if the point is inside the rectangle,
	 *                        false otherwise.
	 */
	public static boolean ispointinsiderectangle (int x0, int y0, int x1, int y1,
			int x, int y)
	{
		return x >= x0 && x < x1 && y >= y0 && y < y1;
	}
}",4
"public class LENGTH {
/**
	 * Compute the length of the line from (x0,y0) to (x1,y1)
	 * 
	 * @param x0, y0  First line end point.
	 * @param x1, y1  Second line end point.
	 * @return        Length of line from (x0,y0) to (x1,y1).
	 */
	public static double length (double x0, double y0, double x1, double y1)
	{
		double dx = x1 - x0;
		double dy = y1 - y0;

		return Math.sqrt (dx*dx + dy*dy);
	}
}",1
"public class COMPUTEANGLEOFLINEBETWEENTWOPOINTS {
/**
     * Determines the angle of a straight line drawn between point one and two. The number returned, which is a double in degrees, tells us how much we have to rotate a horizontal line clockwise for it to match the line between the two points.
     * If you prefer to deal with angles using radians instead of degrees, just change the last line to: ""return Math.atan2(yDiff, xDiff);""
     */
    public static double computeangleoflinebetweentwopoints(double x0, double y0, double x1, double y1)
    {
        double xDiff = x1 - x0;
        double yDiff = y1 - y0;
        //return Math.toDegrees(Math.atan2(yDiff, xDiff));
        return Math.atan2(yDiff, xDiff);
    }
}",1
"public class READNTHBYTE {
/**
	 * Get the nth byte from the right in the given number
	 * 
	 * @param l The number from which to extract the byte
	 * @param n The byte index
	 * @return The given byte
	 */
	public static byte readnthbyte(long l, int n)
	{
		return (byte) (0xFF & (l >> (n * Byte.SIZE)));
	}
}",1
"public class ISREQUEST {
/**
	 * Checks whether a code indicates a request.
	 * 
	 * @param code the code to check
	 * @return True iff the code indicates a request
	 */
	public static boolean isrequest(int code) {
		return (code >= 1) && (code <= 31);
	}
}",2
"public class ISRESPONSE {
/**
	 * Checks whether a code indicates a response
	 * 
	 * @param code the code to check
	 * @return True iff the code indicates a response
	 */
	public static boolean isresponse(int code) {

		return (code >= 64) && (code <= 191);
	}
}",2
"public class ISVALID {
/**
	 * Checks whether a code is valid
	 * 
	 * @param code the code to check
	 * @return True iff the code is valid
	 */
	public static boolean isvalid(int code) {
		//return ((code >= 0) && (code <= 31)) || ((code >= 64) && (code <= 191));
		return (code >= 0) && (code <= 255); // allow unknown custom codes
	}
}",2
"public class RESPONSECLASS {
/**
	 * Returns the response class of a code
	 * 
	 * @param code the code to check
	 * @return The response class of the code
	 */
	public static int responseclass(int code) {
		return (code >> 5) & 0x7;
	}
}",1
"public class DEHEXCHAR {
/**
     * Get the hex value of a character (base16).
     * @param c A character between '0' and '9' or between 'A' and 'F' or
     * between 'a' and 'f'.
     * @return  An int between 0 and 15, or -1 if c was not a hex digit.
     */
    public static int dehexchar(char c) {
        if (c >= '0' && c <= '9') {
            return c - '0';
        }
        if (c >= 'A' && c <= 'F') {
            return c - ('A' - 10);
        }
        if (c >= 'a' && c <= 'f') {
            return c - ('a' - 10);
        }
        return -1;
    }
}",7
"public class RANDOM {
/**
   * Generate a random IP address.
   * @param network the network number. i.e. 0x0a000000.
   * @param mask the network mask. i.e. 0xffffff00.
   * @return a random IP address on the specified network.
   */
  public static int random(int network, int mask) {
    // the bits that get randomized are the inverse of the mask
    int rbits = ~mask;

    int random = network + (int)(rbits * Math.random()) + 1;

    return random;
  }
}",1
"public class TEST {
/**
   * Roll the dice.
   * @return whether or not a synthesized probabilistic event occurred.
   */
  private static boolean test(float probability) {
    double r = Math.random();
    return r < probability;
  }
}",1
"public class NIBBLETODIGIT {
/** 
   * Converts the lower four bits of a byte into the ascii digit 
   * which represents its hex value. For example:
   * nibbleToDigit(10) produces 'a'.
   */
  public static char nibbletodigit(byte x) {
    char c = (char)(x & 0xf); // mask low nibble
    return(c > 9 ? (char)(c - 10 + 'a') : (char)(c + '0')); // int to hex char
  }
}",1
"public class ISSUPPLEMENTAL {
/**
     * Returns true if the specified character is a supplemental character.
     *
     * @param c The character to check.
     */
    public static boolean issupplemental(int c) {
        return (c >= 0x10000 && c <= 0x10FFFF);
    }
}",2
"public class SUPPLEMENTAL {
/**
     * Returns true the supplemental character corresponding to the given
     * surrogates.
     *
     * @param h The high surrogate.
     * @param l The low surrogate.
     */
    public static int supplemental(char h, char l) {
        return (h - 0xD800) * 0x400 + (l - 0xDC00) + 0x10000;
    }
}",1
"public class HIGHSURROGATE {
/**
     * Returns the high surrogate of a supplemental character
     *
     * @param c The supplemental character to ""split"".
     */
    public static char highsurrogate(int c) {
        return (char) (((c - 0x00010000) >> 10) + 0xD800);
    }
}",1
"public class LOWSURROGATE {
/**
     * Returns the low surrogate of a supplemental character
     *
     * @param c The supplemental character to ""split"".
     */
    public static char lowsurrogate(int c) {
        return (char) (((c - 0x00010000) & 0x3FF) + 0xDC00);
    }
}",1
"public class ISHIGHSURROGATE {
/**
     * Returns whether the given character is a high surrogate
     *
     * @param c The character to check.
     */
    public static boolean ishighsurrogate(int c) {
        return (0xD800 <= c && c <= 0xDBFF);
    }
}",2
"public class ISLOWSURROGATE {
/**
     * Returns whether the given character is a low surrogate
     *
     * @param c The character to check.
     */
    public static boolean islowsurrogate(int c) {
        return (0xDC00 <= c && c <= 0xDFFF);
    }
}",2
"public class ISMARKUP {
/**
     * Returns true if the specified character can be considered markup.
     * Markup characters include '&lt;', '&amp;', and '%'.
     *
     * @param c The character to check.
     */
    public static boolean ismarkup(int c) {
        return c == '<' || c == '&' || c == '%';
    }
}",3
"public class UTILIZATION {
/**
     * Calculate the utilization percentage.
     */
    public static int utilization(long obsoleteSize, long totalSize) {
        if (totalSize != 0) {
            return (int) (((totalSize - obsoleteSize) * 100) / totalSize);
        } else {
            return 0;
        }
    }
}",2
"public class GETLSNOFIN {
/**
     * @return the LSN that represents this IN. For a vanilla IN entry, it's 
     * the last lsn read by the log reader.
     */
    public long getlsnofin(long lastReadLsn) {
        return lastReadLsn;
    }
}",1
"public class ISSOUGHTNODE {
/**
     * A LN can never be a child in the search chain.
     */
    protected boolean isSoughtNode(long nid, boolean updateGeneration) {
        return false;
    }
}",1
"public class CANBEANCESTOR {
/**
     * A LN can never be the ancestor of another node.
     */
    protected boolean canBeAncestor(boolean targetContainsDuplicates) {
        return false;
    }
}",1
"public class MICROSTOMILLIS {
/**
     * Convert microseconds to milliseconds, ensuring that any microsecond
     * value greater than zero converts to at least one millisecond to avoid a
     * zero millisecond result since Object.wait(0) waits forever.
     */
    public static long microstomillis(long micros) {
        return (micros + 999) / 1000;
    }
}",1
"public class KEYPRESSED {
/**
	 * Called when a key is pressed over this {@link UIItem}
	 * 
	 * @param ka
	 *            The key that is pressed.
	 * @return true if the {@link UIItem} needs to have the selection after the
	 *         keyPressed (for example a radio button or a list would need the
	 *         selection multiple times); false otherwise
	 */
	public boolean keypressed(int key) {
		return false;
	}
}",1
"public class INTEGERPARTLEN {
/**
     * Gets the length of the integer part of a double value.
     *
     * @param x the value
     *
     * @return number of digits in the integer part
     */
    private int integerPartLen(double x) {
        return 1 + (int) Math.log10( Math.abs(x) );
    }
}",1
"public class DEHEXCHAR {
/**
     * Get the hex value of a character (base16).
     * @param c A character between '0' and '9' or between 'A' and 'F' or
     * between 'a' and 'f'.
     * @return  An int between 0 and 15, or -1 if c was not a hex digit.
     */
    public static int dehexchar(char c) {
        if (c >= '0' && c <= '9') {
            return c - '0';
        }
        if (c >= 'A' && c <= 'F') {
            return c - ('A' - 10);
        }
        if (c >= 'a' && c <= 'f') {
            return c - ('a' - 10);
        }
        return -1;
    }
}",7
"public class GETRANDOMNUMBER {
/**
	 * Generates a random number.
	 * 
	 * @param theLength
	 *            Length of digits (max. 19!)
	 * @return the random number
	 */
	private long getRandomNumber(int theLength) {
		return (long) (Math.random() * Math.pow(10, theLength));
	}
}",1
"public class COMPAREBOOL {
/**
	 * Compare two boolean parameters. Consider comparison b1 - b2 with True = 1
	 * and False = 0;
	 * 
	 * @param b1
	 *            first boolean
	 * @param b2
	 *            second boolean
	 * @return b1 - b2, where True = 1, False = 0;
	 */
	private int compareBool(boolean b1, boolean b2) {
		if (b1 == b2)
			return 0; // Both equal
		if (b1)
			return 1; // b1 = true, b2 = false
		return -1; // b1 = false, b2 = true;
	}
}",3
"public class ISALPHANUMERIC {
/**
	 * Check if a character is alpha-numeric (a-z, A-Z, 0-9)
	 * @param c char to check
	 * @return true or false
	 */
	public static boolean isalphanumeric(char c) {
		return ((c >= 'a' && c <= 'z')
			|| (c >= 'A' && c <= 'Z')
			|| (c >= '0' && c <= '9'));
	}
}",6
"public class ISPUNCTUATION {
/**
	 * Check if a character is a punctuation symbol: full stops (.), periods
	 * (,), exclamation marks, question marks, [semi]colons, and the different
	 * forms of brackets are all counted as punctuation.
	 * @param c char to check
	 * @return true or false
	 */
	public static boolean ispunctuation(char c) {
		return (c == '.' || c == ',' || c == '!' || c == '?' || c == ':'
				|| c == ';' || c == '[' || c == ']' || c == '(' || c == ')'
				|| c == '{' || c == '}');
	}
}",12
"public class ROUND {
/** Round a double to the nearest integer, via conventional rules
   *  (.5 rounds up, .49 rounds down), and return the result, still as a double.
   *
   *  @param x What to round
   *  @return The rounded value
   */
  public static double round(double x) {
    return Math.floor(x + 0.5d);
  }
}",1
"public class MAX {
/**
   * Returns the minimum of three int values.
   *
   * @return The minimum of three int values.
   */
  public static int max(int a, int b, int c) {
    int ma;
    ma = a;
    if (b > ma) {
      ma = b;
    }
    if (c > ma) {
      ma = c;
    }
    return ma;
  }
}",3
"public class LGAMMA {
/**
   * @return an approximation of the log of the Gamma function * of x.  Laczos Approximation
   * Reference: Numerical Recipes in C
   * http://www.library.cornell.edu/nr/cbookcpdf.html
   * from www.cs.berkeley.edu/~milch/blog/versions/blog-0.1.3/blog/distrib
   */
  public static double lgamma(double x) {
    double[] cof = {76.18009172947146, -86.50532032941677,
      24.01409824083091,-1.231739572450155,
      0.1208650973866179e-2,-0.5395239384953e-5};
    double y, ser, tmp;
    y = x;
    tmp = x + 5.5;
    tmp -= ((x + 0.5) * Math.log(tmp));
    ser = 1.000000000190015;
    for (int j = 0; j < 6; j += 1) {
      y += 1;
      ser += (cof[j] / y);
    }
    return (-tmp + Math.log(2.5066282746310005*ser / x));
  }
}",2
"public class MIN {
/**
   * Returns the minimum of three int values.
   */
  public static int min(int a, int b, int c) {
    int mi;

    mi = a;
    if (b < mi) {
      mi = b;
    }
    if (c < mi) {
      mi = c;
    }
    return mi;

  }
}",3
"public class MAX {
/**
   * Returns the greater of two <code>float</code> values.  That is,
   * the result is the argument closer to positive infinity. If the
   * arguments have the same value, the result is that same
   * value.  Does none of the special checks for NaN or -0.0f that
   * <code>Math.max</code> does.
   *
   * @param a an argument.
   * @param b another argument.
   * @return the larger of <code>a</code> and <code>b</code>.
   */
  public static float max(float a, float b) {
    return (a >= b) ? a : b;
  }
}",1
"public class MAX {
/**
   * Returns the greater of two <code>double</code> values.  That
   * is, the result is the argument closer to positive infinity. If
   * the arguments have the same value, the result is that same
   * value.  Does none of the special checks for NaN or -0.0f that
   * <code>Math.max</code> does.
   *
   * @param a an argument.
   * @param b another argument.
   * @return the larger of <code>a</code> and <code>b</code>.
   */
  public static double max(double a, double b) {
    return (a >= b) ? a : b;
  }
}",1
"public class MIN {
/**
   * Returns the smaller of two <code>float</code> values.  That is,
   * the result is the value closer to negative infinity. If the
   * arguments have the same value, the result is that same
   * value.  Does none of the special checks for NaN or -0.0f that
   * <code>Math.max</code> does.
   *
   * @param a an argument.
   * @param b another argument.
   * @return the smaller of <code>a</code> and <code>b.</code>
   */
  public static float min(float a, float b) {
    return (a <= b) ? a : b;
  }
}",1
"public class MIN {
/**
   * Returns the smaller of two <code>double</code> values.  That
   * is, the result is the value closer to negative infinity. If the
   * arguments have the same value, the result is that same
   * value.  Does none of the special checks for NaN or -0.0f that
   * <code>Math.max</code> does.
   *
   * @param a an argument.
   * @param b another argument.
   * @return the smaller of <code>a</code> and <code>b</code>.
   */
  public static double min(double a, double b) {
    return (a <= b) ? a : b;
  }
}",1
"public class ISDANGEROUS {
/**
   * Returns true if the argument is a ""dangerous"" double to have
   * around, namely one that is infinite, NaN or zero.
   */
  public static boolean isdangerous(double d) {
    return Double.isInfinite(d) || Double.isNaN(d) || d == 0.0;
  }
}",3
"public class ISVERYDANGEROUS {
/**
   * Returns true if the argument is a ""very dangerous"" double to have
   * around, namely one that is infinite or NaN.
   */
  public static boolean isverydangerous(double d) {
    return Double.isInfinite(d) || Double.isNaN(d);
  }
}",2
"public class LOG {
/** Convenience method for log to a different base
   *
   */
  public static double log(double num, double base) {
    return Math.log(num)/Math.log(base);
  }
}",1
"public class NCHOOSEK {
/**
   * Computes n choose k in an efficient way.  Works with
   * k == 0 or k == n but undefined if k < 0 or k > n
   *
   * @return fact(n) / fact(k) * fact(n-k)
   */
  public static int nchoosek(int n, int k) {
    k = Math.min(k, n - k);
    if (k == 0) {
      return 1;
    }
    int accum = n;
    for (int i = 1; i < k; i++) {
      accum *= (n - i);
      accum /= i;
    }
    return accum / k;
  }
}",3
"public class POW {
/**
   * Returns an approximation to Math.pow(a,b) that is ~27x faster
   * with a margin of error possibly around ~10%.  From
   * http://martin.ankerl.com/2007/10/04/optimized-pow-approximation-for-java-and-c-c/
   */
  public static double pow(final double a, final double b) {
    final int x = (int) (Double.doubleToLongBits(a) >> 32);
    final int y = (int) (b * (x - 1072632447) + 1072632447);
    return Double.longBitsToDouble(((long) y) << 32);
  }
}",1
"public class INTPOW {
/**
   * Exponentiation like we learned in grade school:
   * multiply b by itself e times.  Uses power of two trick.
   * e must be nonnegative!!!  no checking!!!  For e &lt;= 0,
   * the exponent is treated as 0, and 1 is returned.  0^0 also
   * returns 1.
   *
   * @param b base
   * @param e exponent
   * @return b^e
   */
  public static int intpow(int b, int e) {
    int result = 1;
    int currPow = b;
    while (e > 0) {
      if ((e & 1) != 0) { result *= currPow; }
      currPow = currPow * currPow;
      e >>= 1;
    }
    return result;
  }
}",3
"public class INTPOW {
/**
   * Exponentiation like we learned in grade school:
   * multiply b by itself e times.  Uses power of two trick.
   * e must be nonnegative!!!  no checking!!!
   *
   * @param b base
   * @param e exponent
   * @return b^e
   */
  public static float intpow(float b, int e) {
    float result = 1.0f;
    float currPow = b;
    while (e > 0) {
      if ((e & 1) != 0) { result *= currPow; }
      currPow = currPow * currPow;
      e >>= 1;
    }
    return result;
  }
}",3
"public class INTPOW {
/**
   * Exponentiation like we learned in grade school:
   * multiply b by itself e times.  Uses power of two trick.
   * e must be nonnegative!!!  no checking!!!
   * @param b base
   * @param e exponent
   * @return b^e
   */
  public static double intpow(double b, int e) {
    double result = 1.0;
    double currPow = b;
     while (e > 0) {
      if ((e & 1) != 0) { result *= currPow; }
      currPow = currPow * currPow;
      e >>= 1;
    }
    return result;
  }
}",3
"public class HYPERGEOMETRIC {
/**
   * Find a hypergeometric distribution.  This uses exact math, trying
   * fairly hard to avoid numeric overflow by interleaving
   * multiplications and divisions.
   * (To do: make it even better at avoiding overflow, by using loops
   * that will do either a multiple or divide based on the size of the
   * intermediate result.)
   *
   * @param k The number of black balls drawn
   * @param n The total number of balls
   * @param r The number of black balls
   * @param m The number of balls drawn
   * @return The hypergeometric value
   */
  public static double hypergeometric(int k, int n, int r, int m) {
    if (k < 0 || r > n || m > n || n <= 0 || m < 0 || r < 0) {
      throw new IllegalArgumentException(""Invalid hypergeometric"");
    }

    // exploit symmetry of problem
    if (m > n / 2) {
      m = n - m;
      k = r - k;
    }
    if (r > n / 2) {
      r = n - r;
      k = m - k;
    }
    if (m > r) {
      int temp = m;
      m = r;
      r = temp;
    }
    // now we have that k <= m <= r <= n/2

    if (k < (m + r) - n || k > m) {
      return 0.0;
    }

    // Do limit cases explicitly
    // It's unclear whether this is a good idea.  I put it in fearing
    // numerical errors when the numbers seemed off, but actually there
    // was a bug in the Fisher's exact routine.
    if (r == n) {
      if (k == m) {
        return 1.0;
      } else {
        return 0.0;
      }
    } else if (r == n - 1) {
      if (k == m) {
        return (n - m) / (double) n;
      } else if (k == m - 1) {
        return m / (double) n;
      } else {
        return 0.0;
      }
    } else if (m == 1) {
      if (k == 0) {
        return (n - r) / (double) n;
      } else if (k == 1) {
        return r / (double) n;
      } else {
        return 0.0;
      }
    } else if (m == 0) {
      if (k == 0) {
        return 1.0;
      } else {
        return 0.0;
      }
    } else if (k == 0) {
      double ans = 1.0;
      for (int m0 = 0; m0 < m; m0++) {
        ans *= ((n - r) - m0);
        ans /= (n - m0);
      }
      return ans;
    }

    double ans = 1.0;
    // do (n-r)x...x((n-r)-((m-k)-1))/n x...x (n-((m-k-1)))
    // leaving rest of denominator to get to multimply by (n-(m-1))
    // that's k things which goes into next loop
    for (int nr = n - r, n0 = n; nr > (n - r) - (m - k); nr--, n0--) {
      // System.out.println(""Multiplying by "" + nr);
      ans *= nr;
      // System.out.println(""Dividing by "" + n0);
      ans /= n0;
    }
    // System.out.println(""Done phase 1"");
    for (int k0 = 0; k0 < k; k0++) {
      ans *= (m - k0);
      // System.out.println(""Multiplying by "" + (m-k0));
      ans /= ((n - (m - k0)) + 1);
      // System.out.println(""Dividing by "" + ((n-(m+k0)+1)));
      ans *= (r - k0);
      // System.out.println(""Multiplying by "" + (r-k0));
      ans /= (k0 + 1);
      // System.out.println(""Dividing by "" + (k0+1));
    }
    return ans;
  }
}",26
"public class EXACTBINOMIAL {
/**
   * Find a one tailed exact binomial test probability.  Finds the chance
   * of this or a higher result
   *
   * @param k number of successes
   * @param n Number of trials
   * @param p Probability of a success
   */
  public static double exactbinomial(int k, int n, double p) {
    double total = 0.0;
    for (int m = k; m <= n; m++) {
      double nChooseM = 1.0;
      for (int r = 1; r <= m; r++) {
        nChooseM *= (n - r) + 1;
        nChooseM /= r;
      }
      // System.out.println(n + "" choose "" + m + "" is "" + nChooseM);
      // System.out.println(""prob contribution is "" +
      //	       (nChooseM * Math.pow(p, m) * Math.pow(1.0-p, n - m)));
      total += nChooseM * Math.pow(p, m) * Math.pow(1.0 - p, n - m);
    }
    return total;
  }
}",3
"public class CHISQUARE2BY2 {
/**
   * Find a 2x2 chi-square value.
   * Note: could do this more neatly using simplified formula for 2x2 case.
   *
   * @param k The number of black balls drawn
   * @param n The total number of balls
   * @param r The number of black balls
   * @param m The number of balls drawn
   * @return The Fisher's exact p-value
   */
  public static double chisquare2by2(int k, int n, int r, int m) {
    int[][] cg = {{k, r - k}, {m - k, n - (k + (r - k) + (m - k))}};
    int[] cgr = {r, n - r};
    int[] cgc = {m, n - m};
    double total = 0.0;
    for (int i = 0; i < 2; i++) {
      for (int j = 0; j < 2; j++) {
        double exp = (double) cgr[i] * cgc[j] / n;
        total += (cg[i][j] - exp) * (cg[i][j] - exp) / exp;
      }
    }
    return total;
  }
}",3
"public class SIGMOID {
/**
   * Compute the sigmoid function with mean zero.
   * Care is taken to compute an accurate answer without
   * numerical overflow. (Added by rajatr)
   *
   * @param x Point to compute sigmoid at.
   * @return Value of the sigmoid, given by 1/(1+exp(-x))
   */
  public static double sigmoid(double x) {
    if (x<0) {
      double num = Math.exp(x);
      return num / (1.0 + num);
    }
    else {
      double den = 1.0 + Math.exp(-x);
      return 1.0 / den;
    }
  }
}",2
"public class FACTORIAL {
/**
   * Uses floating point so that it can represent the really big numbers that come up.
   * @param x Argumet to take factorial of
   * @return Factorial of argument
   */
  public static double factorial(int x) {
    double result = 1.0;
    for (int i=x; i>1; i--) {
      result *= i;
    }
    return result;
  }
}",2
"public class BEFORESAVE {
/**
	 * 	Before Save
	 *	@param newRecord new
	 *	@return true
	 */
	protected boolean beforeSave (boolean newRecord)
	{
		/*if (getAD_Org_ID() != 0)
			setAD_Org_ID(0);*/
		return true;
	}
}",1
"public class BEFORESAVE {
/**************************************************************************
	 * 	Before Save
	 *	@param newRecord new
	 *	@return save
	 */
	protected boolean beforeSave (boolean newRecord)
	{
		return true;
	}
}",1
"public class FLOATALPHATOINTALPHA {
/**
	 * Converts a float value between 0f and 1f to an int value
	 * between 0 and 255
	 * @param alpha value between 0f and 1f
	 * @return int value between 0 and 255
	 */
	public static int floatalphatointalpha(float alpha) {
		if(alpha < 0f || alpha > 1f) {
			throw new IllegalArgumentException(""alpha must be between 0f and 1f. value: "" + alpha);
		}
		return (int) (255 * alpha);
	}
}",3
"public class COMPILE {
/**
     * Return true or false whether this encoding/format can encode the specified character or not.
     * <p>
     * This method will return true for the following character range: <br />
     * <code>
     *   <nobr>\b | \f | \t | \r | \n | "" | \ | / | [#x20-#xD7FF] | [#xE000-#xFFFD]</nobr>
     * </code>
     * </p>
     *
     * @see <a href=""http://www.w3.org/TR/REC-xml#charsets"">W3C XML 1.0 </a>
     * @see <a href=""http://json.org/"">JSON.org</a>
     */
    public boolean compile(char c) {
        if ((c == '\b') || (c == '\f') | (c == '\t') || (c == '\n') || (c == '\r') || (c == '""') || (c == '\\') || (c == '/')
            || (c == ']') || // ] - to avoid conflicts in CDATA
            (c == '<') || // - escape HTML markup characters
            (c == '>') || // - HTML
            (c == '&') || // - HTML
            (c == '-') || // - HTML comments
            (c < 0x20) || // See <http://www.w3.org/TR/REC-xml#charsets>
            ((c > 0xd7ff) && (c < 0xe000)) || (c > 0xfffd) || (c > 0xff)) {
            return false;
        }

        return true;
    }
}",18
"public class GETITEMID {
/**
         * {@inheritDoc}
         */
        public long getitemid(int position) {
            return position;
        }
}",1
"public class SHOULDADJUSTAXIS {
/** {@inheritDoc} */
        public int shouldadjustaxis(long value) {
            // time axis never adjusts
            return 0;
        }
}",1
"public class ROUNDFLOOR {
/** @inheritDoc */
    public long roundfloor(long instant) {
        return Long.MIN_VALUE;
    }
}",1
"public class ROUNDCEILING {
/** @inheritDoc */
    public long roundceiling(long instant) {
        return Long.MAX_VALUE;
    }
}",1
"public class ROUNDHALFFLOOR {
/** @inheritDoc */
    public long roundhalffloor(long instant) {
        return Long.MIN_VALUE;
    }
}",1
"public class ROUNDHALFCEILING {
/** @inheritDoc */
    public long roundhalfceiling(long instant) {
        return Long.MIN_VALUE;
    }
}",1
"public class ROUNDHALFEVEN {
/** @inheritDoc */
    public long roundhalfeven(long instant) {
        return Long.MIN_VALUE;
    }
}",1
"public class ISLEAP {
/**
     * Returns whether this field is 'leap' for the specified instant.
     * <p>
     * For example, a leap year would return true, a non leap year would return
     * false.
     * <p>
     * This implementation returns false.
     * 
     * @return true if the field is 'leap'
     */
    public boolean isleap(long instant) {
        return false;
    }
}",1
"public class GETLEAPAMOUNT {
/**
     * Gets the amount by which this field is 'leap' for the specified instant.
     * <p>
     * For example, a leap year would return one, a non leap year would return
     * zero.
     * <p>
     * This implementation returns zero.
     */
    public int getleapamount(long instant) {
        return 0;
    }
}",1
"public class SAFENEGATE {
/**
     * Negates the input throwing an exception if it can't negate it.
     * 
     * @param value  the value to negate
     * @return the negated value
     * @throws ArithmeticException if the value is Integer.MIN_VALUE
     * @since 1.1
     */
    public static int safenegate(int value) {
        if (value == Integer.MIN_VALUE) {
            throw new ArithmeticException(""Integer.MIN_VALUE cannot be negated"");
        }
        return -value;
    }
}",2
"public class SAFEADD {
/**
     * Add two values throwing an exception if overflow occurs.
     * 
     * @param val1  the first value
     * @param val2  the second value
     * @return the new total
     * @throws ArithmeticException if the value is too big or too small
     */
    public static int safeadd(int val1, int val2) {
        int sum = val1 + val2;
        // If there is a sign change, but the two values have the same sign...
        if ((val1 ^ sum) < 0 && (val1 ^ val2) >= 0) {
            throw new ArithmeticException
                (""The calculation caused an overflow: "" + val1 + "" + "" + val2);
        }
        return sum;
    }
}",3
"public class SAFEADD {
/**
     * Add two values throwing an exception if overflow occurs.
     * 
     * @param val1  the first value
     * @param val2  the second value
     * @return the new total
     * @throws ArithmeticException if the value is too big or too small
     */
    public static long safeadd(long val1, long val2) {
        long sum = val1 + val2;
        // If there is a sign change, but the two values have the same sign...
        if ((val1 ^ sum) < 0 && (val1 ^ val2) >= 0) {
            throw new ArithmeticException
                (""The calculation caused an overflow: "" + val1 + "" + "" + val2);
        }
        return sum;
    }
}",3
"public class SAFESUBTRACT {
/**
     * Subtracts two values throwing an exception if overflow occurs.
     * 
     * @param val1  the first value, to be taken away from
     * @param val2  the second value, the amount to take away
     * @return the new total
     * @throws ArithmeticException if the value is too big or too small
     */
    public static long safesubtract(long val1, long val2) {
        long diff = val1 - val2;
        // If there is a sign change, but the two values have different signs...
        if ((val1 ^ diff) < 0 && (val1 ^ val2) < 0) {
            throw new ArithmeticException
                (""The calculation caused an overflow: "" + val1 + "" - "" + val2);
        }
        return diff;
    }
}",3
"public class SAFEMULTIPLY {
/**
     * Multiply two values throwing an exception if overflow occurs.
     * 
     * @param val1  the first value
     * @param val2  the second value
     * @return the new total
     * @throws ArithmeticException if the value is too big or too small
     * @since 1.2
     */
    public static int safemultiply(int val1, int val2) {
        long total = (long) val1 * (long) val2;
        if (total < Integer.MIN_VALUE || total > Integer.MAX_VALUE) {
            throw new ArithmeticException
                (""The calculation caused an overflow: "" + val1 + "" * "" + val2);
        }
        return (int) total;
    }
}",3
"public class SAFEMULTIPLY {
/**
     * Multiply two values throwing an exception if overflow occurs.
     * 
     * @param val1  the first value
     * @param scalar  the second value
     * @return the new total
     * @throws ArithmeticException if the value is too big or too small
     * @since 1.2
     */
    public static long safemultiply(long val1, int scalar) {
        switch (scalar) {
        case -1:
            return -val1;
        case 0:
            return 0L;
        case 1:
            return val1;
        }
        long total = val1 * scalar;
        if (total / scalar != val1) {
            throw new ArithmeticException
                (""The calculation caused an overflow: "" + val1 + "" * "" + scalar);
        }
        return total;
    }
}",3
"public class SAFEMULTIPLY {
/**
     * Multiply two values throwing an exception if overflow occurs.
     * 
     * @param val1  the first value
     * @param val2  the second value
     * @return the new total
     * @throws ArithmeticException if the value is too big or too small
     */
    public static long safemultiply(long val1, long val2) {
        if (val2 == 1) {
            return val1;
        }
        if (val2 == 0) {
            return 0;
        }
        long total = val1 * val2;
        if (total / val2 != val1) {
            throw new ArithmeticException
                (""The calculation caused an overflow: "" + val1 + "" * "" + val2);
        }
        return total;
    }
}",4
"public class SAFETOINT {
/**
     * Casts to an int throwing an exception if overflow occurs.
     * 
     * @param value  the value
     * @return the value as an int
     * @throws ArithmeticException if the value is too big or too small
     */
    public static int safetoint(long value) {
        if (Integer.MIN_VALUE <= value && value <= Integer.MAX_VALUE) {
            return (int) value;
        }
        throw new ArithmeticException(""Value cannot fit in an int: "" + value);
    }
}",3
"public class GETWRAPPEDVALUE {
/**
     * Utility method that ensures the given value lies within the field's
     * legal value range.
     * 
     * @param value  the value to fit into the wrapped value range
     * @param minValue the wrap range minimum value.
     * @param maxValue the wrap range maximum value.  This must be
     *  greater than minValue (checked by the method).
     * @return the wrapped value
     * @throws IllegalArgumentException if minValue is greater
     *  than or equal to maxValue
     */
    public static int getwrappedvalue(int value, int minValue, int maxValue) {
        if (minValue >= maxValue) {
            throw new IllegalArgumentException(""MIN > MAX"");
        }

        int wrapRange = maxValue - minValue + 1;
        value -= minValue;

        if (value >= 0) {
            return (value % wrapRange) + minValue;
        }

        int remByRange = (-value) % wrapRange;

        if (remByRange == 0) {
            return 0 + minValue;
        }
        return (wrapRange - remByRange) + minValue;
    }
}",4
"public class GETMINIMUMVALUE {
/**
     * Always returns 1.
     * 
     * @return the minimum value of 1
     */
    public int getminimumvalue(long instant) {
        return 1;
    }
}",1
"public class DIV {
/**
     * Divide with round-negative behavior.
     *
     * @param divisor must be positive
     */
    static long div(long dividend, long divisor) {
        if (divisor < 0) {
            throw new IllegalArgumentException(""divisor must be positive: "" + divisor);
        }
        if (dividend >= 0) {
            return dividend / divisor;
        } else {
            return (dividend + 1) / divisor - 1;
        }
    }
}",3
"public class MOD {
/**
     * Modulus with round-negative behavior, result is always positive.
     *
     * @param divisor must be positive
     */
    static long mod(long dividend, long divisor) {
        if (divisor < 0) {
            throw new IllegalArgumentException(""divisor must be positive: "" + divisor);
        }
        if (dividend >= 0) {
            return dividend % divisor;
        } else {
            return (dividend + 1) % divisor - 1 + divisor;
        }
    }
}",3
"public class CONSTRAIN {
/**
     * Equivalent to Math.max(low, Math.min(high, amount));
     */
    public static int constrain(int amount, int low, int high) {
        return amount < low ? low : (amount > high ? high : amount);
    }
}",1
"public class CONSTRAIN {
/**
     * Equivalent to Math.max(low, Math.min(high, amount));
     */
    public static float constrain(float amount, float low, float high) {
        return amount < low ? low : (amount > high ? high : amount);
    }
}",1
"public class BYTETOLONG {
/**
         * Convert a byte into a long value without making it negative.
         * @param b
         * @return
         */
        private long byteToLong(byte b) {
            long val = b & 0x7F;
            if ((b & 0x80) != 0) {
                val += 128;
            }
            return val;
        }
}",2
"public class ISSUPPLEMENTAL {
/**
      * Returns true if the specified character is a supplemental character.
      *
      * @param c The character to check.
      */
     public static boolean issupplemental(int c) {
         return (c >= 0x10000 && c <= 0x10FFFF);
     }
}",2
"public class SUPPLEMENTAL {
/**
      * Returns true the supplemental character corresponding to the given
      * surrogates.
      *
      * @param h The high surrogate.
      * @param l The low surrogate.
      */
     public static int supplemental(char h, char l) {
         return (h - 0xD800) * 0x400 + (l - 0xDC00) + 0x10000;
     }
}",1
"public class HIGHSURROGATE {
/**
      * Returns the high surrogate of a supplemental character
      *
      * @param c The supplemental character to ""split"".
      */
     public static char highsurrogate(int c) {
         return (char) (((c - 0x00010000) >> 10) + 0xD800);
     }
}",1
"public class LOWSURROGATE {
/**
      * Returns the low surrogate of a supplemental character
      *
      * @param c The supplemental character to ""split"".
      */
     public static char lowsurrogate(int c) {
         return (char) (((c - 0x00010000) & 0x3FF) + 0xDC00);
     }
}",1
"public class ISHIGHSURROGATE {
/**
      * Returns whether the given character is a high surrogate
      *
      * @param c The character to check.
      */
     public static boolean ishighsurrogate(int c) {
         return (0xD800 <= c && c <= 0xDBFF);
     }
}",2
"public class ISLOWSURROGATE {
/**
      * Returns whether the given character is a low surrogate
      *
      * @param c The character to check.
      */
     public static boolean islowsurrogate(int c) {
         return (0xDC00 <= c && c <= 0xDFFF);
     }
}",2
"public class ISMARKUP {
/**
      * Returns true if the specified character can be considered markup.
      * Markup characters include '&lt;', '&amp;', and '%'.
      *
      * @param c The character to check.
      */
     public static boolean ismarkup(int c) {
         return c == '<' || c == '&' || c == '%';
     }
}",3
"public class CANBANNERDISPLAY {
/**
     * Check whether the banner will be displayed based on user rights and
     * banner filter settings.
     * @return boolean
     * @param bannerId int
     */
    public boolean canbannerdisplay(int bannerId)
	{
    	return true;
	}
}",1
"public class CANDELETE {
/** 
	 * @see net.jforum.dao.CategoryDAO#canDelete(int)
	 */
	public boolean candelete(int categoryId) {
		return false;
	}
}",1
"public class GETLASTROWIDX {
/**
	 * Create value of last row for expression BETWEEN ROW_IDX_START AND
	 * ROW_IDX_END.
	 * 
	 * @see org.jresearch.gossip.dao.drivers.DbDriver#getLastRowIdx(int, int)
	 */
	public int getlastrowidx(int startIdx, int length) {
		return startIdx + length;
	}
}",1
"public class GETLASTROWIDX {
/**
	 * MSSQL: Returns length.
	 * 
	 * @see org.jresearch.gossip.dao.drivers.DbDriver#getLastRowIdx(int, int)
	 */
	public int getlastrowidx(int startIdx, int length) {
		return length;
	}
}",1
"public class GETLASTROWIDX {
/**
	 * MySQL: Returns length for expression LIMIT ROW_IDX_START, LENGTH
	 * 
	 * @see org.jresearch.gossip.dao.drivers.DbDriver#getLastRowIdx(int, int)
	 */
	public int getlastrowidx(int startIdx, int length) {
		return length;
	}
}",1
"public class ISMIN {
/**
   * Internal method that returns the min between last_index and x if x is not
   * equal to -1.
   * 
   * @param last_index last_index value
   * @param x value to compare with last_index
   * @return x if (x <last_index and x!=-1) else last_index
   */
  private int isMin(int last_index, int x)
  {
    if (x == -1)
      return last_index;
    if (last_index <= x)
      return last_index;
    else
      return x;
  }
}",3
"public class ZETASTATIC {
/**
	 * Compute the zeta constant needed for the distribution. Do this
	 * incrementally for a distribution that has n items now but used to have st
	 * items. Use the zipfian constant theta. Remember the new value of n so
	 * that if we change the itemcount, we'll know to recompute zeta.
	 * 
	 * @param st
	 *            The number of items used to compute the last initialsum
	 * @param n
	 *            The number of items to compute zeta over.
	 * @param theta
	 *            The zipfian constant.
	 * @param initialsum
	 *            The value of zeta we are computing incrementally from.
	 */
	static double zetastatic(long st, long n, double theta, double initialsum) {
		double sum = initialsum;
		for (long i = st; i < n; i++) {

			sum += 1 / (Math.pow(i + 1, theta));
		}

		// System.out.println(""countforzeta=""+countforzeta);

		return sum;
	}
}",2
"public class REHASH {
/**
     * Applies a supplemental hash function to a given hash code, which defends
     * against poor quality hash functions. This is critical when the concurrent
     * hash map uses power-of-two length hash tables, that otherwise encounter
     * collisions for hash codes that do not differ in lower or upper bits.
     * 
     * @param h
     *        hash code
     */
    private static int rehash(int h) {
        // Spread bits to regularize both segment and index locations,
        // using variant of single-word Wang/Jenkins hash.
        h += (h << 15) ^ 0xffffcd7d;
        h ^= (h >>> 10);
        h += (h << 3);
        h ^= (h >>> 6);
        h += (h << 2) + (h << 14);
        return h ^ (h >>> 16);
    }
}",1
"public class GETITEMID {
/**
     * {@inheritDoc}
     */
    public long getitemid(int pos) {
        return pos;
    }
}",1
"public class SPRAWDZ {
/**
        * Sprawdzenie poprawnosci danych poczatkowych.
        * Waga musi byc dodatnia. Opor, predkosc poczatkowa, wysokosc poczatkowa
        * nie moga byc ujemne. Kat poczatkowy (w stopniach) musi byc 
        * w przedziale (0, 90)
        * 
        * @return True jak poprawne, inaczej false
        */
        public static boolean sprawdz(double v0, double h0, double kat, double waga, 
                double opor, double krok, int ileKrokow)
        {
            if (waga <= 0) return false;
            if (krok <= Math.pow(10, -8) && ileKrokow <= 0) return false;
            if (opor < 0) return false;
            if (v0 < 0) return false;
            if (h0 < 0) return false;
            if (kat < 0 || kat > 90) return false;
            
            
            return true;
        }
}",9
"public class CHAR {
/**
     * CHAR() Converts a numeric value to its ASCII character string equivalent.
     * 
     * {talendTypes} char | Character
     * 
     * {Category} DataOperation
     * 
     * {param} int(1) i: numeric value
     * 
     * {example} CHAR(1):int
     * 
     */
    public static char char(int i) {
        return Character.forDigit(i, 10);
    }
}",1
"public class FIX {
/**
     * FIX( ) Rounds an expression to a decimal number having the accuracy specified by the PRECISION statement.
     * 
     * {talendTypes} long | Long
     * 
     * {Category} DataOperation
     * 
     * {param} double (0.0) d:decimal number
     * 
     * {example} FIX(3.14)
     * 
     */
    public static long fix(double d) {
        return Math.round(d);
    }
}",1
"public class ABS {
/**
     * Returns the absolute (positive) numeric value of an expression.
     * 
     * {talendTypes} double | Double
     * 
     * {Category} Mathematical
     * 
     * {param} double(10)
     * 
     * {example} ABS(-10) # 10
     */
    public static double abs(double a) {
        return Math.abs(a);
    }
}",1
"public class ACOS {
/**
     * ACOS( ) Calculates the trigonometric arc-cosine of an expression.
     * 
     * {talendTypes} double | Double
     * 
     * {Category} Mathematical
     * 
     * {param} double(0.15)
     * 
     * {example} ACOS(0.15)
     * 
     */
    public static double acos(double a) {
        return Math.acos(a);
    }
}",1
"public class ASIN {
/**
     * ASIN( ) Calculates the trigonometric arc-sine of an expression.
     * 
     * {talendTypes} double | Double
     * 
     * {Category} Mathematical
     * 
     * {param} double(0.15)
     * 
     * {example} ASIN(0.15)
     * 
     */
    public static double asin(double a) {
        return Math.asin(a);
    }
}",1
"public class ATAN {
/**
     * ATAN( ) Calculates the trigonometric arctangent of an expression.
     * 
     * {talendTypes} double | Double
     * 
     * {Category} Mathematical
     * 
     * {param} double(3.14)
     * 
     * {example} ATAN(3.14)
     * 
     */
    public static double atan(double a) {
        return Math.atan(a);
    }
}",1
"public class BITAND {
/**
     * BITAND( ) Performs a bitwise AND of two integers.
     * 
     * {talendTypes} int | Integer
     * 
     * {Category} Mathematical
     * 
     * {param} int(1) a :integer
     * 
     * {param} int(2) b :integer
     * 
     * {example} BITAND(1,1)
     * 
     */
    public static int bitand(int a, int b) {
        return a & b;
    }
}",1
"public class BITNOT {
/**
     * BITNOT( ) Performs a bitwise NOT of a integers.
     * 
     * {talendTypes} int | Integer
     * 
     * {Category} Mathematical
     * 
     * {param} int(10)
     * 
     * {example} BITNOT(10)
     */
    public static int bitnot(int a) {
        return ~a;
    }
}",1
"public class BITOR {
/**
     * BITOR( ) Performs a bitwise OR of two integers.
     * 
     * {talendTypes} int | Integer
     * 
     * {Category} Mathematical
     * 
     * {param} int(10) a: integer
     * 
     * {param} int(10) b: integer
     * 
     * {example} BITOR(10,10)
     * 
     * 
     */
    public static int bitor(int a, int b) {
        return a | b;
    }
}",1
"public class BITXOR {
/**
     * BITXOR( ) Performs a bitwise XOR of two integers.
     * 
     * {talendTypes} int | Integer
     * 
     * {Category} Mathematical
     * 
     * {param} int(10) a: integer
     * 
     * {param} int(10) b: integer
     * 
     * {example} BITXOR(10,10)
     */
    public static int bitxor(int a, int b) {
        return a ^ b;
    }
}",1
"public class COS {
/**
     * COS( ) Calculates the trigonometric cosine of an angle.
     * 
     * {talendTypes} double | Double
     * 
     * {Category} Mathematical
     * 
     * {param} double(3.14)
     * 
     * {example} COS(3.14)
     * 
     */
    public static double cos(double a) {
        return Math.cos(a);
    }
}",1
"public class COSH {
/**
     * COSH( ) Calculates the hyperbolic cosine of an expression.
     * 
     * {talendTypes} double | Double
     * 
     * {Category} Mathematical
     * 
     * {param} double(3.14)
     * 
     * {example} COSH(3.14)
     * 
     * 
     */
    public static double cosh(double a) {
        return Math.cosh(a);
    }
}",1
"public class DIV {
/**
     * DIV( ) Outputs the whole part of the real division of two real numbers.
     * 
     * {talendTypes} double | Double
     * 
     * {Category} Mathematical
     * 
     * {param} double(3.14) a: real number
     * 
     * {param} double(3.14) b: real number
     * 
     * {example} DIV(3.14,3.14)
     * 
     */
    public static int div(double a, double b) {
        return (int) (a / b);
    }
}",1
"public class EXP {
/**
     * EXP( ) Calculates the result of base 'e' raised to the power designated by the value of the expression.
     * 
     * {talendTypes} double | Double
     * 
     * {Category} Mathematical
     * 
     * {param} double(3.14)
     * 
     * {example} EXP(3.14)
     */
    public static double exp(double a) {
        return Math.exp(a);
    }
}",1
"public class LN {
/**
     * LN( ) Calculates the natural logarithm of an expression in base 'e'.
     * 
     * {talendTypes} double | Double
     * 
     * {Category} Mathematical
     * 
     * {param} double(3.14)
     * 
     * {example} LN(3.14)
     * 
     */
    public static double ln(double a) {
        return Math.log(a) / Math.E;
    }
}",1
"public class MOD {
/**
     * MOD( ) Calculates the modulo (the remainder) of two expressions.
     * 
     * {talendTypes} String
     * 
     * {Category} Mathematical
     * 
     * {param} double(3) a: double
     * 
     * {param} double(2) b: double
     * 
     * {example} MOD(3,2)
     * 
     */
    public static double mod(double a, double b) {
        return a % b;
    }
}",1
"public class NEG {
/**
     * NEG( ) Returns the arithmetic additive inverse of the value of the argument.
     * 
     * 
     * 
     * {talendTypes} double | Double
     * 
     * {Category} Mathematical
     * 
     * {param} double(3.14)
     * 
     * {example} NEG(3.14)
     */
    public static double neg(double a) {
        return -1 * a;
    }
}",1
"public class RND {
/**
     * RND( ) Generates a random number between zero and a specified number minus one.
     * 
     * {talendTypes} double | Double
     * 
     * {Category} Mathematical
     * 
     * {param} double(3.14)
     * 
     * {example} RND(3.14)
     * 
     */
    public static double rnd(double a) {
        return Math.random() * a;
    }
}",1
"public class SDIV {
/**
     * SDIV( ) Outputs the quotient of the whole division of two integers.
     * 
     * {talendTypes} int | Integer
     * 
     * {Category} Mathematical
     * 
     * {param} int(10) a: int
     * 
     * {param} int(10) b: int
     * 
     * {example} SDIV(10,20)
     * 
     */
    public static int sdiv(int a, int b) {
        return (int) (a / b);
    }
}",1
"public class SIN {
/**
     * SIN( ) Calculates the trigonometric sine of an angle.
     * 
     * {talendTypes} double | Double
     * 
     * {Category} Mathematical
     * 
     * {param} double(3.14)
     * 
     * {example} SIN(3.14)
     * 
     */
    public static double sin(double a) {
        return Math.sin(a);
    }
}",1
"public class SINH {
/**
     * SINH( ) Calculates the hyperbolic sine of an expression.
     * 
     * {talendTypes} double | Double
     * 
     * {Category} Mathematical
     * 
     * {param} double(3.14)
     * 
     * {example} SINH(3.14)
     * 
     */
    public static double sinh(double a) {
        return Math.sinh(a);
    }
}",1
"public class SQRT {
/**
     * SQRT( ) Calculates the square root of a number.
     * 
     * {talendTypes} double | Double
     * 
     * {Category} Mathematical
     * 
     * {param} double(4)
     * 
     * {example} SQRT(4.0)
     * 
     */
    public static double sqrt(double a) {
        return Math.sqrt(a);
    }
}",1
"public class TAN {
/**
     * TAN( ) Calculates the trigonometric tangent of an angle.
     * 
     * {talendTypes} double | Double
     * 
     * {Category} Mathematical
     * 
     * {param} double(3.14) a: double
     * 
     * {example} TAN(3.14)
     * 
     * 
     */
    public static double tan(double a) {
        return Math.tan(a);
    }
}",1
"public class TANH {
/**
     * TANH( ) Calculates the hyperbolic tangent of an expression.
     * 
     * {talendTypes} double | Double
     * 
     * {Category} Mathematical
     * 
     * {param} double(3.14) a: double
     * 
     * {example} TANH(3.14)
     * 
     */
    public static double tanh(double a) {
        return Math.tanh(a);
    }
}",1
"public class NOT {
/**
     * NOT( ) Returns the complement of the logical value of an expression.
     * 
     * {talendTypes} boolean | Boolean
     * 
     * {Category} Relational
     * 
     * {param} boolean(true)
     * 
     * {example} NOT(false)
     */
    public static boolean not(boolean expression) {
        return !expression;
    }
}",1
"public class MIN {
/**
     * Our own little min method, to avoid loading java.lang.Math if we've run out of file descriptors and we're trying
     * to print a stack trace.
     */
    private int min(int a, int b) {
        if (a < b)
            return a;
        return b;
    }
}",2
"public class DEHEXCHAR {
/**
     * Get the hex value of a character (base16).
     * 
     * @param c A character between '0' and '9' or between 'A' and 'F' or between 'a' and 'f'.
     * @return An int between 0 and 15, or -1 if c was not a hex digit.
     */
    public static int dehexchar(char c) {
        if (c >= '0' && c <= '9') {
            return c - '0';
        }
        if (c >= 'A' && c <= 'F') {
            return c - ('A' - 10);
        }
        if (c >= 'a' && c <= 'f') {
            return c - ('a' - 10);
        }
        return -1;
    }
}",7
"public class BOOLEAN2BOOLEAN {
/**
     * No.1 boolean.1 to boolean
     * 
     */
    public static boolean boolean2boolean(boolean o) {
        return o;
    }
}",1
"public class BYTE2BYTE {
/**
     * No.47 byte.3 to byte
     * 
     */
    public static byte byte2byte(byte o) {
        return o;
    }
}",1
"public class BYTE2CHAR {
/**
     * No.50 byte.6 to char
     * 
     */
    public static char byte2char(byte o) {
        return (char) o;
    }
}",1
"public class BYTE2DOUBLE {
/**
     * No.53 byte.9 to double
     * 
     */
    public static double byte2double(byte o) {
        return (double) o;
    }
}",1
"public class BYTE2FLOAT {
/**
     * No.55 byte.11 to float
     * 
     */
    public static float byte2float(byte o) {
        return (float) o;
    }
}",1
"public class BYTE2INT {
/**
     * No.58 byte.14 to int
     * 
     */
    public static int byte2int(byte o) {
        return (int) o;
    }
}",1
"public class BYTE2LONG {
/**
     * No.60 byte.16 to long
     * 
     */
    public static long byte2long(byte o) {
        return (long) o;
    }
}",1
"public class BYTE2SHORT {
/**
     * No.63 byte.19 to short
     * 
     */
    public static short byte2short(byte o) {
        return (short) o;
    }
}",1
"public class CHAR2BYTE {
/**
     * No.113 char.3 to byte
     * 
     */
    public static byte char2byte(char o) {
        return (byte) o;
    }
}",1
"public class CHAR2CHAR {
/**
     * No.116 char.6 to char
     * 
     */
    public static char char2char(char o) {
        return o;
    }
}",1
"public class CHAR2DOUBLE {
/**
     * No.119 char.9 to double
     * 
     */
    public static double char2double(char o) {
        return (double) o;
    }
}",1
"public class CHAR2FLOAT {
/**
     * No.121 char.11 to float
     * 
     */
    public static float char2float(char o) {
        return (float) o;
    }
}",1
"public class CHAR2INT {
/**
     * No.124 char.14 to int
     * 
     */
    public static int char2int(char o) {
        return (int) o;
    }
}",1
"public class CHAR2LONG {
/**
     * No.126 char.16 to long
     * 
     */
    public static long char2long(char o) {
        return (long) o;
    }
}",1
"public class CHAR2SHORT {
/**
     * No.129 char.19 to short
     * 
     */
    public static short char2short(char o) {
        return (short) o;
    }
}",1
"public class DOUBLE2BYTE {
/**
     * No.179 double.3 to byte
     * 
     */
    public static byte double2byte(double o) {
        return (byte) o;
    }
}",1
"public class DOUBLE2CHAR {
/**
     * No.182 double.6 to char
     * 
     */
    public static char double2char(double o) {
        return (char) o;
    }
}",1
"public class DOUBLE2DOUBLE {
/**
     * No.185 double.9 to double
     * 
     */
    public static double double2double(double o) {
        return o;
    }
}",1
"public class DOUBLE2FLOAT {
/**
     * No.187 double.11 to float
     * 
     */
    public static float double2float(double o) {
        return (float) o;
    }
}",1
"public class DOUBLE2INT {
/**
     * No.190 double.14 to int
     * 
     */
    public static int double2int(double o) {
        return (int) o;
    }
}",1
"public class DOUBLE2LONG {
/**
     * No.192 double.16 to long
     * 
     */
    public static long double2long(double o) {
        return (long) o;
    }
}",1
"public class DOUBLE2SHORT {
/**
     * No.195 double.19 to short
     * 
     */
    public static short double2short(double o) {
        return (short) o;
    }
}",1
"public class FLOAT2BYTE {
/**
     * No.223 float.3 to byte
     * 
     */
    public static byte float2byte(float o) {
        return (byte) o;
    }
}",1
"public class FLOAT2CHAR {
/**
     * No.226 float.6 to char
     * 
     */
    public static char float2char(float o) {
        return (char) o;
    }
}",1
"public class FLOAT2DOUBLE {
/**
     * No.229 float.9 to double
     * 
     */
    public static double float2double(float o) {
        return (double) o;
    }
}",1
"public class FLOAT2FLOAT {
/**
     * No.231 float.11 to float
     * 
     */
    public static float float2float(float o) {
        return o;
    }
}",1
"public class FLOAT2INT {
/**
     * No.234 float.14 to int
     * 
     */
    public static int float2int(float o) {
        return (int) o;
    }
}",1
"public class FLOAT2LONG {
/**
     * No.236 float.16 to long
     * 
     */
    public static long float2long(float o) {
        return (long) o;
    }
}",1
"public class FLOAT2SHORT {
/**
     * No.239 float.19 to short
     * 
     */
    public static short float2short(float o) {
        return (short) o;
    }
}",1
"public class INT2BYTE {
/**
     * No.289 int.3 to byte
     * 
     */
    public static byte int2byte(int o) {
        return (byte) o;
    }
}",1
"public class INT2CHAR {
/**
     * No.292 int.6 to char
     * 
     */
    public static char int2char(int o) {
        return (char) o;
    }
}",1
"public class INT2DOUBLE {
/**
     * No.295 int.9 to double
     * 
     */
    public static double int2double(int o) {
        return (double) o;
    }
}",1
"public class INT2FLOAT {
/**
     * No.297 int.11 to float
     * 
     */
    public static float int2float(int o) {
        return (float) o;
    }
}",1
"public class INT2INT {
/**
     * No.300 int.14 to int
     * 
     */
    public static int int2int(int o) {
        return o;
    }
}",1
"public class INT2LONG {
/**
     * No.302 int.16 to long
     * 
     */
    public static long int2long(int o) {
        return (long) o;
    }
}",1
"public class INT2SHORT {
/**
     * No.305 int.19 to short
     * 
     */
    public static short int2short(int o) {
        return (short) o;
    }
}",1
"public class LONG2BYTE {
/**
     * No.333 long.3 to byte
     * 
     */
    public static byte long2byte(long o) {
        return (byte) o;
    }
}",1
"public class LONG2CHAR {
/**
     * No.336 long.6 to char
     * 
     */
    public static char long2char(long o) {
        return (char) o;
    }
}",1
"public class LONG2DOUBLE {
/**
     * No.339 long.9 to double
     * 
     */
    public static double long2double(long o) {
        return (double) o;
    }
}",1
"public class LONG2FLOAT {
/**
     * No.341 long.11 to float
     * 
     */
    public static float long2float(long o) {
        return (float) o;
    }
}",1
"public class LONG2INT {
/**
     * No.344 long.14 to int
     * 
     */
    public static int long2int(long o) {
        return (int) o;
    }
}",1
"public class LONG2LONG {
/**
     * No.346 long.16 to long
     * 
     */
    public static long long2long(long o) {
        return o;
    }
}",1
"public class LONG2SHORT {
/**
     * No.349 long.19 to short
     * 
     */
    public static short long2short(long o) {
        return (short) o;
    }
}",1
"public class SHORT2BYTE {
/**
     * No.399 short.3 to byte
     * 
     */
    public static byte short2byte(short o) {
        return (byte) o;
    }
}",1
"public class SHORT2CHAR {
/**
     * No.402 short.6 to char
     * 
     */
    public static char short2char(short o) {
        return (char) o;
    }
}",1
"public class SHORT2DOUBLE {
/**
     * No.405 short.9 to double
     * 
     */
    public static double short2double(short o) {
        return (double) o;
    }
}",1
"public class SHORT2FLOAT {
/**
     * No.407 short.11 to float
     * 
     */
    public static float short2float(short o) {
        return (float) o;
    }
}",1
"public class SHORT2INT {
/**
     * No.410 short.14 to int
     * 
     */
    public static int short2int(short o) {
        return (int) o;
    }
}",1
"public class SHORT2LONG {
/**
     * No.412 short.16 to long
     * 
     */
    public static long short2long(short o) {
        return (long) o;
    }
}",1
"public class SHORT2SHORT {
/**
     * No.415 short.19 to short
     * 
     */
    public static short short2short(short o) {
        return o;
    }
}",1
"public class HASH {
/**
	 * floats.
	 */
	public static int hash( int aSeed , float aFloat ) {
		return hash( aSeed, Float.floatToIntBits(aFloat) );
	}
}",1
"public class HASH {
/**
	 * doubles.
	 */
	public static int hash( int aSeed , double aDouble ) {
		return hash( aSeed, Double.doubleToLongBits(aDouble) );
	}
}",1
"public class ISVALIDBYTE {
/** Check if a number is a valid .byte
	 *  @param num the value to validate
	 *  @return true if num is a valid .byte, else false
	 */
	private boolean isValidByte(long num)
	{
		if (num>255||num<-127)
			return false;

		return true;

	}
}",3
"public class HASEXPIREDMILLIS {
/**
     * Test whether a given event has timed out (in milliseconds).
     *
     * @param now        Current instant.
     * @param eventTime  Instant at which the event took place.
     * @param timeBuffer The amount of time for which the event is valid (in milliseconds).
     *
     * @return <code>true</code> if the event has expired, <code>false</code> otherwise
     */
    public static boolean hasexpiredmillis(long now, long eventTime, long timeBuffer) {
        return (eventTime + timeBuffer) < now;
    }
}",1
"public class GETMOVE {
/**
	* Npc Follow Player
	**/
	
	public int getmove(int Place1,int Place2) { 
		if ((Place1 - Place2) == 0) {
            return 0;
		} else if ((Place1 - Place2) < 0) {
			return 1;
		} else if ((Place1 - Place2) > 0) {
			return -1;
		}
        	return 0;
   	 }
}",4
"public class TOSRGB {
/**
	 * Input is assumed to be scaled 0-1
	 */
	public double tosrgb(double v)
		{
		double a=0.055;
		if(v<0.0031308)
			return 12.92*v;
		else
			return (1+a)*Math.pow(v,1/2.4)-a;
		}
}",2
"public class TOXYZ {
/**
	 * Input is assumed to be scaled 0-1
	 */
	public double toxyz(double v)
		{
		double a=0.055;
		if(v<0.04045)
			return v/12.92;
		else
			return Math.pow((v+a)/a,2.4);
		}
}",2
"public class CALCMIDCOORDINATE {
/**
	 * Calculate the pixel position in the middle, with decimals if needed.
	 * I have done minor (but relevant) mistakes in this calculation before so here it is, once and for all.
	 */
	public static double calcmidcoordinate(int w)
		{
		return (w-1)/2.0;
		}
}",1
"public class W2SZ {
/** Convert world to screen Z coordinate */
	public double w2sz(double z)
		{
		return z;
		}
}",1
"public class S2WZ {
/** Convert world to screen Z coordinate */
	public double s2wz(double sz) 
		{
		return sz;
		}
}",1
"public class POVXAXIS {
/** Convert from JInput strange pov to a real axis: X */
	public double povxaxis(double in)
		{
		if(in==0.125 || in==0.875 || in==1) return -1;
		else if(in==0.375 || in==0.25 || in==0.625) return 1;
		return 0;
		}
}",7
"public class POVYAXIS {
/** Convert from JInput strange pov to a real axis: Y */
	public double povyaxis(double in)
		{
		if(in==0.125 || in==0.25 || in==0.375) return -1;
		else if(in==0.625 || in==0.75 || in==0.825) return 1;
		return 0;
		}
}",7
"public class SCALESCREENDISTX {
/**
		 * How much to add to screenX given distance in screen space
		 */
		public double scalescreendistx(double x)
			{
			return x;
			}
}",1
"public class SUITABLEPOWER2 {
/**
	 * Round to best 2^
	 */
	public static int suitablepower2(int s)
		{
//		return 128;
		if(s>380) return 512;
		else if(s>192) return 256;
		else if(s>96) return 128;
		else if(s>48) return 64;
		else if(s>24) return 32;
		else if(s>12) return 16;
		else if(s>6) return 8;
		else return 4;
		}
}",8
"public class SUITABLEPOWER2 {
/**
	 * Round to best 2^
	 */
	private static int suitablePower2(int s)
		{
		//An option to restrict max texture size would be good
//		if(true)return 256;
		
		if(s>380) return 512;
		else if(s>192) return 256;
		else if(s>96) return 128;
		else if(s>48) return 64;
		else if(s>24) return 32;
		else if(s>12) return 16;
		else if(s>6) return 8;
		else return 4;
		}
}",8
"public class CEILPOWER2 {
/**
	 * Ceil to nearest 2^
	 */
	public static int ceilpower2(int s)
		{
		if(s>1024)
			{
			double log2=Math.log(2);
			double x=Math.ceil(Math.log(s)/log2);
			int v=(int)Math.exp(Math.log(2)*x);
			System.out.println(""ceilpow2 ""+s+"" => ""+v);
			return v;
			}
		else if(s>512) return 1024;
		else if(s>256) return 512;
		else if(s>128) return 256;
		else if(s>64) return 128;
		else if(s>32) return 64;
		else if(s>16) return 32;
		else if(s>8) return 16;
		else if(s>4) return 8;
		else return 4;
		}
}",10
"public class ISINSIDETRIANGLE {
/**
	 * Check if the point p is inside the triangle
	 */
	private static boolean isInsideTriangle(double Ax, double Ay,
      double Bx, double By,
      double Cx, double Cy,
      double Px, double Py)

		{
		double ax, ay, bx, by, cx, cy, apx, apy, bpx, bpy, cpx, cpy;
		double cCROSSap, bCROSScp, aCROSSbp;
		
		ax = Cx - Bx;  ay = Cy - By;
		bx = Ax - Cx;  by = Ay - Cy;
		cx = Bx - Ax;  cy = By - Ay;
		apx= Px - Ax;  apy= Py - Ay;
		bpx= Px - Bx;  bpy= Py - By;
		cpx= Px - Cx;  cpy= Py - Cy;
		
		aCROSSbp = ax*bpy - ay*bpx;
		cCROSSap = cx*apy - cy*apx;
		bCROSScp = bx*cpy - by*cpx;
		
		return ((aCROSSbp >= 0.0f) && (bCROSScp >= 0.0f) && (cCROSSap >= 0.0f));
		}
}",3
"public class TRIANGLEAREAUSINGSIDES {
/**
	 * Calculate area of triangle given lengths of sides.
	 * Uses Heron's formula.
	 */
	public static double triangleareausingsides(double a, double b, double c)
		{
		double s=(a+b+c)/2;
		return Math.sqrt(s*(s-a)*(s-b)*(s-c));
		}
}",1
"public class INTERPOLATELINEAR {
/**
	 * Linear interpolation: Given (x1,y1) and (x2,y2), find y in (x,y)
	 */
	public static double interpolatelinear(double x1, double y1, double x2, double y2, double x)
		{
		double s=(x-x1)/(x2-x1);
		return s*y2+(1.0-s)*y1;
		}
}",1
"public class UNBIASEDVARIANCE {
/**
	 * Calculate unbiased sample variance
	 * @param sum		Sum X
	 * @param sum2	Sum X^2
	 * @param n			Number of samples
	 */
	public static double unbiasedvariance(double sum, double sum2, int n)
		{
		int n1=n-1;
		return sum2/n1 - sum*sum/(n1*n);
		}
}",1
"public class BIASEDVARIANCE {
/**
	 * Biased sample variance i.e. the plug-in estimate. Equals 0 for a single sample
	 * @param sumx	Sum X
	 * @param sumxx	Sum X^2
	 * @param n			Number of samples
	 */
	public static double biasedvariance(double sumx, double sumxx, double n)
		{
		return (sumxx - sumx*sumx/n)/n;
//		return sum2/n - sum*sum/(n*n);
		}
}",1
"public class BIASEDCOVARIANCE {
/**
	 * Biased sample covariance i.e. the plug-in estimate. Equals 0 for a single sample.
	 * @param sumx  sum X
	 * @param sumy  sum Y
	 * @param sumxy sum XY
	 * @param n     Number of samples
	 */
	public static double biasedcovariance(double sumx, double sumy, double sumxy, double n)
		{
//		return (sumxy - 2*sumx*sumy/n + sumx*sumy/n)/n;
		return (sumxy - sumx*sumy/n)/n;
		}
}",1
"public class TOINT {
/**
	 * Turn boolean into 1 or 0
	 */
	public static int toint(boolean b)
		{
		if(b)
			return 1;
		else
			return 0;
		}
}",2
"public class RATIOABOVE1 {
/**
	 * Return largest value of a/b and b/a, which has to be >=1 
	 */
	public static double ratioabove1(double a, double b)
		{
		if(a<b)
			return b/a;
		else
			return a/b;
		}
}",2
"public class CLAMP {
/**
	 * Clamp value within limits i.e. return value, changed to closest limit if outside
	 */
	public static double clamp(double value, double min, double max)
		{
		if(value<min)
			return min;
		else if(value>max)
			return max;
		else
			return value;
		}
}",3
"public class MAXALLINT {
/**
	 * Get the maximum of a list
	 */
	public static int maxallint(int... v)
		{
		int r=v[0];
		for(int i=1;i<v.length;i++)
			if(v[i]>r)
				r=v[i];
		return r;
		}
}",3
"public class MINALLINT {
/**
	 * Get the minimum of a list
	 */
	public static int minallint(int... v)
		{
		int r=v[0];
		for(int i=1;i<v.length;i++)
			if(v[i]<r)
				r=v[i];
		return r;
		}
}",3
"public class MAXALL {
/**
	 * Get the maximum of a list
	 */
	public static double maxall(double... v)
		{
		double r=v[0];
		for(int i=1;i<v.length;i++)
			if(v[i]>r)
				r=v[i];
		return r;
		}
}",3
"public class MINALL {
/**
	 * Get the minimum of a list
	 */
	public static double minall(double... v)
		{
		double r=v[0];
		for(int i=1;i<v.length;i++)
			if(v[i]<r)
				r=v[i];
		return r;
		}
}",3
"public class GETNEIGHBOR {
/**
	 * Return the value of the circular neighbor in the corresponding position
	 * neigh to pixel
	 */
	public static int getneighbor(int pixel, int neigh, int w)
		{
		switch (neigh)
			{
			case 0:
				return pixel-w;
			case 1:
				return pixel-w+1;
			case 2:
				return pixel+1;
			case 3:
				return pixel+w+1;
			case 4:
				return pixel+w;
			case 5:
				return pixel+w-1;
			case 6:
				return pixel-1;
			case 7:
				return pixel-w-1;
			default:
				return -1;
			}

		}
}",2
"public class ISCIRCULARNEIGHBOR {
/**
	 * True if neighbor is a circular neighbor of position in a image of width w
	 */
	public static boolean iscircularneighbor(int neighbor, int position, int w)
		{
		int diff = neighbor-position;
		int[] neigh =
			{ w, -w, 1, -1, w-1, w+1, -w-1, -w+1 };

		for (int i = 0; i<8; i++)
			{
			if (diff==neigh[i])
				return true;
			}
		return false;
		}
}",3
"public class CALCNEWNRREADSIZE {
/**
	 * if totalNrRead < 0 then totalNrRead is returned, if (nrRead + totalNrRead) < Integer.MAX_VALUE then nrRead + totalNrRead is returned, -1 otherwise.
	 * @param nrRead
	 * @param totalNrNread
	 * @return
	 */
	protected static int calcNewNrReadSize(int nrRead, int totalNrNread) {
		if (totalNrNread < 0) {
			return totalNrNread;
		}
		if (totalNrNread > (Integer.MAX_VALUE - nrRead)) {
			return -1;
		} else {
			return (totalNrNread + nrRead);
		}
	}
}",3
"public class LOOKFORSELECTABLEPOSITION {
/**
     * Find a position that can be selected (i.e., is not a separator).
     *
     * @param position The starting position to look at.
     * @param lookDown Whether to look down for other positions.
     * @return The next selectable position starting at position and then searching either up or
     *         down. Returns {@link #INVALID_POSITION} if nothing can be found.
     */
    int lookForSelectablePosition(int position, boolean lookDown) {
        return position;
    }
}",1
"public class DEHEXCHAR {
/**
     * Get the hex value of a character (base16).
     * @param c A character between '0' and '9' or between 'A' and 'F' or
     * between 'a' and 'f'.
     * @return  An int between 0 and 15, or -1 if c was not a hex digit.
     */
    public static int dehexchar(char c) {
        if (c >= '0' && c <= '9') {
            return c - '0';
        }
        if (c >= 'A' && c <= 'F') {
            return c - ('A' - 10);
        }
        if (c >= 'a' && c <= 'f') {
            return c - ('a' - 10);
        }
        return -1;
    }
}",7
"public class REHASH {
/**
     * Applies a supplemental hash function to a given hash code, which defends
     * against poor quality hash functions. This is critical when the concurrent
     * hash map uses power-of-two length hash tables, that otherwise encounter
     * collisions for hash codes that do not differ in lower or upper bits.
     *
     * @param h
     *        hash code
     */
    private static int rehash(int h) {
        // Spread bits to regularize both segment and index locations,
        // using variant of single-word Wang/Jenkins hash.
        h += (h << 15) ^ 0xffffcd7d;
        h ^= (h >>> 10);
        h += (h << 3);
        h ^= (h >>> 6);
        h += (h << 2) + (h << 14);
        return h ^ (h >>> 16);
    }
}",1
"public class REHASH {
/**
     * Applies a supplemental hash function to a given hash code, which defends
     * against poor quality hash functions. This is critical when the concurrent
     * hash map uses power-of-two length hash tables, that otherwise encounter
     * collisions for hash codes that do not differ in lower or upper bits.
     * 
     * @param h
     *        hash code
     */
    private static int rehash(int h) {
        // Spread bits to regularize both segment and index locations,
        // using variant of single-word Wang/Jenkins hash.
        h += (h << 15) ^ 0xffffcd7d;
        h ^= (h >>> 10);
        h += (h << 3);
        h ^= (h >>> 6);
        h += (h << 2) + (h << 14);
        return h ^ (h >>> 16);
    }
}",1
"public class TOASCII {
/**
   * Converts all bytes into the ascii printable range (32 >= 126),
   */
  static byte toAscii(byte b) {
    b &= 0x7f;
    if (b >= 0 && b < 32)
      return ' ';
    if (b == 127)
      return ' ';
    if (b == '\n')
      return ' ';
    return b;
  }
}",5
"public class ISCELLEDITABLE {
/**
         * Gets the cellEditable attribute of the PropertiesTableModel object
         *
         * @param row PARAM
         * @param col PARAM
         * @return The cellEditable value
         */
        public boolean iscelleditable(int row, int col) {
            return false;
        }
}",1
"public class GET2FOLD {
/**
     * Get the closest greater power of 2 to the fold number
     * 
     * @param fold The target number
     * @return The power of 2
     */
    private int get2Fold(int fold) {
        int ret = 2;
        while (ret < fold) {
            ret *= 2;
        }
        return ret;
    }
}",2
"public class LINTERPOLELIN {
/**
	 * Linear Interpolator
	 *
	 * @param a value 1
	 * @param b value 2
	 * @param x interpolator factor
	 * 
	 * @return value interpolated from a to b using x factor by linear interpolation
	 */
	public double linterpolelin(double a,double b,double x)
	{
		return  a*(1-x) + b*x;		
	}
}",1
"public class LINTERPOLECOS {
/**
	 * Cosine Interpolator
	 *
	 * @param a value 1
	 * @param b value 2
	 * @param x interpolator factor
	 * 
	 * @return value interpolated from a to b using x factor by cosin interpolation
	 */
	public double linterpolecos(double a,double b,double x)
	{
		
		double ft = x * 3.1415927;
		double f = (1 - Math.cos(ft)) * .5;
		return  a*(1-f) + b*f;
	}
}",1
"public class POWOF2 {
/**
     * Calculates the power of two.
     * 
     * @param number
     * @return power of two of the number
     */
    private float powOf2(float number) {
        return number * number;
    }
}",1
"public class REHASH {
/**
     * Applies a supplemental hash function to a given hash code, which defends
     * against poor quality hash functions. This is critical when the concurrent
     * hash map uses power-of-two length hash tables, that otherwise encounter
     * collisions for hash codes that do not differ in lower or upper bits.
     * 
     * @param h
     *        hash code
     */
    private static int rehash(int h) {
        // Spread bits to regularize both segment and index locations,
        // using variant of single-word Wang/Jenkins hash.
        h += (h << 15) ^ 0xffffcd7d;
        h ^= (h >>> 10);
        h += (h << 3);
        h ^= (h >>> 6);
        h += (h << 2) + (h << 14);
        return h ^ (h >>> 16);
    }
}",1
"public class EXECUTEKEYSHORTCUT {
/********************************************************************
	//               Protected methods
	//********************************************************************

	protected void checkLogin(){
		SecurityControllerAsync securityService = ControllerFactory.getSecurityController();
		securityService.checkLogin(getJsInfoModel(), new LoginAsync());

		
	}


	/**
	 * This method will be override by subclass if it want to have owned shortcut key in Web Page Body scope.
	 * @param keyCode
	 * @param modifier
	 * @return false, this will stop other key event handle, includes system level handle, such F1, Ctrl-A etc.
	 */
	protected boolean executeKeyShortcut(boolean ctrlKey, boolean altKey,
		      boolean shiftKey, boolean metaKey, int keyCode){
		return true;
	}
}",1
"public class CONTAINS {
/**
	 * Simple compare attribute with given value by bit and.
	 */
	public static boolean contains(int attribute, int value) {
		return (attribute & value) > 0 ? true : false;
	}
}",1
"public class CONTAINATTRIBUTES {
/********************************************************************
	//               set / get method
	//********************************************************************
	public Set<PageLink> getLinks() {
		return links;
	}

	public void setlinks(Set<PageLink> links) {
		this.links = links;
	}

	public PageProgress getpageprogress() {
		return pageProgress;
	}

	public void setpageprogress(PageProgress pageProgress) {
		this.pageProgress = pageProgress;
	}
	public List<PageTag> getTags() {
		return tags;
	}

	public void settags(List<PageTag> tags) {
		this.tags = tags;
	}

	public boolean isremoved() {
		return removed !=REMOVE_FLAG_NO?true:false;
	}
	public int getremoved() {
		return removed;
	}

	public void setremoved(int removed) {
		this.removed = removed;
	}
	/**
	 * @return
	 */
	public boolean containattributes(int typeNewHome) {
		
		return false;
	}
}",1
"public class ISSEEN {
/**
     * Test if a given article number is marked as SEEN.
     * 
     * @param article
     *            The target article number.
     * 
     * @return The articles current seen status.
     */
    public boolean isseen(int article) {
        return false;
    }
}",1
"public class ISSEEN {
/**
     * Test if a given article number is marked as SEEN.
     * 
     * @param article
     *            The target article number.
     * 
     * @return The articles current seen status.
     */
    public boolean isseen(int article) {
        return false;
    }
}",1
"public class INT2CHAR {
/**
     * Convert an integer to the respective character representation.
     * Used to generate Word Shape Type II.
     * @param n The number.
     * @return The respective character.
     */
    private char Int2Char(int n) {
        if (n == 0) {
            return '*';
        }
        if (n == 1) {
            return 'a';
        }
        if (n == 2) {
            return '#';
        }

        return ' ';
    }
}",4
"public class GETFROMCHAR {
/**
* Turns a char that encodes four bits in hexadecimal notation into a byte
*
* @param c the char to convert
*
*/
public static byte getfromchar(char c) {
  if (c <= '9') {
      return (byte) (c - '0');
  } else if (c <= 'F') {
      return (byte) (c - 'A' + 10);
  } else {
      return (byte) (c - 'a' + 10);
  }
}
}",3
"public class COUNTTF {
/**
     * counts TF
     * @param frequency - frequency of particular thesisUnique in particular review
     * @param sumFrequency - number of non trash words in review
     * @return  term frequency
     */
    private double countTF(double frequency, double sumFrequency){
        return frequency/sumFrequency;
    }
}",1
"public class COUNTIDF {
/**
     * counts IDF
     * @param numOfReviews - number of all reviews on products
     * @param numOfReviewsContainsTU - number of reviews contain particular thesisUnique
     * @return inverse document frequency
     */
    private double countIDF(double numOfReviews, double numOfReviewsContainsTU){
        return Math.log(numOfReviews/numOfReviewsContainsTU);
    }
}",1
"public class ISRUSSIANLETTER {
/**
     * Checks if letter belongs to russian alphabet.
     *
     * @param letter The letter itself.
     * @return True if letter is russian, false — otherwise.
     */
    private static boolean isRussianLetter(char letter) {
        if ((letter >= 0x0410) && (letter <= 0x044F)) {
            return true;
        } else {
            return false;
        }
    }
}",3
"public class ISRUSSIANLETTER {
/**
     * Checks if letter belongs to russian alphabet.
     * @param letter The letter itself.
     * @return True if letter is russian, false — otherwise.
     */
    private static boolean isRussianLetter (char letter) {
        if ((letter >= 0x0410) && (letter <= 0x044F)) {
            return true;
        } else {
            return false;
        }
    }
}",3
"public class ISRUSSIANLETTER {
/**
     * Checks if letter belongs to russian alphabet.
     *
     * @param letter The letter itself.
     * @return True if letter is russian, false — otherwise.
     */
    private static boolean isRussianLetter(char letter) {
        if ((letter >= 0x0410) && (letter <= 0x044F)) {
            return true;
        } else {
            return false;
        }
    }
}",3
"public class HASLOGICALLOG {
/**
     * Tests if a specific logical log exists.
     *
     * @param version the version of the logical log
     * @return <CODE>true</CODE> if the log exists
     */
    public boolean haslogicallog( long version )
    {
        throw new UnsupportedOperationException( getClass().getName() );
    }
}",1
"public class DELETELOGICALLOG {
/**
     * Deletes a log specific logical log.
     *
     * @param version version of log to delete
     *
     * @return true if the log existed and was deleted
     */
    public boolean deletelogicallog( long version )
    {
        throw new UnsupportedOperationException( getClass().getName() );
    }
}",1
"public class ISCONTINUATIONCHAR {
/**
     * If the byte has the form 10xxxxx, then it's a continuation byte of a multiple byte character;
     *
     * @param b a byte.
     * @return true if it's a continuation char.
     */
    private static boolean isContinuationChar(byte b) {
        return -128 <= b && b <= -65;
    }
}",2
"public class ISTWOBYTESSEQUENCE {
/**
     * If the byte has the form 110xxxx, then it's the first byte of a two-bytes sequence character.
     *
     * @param b a byte.
     * @return true if it's the first byte of a two-bytes sequence.
     */
    private static boolean isTwoBytesSequence(byte b) {
        return -64 <= b && b <= -33;
    }
}",2
"public class ISTHREEBYTESSEQUENCE {
/**
     * If the byte has the form 1110xxx, then it's the first byte of a three-bytes sequence character.
     *
     * @param b a byte.
     * @return true if it's the first byte of a three-bytes sequence.
     */
    private static boolean isThreeBytesSequence(byte b) {
        return -32 <= b && b <= -17;
    }
}",2
"public class ISFOURBYTESSEQUENCE {
/**
     * If the byte has the form 11110xx, then it's the first byte of a four-bytes sequence character.
     *
     * @param b a byte.
     * @return true if it's the first byte of a four-bytes sequence.
     */
    private static boolean isFourBytesSequence(byte b) {
        return -16 <= b && b <= -9;
    }
}",2
"public class ISFIVEBYTESSEQUENCE {
/**
     * If the byte has the form 11110xx, then it's the first byte of a five-bytes sequence character.
     *
     * @param b a byte.
     * @return true if it's the first byte of a five-bytes sequence.
     */
    private static boolean isFiveBytesSequence(byte b) {
        return -8 <= b && b <= -5;
    }
}",2
"public class ISSIXBYTESSEQUENCE {
/**
     * If the byte has the form 1110xxx, then it's the first byte of a six-bytes sequence character.
     *
     * @param b a byte.
     * @return true if it's the first byte of a six-bytes sequence.
     */
    private static boolean isSixBytesSequence(byte b) {
        return -4 <= b && b <= -3;
    }
}",2
"public class ISRELEVANT {
/**
    *  Returns true if a warning would be relevant to the specified level.
    */
    
    public static boolean isrelevant( int actual, int limit )
    {
        return actual <= limit;
    }
}",1
"public class NORMALISEINDEX {
/**
     * This converts a possibly negative index to a real index into the array.
     *
     * @param i    the unnormalised index
     * @param size the array size
     * @return the normalised index
     */
    protected static int normaliseIndex(int i, int size) {
        int temp = i;
        if (i < 0) {
            i += size;
        }
        if (i < 0) {
            throw new ArrayIndexOutOfBoundsException(""Negative array index ["" + temp + ""] too large for array size "" + size);
        }
        return i;
    }
}",3
"public class CASELESSCOMPARE {
/**
     * Compares two characters whilst ignoring case.
     * @param a the first character
     * @param b the second character
     * @return true if the characters are equal
     */
    private static boolean caselessCompare(char a, char b){
        return Character.toLowerCase(a) == Character.toLowerCase(b);
    }
}",1
"public class ISDIGIT {
/**
    *  Returns true if the specified character is a base-10 digit.
    */

    public static boolean isdigit( char c )
    {
        return c >= '0' && c <= '9';
    }
}",2
"public class ISOCTALDIGIT {
/**
    *  Returns true if the specific character is a base-8 digit.
    */

    public static boolean isoctaldigit( char c )
    {
        return c >= '0' && c <= '7';
    }
}",2
"public class ISNUMERICTYPESPECIFIER {
/**
    *  Returns true if the specified character is a valid type specifier
    *  for a numeric value.
    */

    public static boolean isnumerictypespecifier( char c, boolean isDecimal )
    {
        if( isDecimal )
        {
            switch( c )
            {
                case 'G':
                case 'g':
                case 'D':
                case 'd':
                case 'F':
                case 'f':
                    return true;
            }
        }
        else
        {
            switch( c )
            {
                case 'G':
                case 'g':
                case 'I':
                case 'i':
                case 'L':
                case 'l':
                    return true;
            }
        }

        return false;
    }
}",4
"public class NEGATEBOOL {
/**
         * Filter to negate a boolean
         */
        public static boolean negatebool(boolean b) {
        	return !b;
        }
}",1
"public class NETGET {
/**
	 * Method has to be implemented because of the interface input. This method is only used by players controlled via network. Always returns false.
	 */
	public boolean netget(int type)
	{
		return false;
	}
}",1
"public class GETINTEGRALRECTANGULAR {
/**
			 * approximation (b-a)f((a+b)/2)
			 * @param a
			 * @param b
			 * @param f
			 * @return
			 */
			public static double getintegralrectangular(double a, double b, double f){
				return (b-a)*f;
			}
}",1
"public class GETINTEGRALTRAPEZ {
/**
			 * approximation (b-a)(f(a) + f(b))/2
			 * @param a
			 * @param b
			 * @param f
			 * @return
			 */
			public static double getintegraltrapez(double a, double b, double fa, double fb){
				return (b-a)*(fa + fb)/2;
			}
}",1
"public class GETTSTATRANK {
/**
     * @param t thr T statistic value to convert into a roughly resembling it <code>short</code>
     * @return tStat ranks as follows:
     *         t =<  -9       -> rank: -10
     *         t in <-6, -9)  -> rank: -7
     *         t in <-3, -6)  -> rank: -4
     *         t in (-3,  0)  -> rank: -1
     *         t == 0         -> rank:  0
     *         t in ( 0,  3)  -> rank:  1
     *         t in < 3,  6)  -> rank:  4
     *         t in < 6,  9)  -> rank:  7
     *         t >=   9       -> rank:  10
     *         Note that the higher the absolute value of tStat (rank) the better the tStat.
     */
    private static short getTStatRank(float t) {
        // TODO: 4alf: what about NaN?
        if (t <= -9) {
            return -10;
        } else if (t <= -6) {
            return -7;
        } else if (t <= -3) {
            return -4;
        } else if (t < 0) {
            return -1;
        } else if (t == 0) {
            return 0;
        } else if (t < 3) {
            return 1;
        } else if (t < 6) {
            return 4;
        } else if (t < 9) {
            return 7;
        } else {
            return 10;
        }
    }
}",9
"public class GCD {
/**
   * Determines the greatest common divisor (GCD) of two integers.
   * 
   *  @param m the first integer
   *  @param n the second integer
   *  
   *  @return the greatest common divisor of m and n
   */
  public static int gcd(int m, int n) {
    if (m == 0 && n == 0)
      return 0;
    if (m < n) {
      int t = m;
      m = n;
      n = t;
    }
    int r = m % n;
    if (r == 0) {
      return n;
    } else {
      return gcd(n, r);
    }
  }
}",5
"public class NEXTRAND {
/** Marsaglia, 2003. */
  long nextRand(long x) {
    x ^= (x << 13);
    x ^= (x >>> 7);
    return (x ^= (x << 17));
  }
}",1
"public class ISNEGATIVEVINT {
/**
   * Given the first byte of a vint/vlong, determine the sign
   * @param value the first byte
   * @return is the value negative
   */
  public static boolean isnegativevint(byte value) {
    return value < -120 || (value >= -112 && value < 0);
  }
}",3
"public class DECODEVINTSIZE {
/**
   * Parse the first byte of a vint/vlong to determine the number of bytes
   * @param value the first byte of the vint/vlong
   * @return the total number of bytes (1 to 9)
   */
  public static int decodevintsize(byte value) {
    if (value >= -112) {
      return 1;
    } else if (value < -120) {
      return -119 - value;
    }
    return -111 - value;
  }
}",3
"public class GETVINTSIZE {
/**
   * Get the encoded length if an integer is stored in a variable-length format
   * @return the encoded length 
   */
  public static int getvintsize(long i) {
    if (i >= -112 && i <= 127) {
      return 1;
    }
      
    if (i < 0) {
      i ^= -1L; // take one's complement'
    }
    // find the number of bytes with non-leading zeros
    int dataBits = Long.SIZE - Long.numberOfLeadingZeros(i);
    // find the number of data bytes + length byte
    return (dataBits + 7) / 8 + 1;
  }
}",4
"public class GETMAXDEPTH {
/**
   * Deepest recursion before giving up and doing a heapsort.
   * Returns 2 * ceil(log(n)).
   */
  protected static int getMaxDepth(int x) {
    if (x <= 0)
      throw new IllegalArgumentException(""Undefined for "" + x);
    return (32 - Integer.numberOfLeadingZeros(x - 1)) << 2;
  }
}",2
"public class BUCKETS2WORDS {
/** returns the number of 64 bit words it would take to hold vectorSize buckets */
  private static int buckets2words(int vectorSize) {
   return ((vectorSize - 1) >>> 4) + 1;
  }
}",1
"public class ISSIDE {
/**
   * Is the middle of piece on the upper/left side of the board with 
   * a given offset and size of the piece? This only checks in one
   * dimension.
   * @param offset the offset of the piece
   * @param shapeSize the size of the piece
   * @param board the size of the board
   * @return is it in the upper/left?
   */
  private static boolean isSide(int offset, int shapeSize, int board) {
    return 2*offset + shapeSize <= board;
  }
}",1
"public class GETPASSFACTOR {
/**
     * Determine the number of segments to merge in a given pass. Assuming more
     * than factor segments, the first pass should attempt to bring the total
     * number of segments - 1 to be divisible by the factor - 1 (each pass
     * takes X segments and produces 1) to minimize the number of merges.
     */
    private int getPassFactor(int factor, int passNo, int numSegments) {
      if (passNo > 1 || numSegments <= factor || factor == 1) 
        return factor;
      int mod = (numSegments - 1) % (factor - 1);
      if (mod == 0)
        return factor;
      return mod + 1;
    }
}",5
"public class GETCLOSESTPOWEROF2 {
/**
   * Return the exponent of the power of two closest to the given
   * positive value, or zero if value leq 0.
   * This follows the observation that the msb of a given value is
   * also the closest power of two, unless the bit following it is
   * set.
   */
  private static int getClosestPowerOf2(int value) {
    if (value <= 0)
      throw new IllegalArgumentException(""Undefined for "" + value);
    final int hob = Integer.highestOneBit(value);
    return Integer.numberOfTrailingZeros(hob) +
      (((hob >>> 1) & value) == 0 ? 0 : 1);
  }
}",2
"public class NUMBERDIGITS {
/**
   * Calculate how many digits are in the 10-based integer.
   * 
   * @param value
   * @return
   */
  private static int numberDigits(int value) {
    int digits = 0;
    while ((value = value / 10) > 0) {
      digits++;
    }
    return digits;
  }
}",2
"public class SHOULDWAIT {
/**
     * Checks if the map task needs to wait. By default all the maps will wait.
     * This method needs to be overridden to make a custom waiting mapper. 
     */
    public boolean shouldwait(int id) {
      return true;
    }
}",1
"public class GETRANDOM {
/**
     * Return a random number between 0 and N inclusive.
     *
     * @param int n
     * @param n  max number to return
     * @return random integer between 0 and N
     */
    private int getRandom(int n) {
        return (int) (n * Math.random());
    }
}",1
"public class WITHINTOLERANCE {
/**
     * Calculate if the error in expected and observed values is within tolerance
     *
     * @param expectedValue  expected value of experiment
     * @param observedValue  observed value of experiment
     * @param tolerance      per cent tolerance for error, represented as a int
     */
    private boolean withinTolerance(long expectedValue,
                                    long observedValue,
                                    int tolerance) {
        double diff = 1.0 * Math.abs(observedValue - expectedValue);
        double thrs = expectedValue * (tolerance/100);
        return diff > thrs;
    }
}",1
"public class GCD {
/**
   * Determines the greatest common divisor (GCD) of two integers.
   * 
   *  @param m the first integer
   *  @param n the second integer
   *  
   *  @return the greatest common divisor of m and n
   */
  public static int gcd(int m, int n) {
    if (m == 0 && n == 0)
      return 0;
    if (m < n) {
      int t = m;
      m = n;
      n = t;
    }
    int r = m % n;
    if (r == 0) {
      return n;
    } else {
      return gcd(n, r);
    }
  }
}",5
"public class NEXTRAND {
/** Marsaglia, 2003. */
  long nextRand(long x) {
    x ^= (x << 13);
    x ^= (x >>> 7);
    return (x ^= (x << 17));
  }
}",1
"public class LESSTHANUNSIGNED {
/**
       * Returns true if x1 is less than x2, when both values are treated as
       * unsigned.
       */
      static boolean lessThanUnsigned(long x1, long x2) {
        return (x1 + Long.MIN_VALUE) < (x2 + Long.MIN_VALUE);
      }
}",1
"public class ISNEGATIVEVINT {
/**
   * Given the first byte of a vint/vlong, determine the sign
   * @param value the first byte
   * @return is the value negative
   */
  public static boolean isnegativevint(byte value) {
    return value < -120 || (value >= -112 && value < 0);
  }
}",3
"public class DECODEVINTSIZE {
/**
   * Parse the first byte of a vint/vlong to determine the number of bytes
   * @param value the first byte of the vint/vlong
   * @return the total number of bytes (1 to 9)
   */
  public static int decodevintsize(byte value) {
    if (value >= -112) {
      return 1;
    } else if (value < -120) {
      return -119 - value;
    }
    return -111 - value;
  }
}",3
"public class GETVINTSIZE {
/**
   * Get the encoded length if an integer is stored in a variable-length format
   * @return the encoded length 
   */
  public static int getvintsize(long i) {
    if (i >= -112 && i <= 127) {
      return 1;
    }
      
    if (i < 0) {
      i ^= -1L; // take one's complement'
    }
    // find the number of bytes with non-leading zeros
    int dataBits = Long.SIZE - Long.numberOfLeadingZeros(i);
    // find the number of data bytes + length byte
    return (dataBits + 7) / 8 + 1;
  }
}",4
"public class GETMAXDEPTH {
/**
   * Deepest recursion before giving up and doing a heapsort.
   * Returns 2 * ceil(log(n)).
   */
  protected static int getMaxDepth(int x) {
    if (x <= 0)
      throw new IllegalArgumentException(""Undefined for "" + x);
    return (32 - Integer.numberOfLeadingZeros(x - 1)) << 2;
  }
}",2
"public class BUCKETS2WORDS {
/** returns the number of 64 bit words it would take to hold vectorSize buckets */
  private static int buckets2words(int vectorSize) {
   return ((vectorSize - 1) >>> 4) + 1;
  }
}",1
"public class ISSIDE {
/**
   * Is the middle of piece on the upper/left side of the board with 
   * a given offset and size of the piece? This only checks in one
   * dimension.
   * @param offset the offset of the piece
   * @param shapeSize the size of the piece
   * @param board the size of the board
   * @return is it in the upper/left?
   */
  private static boolean isSide(int offset, int shapeSize, int board) {
    return 2*offset + shapeSize <= board;
  }
}",1
"public class GETPASSFACTOR {
/**
     * Determine the number of segments to merge in a given pass. Assuming more
     * than factor segments, the first pass should attempt to bring the total
     * number of segments - 1 to be divisible by the factor - 1 (each pass
     * takes X segments and produces 1) to minimize the number of merges.
     */
    private int getPassFactor(int factor, int passNo, int numSegments) {
      if (passNo > 1 || numSegments <= factor || factor == 1) 
        return factor;
      int mod = (numSegments - 1) % (factor - 1);
      if (mod == 0)
        return factor;
      return mod + 1;
    }
}",5
"public class GETCLOSESTPOWEROF2 {
/**
   * Return the exponent of the power of two closest to the given
   * positive value, or zero if value leq 0.
   * This follows the observation that the msb of a given value is
   * also the closest power of two, unless the bit following it is
   * set.
   */
  private static int getClosestPowerOf2(int value) {
    if (value <= 0)
      throw new IllegalArgumentException(""Undefined for "" + value);
    final int hob = Integer.highestOneBit(value);
    return Integer.numberOfTrailingZeros(hob) +
      (((hob >>> 1) & value) == 0 ? 0 : 1);
  }
}",2
"public class NUMBERDIGITS {
/**
   * Calculate how many digits are in the 10-based integer.
   * 
   * @param value
   * @return
   */
  private static int numberDigits(int value) {
    int digits = 0;
    while ((value = value / 10) > 0) {
      digits++;
    }
    return digits;
  }
}",2
"public class SHOULDWAIT {
/**
     * Checks if the map task needs to wait. By default all the maps will wait.
     * This method needs to be overridden to make a custom waiting mapper. 
     */
    public boolean shouldwait(int id) {
      return true;
    }
}",1
"public class GETINT {
/**
   * Gets an int from two bytes
   *
   * @param b2 the second byte
   * @param b1 the first byte
   * @return The integer value
   */
  public static int getint(byte b1, byte b2)
  {
    int i1 = b1 & 0xff;
    int i2 = b2 & 0xff;
    int val = i2 << 8 | i1;
    return val;
  }
}",1
"public class GETSHORT {
/**
   * Gets an short from two bytes
   *
   * @param b2 the second byte
   * @param b1 the first byte
   * @return The short value
   */
  public static short getshort(byte b1, byte b2)
  {
    short i1  = (short) (b1 & 0xff);
    short i2  = (short) (b2 & 0xff);
    short val = (short) (i2 << 8 | i1);
    return val;
  }
}",1
"public class SETVALUERANGE {
/**
   * Forces the value passed in to be between the range passed in
   *
   * @param val the value to constrain
   * @param min the minimum acceptable value
   * @param max the maximum acceptable value
   * @return the constrained value
   */
  private int setValueRange(int val, int min, int max)
  {
    val = Math.max(val, min);
    val = Math.min(val, max);
    return val;
  }
}",1
"public class GETDOUBLE {
/**
   * Converts excel's internal RK format into a double value
   *
   * @param rk the rk number in bits
   * @return the double representation
   */
  public static double getdouble(int rk)
  {
    if ((rk & 0x02) != 0)
    {
      int intval = rk >> 2;

      double value = intval;
      if ((rk & 0x01) != 0)
      {
        value /= 100;
      }

      return value;
    }
    else
    {
      long valbits = (rk & 0xfffffffc);
      valbits <<= 32;
      double value = Double.longBitsToDouble(valbits);

      if ((rk & 0x01) != 0)
      {
        value /= 100;
      }

      return value;
    }
  }
}",4
"public class ROTLEFT15BIT {
/**
   * Rotate the value by 15 bits.  Thanks to Michael for this
   *
   * @param val
   * @param rotate
   * @return int
   */
  private int rotLeft15Bit(int val, int rotate)
  {
    val = val &0x7FFF;

    for(; rotate > 0; rotate--) 
    {
      if((val & 0x4000) != 0) 
      {
        val = ((val << 1) & 0x7FFF) + 1;
      }
      else
      {
        val = (val << 1) & 0x7FFF;
      }
    }

    return val;
  }
}",3
"public class INDEXPOSITIONSAREOK {
/**
	 * Given two integers, this method returns true if:
	 * no input equals -1 and indexOne is smaller or equals indexTwo.
	 * Usage: say you want to see what is in between two parenthesis
	 * signs in a string. You get the index of both these signs, and 
	 * by using this method, you can see if they are placed properly.
	 * ie not 'he (k', 	')he(' or 	'hej)'.
	 * @param indexOne the index of the sign which is supposed to come first.
	 * @param indexTwo the index of the sign which is supposed to come second.
	 * @return true if their positions are ok.
	 */
	private boolean indexPositionsAreOk(int indexOne, int indexTwo) {
		return (indexOne != -1) && (indexTwo != -1) && (indexOne <= indexTwo);
	}
}",3
"public class CONVERTHEXDIGIT {
/**
     * Convert a byte character value to hexidecimal digit value.
     *
     * @param b the character value byte
     */
    private static byte convertHexDigit(byte b) {
        if ((b >= '0') && (b <= '9')) {
            return (byte) (b - '0');
        }

        if ((b >= 'a') && (b <= 'f')) {
            return (byte) (b - 'a' + 10);
        }

        if ((b >= 'A') && (b <= 'F')) {
            return (byte) (b - 'A' + 10);
        }

        return 0;
    }
}",7
"public class TILESPACK1A {
/******************** Task 1 ********************/
	public static long tilespack1a(int n) {
		// stop at 0 or 1 tiles - there's only one option for that to happen
		if (n < 2) {
			return 1;
		}
		
		// sum the options to place a single tile and a double tile
		return tilesPack1a(n-1) + tilesPack1a(n-2);
	}
}",2
"public class CLAMP {
/**
	 * Clamp val to be &gt;= min and &lt; max.
	 */
	private static int clamp(int val, int min, int max) {
		if (val < min) {
			return min;
		} else if (val >= max) {
			return max - 1;
		} else {
			return val;
		}
	}
}",3
"public class COMPARE {
/**
     * sign(a-b).
     */
    protected static int compare(long a, long b) {
        if (a>b)    return 1;
        if (a<b)    return -1;
        return 0;
    }
}",3
"public class COMPARE {
/**
     * sign(a-b).
     */
    protected static int compare(int a, int b) {
        if (a>b)    return 1;
        if (a<b)    return -1;
        return 0;
    }
}",3
"public class CHECKBITS {
/**
     * Returns true if n-th bit is on.
     */
    private boolean checkBits(long bitMask, int n) {
        return (bitMask|(1L<<n))==bitMask;
    }
}",1
"public class B2I {
/**
     * unsigned byte->int.
     */
    private int b2i(byte b) {
        return ((int)b)&0xFF;
    }
}",1
"public class TO64 {
/**
         * int to long conversion with zero-padding.
         */
        private static long to64(int i) {
            return i&0xFFFFFFFFL;
        }
}",1
"public class CONVERTHEXDIGIT {
/**
     * @param b An ASCII encoded character 0-9 a-f A-F
     * @return The byte value of the character 0-16.
     */
    public static byte converthexdigit( byte b )
    {
        if ((b >= '0') && (b <= '9')) return (byte)(b - '0');
        if ((b >= 'a') && (b <= 'f')) return (byte)(b - 'a' + 10);
        if ((b >= 'A') && (b <= 'F')) return (byte)(b - 'A' + 10);
        return 0;
    }
}",7
"public class X {
/**
     * Scale d by m, checking for overflow.
     * This has a short name to make above code more readable.
     */
    static long x(long d, long m, long over) {
        if (d >  over) return Long.MAX_VALUE;
        if (d < -over) return Long.MIN_VALUE;
        return d * m;
    }
}",3
"public class TONANOS {
/**
     * Equivalent to <tt>NANOSECONDS.convert(duration, this)</tt>.
     * @param duration the duration
     * @return the converted duration,
     * or <tt>Long.MIN_VALUE</tt> if conversion would negatively
     * overflow, or <tt>Long.MAX_VALUE</tt> if it would positively overflow.
     * @see #convert
     */
    public long tonanos(long duration) {
        throw new AbstractMethodError();
    }
}",1
"public class TOMICROS {
/**
     * Equivalent to <tt>MICROSECONDS.convert(duration, this)</tt>.
     * @param duration the duration
     * @return the converted duration,
     * or <tt>Long.MIN_VALUE</tt> if conversion would negatively
     * overflow, or <tt>Long.MAX_VALUE</tt> if it would positively overflow.
     * @see #convert
     */
    public long tomicros(long duration) {
        throw new AbstractMethodError();
    }
}",1
"public class TOMILLIS {
/**
     * Equivalent to <tt>MILLISECONDS.convert(duration, this)</tt>.
     * @param duration the duration
     * @return the converted duration,
     * or <tt>Long.MIN_VALUE</tt> if conversion would negatively
     * overflow, or <tt>Long.MAX_VALUE</tt> if it would positively overflow.
     * @see #convert
     */
    public long tomillis(long duration) {
        throw new AbstractMethodError();
    }
}",1
"public class TOSECONDS {
/**
     * Equivalent to <tt>SECONDS.convert(duration, this)</tt>.
     * @param duration the duration
     * @return the converted duration,
     * or <tt>Long.MIN_VALUE</tt> if conversion would negatively
     * overflow, or <tt>Long.MAX_VALUE</tt> if it would positively overflow.
     * @see #convert
     */
    public long toseconds(long duration) {
        throw new AbstractMethodError();
    }
}",1
"public class TOMINUTES {
/**
     * Equivalent to <tt>MINUTES.convert(duration, this)</tt>.
     * @param duration the duration
     * @return the converted duration,
     * or <tt>Long.MIN_VALUE</tt> if conversion would negatively
     * overflow, or <tt>Long.MAX_VALUE</tt> if it would positively overflow.
     * @see #convert
     * @since 1.6
     */
    public long tominutes(long duration) {
        throw new AbstractMethodError();
    }
}",1
"public class TOHOURS {
/**
     * Equivalent to <tt>HOURS.convert(duration, this)</tt>.
     * @param duration the duration
     * @return the converted duration,
     * or <tt>Long.MIN_VALUE</tt> if conversion would negatively
     * overflow, or <tt>Long.MAX_VALUE</tt> if it would positively overflow.
     * @see #convert
     * @since 1.6
     */
    public long tohours(long duration) {
        throw new AbstractMethodError();
    }
}",1
"public class TODAYS {
/**
     * Equivalent to <tt>DAYS.convert(duration, this)</tt>.
     * @param duration the duration
     * @return the converted duration
     * @see #convert
     * @since 1.6
     */
    public long todays(long duration) {
        throw new AbstractMethodError();
    }
}",1
"public class ISGOODHTTPSTATUS {
/** Determines whether the specifed HTTP status code is generally ""good"" */
    public boolean isgoodhttpstatus(int status) {
        if ((400 <= status) && (status <= 417)) {
            return false;
        }
        if ((500 <= status) && (status <= 505)) {
            return false;
        }
        return true;
    }
}",5
"public class ROUND {
/**
   * Ends up being a bit faster than Math.round(). This merely rounds its
   * argument to the nearest int, where x.5 rounds up.
   */
  private static int round(float d) {
    return (int) (d + 0.5f);
  }
}",1
"public class ADDORSUBTRACT {
/**
   * Implements both addition and subtraction -- they are the same in GF(256).
   *
   * @return sum/difference of a and b
   */
  static int addOrSubtract(int a, int b) {
    return a ^ b;
  }
}",1
"public class UNRANDOMIZE255STATE {
/**
   * See ISO 16022:2006, Annex B, B.2
   */
  private static byte unrandomize255State(int randomizedBase256Codeword,
                                          int base256CodewordPosition) {
    int pseudoRandomNumber = ((149 * base256CodewordPosition) % 255) + 1;
    int tempVariable = randomizedBase256Codeword - pseudoRandomNumber;
    return (byte) (tempVariable >= 0 ? tempVariable : (tempVariable + 256));
  }
}",1
"public class ROUND {
/**
   * Ends up being a bit faster than Math.round(). This merely rounds its
   * argument to the nearest int, where x.5 rounds up.
   */
  private static int round(float d) {
    return (int) (d + 0.5f);
  }
}",1
"public class ROUND {
/**
   * Ends up being a bit faster than Math.round(). This merely rounds its
   * argument to the nearest int, where x.5 rounds up.
   */
  private static int round(float d) {
    return (int) (d + 0.5f);
  }
}",1
"public class ROUND {
/**
   * Ends up being a bit faster than Math.round(). This merely rounds its argument to the nearest int,
   * where x.5 rounds up.
   */
  private static int round(float d) {
    return (int) (d + 0.5f);
  }
}",1
"public class ROUND {
/**
   * Ends up being a bit faster than Math.round(). This merely rounds its
   * argument to the nearest int, where x.5 rounds up.
   */
  private static int round(float d) {
    return (int) (d + 0.5f);
  }
}",1
"public class ADDORSUBTRACT {
/**
   * Implements both addition and subtraction -- they are the same in GF(256).
   *
   * @return sum/difference of a and b
   */
  static int addOrSubtract(int a, int b) {
    return a ^ b;
  }
}",1
"public class UNRANDOMIZE255STATE {
/**
   * See ISO 16022:2006, Annex B, B.2
   */
  private static byte unrandomize255State(int randomizedBase256Codeword,
                                          int base256CodewordPosition) {
    int pseudoRandomNumber = ((149 * base256CodewordPosition) % 255) + 1;
    int tempVariable = randomizedBase256Codeword - pseudoRandomNumber;
    return (byte) (tempVariable >= 0 ? tempVariable : (tempVariable + 256));
  }
}",1
"public class ROUND {
/**
   * Ends up being a bit faster than Math.round(). This merely rounds its
   * argument to the nearest int, where x.5 rounds up.
   */
  private static int round(float d) {
    return (int) (d + 0.5f);
  }
}",1
"public class ROUND {
/**
   * Ends up being a bit faster than Math.round(). This merely rounds its
   * argument to the nearest int, where x.5 rounds up.
   */
  private static int round(float d) {
    return (int) (d + 0.5f);
  }
}",1
"public class ROUND {
/**
   * Ends up being a bit faster than Math.round(). This merely rounds its argument to the nearest int,
   * where x.5 rounds up.
   */
  private static int round(float d) {
    return (int) (d + 0.5f);
  }
}",1
"public class CHARLENGTH {
/**
     * Finds the visual length of the character on the screen.
     * @param x
     * @return
     */
    public static int charlength(char x)
    {
        if (""i.:,;|!"".indexOf(x) != -1)
        {
            return 2;
        }
        else if (""l'"".indexOf(x) != -1)
        {
            return 3;
        }
        else if (""tI[]"".indexOf(x) != -1)
        {
            return 4;
        }
        else if (""fk{}<>\""*()"".indexOf(x) != -1)
        {
            return 5;
        }
        else if (""abcdeghjmnopqrsuvwxyzABCDEFGHJKLMNOPQRSTUVWXYZ1234567890\\/#?$%-=_+&^"".indexOf(x) != -1)
        {
            return 6;
        }
        else if (""@~"".indexOf(x) != -1)
        {
            return 7;
        }
        else if (x == ' ')
        {
            return 4;
        }
        else
        {
            return -1;
        }
    }
}",8
"public class ISFILENAMECHARACTER {
/**
     * Returns whether we may want to use this character as part of a file name.
     *
     * This basically only accepts ascii letters and numbers, and rejects everything else.
     */
    private static boolean isFileNameCharacter(int codePoint) {
        if (codePoint >= 0x30 && codePoint <= 0x39) return true; // Digit
        if (codePoint >= 0x41 && codePoint <= 0x5A) return true; // Uppercase
        if (codePoint >= 0x61 && codePoint <= 0x7A) return true; // Lowercase
        return codePoint == '_'; // Underscore
    }
}",7
"public class EQUALSIGNORECASE {
/**
     * Returns true if a and b are equal ignoring the case of the character.
     * @param a first character to check
     * @param b second character to check
     * @return {@code true} if a and b are equal, {@code false} otherwise.
     */
    public static boolean equalsignorecase(char a, char b) {
        // Some language, such as Turkish, need testing both cases.
        return a == b
                || Character.toLowerCase(a) == Character.toLowerCase(b)
                || Character.toUpperCase(a) == Character.toUpperCase(b);
    }
}",3
"public class DIPTOPIXEL {
/** Convert pixel to DIP */
    public static int diptopixel(float scale, int dip) {
        return (int) (dip * scale + 0.5);
    }
}",1
"public class SETMARGINS {
/**
 * Sets the margins.
 * <P>
 * This does nothing. Has to be overridden if needed.
 *
 * @param marginLeft    the margin on the left
 * @param marginRight   the margin on the right
 * @param marginTop   the margin on the top
 * @param marginBottom  the margin on the bottom
 * @return  <CODE>false</CODE>
 */

    public boolean setmargins(float marginLeft, float marginRight, float marginTop, float marginBottom) {
        return false;
    }
}",1
"public class SETMARGINMIRRORING {
/**
     * @see com.lowagie.text.DocListener#setMarginMirroring(boolean)
     */
    public boolean setmarginmirroring(boolean MarginMirroring) {
        return false;
    }
}",1
"public class SETMARGINMIRRORINGTOPBOTTOM {
/**
     * @see com.lowagie.text.DocListener#setMarginMirroring(boolean)
     * @since	2.1.6
     */
    public boolean setmarginmirroringtopbottom(boolean MarginMirroring) {
        return false;
    }
}",1
"public class GETCORRESPONDINGSYMBOL {
/**
     * Looks for the corresponding symbol in the font Symbol.
     *
     * @param	c	the original ASCII-char
     * @return	the corresponding symbol in font Symbol
     */
    public static char getcorrespondingsymbol(char c) {
        switch(c) {
            case 913:
                return 'A'; // ALFA
            case 914:
                return 'B'; // BETA
            case 915:
                return 'G'; // GAMMA
            case 916:
                return 'D'; // DELTA
            case 917:
                return 'E'; // EPSILON
            case 918:
                return 'Z'; // ZETA
            case 919:
                return 'H'; // ETA
            case 920:
                return 'Q'; // THETA
            case 921:
                return 'I'; // IOTA
            case 922:
                return 'K'; // KAPPA
            case 923:
                return 'L'; // LAMBDA
            case 924:
                return 'M'; // MU
            case 925:
                return 'N'; // NU
            case 926:
                return 'X'; // XI
            case 927:
                return 'O'; // OMICRON
            case 928:
                return 'P'; // PI
            case 929:
                return 'R'; // RHO
            case 931:
                return 'S'; // SIGMA
            case 932:
                return 'T'; // TAU
            case 933:
                return 'U'; // UPSILON
            case 934:
                return 'F'; // PHI
            case 935:
                return 'C'; // CHI
            case 936:
                return 'Y'; // PSI
            case 937:
                return 'W'; // OMEGA
            case 945:
                return 'a'; // alfa
            case 946:
                return 'b'; // beta
            case 947:
                return 'g'; // gamma
            case 948:
                return 'd'; // delta
            case 949:
                return 'e'; // epsilon
            case 950:
                return 'z'; // zeta
            case 951:
                return 'h'; // eta
            case 952:
                return 'q'; // theta
            case 953:
                return 'i'; // iota
            case 954:
                return 'k'; // kappa
            case 955:
                return 'l'; // lambda
            case 956:
                return 'm'; // mu
            case 957:
                return 'n'; // nu
            case 958:
                return 'x'; // xi
            case 959:
                return 'o'; // omicron
            case 960:
                return 'p'; // pi
            case 961:
                return 'r'; // rho
            case 962:
                return 'V'; // sigma
            case 963:
                return 's'; // sigma
            case 964:
                return 't'; // tau
            case 965:
                return 'u'; // upsilon
            case 966:
                return 'f'; // phi
            case 967:
                return 'c'; // chi
            case 968:
                return 'y'; // psi
            case 969:
                return 'w'; // omega
                default:
                    return ' ';
        }
    }
}",2
"public class ISSURROGATEHIGH {
/**
     * Check if the value of a character belongs to a certain interval
     * that indicates it's the higher part of a surrogate pair.
     * @param c	the character
     * @return	true if the character belongs to the interval
     * @since	2.1.2
     */
    public static boolean issurrogatehigh(char c) {
        return c >= '\ud800' && c <= '\udbff';
    }
}",2
"public class ISSURROGATELOW {
/**
     * Check if the value of a character belongs to a certain interval
     * that indicates it's the lower part of a surrogate pair.
     * @param c	the character
     * @return	true if the character belongs to the interval
     * @since	2.1.2
     */
    public static boolean issurrogatelow(char c) {
        return c >= '\udc00' && c <= '\udfff';
    }
}",2
"public class CONVERTTOUTF32 {
/**
     * Returns the code point of a UTF32 character corresponding with
     * a high and a low surrogate value.
     * @param highSurrogate	the high surrogate value
     * @param lowSurrogate	the low surrogate value
     * @return	a code point value
     * @since	2.1.2
     */
    public static int converttoutf32(char highSurrogate, char lowSurrogate) {
         return (((highSurrogate - 0xd800) * 0x400) + (lowSurrogate - 0xdc00)) + 0x10000;
    }
}",1
"public class SETMARGINMIRRORINGTOPBOTTOM {
/**
     * @see com.lowagie.text.DocListener#setMarginMirroring(boolean)
	 * @since	2.1.6
	 */
	public boolean setmarginmirroringtopbottom(boolean marginMirroring) {
		return false;
	}
}",1
"public class GETUNICODEEQUIVALENT {
/** Gets the Unicode equivalent to a CID.
     * The (inexistent) CID <FF00> is translated as '\n'. 
     * It has only meaning with CJK fonts with Identity encoding.
     * @param c the CID code
     * @return the Unicode equivalent
     */    
    public int getunicodeequivalent(int c) {
        return c;
    }
}",1
"public class GETCIDCODE {
/** Gets the CID code given an Unicode.
     * It has only meaning with CJK fonts.
     * @param c the Unicode
     * @return the CID equivalent
     */    
    public int getcidcode(int c) {
        return c;
    }
}",1
"public class SETCHARADVANCE {
/**
     * Sets the character advance.
     * @param c the character
     * @param advance the character advance normalized to 1000 units
     * @return <CODE>true</CODE> if the advance was set,
     * <CODE>false</CODE> otherwise. Will always return <CODE>false</CODE>
     */
    public boolean setcharadvance(int c, int advance) {
        return false;
    }
}",1
"public class GETKERNING {
/** Gets the kerning between two Unicode chars.
     * @param char1 the first char
     * @param char2 the second char
     * @return the kerning to be applied
     *
     */
    public int getkerning(int char1, int char2) {
        return 0;
    }
}",1
"public class CONTAINS {
/**
	 * A polyline can't contain a point.
	 * @see java.awt.Shape#contains(double, double)
	 */
	public boolean contains(double x, double y) { return false; }
}",1
"public class CONTAINS {
/**
	 * A polyline can't contain a point.
	 * @see java.awt.Shape#contains(double, double, double, double)
	 */
	public boolean contains(double x, double y, double w, double h) { return false; }
}",1
"public class ISCTRLWS {
/**
     * Return true is c is a C0 or C1 control character, Unicode
     * defined whitespace, or BOM.
     */
    public static boolean isctrlws( final char c )
    {
        switch( c ) {

            /* C0 control characters (not allowed in XML) */
        case 0x0000: // NUL
        case 0x0001:
        case 0x0002:
        case 0x0003:
        case 0x0004:
        case 0x0005:
        case 0x0006:
        case 0x0007: // BEL
        case 0x0008: // BS
        case 0x0009: // HT
        case 0x000A: // LF
        case 0x000B: // VT
        case 0x000C: // FF
        case 0x000D: // CR
        case 0x000E: // SO
        case 0x000F: // SI
        case 0x0010: // DLE
        case 0x0011: // DC1
        case 0x0012: // DC2
        case 0x0013: // DC3
        case 0x0014: // DC4
        case 0x0015: // NAK
        case 0x0016: // SYN
        case 0x0017: // ETB
        case 0x0018: // CAN
        case 0x0019: // EM
        case 0x001A: // SUB
        case 0x001B: // ESC
        case 0x001C: // FS
        case 0x001D: // GS
        case 0x001E: // RS
        case 0x001F: // US
        case 0x0020: // SPACE

        case 0x007F: // DEL

            /* C1 control characters (not allowed in XML 1.0) */
        case 0x0080:
        case 0x0081:
        case 0x0082:
        case 0x0083:
        case 0x0084:
        case 0x0085: // NEL ~CR+LF
        case 0x0086:
        case 0x0087:
        case 0x0088:
        case 0x0089:
        case 0x008A:
        case 0x008B:
        case 0x008C:
        case 0x008D:
        case 0x008E:
        case 0x008F:
        case 0x0090:
        case 0x0091:
        case 0x0092:
        case 0x0093:
        case 0x0094:
        case 0x0095:
        case 0x0096:
        case 0x0097:
        case 0x0098:
        case 0x0099:
        case 0x009A:
        case 0x009B:
        case 0x009C:
        case 0x009D:
        case 0x009E:
        case 0x009F:

        case 0x00A0: // NBSP

        case 0x1680: // OGHAM SPACE MARK
        case 0x180E: // MONGOLIAN VOWEL SEPARATOR

        case 0x2000: // EN QUAD
        case 0x2001: // EM QUAD
        case 0x2002: // EN SPACE
        case 0x2003: // EM SPACE
        case 0x2004: // THREE-PER-EM SPACE
        case 0x2005: // FOUR-PER-EM SPACE
        case 0x2006: // SIX-PER-EM SPACE
        case 0x2007: // FIGURE SPACE
        case 0x2008: // PUNCTUATION SPACE
        case 0x2009: // THIN SPACE
        case 0x200A: // HAIR SPACE
        case 0x200B: // ZERO WIDTH SPACE
            //FIXME: Zero widths, joiner, etc. should be removed instead of
            //replaced?

        case 0x2028: // LINE SEPARATOR
        case 0x2029: // PARAGRAPH SEPARATOR

        case 0x202F: // NARROW NO-BREAK SPACE

        case 0x205F: // MEDIUM MATHEMATICAL SPACE
        case 0x2060: // WORD JOINER

        case 0x3000: // IDEOGRAPHIC SPACE

        case 0xFEFF: // BOM
        case 0xFFFE: // Bad BOM: (not assigned)
        case 0xFFFF: // Not assigned (invalid Unicode)
            return true;
        }
        return false;
    }
}",2
"public class ISHTMLWS {
/**
     * Return true if character is a recognized whitespace in HTML 4, and still
     * XML safe.
     */
    public static boolean ishtmlws( final char c )
    {
        switch( c ) {
        case 0x0009: // HT
        case 0x000A: // LF
        case 0x000D: // CR
        case 0x0020: // SPACE
        case 0x200B: // ZERO WIDTH SPACE
            return true;
        }
        return false;
    }
}",2
"public class ISUPTODATE {
/**
     * Compare two timestamps for being up to date using
     * the specified granularity.
     *
     * @param sourceTime  timestamp of source file.
     * @param destTime    timestamp of dest file.
     * @param granularity os/filesys granularity.
     * @return true if the dest file is considered up to date.
     */
    public boolean isuptodate(long sourceTime, long destTime, long granularity)
    {
        if (destTime == -1)
        {
            return false;
        }
        return destTime >= sourceTime + granularity;
    }
}",2
"public class HASFLAG {
/**
     * Check the options has a particular flag set.
     *
     * @param options an <code>int</code> value
     * @param flag    an <code>int</code> value
     * @return true if the flag is set
     */
    public static boolean hasflag(int options, int flag)
    {
        return ((options & flag) > 0);
    }
}",1
"public class REMOVEFLAG {
/**
     * Remove a particular flag from an int value contains the option flags.
     *
     * @param options an <code>int</code> value
     * @param flag    an <code>int</code> value
     * @return the options with the flag unset
     */
    public static int removeflag(int options, int flag)
    {
        return (options & (0xFFFFFFFF - flag));
    }
}",1
"public class COMPUTEBINARYLOG {
/**
     * Computes floor(log_2(n)) + 1
     */
    private int computeBinaryLog(int n)
    {
        assert n >= 0;

        int result = 0;
        while (n > 0) {
            n >>= 1;
            ++result;
        }

        return result;
    }
}",2
"public class PREPARESETTINGS {
/**
     * Its only job is to accept lots of setting flags as arguments and create a single integer
     * that represents all those settings. <b>Note</b>, that it doesn't set {@link #settingFlags settingFlags} at all,
     * it will simply return the combined setting flags. You can pass the output of this method to {@link #isSettingSet(int) isSettingSet}
     * to check for multiple settings at one call, or pass this value to constructors. 
     * @param flags The settings as arguments.
     * @return The settings ORed together. 
     */
    public static int preparesettings(int... flags) {
	int settings = 0;
	for (int flag : flags) {
	    settings = settings | flag;
	}
	return settings;
    }
}",2
"public class TO_SIX_BIT {
/**
     * Returns the transposed and split code of a 24-bit code
     * into a 4-byte code, each having 6 bits.
     */
    private static int to_six_bit(int num) {
        return (((num << 26) & 0xfc000000) | ((num << 12) & 0xfc0000) |
                ((num >> 2) & 0xfc00) | ((num >> 16) & 0xfc));
    }
}",1
"public class TO_SIX_BIT {
/**
     * Returns the transposed and split code of two 24-bit code
     * into two 4-byte code, each having 6 bits.
     */
    private static long to_six_bit(long num) {
        return (((num << 26) & 0xfc000000fc000000L) | ((num << 12) & 0xfc000000fc0000L) |
                ((num >> 2) & 0xfc000000fc00L) | ((num >> 16) & 0xfc000000fcL));
    }
}",1
"public class ISSAMPLEWANTED {
/**
     * Decides whether or not to a sample is wanted based on: <br/>
     * - errorOnly <br/>
     * - successOnly <br/>
     * - sample success <br/>
     * This version is intended to be called by code that loops over many samples;
     * it is cheaper than fetching the settings each time.
     * @param success status of sample
     * @param errorOnly if errors only wanted
     * @param successOnly if success only wanted
     * @return whether to log/display the sample
     */
    public static boolean issamplewanted(boolean success, boolean errorOnly,
            boolean successOnly) {
        return (!errorOnly && !successOnly) ||
               (success && successOnly) ||
               (!success && errorOnly);
        // successOnly and errorOnly cannot both be set
    }
}",6
"public class ISFINISHED {
/**
     * By default always continue parsing by returning false.
     *
     * @param lastOptionCode
     *            the code of last option parsed
     * @return return true to halt, false to continue parsing
     * @see ParserControl#isFinished(int)
     */
    public boolean isfinished(int lastOptionCode) {
        return false;
    }
}",1
"public class ISSUCCESSCODE {
/**
     * Determine if the HTTP status code is successful or not
     * i.e. in range 200 to 399 inclusive
     *
     * @return whether in range 200-399 or not
     */
    protected boolean isSuccessCode(int code){
        return (code >= 200 && code <= 399);
    }
}",2
"public class ISABOVE {
/**
	 * Returns true IFF reading is greater than value
	 *
	 * @param reading
	 * @param value
	 * @return
	 */
	public static boolean isabove(long reading, long value) {
		return reading > value;
	}
}",1
"public class ISBELOW {
/**
	 * Returns true IFF reading is less than value
	 *
	 * @param reading
	 * @param value
	 * @return
	 */
	public static boolean isbelow(long reading, long value) {
		return reading < value;
	}
}",1
"public class ISBETWEEN {
/**
	 * Returns true IFF reading is between floor and ceiling
	 *
	 * @param reading
	 * @param floor
	 * @param ceiling
	 * @return
	 */
	public static boolean isbetween(long reading, long floor, long ceiling) {
		return reading < ceiling && reading > floor;
	}
}",2
"public class PROFILESPEED_BRAVO {
/**
         * Profiles based on generic distance measurement to wall and the distance to travel.
         * Speed/Distance follows the following profile:
         * |
         * |
         * |     _________
         * |    /         \ 
         * |   /           \
         * |__/             \__
         * |               
         * ------------------------------
         * 
         * NOTE: Possible issues include negative differences in case a sensor measures a greater
         *       distance than actually exists.
         * 
         * @param distToFinish Distance from the robot to the Fender
         * @param totalDistToTravel Total distance for the robot to travel
         * @param direction 1 for forward, -1 for backward
         * @return The speed at which to drive the motors, from -1.0 to 1.0
         */
        public static double profilespeed_bravo(double distToFinish, double totalDistToTravel, int direction) {
            return 0;

        }
}",1
"public class GETITEMID {
/**
         * {@inheritDoc}
         */
        public long getitemid(int position) {
            return position;
        }
}",1
"public class ISGRAPHIC {
/**
     * Returns whether this character is a printable character.
     */
    public static boolean isgraphic(char c) {
        int gc = Character.getType(c);
        return     gc != Character.CONTROL
                && gc != Character.FORMAT
                && gc != Character.SURROGATE
                && gc != Character.UNASSIGNED
                && gc != Character.LINE_SEPARATOR
                && gc != Character.PARAGRAPH_SEPARATOR
                && gc != Character.SPACE_SEPARATOR;
    }
}",7
"public class ISPRINTABLEASCII {
/**
     * @hide
     */
    public static boolean isprintableascii(final char c) {
        final int asciiFirst = 0x20;
        final int asciiLast = 0x7E;  // included
        return (asciiFirst <= c && c <= asciiLast) || c == '\r' || c == '\n';
    }
}",4
"public class BINARYSIZE {
/**
     * Write to buffer (starting at index) the given number using a set of bytes
     * as required by the max possible value for the number
     * 
     * @param max
     *            The number to write
     * @return The number of bytes needed
     */
    protected static int binarySize(int max) {
        // 1 byte (2^8)
        if (max < 256) {
            return 1;
        }

        // 2 bytes (2^16)
        if (max < 65536) {
            return 2;
        }

        // 3 bytes (2^24)
        if (max < 16777216) {
            return 3;
        }

        // 4 bytes (2^32)
        return 4;
    }
}",4
"public class GETU16 {
/**
     * Returns an unsigned 16-bit value from little-endian ordered bytes.
     *
     * @param b1 first byte value
     * @param b2 second byte value
     * @return an unsigned 16-bit value as an int
     */
    public static int getu16(int b1, int b2) {
        return ((b1 & 0xFF) | ((b2 & 0xFF) << 8)) & 0xFFFF;
    }
}",1
"public class GETU32 {
/**
     * Returns an unsigned 32-bit value from little-endian ordered bytes.
     *
     * @param b1 first byte value
     * @param b2 second byte value
     * @param b3 third byte value
     * @param b4 fourth byte value
     * @return an unsigned 32-bit value as a long
     */
    public static long getu32(int b1, int b2, int b3, int b4) {
        return ((b1 & 0xFF) | ((b2 & 0xFF) << 8) | ((b3 & 0xFF) << 16) | ((b4 & 0xFF) << 24)) & 0x00000000FFFFFFFFL;
    }
}",1
"public class ATTRIBUTE {
/**
     * Returns a 32-bit value containing a combined attribute type and ID.
     *
     * @param atp the attribute type
     * @param id the attribute ID
     * @return a 32-bit value containing a combined attribute type and ID
     */
    public static int attribute(int atp, int id) {
        return ((atp << 16) | id);
    }
}",1
"public class ATTID {
/**
     * Returns the ID part of a 32-bit combined attribute type and ID value.
     *
     * @param att the combined attribute type and ID value
     * @return the ID part of a 32-bit combined attribute type and ID value
     */
    public static int attid(int att) {
        return (att & 0x0000FFFF);
    }
}",1
"public class ATTTYPE {
/**
     * Returns the type part of a 32-bit combined attribute type and ID value.
     *
     * @param att the combined attribute type and ID value
     * @return the type part of a 32-bit combined attribute type and ID value
     */
    public static int atttype(int att) {
        return ((att >> 16) & 0x0000FFFF);
    }
}",1
"public class ISDIGIT {
/**
	 * @return <code>true</code> iff the specified character is a digit
	 */
	protected boolean isDigit(char c) {
		return c >= '0' && c <= '9';
	}
}",2
"public class ISOCTAL {
/**
     * Is this an octal digit?
     */
    private static boolean isOctal(char c) {
        return ('0' <= c) && (c <= '7');
    }
}",2
"public class ISHEX {
/**
     * Is this a hex digit?
     */
    private static boolean isHex(char c) {
        return (('0' <= c) && (c <= '9')) || (('a' <= c) && (c <= 'f'))
               || (('A' <= c) && (c <= 'F'));
    }
}",6
"public class DIGITVALUE {
/**
     * Interpret a character as a digit (in any base up to 36) and return the numeric value. This is
     * like {@code Character.digit()} but we don't accept non-ASCII digits.
     */
    private static int digitValue(char c) {
        if (('0' <= c) && (c <= '9')) {
            return c - '0';
        } else if (('a' <= c) && (c <= 'z')) {
            return c - 'a' + 10;
        } else {
            return c - 'A' + 10;
        }
    }
}",5
"public class COLORCOMPONENTABSOLUTE {
/**
     * Defines a simple function for a color.
     * 
     * @param value
     * @param bLeft under this value, the color is 0
     * @param bRight up to this value, the color is 0
     * @param tLeft from this value until @link tRight, the color is 1
     * @param tRight from @link tLeft until this value, the color is 1
     * 
     * Between bLeft and tLeft, as well as tRight and bRight, the output value is a linear
     * interpolation between 0 and 1.
     * 
     * <code>
     *                      tLeft       tRight
     *                        /-----------\
     *                       /             \ 
     *                      /               \
     *              -------|-----------------|--------
     *                    bLeft            bRight  
     * </code>
     * 
     * @return color influence.
     */
    private float colorComponentAbsolute( float value, float bLeft, float bRight, float tLeft, float tRight ){
        float output = 0;
        // a gauche ou a droite du creneau
        if( (value < bLeft) || (value >= bRight) ){
            output = 0;
        }
        // sur le plateau haut
        else if( (value >= tLeft) && (value < tRight) ){
            output = 1;
        }
        // sur la pente gauche du creneau
        else if( (value >= bLeft) && (value < tLeft) ){
            output = (value-bLeft)/(tLeft-bLeft);
        }
        // sur la pente droite du creneau
        else if( (value >= tRight) && (value < bRight) ){
            output = (value-bRight)/(tRight-bRight);
        }
        return output;
    }
}",9
"public class COLORCOMPONENTABSOLUTE {
/**
     * Defines a simple function for a color.
     * 
     * @param value
     * @param bLeft under this value, the color is 0
     * @param bRight up to this value, the color is 0
     * @param tLeft from this value until @link tRight, the color is 1
     * @param tRight from @link tLeft until this value, the color is 1
     * 
     * Between bLeft and tLeft, as well as tRight and bRight, the output value is a linear
     * interpolation between 0 and 1.
     * 
     * <code>
     *                      tLeft       tRight
     *                        /-----------\
     *                       /             \ 
     *                      /               \
     *              -------|-----------------|--------
     *                    bLeft            bRight  
     * </code>
     * 
     * @return color influence.
     */
    private float colorComponentAbsolute( float value, float bLeft, float bRight, float tLeft, float tRight ){
        float output = 0;
        // a gauche ou a droite du creneau
        if( (value < bLeft) || (value >= bRight) ){
            output = 0;
        }
        // sur le plateau haut
        else if( (value >= tLeft) && (value < tRight) ){
            output = 1;
        }
        // sur la pente gauche du creneau
        else if( (value >= bLeft) && (value < tLeft) ){
            output = (value-bLeft)/(tLeft-bLeft);
        }
        // sur la pente droite du creneau
        else if( (value >= tRight) && (value < bRight) ){
            output = (value-bRight)/(tRight-bRight);
        }
        return output;
    }
}",9
"public class COMPARISON {
/** Return the opposite of closest distance, so that closest distance is sorted after farest distance.*/
	protected int comparison(double dist1, double dist2){
		if(dist1 == dist2)
			return 0;
		else if(dist1 < dist2)
			return 1;//*Math.max((int)Math.abs(dist1-dist2),1);
		else
			return -1;//*Math.max((int)Math.abs(dist1-dist2),1);
	}
}",3
"public class COMPUTEFIELDOFVIEW {
/** Compute the field of View, in order to occupy the entire screen in PERSPECTIVE mode.*/
	protected double computeFieldOfView(double size, double distance){
	    double radtheta;
	    double degtheta; 
	    radtheta = 2.0 * Math.atan2(size/2.0, distance);
	    degtheta = (180.0 * radtheta) / Math.PI;
	    return degtheta;
	}
}",1
"public class CLAMP {
/** Clamps the given value between the specified minimum and
      maximum. */
  protected static float clamp(float val, float min, float max) {
    return Math.min(max, Math.max(min, val));
  }
}",1
"public class SGN {
/** Returns 1 if the sign of the given argument is positive; -1 if
      negative; 0 if 0. */
  public static int sgn(float f) {
    if (f > 0) {
      return 1;
    } else if (f < 0) {
      return -1;
    }
    return 0;
  }
}",3
"public class CLAMP {
/** Clamps argument between min and max values. */
  public static float clamp(float val, float min, float max) {
    if (val < min) return min;
    if (val > max) return max;
    return val;
  }
}",3
"public class CLAMP {
/** Clamps argument between min and max values. */
  public static int clamp(int val, int min, int max) {
    if (val < min) return min;
    if (val > max) return max;
    return val;
  }
}",3
"public class DISTANCE {
/**
	 * returns the (approximate) distance between the two positions on earth
	 * given by (lat1, lon1) and (lat2, lon2)
	 * 
	 * @param lat1
	 * @param lon1
	 * @param lat2
	 * @param lon2
	 * @return
	 */
	public static double distance(double lat1, double lon1, double lat2, double lon2) {
		// earth radius
		final double radius = 6378140;
		
		// scale factor between root-squared-lat-lon distance and distance in meters
		double latScaleFactor = 2 * Math.PI * radius / 360;
		double lonScaleFactor = 2 * Math.PI * (radius * Math.cos(Math.toRadians(lat1))) / 360;
		
		return Math.sqrt(
				Math.pow((lat1 - lat2) * latScaleFactor, 2) + 
				Math.pow((lon1 - lon2) * lonScaleFactor, 2));
	}
}",1
"public class GETNEXTSQUARENUMBERABOVE {
/**
	 * Calculates i.e. the increase of zoomlevel needed when the visible latitude needs to be bigger by <code>factor</code>.  
	 * 
	 * Assert.assertEquals(1, getNextSquareNumberAbove(1.1f));
	 * Assert.assertEquals(2, getNextSquareNumberAbove(2.1f));
	 * Assert.assertEquals(2, getNextSquareNumberAbove(3.9f));
	 * Assert.assertEquals(3, getNextSquareNumberAbove(4.1f));
	 * Assert.assertEquals(3, getNextSquareNumberAbove(7.9f));
	 * Assert.assertEquals(4, getNextSquareNumberAbove(8.1f));
	 * Assert.assertEquals(5, getNextSquareNumberAbove(16.1f));
	 * 
	 * Assert.assertEquals(-1, - getNextSquareNumberAbove(1 / 0.4f) + 1);
	 * Assert.assertEquals(-2, - getNextSquareNumberAbove(1 / 0.24f) + 1);
	 * 
	 * @param factor
	 * @return
	 */
	public static int getnextsquarenumberabove(final float factor){
		int out = 0;
		int cur = 1;
		int i = 1;
		while(true){
			if(cur > factor)
				return out;
			
			out = i;
			cur *= 2;
			i++;
		}
	}
}",3
"public class DISTANCE {
/**
	 * 
	 * @param lat1
	 * @param lon1
	 * @param lat2
	 * @param lon2
	 * @return
	 */
	public static double distance(double lat1, double lon1, double lat2, double lon2) {
		// earth radius
		final double radius = 6378140;
		
		// scale factor between root-squared-lat-lon distance and distance in meters
		double latScaleFactor = 2 * Math.PI * radius / 360;
		double lonScaleFactor = 2 * Math.PI * (radius * Math.cos(Math.toRadians(lat1))) / 360;
		
		return Math.sqrt(
				Math.pow((lat1 - lat2) * latScaleFactor, 2) + 
				Math.pow((lon1 - lon2) * lonScaleFactor, 2));
	}
}",1
"public class GETTYPE {
/**
	 * @param x
	 * @param y
	 * @return Geo Block Type
	 */
	public short gettype(int x, int y)
	{
		return 0;
	}
}",1
"public class GETHEIGHT {
/**
	 * @param x
	 * @param y
	 * @param z
	 * @return Nearles Z
	 */
	public short getheight(int x, int y, int z)
	{
		return (short) z;
	}
}",1
"public class GETNSWE {
/**
	 * @param x
	 * @param y
	 * @param z
	 * @return Geo NSWE (0-15)
	 */
	public short getnswe(int x, int y, int z)
	{
		return 15;
	}
}",1
"public class GETBLOCK {
/**
	 * @param pos
	 * @return Block Index: 0-255
	 */
	private static int getBlock(int geo_pos)
	{
		return (geo_pos >> 3) % 256;
	}
}",1
"public class GETCELL {
/**
	 * @param pos
	 * @return Cell Index: 0-7
	 */
	private static int getCell(int geo_pos)
	{
		return geo_pos % 8;
	}
}",1
"public class GETSKILLHASHCODE {
/**
	 * Centralized method for easier change of the hashing sys
	 * 
	 * @param skillId
	 *            The Skill Id
	 * @param skillLevel
	 *            The Skill Level
	 * @return The Skill hash number
	 */
	public static int getskillhashcode(int skillId, int skillLevel)
	{
		return skillId * 1021 + skillLevel;
	}
}",1
"public class GETNODEPOS {
/**
	 * Convert geodata position to pathnode position
	 * @param geo_pos
	 * @return pathnode position
	 */
	public short getnodepos(int geo_pos)
	{
		return (short) (geo_pos >> 3); //OK?
	}
}",1
"public class GETNODEBLOCK {
/**
	 * Convert node position to pathnode block position
	 * @param geo_pos
	 * @return pathnode block position (0...255)
	 */
	public short getnodeblock(int node_pos)
	{
		return (short) (node_pos % 256);
	}
}",1
"public class CALCULATEDISTANCE {
/**
	 * @param includeZAxis - if true, includes also the Z axis in the calculation
	 * @return the distance between the two coordinates
	 */
	public static double calculatedistance(int x1, int y1, int z1, int x2, int y2, int z2, boolean includeZAxis)
	{
		double dx = (double) x1 - x2;
		double dy = (double) y1 - y2;
		
		if (includeZAxis)
		{
			double dz = z1 - z2;
			return Math.sqrt(dx * dx + dy * dy + dz * dz);
		}
		else
			return Math.sqrt(dx * dx + dy * dy);
	}
}",2
"public class ROUNDTO {
/**
	 * (Based on round() in PHP)
	 * @param number - the number to round
	 * @param numPlaces - how many digits after decimal point to leave intact
	 * @return the value of {@code number} rounded to specified number of digits after the decimal point.
	 */
	public static float roundto(float number, int numPlaces)
	{
		if (numPlaces <= 1)
			return Math.round(number);
		
		float exponent = (float) Math.pow(10, numPlaces);
		
		return Math.round(number * exponent) / exponent;
	}
}",2
"public class ISVOWEL {
/**
   * See if string is 'a','e','i','o','u'
   *
   * @return true if is vowel
   */
  private boolean isVowel( char value ) {
    return (value == 'a') ||
           (value == 'e') ||
           (value == 'i') ||
           (value == 'o') ||
           (value == 'u') ;
  }
}",5
"public class NORMALIZE {
/**
   * Called on each token character to normalize it before it is added to the
   * token. The default implementation does nothing. Subclasses may use this to,
   * e.g., lowercase tokens.
   */
  protected int normalize(int c) {
    return c;
  }
}",1
"public class HASH1 {
/**
   * 32-bit FNV Hash Function
   * 
   * @param c input character
   * @return hashcode
   */
  public long hash1(char c) {
    final long p = 1099511628211L;
    long hash = 0xcbf29ce484222325L;
    hash = (hash ^ (c & 0x00FF)) * p;
    hash = (hash ^ (c >> 8)) * p;
    hash += hash << 13;
    hash ^= hash >> 7;
    hash += hash << 3;
    hash ^= hash >> 17;
    hash += hash << 5;
    return hash;
  }
}",1
"public class HASH2 {
/**
   * djb2 hash algorithm，this algorithm (k=33) was first reported by dan
   * bernstein many years ago in comp.lang.c. another version of this algorithm
   * (now favored by bernstein) uses xor: hash(i) = hash(i - 1) * 33 ^ str[i];
   * the magic of number 33 (why it works better than many other constants,
   * prime or not) has never been adequately explained.
   * 
   * @param c character
   * @return hashcode
   */
  public int hash2(char c) {
    int hash = 5381;

    /* hash 33 + c */
    hash = ((hash << 5) + hash) + c & 0x00FF;
    hash = ((hash << 5) + hash) + c >> 8;

    return hash;
  }
}",1
"public class VINTSIZE {
/** Number of bytes to represent an unsigned int as a vint. */
  private static int vIntSize(int x) {
    if ((x & (0xffffffff << (7*1))) == 0 ) {
      return 1;
    }
    if ((x & (0xffffffff << (7*2))) == 0 ) {
      return 2;
    }
    if ((x & (0xffffffff << (7*3))) == 0 ) {
      return 3;
    }
    if ((x & (0xffffffff << (7*4))) == 0 ) {
      return 4;
    }
    return 5;
  }
}",5
"public class GETINT {
/**
     * Returns a <tt>long</tt> for the given document id or throws an
     * {@link UnsupportedOperationException} if this source doesn't support
     * <tt>long</tt> values.
     * 
     * @throws UnsupportedOperationException
     *           if this source doesn't support <tt>long</tt> values.
     */
    public long getint(int docID) {
      throw new UnsupportedOperationException(""ints are not supported"");
    }
}",1
"public class GETFLOAT {
/**
     * Returns a <tt>double</tt> for the given document id or throws an
     * {@link UnsupportedOperationException} if this source doesn't support
     * <tt>double</tt> values.
     * 
     * @throws UnsupportedOperationException
     *           if this source doesn't support <tt>double</tt> values.
     */
    public double getfloat(int docID) {
      throw new UnsupportedOperationException(""floats are not supported"");
    }
}",1
"public class IDF {
/** Implemented as <code>log(1 + (numDocs - docFreq + 0.5)/(docFreq + 0.5))</code>. */
  protected float idf(long docFreq, long numDocs) {
    return (float) Math.log(1 + (numDocs - docFreq + 0.5D)/(docFreq + 0.5D));
  }
}",1
"public class SLOPPYFREQ {
/** Implemented as <code>1 / (distance + 1)</code>. */
  protected float sloppyFreq(int distance) {
    return 1.0f / (distance + 1);
  }
}",1
"public class COORD {
/** Implemented as <code>overlap / maxOverlap</code>. */
  public float coord(int overlap, int maxOverlap) {
    return overlap / (float)maxOverlap;
  }
}",1
"public class QUERYNORM {
/** Implemented as <code>1/sqrt(sumOfSquaredWeights)</code>. */
  public float querynorm(float sumOfSquaredWeights) {
    return (float)(1.0 / Math.sqrt(sumOfSquaredWeights));
  }
}",1
"public class COORD {
/** Hook to integrate coordinate-level matching.
   * <p>
   * By default this is disabled (returns <code>1</code>), as with
   * most modern models this will only skew performance, but some
   * implementations such as {@link TFIDFSimilarity} override this.
   *
   * @param overlap the number of query terms matched in the document
   * @param maxOverlap the total number of terms in the query
   * @return a score factor based on term overlap with the query
   */
  public float coord(int overlap, int maxOverlap) {
    return 1f;
  }
}",1
"public class QUERYNORM {
/** Computes the normalization value for a query given the sum of the
   * normalized weights {@link SimWeight#getValueForNormalization()} of 
   * each of the query terms.  This value is passed back to the 
   * weight ({@link SimWeight#normalize(float, float)} of each query 
   * term, to provide a hook to attempt to make scores from different
   * queries comparable.
   * <p>
   * By default this is disabled (returns <code>1</code>), but some
   * implementations such as {@link TFIDFSimilarity} override this.
   * 
   * @param valueForNormalization the sum of the term normalization values
   * @return a normalization factor for query weights
   */
  public float querynorm(float valueForNormalization) {
    return 1f;
  }
}",1
"public class POP {
/** Returns the number of bits set in the long */
  public static int pop(long x) {
  /* Hacker's Delight 32 bit pop function:
   * http://www.hackersdelight.org/HDcode/newCode/pop_arrayHS.cc
   *
  int pop(unsigned x) {
     x = x - ((x >> 1) & 0x55555555);
     x = (x & 0x33333333) + ((x >> 2) & 0x33333333);
     x = (x + (x >> 4)) & 0x0F0F0F0F;
     x = x + (x >> 8);
     x = x + (x >> 16);
     return x & 0x0000003F;
    }
  ***/

    // 64 bit java version of the C function from above
    x = x - ((x >>> 1) & 0x5555555555555555L);
    x = (x & 0x3333333333333333L) + ((x >>>2 ) & 0x3333333333333333L);
    x = (x + (x >>> 4)) & 0x0F0F0F0F0F0F0F0FL;
    x = x + (x >>> 8);
    x = x + (x >>> 16);
    x = x + (x >>> 32);
    return ((int)x) & 0x7F;
  }
}",1
"public class NTZ3 {
/** returns 0 based index of first set bit
   * <br/> This is an alternate implementation of ntz()
   */
  public static int ntz3(long x) {
   // another implementation taken from Hackers Delight, extended to 64 bits
   // and converted to Java.
   // Many 32 bit ntz algorithms are at http://www.hackersdelight.org/HDcode/ntz.cc
   int n = 1;

   // do the first step as a long, all others as ints.
   int y = (int)x;
   if (y==0) {n+=32; y = (int)(x>>>32); }
   if ((y & 0x0000FFFF) == 0) { n+=16; y>>>=16; }
   if ((y & 0x000000FF) == 0) { n+=8; y>>>=8; }
   if ((y & 0x0000000F) == 0) { n+=4; y>>>=4; }
   if ((y & 0x00000003) == 0) { n+=2; y>>>=2; }
   return n - (y & 1);
  }
}",6
"public class ISPOWEROFTWO {
/** returns true if v is a power of two or zero*/
  public static boolean ispoweroftwo(int v) {
    return ((v & (v-1)) == 0);
  }
}",1
"public class ISPOWEROFTWO {
/** returns true if v is a power of two or zero*/
  public static boolean ispoweroftwo(long v) {
    return ((v & (v-1)) == 0);
  }
}",1
"public class NEXTHIGHESTPOWEROFTWO {
/** returns the next highest power of two, or the current value if it's already a power of two or zero*/
  public static int nexthighestpoweroftwo(int v) {
    v--;
    v |= v >> 1;
    v |= v >> 2;
    v |= v >> 4;
    v |= v >> 8;
    v |= v >> 16;
    v++;
    return v;
  }
}",1
"public class NEXTHIGHESTPOWEROFTWO {
/** returns the next highest power of two, or the current value if it's already a power of two or zero*/
   public static long nexthighestpoweroftwo(long v) {
    v--;
    v |= v >> 1;
    v |= v >> 2;
    v |= v >> 4;
    v |= v >> 8;
    v |= v >> 16;
    v |= v >> 32;
    v++;
    return v;
  }
}",1
"public class BITS2WORDS {
/** returns the number of 64 bit words it would take to hold numBits */
  public static int bits2words(int numBits) {
    int numLong = numBits >>> 6;
    if ((numBits & 63) != 0) {
      numLong++;
    }
    return numLong;
  }
}",2
"public class LOG {
/**
   * Returns {@code x <= 0 ? 0 : Math.floor(Math.log(x) / Math.log(base))}
   * @param base must be {@code > 1}
   */
  public static int log(long x, int base) {
    if (base <= 1) {
      throw new IllegalArgumentException(""base must be > 1"");
    }
    int ret = 0;
    while (x >= base) {
      x /= base;
      ret++;
    }
    return ret;
  }
}",3
"public class ISLETTERORDIGIT {
/**
   * Checks whether a character is a letter or digit (ascii) which are defined in the spec.
   */
  private static boolean isLetterOrDigit(char c) {
    return ('a' <= c && c <= 'z') || ('A' <= c && c <= 'Z') || ('0' <= c && c <= '9');
  }
}",6
"public class DOUBLETOSORTABLELONG {
/**
   * Converts a <code>double</code> value to a sortable signed <code>long</code>.
   * The value is converted by getting their IEEE 754 floating-point &quot;double format&quot;
   * bit layout and then some bits are swapped, to be able to compare the result as long.
   * By this the precision is not reduced, but the value can easily used as a long.
   * The sort order (including {@link Double#NaN}) is defined by
   * {@link Double#compareTo}; {@code NaN} is greater than positive infinity.
   * @see #sortableLongToDouble
   */
  public static long doubletosortablelong(double val) {
    long f = Double.doubleToLongBits(val);
    if (f<0) f ^= 0x7fffffffffffffffL;
    return f;
  }
}",2
"public class SORTABLELONGTODOUBLE {
/**
   * Converts a sortable <code>long</code> back to a <code>double</code>.
   * @see #doubleToSortableLong
   */
  public static double sortablelongtodouble(long val) {
    if (val<0) val ^= 0x7fffffffffffffffL;
    return Double.longBitsToDouble(val);
  }
}",2
"public class FLOATTOSORTABLEINT {
/**
   * Converts a <code>float</code> value to a sortable signed <code>int</code>.
   * The value is converted by getting their IEEE 754 floating-point &quot;float format&quot;
   * bit layout and then some bits are swapped, to be able to compare the result as int.
   * By this the precision is not reduced, but the value can easily used as an int.
   * The sort order (including {@link Float#NaN}) is defined by
   * {@link Float#compareTo}; {@code NaN} is greater than positive infinity.
   * @see #sortableIntToFloat
   */
  public static int floattosortableint(float val) {
    int f = Float.floatToIntBits(val);
    if (f<0) f ^= 0x7fffffff;
    return f;
  }
}",2
"public class SORTABLEINTTOFLOAT {
/**
   * Converts a sortable <code>int</code> back to a <code>float</code>.
   * @see #floatToSortableInt
   */
  public static float sortableinttofloat(int val) {
    if (val<0) val ^= 0x7fffffff;
    return Float.intBitsToFloat(val);
  }
}",2
"public class BITS2WORDS {
/** returns the number of 64 bit words it would take to hold numBits */
  public static int bits2words(long numBits) {
   return (int)(((numBits-1)>>>6)+1);
  }
}",1
"public class FLOATTOBYTE {
/** Converts a 32 bit float to an 8 bit float.
   * <br>Values less than zero are all mapped to zero.
   * <br>Values are truncated (rounded down) to the nearest 8 bit value.
   * <br>Values between zero and the smallest representable value
   *  are rounded up.
   *
   * @param f the 32 bit float to be converted to an 8 bit float (byte)
   * @param numMantissaBits the number of mantissa bits to use in the byte, with the remainder to be used in the exponent
   * @param zeroExp the zero-point in the range of exponent values
   * @return the 8 bit float representation
   */
  public static byte floattobyte(float f, int numMantissaBits, int zeroExp) {
    // Adjustment from a float zero exponent to our zero exponent,
    // shifted over to our exponent position.
    int fzero = (63-zeroExp)<<numMantissaBits;
    int bits = Float.floatToRawIntBits(f);
    int smallfloat = bits >> (24-numMantissaBits);
    if (smallfloat <= fzero) {
      return (bits<=0) ?
        (byte)0   // negative numbers and zero both map to 0 byte
       :(byte)1;  // underflow is mapped to smallest non-zero number.
    } else if (smallfloat >= fzero + 0x100) {
      return -1;  // overflow maps to largest number
    } else {
      return (byte)(smallfloat - fzero);
    }
  }
}",3
"public class BYTETOFLOAT {
/** Converts an 8 bit float to a 32 bit float. */
  public static float bytetofloat(byte b, int numMantissaBits, int zeroExp) {
    // on Java1.5 & 1.6 JVMs, prebuilding a decoding array and doing a lookup
    // is only a little bit faster (anywhere from 0% to 7%)
    if (b == 0) return 0.0f;
    int bits = (b&0xff) << (24-numMantissaBits);
    bits += (63-zeroExp) << 24;
    return Float.intBitsToFloat(bits);
  }
}",2
"public class FLOATTOBYTE315 {
/** floatToByte(b, mantissaBits=3, zeroExponent=15)
   * <br>smallest non-zero value = 5.820766E-10
   * <br>largest value = 7.5161928E9
   * <br>epsilon = 0.125
   */
  public static byte floattobyte315(float f) {
    int bits = Float.floatToRawIntBits(f);
    int smallfloat = bits >> (24-3);
    if (smallfloat <= ((63-15)<<3)) {
      return (bits<=0) ? (byte)0 : (byte)1;
    }
    if (smallfloat >= ((63-15)<<3) + 0x100) {
      return -1;
    }
    return (byte)(smallfloat - ((63-15)<<3));
 }
}",3
"public class BYTE315TOFLOAT {
/** byteToFloat(b, mantissaBits=3, zeroExponent=15) */
  public static float byte315tofloat(byte b) {
    // on Java1.5 & 1.6 JVMs, prebuilding a decoding array and doing a lookup
    // is only a little bit faster (anywhere from 0% to 7%)
    if (b == 0) return 0.0f;
    int bits = (b&0xff) << (24-3);
    bits += (63-15) << 24;
    return Float.intBitsToFloat(bits);
  }
}",2
"public class FLOATTOBYTE52 {
/** floatToByte(b, mantissaBits=5, zeroExponent=2)
   * <br>smallest nonzero value = 0.033203125
   * <br>largest value = 1984.0
   * <br>epsilon = 0.03125
   */
  public static byte floattobyte52(float f) {
    int bits = Float.floatToRawIntBits(f);
    int smallfloat = bits >> (24-5);
    if (smallfloat <= (63-2)<<5) {
      return (bits<=0) ? (byte)0 : (byte)1;
    }
    if (smallfloat >= ((63-2)<<5) + 0x100) {
      return -1;
    }
    return (byte)(smallfloat - ((63-2)<<5));
  }
}",3
"public class BYTE52TOFLOAT {
/** byteToFloat(b, mantissaBits=5, zeroExponent=2) */
  public static float byte52tofloat(byte b) {
    // on Java1.5 & 1.6 JVMs, prebuilding a decoding array and doing a lookup
    // is only a little bit faster (anywhere from 0% to 7%)
    if (b == 0) return 0.0f;
    int bits = (b&0xff) << (24-5);
    bits += (63-2) << 24;
    return Float.intBitsToFloat(bits);
  }
}",2
"public class ISSUPPORTED {
/**
     * Tests whether the provided number of bits per value is supported by the
     * format.
     */
    public boolean issupported(int bitsPerValue) {
      return bitsPerValue >= 1 && bitsPerValue <= 64;
    }
}",2
"public class BITSREQUIRED {
/** Returns how many bits are required to hold values up
   *  to and including maxValue
   * @param maxValue the maximum value that should be representable.
   * @return the amount of bits needed to represent values from 0 to maxValue.
   * @lucene.internal
   */
  public static int bitsrequired(long maxValue) {
    if (maxValue < 0) {
      throw new IllegalArgumentException(""maxValue must be non-negative (got: "" + maxValue + "")"");
    }
    return Math.max(1, 64 - Long.numberOfLeadingZeros(maxValue));
  }
}",2
"public class MAXVALUE {
/**
   * Calculates the maximum unsigned long that can be expressed with the given
   * number of bits.
   * @param bitsPerValue the number of bits available for any given value.
   * @return the maximum value for the given bits.
   * @lucene.internal
   */
  public static long maxvalue(int bitsPerValue) {
    return bitsPerValue == 64 ? Long.MAX_VALUE : ~(~0L << bitsPerValue);
  }
}",1
"public class INDEXFOR {
/**
   * Returns index for hash code h. 
   */
  static int indexFor(int h, int length) {
    return h & (length - 1);
  }
}",1
"public class INDEXFOR {
/**
   * Returns index for hash code h.
   */
  static int indexFor(int h, int length) {
    return h & (length - 1);
  }
}",1
"public class BYTESNEEDED {
/**
   * Returns the number of bytes needed to encode {@code number}.
   * @param number The number whose encoded length is needed.
   * @return The number of bytes needed to encode {@code number}.
   */
  public static int bytesneeded(int number) {
    if ((number & ~0x7F) == 0) {
      return 1;
    } else if ((number & ~0x3FFF) == 0) {
      return 2;
    } else if ((number & ~0x1FFFFF) == 0) {
      return 3;
    } else if ((number & ~0xFFFFFFF) == 0) {
      return 4;
    } else {
      return 5;
    }
  }
}",5
"public class EXISTS {
/** Returns true if there is a value for this document */
  public boolean exists(int doc) {
    return true;
  }
}",1
"public class ORDVAL {
/**
   * @param doc The doc to retrieve to sort ordinal for
   * @return the sort ordinal for the specified doc
   * TODO: Maybe we can just use intVal for this...
   */
  public int ordval(int doc) { throw new UnsupportedOperationException(); }
}",1
"public class DECODEWEIGHT {
/** cost -> weight */
  private static int decodeWeight(long encoded) {
    return (int)(Integer.MAX_VALUE - encoded);
  }
}",1
"public class ENCODEWEIGHT {
/** weight -> cost */
  private static int encodeWeight(long value) {
    if (value < 0 || value > Integer.MAX_VALUE) {
      throw new UnsupportedOperationException(""cannot encode value: "" + value);
    }
    return Integer.MAX_VALUE - (int)value;
  }
}",3
"public class ENCODEWEIGHT {
/** weight -> cost */
  private static int encodeWeight(long value) {
    if (value < Integer.MIN_VALUE || value > Integer.MAX_VALUE) {
      throw new UnsupportedOperationException(""cannot encode value: "" + value);
    }
    return (int)value;
  }
}",3
"public class DECODEWEIGHT {
/** cost -> weight */
  private static int decodeWeight(long encoded) {
    return (int)(Integer.MAX_VALUE - encoded);
  }
}",1
"public class ENCODEWEIGHT {
/** weight -> cost */
  private static int encodeWeight(long value) {
    if (value < 0 || value > Integer.MAX_VALUE) {
      throw new UnsupportedOperationException(""cannot encode value: "" + value);
    }
    return Integer.MAX_VALUE - (int)value;
  }
}",3
"public class COMPARECHARSALPHABETICALLY {
/**
   * Compares characters by alfabetical order.
   * 
   *@param cCompare2
   *          The first char in the comparison.
   *@param cRef
   *          The second char in the comparison.
   *@return A negative number, 0 or a positive number if the second char is
   *         less, equal or greater.
   */
  private static int compareCharsAlphabetically(char cCompare2, char cRef) {
    return Character.toLowerCase(cCompare2) - Character.toLowerCase(cRef);
  }
}",1
"public class CONVERTAMOUNT {
/**
   * Performs a currency conversion & unit conversion.
   *
   * @param exchangeRate         Exchange rate to apply.
   * @param sourceFractionDigits The fraction digits of the source.
   * @param sourceAmount         The source amount.
   * @param targetFractionDigits The fraction digits of the target.
   * @return The converted indexable units after the exchange rate and currency fraction digits are applied.
   */
  public static long convertamount(final double exchangeRate, final int sourceFractionDigits, final long sourceAmount, final int targetFractionDigits) {
    int digitDelta = targetFractionDigits - sourceFractionDigits;
    double value = ((double) sourceAmount * exchangeRate);

    if (digitDelta != 0) {
      if (digitDelta < 0) {
        for (int i = 0; i < -digitDelta; i++) {
          value *= 0.1;
        }
      } else {
        for (int i = 0; i < digitDelta; i++) {
          value *= 10.0;
        }
      }
    }

    return (long) value;
  }
}",5
"public class GETMAX {
/**
   * Returns offset + len if len equals zero or higher. Otherwise returns max.
   *
   * @param offset The offset
   * @param len    The number of documents to return
   * @param max    The number of document to return if len < 0 or if offset + len < 0
   * @return offset + len if len equals zero or higher. Otherwise returns max
   */
  int getMax(int offset, int len, int max) {
    int v = len < 0 ? max : offset + len;
    if (v < 0 || v > max) v = max;
    return v;
  }
}",3
"public class SECONDSTOTICKS {
/**
     * Returns the number of ticks a timer torch (and perhaps delay torch) should wait
     * before reverting.  Not using system clock, because lag will throw off calculations.
     * @param seconds number of seconds in 0.0
     * @return the number of ticks in the given number of seconds.
     */
    public static long secondstoticks(double seconds){
        double t = seconds * 20; //20 ticks per second, in an ideal world.
        return Math.round(t);
    }
}",1
"public class BINROOT {
/**
     * Bin root - a binary search for a square root.
     * I wrote this purely to check my recollection
     * of how this kind of search can be used to invert
     * functions.
     */

    private static double binRoot(double x) {
        double eps = 0.0001; // accuracy
        // do a binary search for it
        // find the square root of x using a binary search
        double lower = 0.0;
        double upper = x;
        double mid = 0.0;


        for (int i = 0; i < 100; i++) {
            mid = (lower + upper) / 2;
            // each time, if mid is too big
            // fix lower to mid
            // else fix upper to mid

            double cur = mid * mid;
            if (Math.abs(x - cur) < eps) {
                // System.out.println(""Converged to "" + cur + "" in "" + i + "" iterations"");
                return mid;
            }

            if (cur < x) // mid too small
                lower = mid;
            else // mid too big
                upper = mid;
        }
        return mid;
    }
}",4
"public class SQR {
/**
     * Calculates the square of a double.
     *
     * @return Returns x*x
     */

    public static double sqr(double x) {
        return x * x;
    }
}",1
"public class VOCALTRACTCOMPENSATION {
/**
     * Compensation of the vocal tract influence
     * @param freq
     * @param formant
     * @param bandWidth
     * @return
     */   
    public double vocaltractcompensation(double freq, double formant, double bandWidth){
      double num, denom, aux, val;     
      aux = Math.pow((bandWidth/2), 2.0);
      num = Math.pow(formant, 2.0) + aux;
      denom = Math.sqrt( ( Math.pow((freq-formant), 2.0) + aux )*( Math.pow((freq+formant), 2.0) + aux) );
      val = (num/denom);
      if(val > 0.0)
        return (20 * Math.log10(val));
      else{
        System.out.println(""vocalTractCompensation: warning value < 0.0"");
        return 0.0;
      }      
    }
}",2
"public class SHORTTOULAW {
/**
     * Convert a short to ulaw format
     * 
     * @param sample the short to convert
     *
     * @return a short containing an unsigned 8-bit quantity
     *          representing the ulaw
     */
    public static byte shorttoulaw(short sample) {
        final int[] exp_lut = {0,0,1,1,2,2,2,2,3,3,3,3,3,3,3,3,
                                   4,4,4,4,4,4,4,4,4,4,4,4,4,4,4,4,
                                   5,5,5,5,5,5,5,5,5,5,5,5,5,5,5,5,
                                   5,5,5,5,5,5,5,5,5,5,5,5,5,5,5,5,
                                   6,6,6,6,6,6,6,6,6,6,6,6,6,6,6,6,
                                   6,6,6,6,6,6,6,6,6,6,6,6,6,6,6,6,
                                   6,6,6,6,6,6,6,6,6,6,6,6,6,6,6,6,
                                   6,6,6,6,6,6,6,6,6,6,6,6,6,6,6,6,
                                   7,7,7,7,7,7,7,7,7,7,7,7,7,7,7,7,
                                   7,7,7,7,7,7,7,7,7,7,7,7,7,7,7,7,
                                   7,7,7,7,7,7,7,7,7,7,7,7,7,7,7,7,
                                   7,7,7,7,7,7,7,7,7,7,7,7,7,7,7,7,
                                   7,7,7,7,7,7,7,7,7,7,7,7,7,7,7,7,
                                   7,7,7,7,7,7,7,7,7,7,7,7,7,7,7,7,
                                   7,7,7,7,7,7,7,7,7,7,7,7,7,7,7,7,
                                   7,7,7,7,7,7,7,7,7,7,7,7,7,7,7,7};

        int sign, exponent, mantissa;
        short ulawbyte;

        final short CLIP = 32635;
        final short BIAS = 0x0084;

        /* Get the sample into sign-magnitude. */
        sign = (sample >> 8) & 0x80; /* set aside the sign */
        if ( sign != 0 ) {
            sample = (short) -sample; /* get magnitude */
        }
        if ( sample > CLIP ) sample = CLIP; /* clip the magnitude */

        /* Convert from 16 bit linear to ulaw. */
        sample = (short) (sample + BIAS);
        exponent = exp_lut[( sample >> 7 ) & 0xFF];
        mantissa = ( sample >> ( exponent + 3 ) ) & 0x0F;
        ulawbyte = (short)
            ((~ ( sign | ( exponent << 4 ) | mantissa)) & 0x00FF);
        if ( ulawbyte == 0 ) ulawbyte = 0x02; /* optional CCITT trap */
        // Now ulawbyte is an unsigned 8-bit entity.
        // Return as a (signed) byte:
        return (byte) (ulawbyte-128);
    }
}",4
"public class ULAWTOSHORT {
/**
     * Convert a ulaw format to short
     * 
     * @param ulaw a (signed) byte which, after converting into a short and
     * adding 128, will be an unsigned 8-but quantity representing a ulaw
     *
     * @return the short equivalent of the ulaw
     */
    public static short ulawtoshort(byte ulaw) {
        short ulawbyte = (short) (ulaw + 128);
        final int[] exp_lut = { 0, 132, 396, 924, 1980, 4092, 8316, 16764 };
        int sign, exponent, mantissa;
        short sample;

        ulawbyte = (short) (ulawbyte & 0x00FF);
        ulawbyte = (short) (~ulawbyte);
        sign = ( ulawbyte & ((short) 0x80) );
        exponent = (int) ( (ulawbyte & (short) 0x00FF) >> 4 ) & 0x07;
        mantissa = ulawbyte & (short) 0x0F;
        sample = (short) (exp_lut[exponent] + (mantissa << (exponent + 3)));
        if ( sign != 0 ) sample = (short) (-sample);

        return sample;
    }
}",2
"public class QUANTIZE {
/**
     * Quantize a float variable over the 16bits signed short range
     * 
     * @param f the float to quantize
     * @param min the minimum possible value for variable f
     * @param range the possible range for variable f
     * 
     * @return the 16bits signed codeword, returned as a signed short
     * 
     * @author Sacha K.
     */
    public static short quantize( float f, float fMin, float fRange ) {
        return( (short)( ( (double)f - (double)fMin ) * 65535.0/((double)fRange) - 32768.0) );
    }
}",1
"public class UNQUANTIZE {
/**
     * Unquantize a 16bits signed short over a float range
     * 
     * @param s the 16bits signed codeword
     * @param min the minimum possible value for variable f
     * @param range the possible range for variable f
     * 
     * @return the corresponding float value
     * 
     * @author Sacha K.
     */
    public static float unquantize( short s, float fMin, float fRange ) {
        return( (float)( ((double)(s) + 32768.0) * (double)fRange / 65535.0 - (double)fMin ) );
    }
}",1
"public class ISLETTERORMODIFIER {
/**
     * Determine whether the given codepoint is either a letter or
     * a modifier according to the Unicode standard. More precisely,
     * this returns true if codepoint belongs to one of the following categories
     * as defined at http://unicode.org/Public/UNIDATA/UCD.html#General_Category_Values:
     * <ul>
     * <li>Lu   Letter, Uppercase</li>
     * <li>Ll  Letter, Lowercase</li>
     * <li>Lt  Letter, Titlecase</li>
     * <li>Lm  Letter, Modifier</li>
     * <li>Lo  Letter, Other</li>
     * <li>Mn  Mark, Nonspacing</li>
     * <li>Mc  Mark, Spacing Combining</li>
     * <li>Me  Mark, Enclosing</li>
     * </ul>
     * Whether a given character is associated with this category can be looked up
     * at http://unicode.org/Public/UNIDATA/UnicodeData.txt
     * @param codePoint the unicode codepoint as determined e.g. by String.codePointAt().
     * @return true if the above condition is met, false otherwise
     */
    public static boolean isletterormodifier(int codePoint)
    {
        int type = Character.getType(codePoint);
        return type == Character.UPPERCASE_LETTER
            || type == Character.LOWERCASE_LETTER
            || type == Character.TITLECASE_LETTER
            || type == Character.MODIFIER_LETTER
            || type == Character.OTHER_LETTER
            || type == Character.NON_SPACING_MARK
            || type == Character.COMBINING_SPACING_MARK
            || type == Character.ENCLOSING_MARK;
    }
}",8
"public class ISDIGIT {
/**
     * Returns true if the given character is a digit (0-9 only).
     *
     * @param ch the character to test
     *
     * @return true or false
     */
    public static boolean isdigit(char ch) {
	return ('0' <= ch && ch <= '9');
    }
}",2
"public class ISLETTER {
/**
     * Returns true if the given character is a letter (a-z or A-Z).
     * 
     * @param ch
     *            the character to test
     * 
     * @return true or false
     */
    private static boolean isLetter(char ch) {
        return (('a' <= ch && ch <= 'z') || ('A' <= ch && ch <= 'Z'));
    }
}",4
"public class ISUPPERCASELETTER {
/**
     * Returns true if the given character is an uppercase letter (A-Z).
     * 
     * @param ch
     *            the character to test
     * 
     * @return true or false
     */
    private static boolean isUppercaseLetter(char ch) {
        return ('A' <= ch && ch <= 'Z');
    }
}",2
"public class ISLOWERCASELETTER {
/**
     * Returns true if the given character is a lowercase letter (a-z).
     * 
     * @param ch
     *            the character to test
     * 
     * @return true or false
     */
    private static boolean isLowercaseLetter(char ch) {
        return ('a' <= ch && ch <= 'z');
    }
}",2
"public class RAIL {
/**
     * Rails an int. flite never returns an int more than 19 from a feature
     * processor, we duplicate that behavior here so that our tests will match.
     * 
     * @param val
     *            the value to rail
     * 
     * @return val clipped to be between 0 and 19
     */
    private static int rail(int val)
    {
        return val > 19 ? 19 : val;
    }
}",1
"public class BYTESWAP {
/**
     * @see marytts.util.data.audio.WavWriter#byteswap(int)
     */
    protected int byteswap(int val) {
        return (((val & 0xff000000) >>> 24) + ((val & 0x00ff0000) >>> 8) + ((val & 0x0000ff00) << 8) + ((val & 0x000000ff) << 24));
    }
}",1
"public class BYTESWAP {
/**
     * @see marytts.util.data.audio.WavWriter#byteswap(short)
     */
    protected short byteswap(short val) {
        return ((short) ((((int) (val) & 0xff00) >>> 8) + (((int) (val) & 0x00ff) << 8)));
    }
}",1
"public class COST {
/** Cost computation: a simple absolute value of
         * a subtraction. */
        public double cost( double a, double b ) {
            return( a > b ? (a-b) : (b-a) );
            /* (Measuring which one is bigger replaces
             *  a costly Math.abs() operation.) */
        }
}",1
"public class HYPOT {
/** sqrt(a^2 + b^2) without under/overflow. **/



   public static double hypot(double a, double b) {

      double r;

      if (Math.abs(a) > Math.abs(b)) {

         r = b/a;

         r = Math.abs(a)*Math.sqrt(1+r*r);

      } else if (b != 0) {

         r = a/b;

         r = Math.abs(b)*Math.sqrt(1+r*r);

      } else {

         r = 0.0;

      }

      return r;

   }
}",3
"public class BANDWIDTH2KERNELLENGTH {
/**
     * Convert from normalisedTransitionBandwidth to filter kernel length,
     * using the approximate formula l = 4/bw. 
     * @param normalisedTransitionBandwidth
     * @return the corresponding filter kernel length (guaranteed to be an odd number).
     */
    protected static int bandwidth2kernelLength(double normalisedTransitionBandwidth)
    {
        int l = (int) (4/normalisedTransitionBandwidth);
        // kernel length must be odd:
        if (l%2==0) l++;
        return l;
    }
}",2
"public class KERNELLENGTH2BANDWIDTH {
/**
     * Convert from filter kernel length to normalisedTransitionBandwidth,
     * using the approximate formula l = 4/bw. 
     * @param kernelLength
     * @return the corresponding normalised transition bandwidth.
     */
    protected static double kernelLength2bandwidth(int kernelLength)
    {
        return (double) 4/kernelLength;
    }
}",1
"public class BANDWIDTH2KERNELLENGTH {
/**
     * Convert from normalisedTransitionBandwidth to filter kernel length,
     * using the approximate formula l = 4/bw. 
     * @param normalisedTransitionBandwidth
     * @return the corresponding filter kernel length (guaranteed to be an odd number).
     */
    protected static int bandwidth2kernelLength(double normalisedTransitionBandwidth)
    {
        int l = (int) (4/normalisedTransitionBandwidth);
        // kernel length must be odd:
        if (l%2==0) l++;
        return l;
    }
}",2
"public class KERNELLENGTH2BANDWIDTH {
/**
     * Convert from filter kernel length to normalisedTransitionBandwidth,
     * using the approximate formula l = 4/bw. 
     * @param kernelLength
     * @return the corresponding normalised transition bandwidth.
     */
    protected static double kernelLength2bandwidth(int kernelLength)
    {
        return (double) 4/kernelLength;
    }
}",1
"public class BANDWIDTH2KERNELLENGTH {
/**
     * Convert from normalisedTransitionBandwidth to filter kernel length,
     * using the approximate formula l = 4/bw. 
     * @param normalisedTransitionBandwidth
     * @return the corresponding filter kernel length (guaranteed to be an odd number).
     */
    protected static int bandwidth2kernelLength(double normalisedTransitionBandwidth)
    {
        int l = (int) (4/normalisedTransitionBandwidth);
        // kernel length must be odd:
        if (l%2==0) l++;
        return l;
    }
}",2
"public class KERNELLENGTH2BANDWIDTH {
/**
     * Convert from filter kernel length to normalisedTransitionBandwidth,
     * using the approximate formula l = 4/bw. 
     * @param kernelLength
     * @return the corresponding normalised transition bandwidth.
     */
    protected static double kernelLength2bandwidth(int kernelLength)
    {
        return (double) 4/kernelLength;
    }
}",1
"public class BANDWIDTH2KERNELLENGTH {
/**
     * Convert from normalisedTransitionBandwidth to filter kernel length,
     * using the approximate formula l = 4/bw. 
     * @param normalisedTransitionBandwidth
     * @return the corresponding filter kernel length (guaranteed to be an odd number).
     */
    protected static int bandwidth2kernelLength(double normalisedTransitionBandwidth)
    {
        int l = (int) (4/normalisedTransitionBandwidth);
        // kernel length must be odd:
        if (l%2==0) l++;
        return l;
    }
}",2
"public class KERNELLENGTH2BANDWIDTH {
/**
     * Convert from filter kernel length to normalisedTransitionBandwidth,
     * using the approximate formula l = 4/bw. 
     * @param kernelLength
     * @return the corresponding normalised transition bandwidth.
     */
    protected static double kernelLength2bandwidth(int kernelLength)
    {
        return (double) 4/kernelLength;
    }
}",1
"public class BYTESWAP {
/**
     * Byte swapping for int values.
     * 
     * @param val
     * @return
     */
    private static int byteswap( int val ) {
        return( ( (val & 0xff000000) >>> 24)
                 + ( (val & 0x00ff0000) >>> 8)
                 + ( (val & 0x0000ff00) << 8)
                 + ( (val & 0x000000ff) << 24) );
     }
}",1
"public class BYTESWAP {
/**
     * Byte swapping for short values.
     * 
     * @param val
     * @return
     */
     private static short byteswap( short val ) {
         return( (short)(
                 ( ((int)(val) & 0xff00) >>> 8 )
                 +
                 ( ((int)(val) & 0x00ff) << 8)
                 )
               );
     }
}",1
"public class TRIMTORANGE {
/**
     * Trim the given value so that it is in the closed interval [min, max].
     * @param untrimmedValue
     * @param min
     * @param max
     * @return min if untrimmedValue is less than min; max if untrimmedValue is more than max; untrimmedValue otherwise.
     */
    public static double trimtorange(double untrimmedValue, double min, double max) {
        return Math.max(min, Math.min(max, untrimmedValue));
    }
}",1
"public class HZ2BARK {
/**
     * Since there is no asinh in Math, here it is used its definition:
     * asinh(x) = ln( x + sqrt(x^2+1) )
     * This function is used in fft2barkmx()
     */
    public static double hz2bark(double freqInHz)
    {
        // if should be: return 6 * asinh(f/600);
        double f = freqInHz/600;
        return 6 * Math.log( f + Math.sqrt((f*f)+1) );
    }
}",1
"public class HEXDIGITPOSTFIX {
/**
     * Hex digit postfix.
     * 
     * @param ch
     *        the ch
     * @return true, if successful
     */
    public boolean hexdigitpostfix(char ch) {
        switch (ch) {
            case 'A':
            case 'B':
            case 'C':
            case 'D':
            case 'E':
            case 'F':
            case 'a':
            case 'b':
            case 'c':
            case 'd':
            case 'e':
            case 'f':
                return true;
            default:
                return false;
        }
    }
}",2
"public class ZETASTATIC {
/**
	 * Compute the zeta constant needed for the distribution. Do this
	 * incrementally for a distribution that has n items now but used to have st
	 * items. Use the zipfian constant theta. Remember the new value of n so
	 * that if we change the itemcount, we'll know to recompute zeta.
	 * 
	 * @param st
	 *            The number of items used to compute the last initialsum
	 * @param n
	 *            The number of items to compute zeta over.
	 * @param theta
	 *            The zipfian constant.
	 * @param initialsum
	 *            The value of zeta we are computing incrementally from.
	 */
	static double zetastatic(long st, long n, double theta, double initialsum) {
		double sum = initialsum;
		for (long i = st; i < n; i++) {

			sum += 1 / (Math.pow(i + 1, theta));
		}

		// System.out.println(""countforzeta=""+countforzeta);

		return sum;
	}
}",2
"public class GETSKYCOLORBYTEMP {
/**
     * takes temperature, returns color
     */
    public int getskycolorbytemp(float par1)
    {
        par1 /= 3F;

        if (par1 < -1F)
        {
            par1 = -1F;
        }

        if (par1 > 1.0F)
        {
            par1 = 1.0F;
        }

        return java.awt.Color.getHSBColor(0.6222222F - par1 * 0.05F, 0.5F + par1 * 0.1F, 1.0F).getRGB();
    }
}",3
"public class GETSKYCOLORBYTEMP {
/**
     * takes temperature, returns color
     */
    public int getskycolorbytemp(float par1)
    {
        return 0;
    }
}",1
"public class DAMAGEDROPPED {
/**
     * Determines the damage on the item the block drops. Used in cloth and wood.
     */
    protected int damageDropped(int par1)
    {
        return 0;
    }
}",1
"public class GETRENDERCOLOR {
/**
     * Returns the color this block should be rendered. Used by leaves.
     */
    public int getrendercolor(int par1)
    {
        return 0xffffff;
    }
}",1
"public class ISBLOCKFOOTOFBED {
/**
     * Returns whether or not this bed block is the foot of the bed.
     */
    public static boolean isblockfootofbed(int par0)
    {
        return (par0 & 8) != 0;
    }
}",1
"public class ISBEDOCCUPIED {
/**
     * Return whether or not the bed is occupied.
     */
    public static boolean isbedoccupied(int par0)
    {
        return (par0 & 4) != 0;
    }
}",1
"public class GETBLOCKTEXTUREFROMSIDEANDMETADATA {
/**
     * From the specified side and block metadata retrieves the blocks texture. Args: side, metadata
     */
    public int getblocktexturefromsideandmetadata(int par1, int par2)
    {
        if (par1 == 1)
        {
            return 138;
        }

        return par1 != 0 ? 154 : 155;
    }
}",2
"public class DAMAGEDROPPED {
/**
     * Determines the damage on the item the block drops. Used in cloth and wood.
     */
    protected int damageDropped(int par1)
    {
        return par1;
    }
}",1
"public class GETBLOCKFROMDYE {
/**
     * Takes a dye damage value and returns the block damage value to match
     */
    public static int getblockfromdye(int par0)
    {
        return ~par0 & 0xf;
    }
}",1
"public class GETDYEFROMBLOCK {
/**
     * Takes a block damage value and returns the dye damage value to match
     */
    public static int getdyefromblock(int par0)
    {
        return ~par0 & 0xf;
    }
}",1
"public class GETDIRECTION {
/**
     * Returns the orentation value from the specified metadata
     */
    public static int getdirection(int par0)
    {
        return par0 & 3;
    }
}",1
"public class ISENDEREYEINSERTED {
/**
     * checks if an ender eye has been inserted into the frame block. parameters: metadata
     */
    public static boolean isendereyeinserted(int par0)
    {
        return (par0 & 4) != 0;
    }
}",1
"public class ISFENCEGATEOPEN {
/**
     * Returns if the fence gate is open according to its metadata.
     */
    public static boolean isfencegateopen(int par0)
    {
        return (par0 & 4) != 0;
    }
}",1
"public class GETFLUIDHEIGHTPERCENT {
/**
     * Returns the percentage of the fluid block that is air, based on the given flow decay of the fluid.
     */
    public static float getfluidheightpercent(int par0)
    {
        if (par0 >= 8)
        {
            par0 = 0;
        }

        float f = (float)(par0 + 1) / 9F;
        return f;
    }
}",2
"public class CANCOLLIDECHECK {
/**
     * Returns whether this block is collideable based on the arguments passed in Args: blockMetaData, unknownFlag
     */
    public boolean cancollidecheck(int par1, boolean par2)
    {
        return par2 && par1 == 0;
    }
}",2
"public class GETBLOCKTEXTUREFROMSIDEANDMETADATA {
/**
     * From the specified side and block metadata retrieves the blocks texture. Args: side, metadata
     */
    public int getblocktexturefromsideandmetadata(int par1, int par2)
    {
        if (par1 == 1)
        {
            return 0;
        }

        return par1 != 0 ? 3 : 2;
    }
}",2
"public class DAMAGEDROPPED {
/**
     * Determines the damage on the item the block drops. Used in cloth and wood.
     */
    protected int damageDropped(int par1)
    {
        return par1 & 3;
    }
}",1
"public class GETRENDERCOLOR {
/**
     * Returns the color this block should be rendered. Used by leaves.
     */
    public int getrendercolor(int par1)
    {
        return 0x208030;
    }
}",1
"public class GETBLOCKTEXTUREFROMSIDEANDMETADATA {
/**
     * From the specified side and block metadata retrieves the blocks texture. Args: side, metadata
     */
    public int getblocktexturefromsideandmetadata(int par1, int par2)
    {
        if (par1 == 1)
        {
            return 21;
        }

        if (par1 == 0)
        {
            return 21;
        }

        if (par2 == 1)
        {
            return 116;
        }

        if (par2 == 2)
        {
            return 117;
        }

        return par2 != 3 ? 20 : 153;
    }
}",5
"public class DAMAGEDROPPED {
/**
     * Determines the damage on the item the block drops. Used in cloth and wood.
     */
    protected int damageDropped(int par1)
    {
        return par1;
    }
}",1
"public class GETBLOCKTEXTUREFROMSIDEANDMETADATA {
/**
     * From the specified side and block metadata retrieves the blocks texture. Args: side, metadata
     */
    public int getblocktexturefromsideandmetadata(int par1, int par2)
    {
        return par1 != 1 && par1 != 0 ? 136 : 137;
    }
}",2
"public class GETBLOCKTEXTUREFROMSIDE {
/**
     * Returns the block texture based on the side being looked at.  Args: side
     */
    public int getblocktexturefromside(int par1)
    {
        return par1 != 1 && par1 != 0 ? 136 : 137;
    }
}",2
"public class GETBLOCKTEXTUREFROMSIDEANDMETADATA {
/**
     * From the specified side and block metadata retrieves the blocks texture. Args: side, metadata
     */
    public int getblocktexturefromsideandmetadata(int par1, int par2)
    {
        if (par1 == 1)
        {
            return 78;
        }

        return par1 != 0 ? 77 : 2;
    }
}",2
"public class GETORIENTATION {
/**
     * returns an int which describes the direction the piston faces
     */
    public static int getorientation(int par0)
    {
        return par0 & 7;
    }
}",1
"public class ISEXTENDED {
/**
     * Determine if the metadata is related to something powered.
     */
    public static boolean isextended(int par0)
    {
        return (par0 & 8) != 0;
    }
}",1
"public class GETBLOCKTEXTUREFROMSIDEANDMETADATA {
/**
     * From the specified side and block metadata retrieves the blocks texture. Args: side, metadata
     */
    public int getblocktexturefromsideandmetadata(int par1, int par2)
    {
        if (par1 == 1 || par1 == 0 && (par2 == 1 || par2 == 2))
        {
            return 176;
        }

        if (par1 == 0)
        {
            return 208;
        }

        if (par2 == 1)
        {
            return 229;
        }

        return par2 != 2 ? 192 : 230;
    }
}",7
"public class DAMAGEDROPPED {
/**
     * Determines the damage on the item the block drops. Used in cloth and wood.
     */
    protected int damageDropped(int par1)
    {
        return par1;
    }
}",1
"public class DAMAGEDROPPED {
/**
     * Determines the damage on the item the block drops. Used in cloth and wood.
     */
    protected int damageDropped(int par1)
    {
        return par1 & 3;
    }
}",1
"public class GETRENDERCOLOR {
/**
     * Returns the color this block should be rendered. Used by leaves.
     */
    public int getrendercolor(int par1)
    {
        int i = par1 * 32;
        int j = 255 - par1 * 8;
        int k = par1 * 4;
        return i << 16 | j << 8 | k;
    }
}",1
"public class DAMAGEDROPPED {
/**
     * Determines the damage on the item the block drops. Used in cloth and wood.
     */
    protected int damageDropped(int par1)
    {
        return par1 & 7;
    }
}",1
"public class GETBLOCKTEXTUREFROMSIDEANDMETADATA {
/**
     * From the specified side and block metadata retrieves the blocks texture. Args: side, metadata
     */
    public int getblocktexturefromsideandmetadata(int par1, int par2)
    {
        switch (par2)
        {
            default:
                return 54;

            case 1:
                return 100;

            case 2:
                return 101;

            case 3:
                return 213;
        }
    }
}",2
"public class DAMAGEDROPPED {
/**
     * Determines the damage on the item the block drops. Used in cloth and wood.
     */
    protected int damageDropped(int par1)
    {
        return par1;
    }
}",1
"public class GETBLOCKTEXTUREFROMSIDEANDMETADATA {
/**
     * From the specified side and block metadata retrieves the blocks texture. Args: side, metadata
     */
    public int getblocktexturefromsideandmetadata(int par1, int par2)
    {
        switch (par2)
        {
            default:
                return 4;

            case 1:
                return 198;

            case 2:
                return 214;

            case 3:
                return 199;
        }
    }
}",2
"public class DAMAGEDROPPED {
/**
     * Determines the damage on the item the block drops. Used in cloth and wood.
     */
    protected int damageDropped(int par1)
    {
        return par1;
    }
}",1
"public class CHUNKXZ2INT {
/**
     * converts a chunk coordinate pair to an integer (suitable for hashing)
     */
    public static long chunkxz2int(int par0, int par1)
    {
        long l = par0;
        long l1 = par1;
        return l & 0xffffffffL | (l1 & 0xffffffffL) << 32;
    }
}",1
"public class CHUNKEXISTS {
/**
     * Checks to see if a chunk exists at x, y
     */
    public boolean chunkexists(int par1, int par2)
    {
        return true;
    }
}",1
"public class CHUNKEXISTS {
/**
     * Checks to see if a chunk exists at x, y
     */
    public boolean chunkexists(int par1, int par2)
    {
        return true;
    }
}",1
"public class CHUNKEXISTS {
/**
     * Checks to see if a chunk exists at x, y
     */
    public boolean chunkexists(int par1, int par2)
    {
        return true;
    }
}",1
"public class CHUNKEXISTS {
/**
     * Checks to see if a chunk exists at x, y
     */
    public boolean chunkexists(int par1, int par2)
    {
        return true;
    }
}",1
"public class CHUNKEXISTS {
/**
     * Checks to see if a chunk exists at x, y
     */
    public boolean chunkexists(int par1, int par2)
    {
        return true;
    }
}",1
"public class GETVILLAGERTYPE {
/**
     * Returns the villager type to spawn in this component, based on the number of villagers already spawned.
     */
    protected int getVillagerType(int par1)
    {
        return 0;
    }
}",1
"public class GETVILLAGERTYPE {
/**
     * Returns the villager type to spawn in this component, based on the number of villagers already spawned.
     */
    protected int getVillagerType(int par1)
    {
        return 2;
    }
}",1
"public class GETVILLAGERTYPE {
/**
     * Returns the villager type to spawn in this component, based on the number of villagers already spawned.
     */
    protected int getVillagerType(int par1)
    {
        return par1 != 0 ? 0 : 4;
    }
}",1
"public class GETVILLAGERTYPE {
/**
     * Returns the villager type to spawn in this component, based on the number of villagers already spawned.
     */
    protected int getVillagerType(int par1)
    {
        return 1;
    }
}",1
"public class GETVILLAGERTYPE {
/**
     * Returns the villager type to spawn in this component, based on the number of villagers already spawned.
     */
    protected int getVillagerType(int par1)
    {
        return 3;
    }
}",1
"public class GETHEIGHTVALUE {
/**
     * Returns the value in the height map at this x, z coordinate in the chunk
     */
    public int getheightvalue(int par1, int par2)
    {
        return 0;
    }
}",1
"public class GETBLOCKID {
/**
     * Return the ID of a block in the chunk.
     */
    public int getblockid(int par1, int par2, int par3)
    {
        return 0;
    }
}",1
"public class SETBLOCKIDWITHMETADATA {
/**
     * Sets a blockID of a position within a chunk with metadata. Args: x, y, z, blockID, metadata
     */
    public boolean setblockidwithmetadata(int par1, int par2, int par3, int i, int j)
    {
        return true;
    }
}",1
"public class SETBLOCKID {
/**
     * Sets a blockID for a position in the chunk. Args: x, y, z, blockID
     */
    public boolean setblockid(int par1, int par2, int par3, int i)
    {
        return true;
    }
}",1
"public class GETBLOCKMETADATA {
/**
     * Return the metadata corresponding to the given coordinates inside a chunk.
     */
    public int getblockmetadata(int par1, int par2, int par3)
    {
        return 0;
    }
}",1
"public class SETBLOCKMETADATA {
/**
     * Set the metadata of a block in the chunk
     */
    public boolean setblockmetadata(int par1, int par2, int par3, int i)
    {
        return false;
    }
}",1
"public class GETBLOCKLIGHTVALUE {
/**
     * Gets the amount of light on a block taking into account sunlight
     */
    public int getblocklightvalue(int par1, int par2, int par3, int i)
    {
        return 0;
    }
}",1
"public class CANBLOCKSEETHESKY {
/**
     * Returns whether is not a block above this one blocking sight to the sky (done via checking against the heightmap)
     */
    public boolean canblockseethesky(int par1, int par2, int par3)
    {
        return false;
    }
}",1
"public class NEEDSSAVING {
/**
     * Returns true if this Chunk needs to be saved
     */
    public boolean needssaving(boolean par1)
    {
        return false;
    }
}",1
"public class GETARELEVELSEMPTY {
/**
     * Returns whether the ExtendedBlockStorages containing levels (in blocks) from arg 1 to arg 2 are fully empty
     * (true) or not (false).
     */
    public boolean getarelevelsempty(int par1, int par2)
    {
        return true;
    }
}",1
"public class GETMINENCHANTABILITY {
/**
     * Returns the minimal value of enchantability nedded on the enchantment level passed.
     */
    public int getminenchantability(int par1)
    {
        return 1 + par1 * 10;
    }
}",1
"public class GETMINENCHANTABILITY {
/**
     * Returns the minimal value of enchantability nedded on the enchantment level passed.
     */
    public int getminenchantability(int par1)
    {
        return 1 + (par1 - 1) * 10;
    }
}",1
"public class GETMINENCHANTABILITY {
/**
     * Returns the minimal value of enchantability nedded on the enchantment level passed.
     */
    public int getminenchantability(int par1)
    {
        return 20;
    }
}",1
"public class GETMAXENCHANTABILITY {
/**
     * Returns the maximum value of enchantability nedded on the enchantment level passed.
     */
    public int getmaxenchantability(int par1)
    {
        return 50;
    }
}",1
"public class GETMINENCHANTABILITY {
/**
     * Returns the minimal value of enchantability nedded on the enchantment level passed.
     */
    public int getminenchantability(int par1)
    {
        return 20;
    }
}",1
"public class GETMAXENCHANTABILITY {
/**
     * Returns the maximum value of enchantability nedded on the enchantment level passed.
     */
    public int getmaxenchantability(int par1)
    {
        return 50;
    }
}",1
"public class GETMINENCHANTABILITY {
/**
     * Returns the minimal value of enchantability nedded on the enchantment level passed.
     */
    public int getminenchantability(int par1)
    {
        return 12 + (par1 - 1) * 20;
    }
}",1
"public class GETMINENCHANTABILITY {
/**
     * Returns the minimal value of enchantability nedded on the enchantment level passed.
     */
    public int getminenchantability(int par1)
    {
        return 1 + 15 * (par1 - 1);
    }
}",1
"public class GETMINENCHANTABILITY {
/**
     * Returns the minimal value of enchantability nedded on the enchantment level passed.
     */
    public int getminenchantability(int par1)
    {
        return 5 + (par1 - 1) * 10;
    }
}",1
"public class GETMINENCHANTABILITY {
/**
     * Returns the minimal value of enchantability nedded on the enchantment level passed.
     */
    public int getminenchantability(int par1)
    {
        return 10 + 20 * (par1 - 1);
    }
}",1
"public class GETMINENCHANTABILITY {
/**
     * Returns the minimal value of enchantability nedded on the enchantment level passed.
     */
    public int getminenchantability(int par1)
    {
        return 5 + 20 * (par1 - 1);
    }
}",1
"public class GETMINENCHANTABILITY {
/**
     * Returns the minimal value of enchantability nedded on the enchantment level passed.
     */
    public int getminenchantability(int par1)
    {
        return 20 + (par1 - 1) * 12;
    }
}",1
"public class GETMINENCHANTABILITY {
/**
     * Returns the minimal value of enchantability nedded on the enchantment level passed.
     */
    public int getminenchantability(int par1)
    {
        return 10 * par1;
    }
}",1
"public class GETMINENCHANTABILITY {
/**
     * Returns the minimal value of enchantability nedded on the enchantment level passed.
     */
    public int getminenchantability(int par1)
    {
        return 25;
    }
}",1
"public class GETMINENCHANTABILITY {
/**
     * Returns the minimal value of enchantability nedded on the enchantment level passed.
     */
    public int getminenchantability(int par1)
    {
        return 1;
    }
}",1
"public class GETBRIGHTNESS {
/**
     * Gets how bright this entity is.
     */
    public float getbrightness(float par1)
    {
        return 1.0F;
    }
}",1
"public class GETBLOCKPATHWEIGHT {
/**
     * Takes a coordinate in and returns a weight to determine how likely this creature will try to path to the block.
     * Args: x, y, z
     */
    public float getblockpathweight(int par1, int par2, int par3)
    {
        return 0.0F;
    }
}",1
"public class SIMPLIFYANGLE {
/**
     * Simplifies the value of a number by adding/subtracting 180 to the point that the number is between -180 and 180.
     */
    private float simplifyAngle(double par1)
    {
        for (; par1 >= 180D; par1 -= 360D) { }

        for (; par1 < -180D; par1 += 360D) { }

        return (float)par1;
    }
}",3
"public class GETBRIGHTNESS {
/**
     * Gets how bright this entity is.
     */
    public float getbrightness(float par1)
    {
        return 1.0F;
    }
}",1
"public class GETBRIGHTNESS {
/**
     * Gets how bright this entity is.
     */
    public float getbrightness(float par1)
    {
        return 1.0F;
    }
}",1
"public class DECREASEAIRSUPPLY {
/**
     * Decrements the entity's air supply when underwater
     */
    protected int decreaseAirSupply(int par1)
    {
        return par1;
    }
}",1
"public class GETBRIGHTNESS {
/**
     * Gets how bright this entity is.
     */
    public float getbrightness(float par1)
    {
        return 1.0F;
    }
}",1
"public class DECREASEAIRSUPPLY {
/**
     * Decrements the entity's air supply when underwater
     */
    protected int decreaseAirSupply(int par1)
    {
        return par1 - 1;
    }
}",1
"public class UPDATEROTATION {
/**
     * Arguments: current rotation, intended rotation, max increment.
     */
    private float updateRotation(float par1, float par2, float par3)
    {
        float f;

        for (f = par2 - par1; f < -180F; f += 360F) { }

        for (; f >= 180F; f -= 360F) { }

        if (f > par3)
        {
            f = par3;
        }

        if (f < -par3)
        {
            f = -par3;
        }

        return par1 + f;
    }
}",5
"public class GETBRIGHTNESS {
/**
     * Gets how bright this entity is.
     */
    public float getbrightness(float par1)
    {
        return 1.0F;
    }
}",1
"public class GETXPSPLIT {
/**
     * Get xp split rate (Is called until the xp drop code in EntityLiving.onEntityUpdate is complete)
     */
    public static int getxpsplit(int par0)
    {
        if (par0 >= 2477)
        {
            return 2477;
        }

        if (par0 >= 1237)
        {
            return 1237;
        }

        if (par0 >= 617)
        {
            return 617;
        }

        if (par0 >= 307)
        {
            return 307;
        }

        if (par0 >= 149)
        {
            return 149;
        }

        if (par0 >= 73)
        {
            return 73;
        }

        if (par0 >= 37)
        {
            return 37;
        }

        if (par0 >= 17)
        {
            return 17;
        }

        if (par0 >= 7)
        {
            return 7;
        }

        return par0 < 3 ? 1 : 3;
    }
}",10
"public class GETHOVERSTATE {
/**
     * Returns 0 if the button is disabled, 1 if the mouse is NOT hovering over this button and 2 if it IS hovering over
     * this button.
     */
    protected int getHoverState(boolean par1)
    {
        return 0;
    }
}",1
"public class ISSELECTED {
/**
     * returns true if the element passed in is currently selected
     */
    protected boolean isSelected(int par1)
    {
        return false;
    }
}",1
"public class ISSELECTED {
/**
     * returns true if the element passed in is currently selected
     */
    protected boolean isSelected(int par1)
    {
        return false;
    }
}",1
"public class COMPUTEHASH {
/**
     * Makes the passed in integer suitable for hashing by a number of shifts
     */
    private static int computeHash(int par0)
    {
        par0 ^= par0 >>> 20 ^ par0 >>> 12;
        return par0 ^ par0 >>> 7 ^ par0 >>> 4;
    }
}",1
"public class GETSLOTINDEX {
/**
     * Computes the index of the slot for the hash and slot count passed in.
     */
    private static int getSlotIndex(int par0, int par1)
    {
        return par0 & par1 - 1;
    }
}",1
"public class GETMETADATA {
/**
     * Returns the metadata of the block which this Item (ItemBlock) can place
     */
    public int getmetadata(int par1)
    {
        return 0;
    }
}",1
"public class GETMETADATA {
/**
     * Returns the metadata of the block which this Item (ItemBlock) can place
     */
    public int getmetadata(int par1)
    {
        return par1;
    }
}",1
"public class GETMETADATA {
/**
     * Returns the metadata of the block which this Item (ItemBlock) can place
     */
    public int getmetadata(int par1)
    {
        return par1;
    }
}",1
"public class GETMETADATA {
/**
     * Returns the metadata of the block which this Item (ItemBlock) can place
     */
    public int getmetadata(int par1)
    {
        return par1 | 4;
    }
}",1
"public class GETMETADATA {
/**
     * Returns the metadata of the block which this Item (ItemBlock) can place
     */
    public int getmetadata(int par1)
    {
        return par1;
    }
}",1
"public class GETMETADATA {
/**
     * Returns the metadata of the block which this Item (ItemBlock) can place
     */
    public int getmetadata(int par1)
    {
        return 7;
    }
}",1
"public class ISSPLASH {
/**
     * returns wether or not a potion is a throwable splash potion based on damage value
     */
    public static boolean issplash(int par0)
    {
        return (par0 & 0x4000) != 0;
    }
}",1
"public class GETMETADATA {
/**
     * Returns the metadata of the block which this Item (ItemBlock) can place
     */
    public int getmetadata(int par1)
    {
        return par1;
    }
}",1
"public class GETMETADATA {
/**
     * Returns the metadata of the block which this Item (ItemBlock) can place
     */
    public int getmetadata(int par1)
    {
        return par1;
    }
}",1
"public class HASH {
/**
     * the hash function
     */
    private static int hash(int par0)
    {
        par0 ^= par0 >>> 20 ^ par0 >>> 12;
        return par0 ^ par0 >>> 7 ^ par0 >>> 4;
    }
}",1
"public class GETHASHINDEX {
/**
     * gets the index in the hash given the array length and the hashed key
     */
    private static int getHashIndex(int par0, int par1)
    {
        return par0 & par1 - 1;
    }
}",1
"public class FLOOR_FLOAT {
/**
     * Returns the greatest integer less than or equal to the float argument
     */
    public static int floor_float(float par0)
    {
        int i = (int)par0;
        return par0 >= (float)i ? i : i - 1;
    }
}",1
"public class FLOOR_DOUBLE {
/**
     * Returns the greatest integer less than or equal to the double argument
     */
    public static int floor_double(double par0)
    {
        int i = (int)par0;
        return par0 >= (double)i ? i : i - 1;
    }
}",1
"public class FLOOR_DOUBLE_LONG {
/**
     * Long version of floor_double
     */
    public static long floor_double_long(double par0)
    {
        long l = (long)par0;
        return par0 >= (double)l ? l : l - 1L;
    }
}",1
"public class CLAMP_INT {
/**
     * Returns the value of the first parameter, clamped to be within the lower and upper limits given by the second and
     * third parameters.
     */
    public static int clamp_int(int par0, int par1, int par2)
    {
        if (par0 < par1)
        {
            return par1;
        }

        if (par0 > par2)
        {
            return par2;
        }
        else
        {
            return par0;
        }
    }
}",3
"public class CLAMP_FLOAT {
/**
     * Returns the value of the first parameter, clamped to be within the lower and upper limits given by the second and
     * third parameters
     */
    public static float clamp_float(float par0, float par1, float par2)
    {
        if (par0 < par1)
        {
            return par1;
        }

        if (par0 > par2)
        {
            return par2;
        }
        else
        {
            return par0;
        }
    }
}",3
"public class ABS_MAX {
/**
     * Maximum of the absolute value of two numbers.
     */
    public static double abs_max(double par0, double par2)
    {
        if (par0 < 0.0D)
        {
            par0 = -par0;
        }

        if (par2 < 0.0D)
        {
            par2 = -par2;
        }

        return par0 <= par2 ? par2 : par0;
    }
}",3
"public class BUCKETINT {
/**
     * Buckets an integer with specifed bucket sizes.  Args: i, bucketSize
     */
    public static int bucketint(int par0, int par1)
    {
        if (par0 < 0)
        {
            return -((-par0 - 1) / par1) - 1;
        }
        else
        {
            return par0 / par1;
        }
    }
}",2
"public class UPDATEROTATIONS {
/**
     * Updates the rotations in the parameters for rotations greater than 180 degrees or less than -180 degrees. It adds
     * or subtracts 360 degrees, so that the appearance is the same, although the numbers are then simplified to range
     * -180 to 180
     */
    private float updateRotations(double par1)
    {
        for (; par1 >= 180D; par1 -= 360D) { }

        for (; par1 < -180D; par1 += 360D) { }

        return (float)par1;
    }
}",3
"public class ISREADY {
/**
     * checks if Potion effect is ready to be applied this tick.
     */
    public boolean isready(int par1, int par2)
    {
        return par1 >= 1;
    }
}",1
"public class CHECKFLAG {
/**
     * Is the bit given set to 1?
     */
    public static boolean checkflag(int par0, int par1)
    {
        return (par0 & 1 << par1) != 0;
    }
}",1
"public class COUNTSETFLAGS {
/**
     * Count the number of bits in an integer set to ON.
     */
    private static int countSetFlags(int par0)
    {
        int i;

        for (i = 0; par0 > 0; i++)
        {
            par0 &= par0 - 1;
        }

        return i;
    }
}",2
"public class OUTOFBOUNDS {
/**
     * args: x, z - check region bounds
     */
    private boolean outOfBounds(int par1, int par2)
    {
        return par1 < 0 || par1 >= 32 || par2 < 0 || par2 >= 32;
    }
}",4
"public class GETAOBRIGHTNESS {
/**
     * Get ambient occlusion brightness
     */
    private int getAoBrightness(int par1, int par2, int par3, int par4)
    {
        if (par1 == 0)
        {
            par1 = par4;
        }

        if (par2 == 0)
        {
            par2 = par4;
        }

        if (par3 == 0)
        {
            par3 = par4;
        }

        return par1 + par2 + par3 + par4 >> 2 & 0xff00ff;
    }
}",4
"public class RENDERITEMIN3D {
/**
     * Checks to see if the item's render type indicates that it should be rendered as a regular block or not.
     */
    public static boolean renderitemin3d(int par0)
    {
        if (par0 == 0)
        {
            return true;
        }

        if (par0 == 13)
        {
            return true;
        }

        if (par0 == 10)
        {
            return true;
        }

        if (par0 == 11)
        {
            return true;
        }

        if (par0 == 27)
        {
            return true;
        }

        if (par0 == 22)
        {
            return true;
        }

        if (par0 == 21)
        {
            return true;
        }

        return par0 == 16;
    }
}",8
"public class ALPHABLEND {
/**
     * Uses the alpha of the two colors passed in to determine the contributions of each color.  If either of them has
     * an alpha greater than 0 then the returned alpha is 255 otherwise its zero if they are both zero. Args: color1,
     * color2
     */
    private int alphaBlend(int par1, int par2)
    {
        int i = (par1 & 0xff000000) >> 24 & 0xff;
        int j = (par2 & 0xff000000) >> 24 & 0xff;
        char c = '\377';

        if (i + j < 255)
        {
            c = '\0';
            i = 1;
            j = 1;
        }
        else if (i > j)
        {
            i = 255;
            j = 1;
        }
        else
        {
            i = 1;
            j = 255;
        }

        int k = (par1 >> 16 & 0xff) * i;
        int l = (par1 >> 8 & 0xff) * i;
        int i1 = (par1 & 0xff) * i;
        int j1 = (par2 >> 16 & 0xff) * j;
        int k1 = (par2 >> 8 & 0xff) * j;
        int l1 = (par2 & 0xff) * j;
        int i2 = (k + j1) / (i + j);
        int j2 = (l + k1) / (i + j);
        int k2 = (i1 + l1) / (i + j);
        return c << 24 | i2 << 16 | j2 << 8 | k2;
    }
}",3
"public class GETTEMPERATUREATHEIGHT {
/**
     * Return an adjusted version of a given temperature based on the y height
     */
    public float gettemperatureatheight(float par1, int par2)
    {
        return par1;
    }
}",1
"public class TICKUPDATES {
/**
     * Runs through the list of updates to run and ticks them
     */
    public boolean tickupdates(boolean par1)
    {
        return false;
    }
}",1
"public class CALCULATECELESTIALANGLE {
/**
     * Calculates the angle of sun and moon in the sky relative to a specified time (usually worldTime)
     */
    public float calculatecelestialangle(long par1, float par3)
    {
        int i = (int)(par1 % 24000L);
        float f = ((float)i + par3) / 24000F - 0.25F;

        if (f < 0.0F)
        {
            f++;
        }

        if (f > 1.0F)
        {
            f--;
        }

        float f1 = f;
        f = 1.0F - (float)((Math.cos((double)f * Math.PI) + 1.0D) / 2D);
        f = f1 + (f - f1) / 3F;
        return f;
    }
}",3
"public class CALCULATECELESTIALANGLE {
/**
     * Calculates the angle of sun and moon in the sky relative to a specified time (usually worldTime)
     */
    public float calculatecelestialangle(long par1, float par3)
    {
        return 0.0F;
    }
}",1
"public class CANCOORDINATEBESPAWN {
/**
     * Will check if the x, z position specified is alright to be set as the map spawn point
     */
    public boolean cancoordinatebespawn(int par1, int par2)
    {
        return false;
    }
}",1
"public class CALCULATECELESTIALANGLE {
/**
     * Calculates the angle of sun and moon in the sky relative to a specified time (usually worldTime)
     */
    public float calculatecelestialangle(long par1, float par3)
    {
        return 0.5F;
    }
}",1
"public class TOMAPUNIT {
/**
	 * A map unit is an integer value that is 1/(2^24) degrees of latitude or
	 * longitude.
	 *
	 * @param l The lat or long as decimal degrees.
	 * @return An integer value in map units.
	 */
	public static int tomapunit(double l) {
		double DELTA = 360.0D / (1 << 24) / 2; //Correct rounding
		if (l > 0)
			return (int) ((l + DELTA) * (1 << 24)/360);
		else
			return (int) ((l - DELTA) * (1 << 24)/360);
	}
}",2
"public class TODEGREES {
/**
	 * Convert an angle in map units to degrees.
	 */
	public static double todegrees(int val) {
		return (double) val * (360.0 / (1 << 24));
	}
}",1
"public class GETBYTEOFFSET {
/**
	 * Get the byte offset for the given bit number.
	 *
	 * @param boff The number of the bit in question.
	 * @return The index into the byte array where the bit resides.
	 */
	private int getByteOffset(int boff) {
		return boff/8;
	}
}",1
"public class GETSUBTYPEORTYPEFROMFULLTYPE {
/**
	 * Gets the subtype if there is one, else the type.
	 * @param fullType The type in the so-called 'full' format.
	 * @return If there is a subtype, then it is returned. Otherwise the type is returned.
	 */
	public static int getsubtypeortypefromfulltype(int fullType) {
		return fullType & 0xff;
	}
}",1
"public class ALPHAROUND4 {
/**
	 * Round alpha value to four bits.
	 * @param alpha The original alpha value eg 0xf0.
	 * @return Rounded alpha to four bits eg 0xe.
	 */
	static int alphaRound4(int alpha) {
		int top = (alpha >> 4) & 0xf;
		int low = alpha & 0xf;

		int diff = low-top;
		if (diff > 8)
			top++;
		else if (diff < -8)
			top--;
		return top;
	}
}",3
"public class TOYEARCODE {
/**
	 * Convert to the one byte code that is used for the year.
	 * If the year is in the 1900, then subtract 1900 and add the result to 0x63,
	 * else subtract 2000.
	 * Actually looks simpler, just subtract 1900..
	 * @param y The year in real-world format eg 2006.
	 * @return A one byte code representing the year.
	 */
	private byte toYearCode(int y) {
		return (byte) (y - 1900);
	}
}",1
"public class ISPOINTONLINE {
/**
	 * Checks if a point is on a line.
	 * 
	 * @param x0 x value of first point in line
	 * @param y0 y value of first point in line
	 * @param x1 x value of second point in line
	 * @param y1 y value of second point in line
	 * @param xt x value of target point
	 * @param yt y value of target point
	 * @return return true if point is on the line, false if the point isn't on the line
	 */
	private static boolean isPointOnLine(int x0, int y0, int x1, int y1, int xt, int yt) {
		// this implementation avoids using doubles
		// apply transformation points to change target point to (0,0)
		x0 -= xt;
		y0 -= yt;
		x1 -= xt;
		y1 -= yt;

		// ensure that x0 is smaller than x1 so that we can just check to see if the line intersects the y axis easily
		if (x0 > x1) {
			int xtemp = x0;
			int ytemp = y0;
			x0 = x1;
			y0 = y1;
			x1 = xtemp;
			y1 = ytemp;
		}

		// if a point is on the edge of shape (on a line), it's considered outside the shape
		// special case if line is on y-axis
		if (x0 == 0 && x1 == 0) {
			// ensure that y0 is smaller than y1 so that we can just check if the line intersects the x axis
			if (y0 > y1) {
				int ytemp = y0;
				y0 = y1;
				y1 = ytemp;
			}
			// test to see if we have a vertical line touches x-axis
			if (y0 <= 0 && y1 >= 0)
				return true;
			// checks if point is on the line, see comments in contain() for derivation of similar 
			// formula - left as an exercise to the reader ;)
		} else if ((x0 <= 0 && x1 >= 0) && (y0 * (x1 - x0)) == ((y1 - y0) * x0)) {
			return true;
		}
		return false;
	}
}",10
"public class CHARFLAGS {
/**
	 * The flags that describe the kind of character. Known ones
	 * are letter and digit. There may be others.
	 * @param cval The actual character (unicode).
	 * @return The flags that apply to it.
	 */
	private int charFlags(char cval) {
		int flags = 0;
		if (Character.isLetter(cval) && (Character.getType(cval) & Character.MODIFIER_LETTER) == 0)
			flags = 1;
		if (Character.isDigit(cval))
			flags = 2;
		return flags;
	}
}",4
"public class CONVERTHEXDIGIT {
/**
     * Convert a byte character value to hexidecimal digit value.
     *
     * @param b the character value byte
     */
    private static byte convertHexDigit( byte b ) {
        if ((b >= '0') && (b <= '9')) return (byte)(b - '0');
        if ((b >= 'a') && (b <= 'f')) return (byte)(b - 'a' + 10);
        if ((b >= 'A') && (b <= 'F')) return (byte)(b - 'A' + 10);
        return 0;
    }
}",7
"public class DEHEXCHAR {
/**
     * Get the hex value of a character (base16).
     * @param c A character between '0' and '9' or between 'A' and 'F' or
     * between 'a' and 'f'.
     * @return  An int between 0 and 15, or -1 if c was not a hex digit.
     */
    public static int dehexchar(char c) {
        if (c >= '0' && c <= '9') {
            return c - '0';
        }
        if (c >= 'A' && c <= 'F') {
            return c - ('A' - 10);
        }
        if (c >= 'a' && c <= 'f') {
            return c - ('a' - 10);
        }
        return -1;
    }
}",7
"public class ISWHITESPACE {
/**
     * Checks if a byte value is whitespace or not.
     * Whitespace is taken to mean: space, tab, CR, LF
     * @param byteToCheck
     *            the byte to check
     * @return true if byte is whitespace, false otherwise
     */
    protected static boolean isWhiteSpace(byte byteToCheck) {
        switch (byteToCheck) {
            case ' ' :
            case '\n' :
            case '\r' :
            case '\t' :
                return true;
            default :
                return false;
        }
    }
}",2
"public class ISCONTINUATIONCHAR {
/**
     * If the byte has the form 10xxxxx, then it's a continuation byte of a multiple byte character;
     *
     * @param b a byte.
     * @return true if it's a continuation char.
     */
    private static boolean isContinuationChar(byte b) {
        return -128 <= b && b <= -65;
    }
}",2
"public class ISTWOBYTESSEQUENCE {
/**
     * If the byte has the form 110xxxx, then it's the first byte of a two-bytes sequence character.
     *
     * @param b a byte.
     * @return true if it's the first byte of a two-bytes sequence.
     */
    private static boolean isTwoBytesSequence(byte b) {
        return -64 <= b && b <= -33;
    }
}",2
"public class ISTHREEBYTESSEQUENCE {
/**
     * If the byte has the form 1110xxx, then it's the first byte of a three-bytes sequence character.
     *
     * @param b a byte.
     * @return true if it's the first byte of a three-bytes sequence.
     */
    private static boolean isThreeBytesSequence(byte b) {
        return -32 <= b && b <= -17;
    }
}",2
"public class ISFOURBYTESSEQUENCE {
/**
     * If the byte has the form 11110xx, then it's the first byte of a four-bytes sequence character.
     *
     * @param b a byte.
     * @return true if it's the first byte of a four-bytes sequence.
     */
    private static boolean isFourBytesSequence(byte b) {
        return -16 <= b && b <= -9;
    }
}",2
"public class ISFIVEBYTESSEQUENCE {
/**
     * If the byte has the form 11110xx, then it's the first byte of a five-bytes sequence character.
     *
     * @param b a byte.
     * @return true if it's the first byte of a five-bytes sequence.
     */
    private static boolean isFiveBytesSequence(byte b) {
        return -8 <= b && b <= -5;
    }
}",2
"public class ISSIXBYTESSEQUENCE {
/**
     * If the byte has the form 1110xxx, then it's the first byte of a six-bytes sequence character.
     *
     * @param b a byte.
     * @return true if it's the first byte of a six-bytes sequence.
     */
    private static boolean isSixBytesSequence(byte b) {
        return -4 <= b && b <= -3;
    }
}",2
"public class SIGMOID {
/**
     * Computes a normalized sigmoid
     * @param x input value in the interval [0,1]
     */
    private double sigmoid(double x) {
        x = 12.0*x - 6.0;
        return (1.0 / (1.0 + Math.exp(-1.0 * x)));
    }
}",1
"public class PACE {
/**
     * Pacing function for providing there-and-back (periodic) transitions.
     * @see prefuse.activity.Pacer#pace(double)
     */
    public double pace(double f) {
        return 2*(f <= 0.5 ? f : (1-f));
    }
}",1
"public class ADDCHILD {
/**
     * Unsupported operation. Spanning trees should not be edited.
     * @see prefuse.data.Tree#addChild(int)
     */
    public int addchild(int parent) {
        throw new UnsupportedOperationException(
            ""Changes to tree structure not allowed for spanning trees."");
    }
}",1
"public class ADDCHILDEDGE {
/**
     * Unsupported operation. Spanning trees should not be edited.
     * @see prefuse.data.Tree#addChildEdge(int, int)
     */
    public int addchildedge(int parent, int child) {
        throw new UnsupportedOperationException(
            ""Changes to tree structure not allowed for spanning trees."");
    }
}",1
"public class REMOVECHILD {
/**
     * Unsupported operation. Spanning trees should not be edited.
     * @see prefuse.data.Tree#removeChild(int)
     */
    public boolean removechild(int node) {
        throw new UnsupportedOperationException(
            ""Changes to tree structure not allowed for spanning trees."");
    }
}",1
"public class REMOVECHILDEDGE {
/**
     * Unsupported operation. Spanning trees should not be edited.
     * @see prefuse.data.Tree#removeChildEdge(int)
     */
    public boolean removechildedge(int edge) {
        throw new UnsupportedOperationException(
            ""Changes to tree structure not allowed for spanning trees."");
    }
}",1
"public class ADDEDGE {
/**
     * Unsupported operation. Spanning trees should not be edited.
     * @see prefuse.data.Graph#addEdge(int, int)
     */
    public int addedge(int s, int t) {
        throw new UnsupportedOperationException(
            ""Changes to graph structure not allowed for spanning trees."");
    }
}",1
"public class REMOVEEDGE {
/**
     * Unsupported operation. Spanning trees should not be edited.
     * @see prefuse.data.Graph#removeEdge(int)
     */
    public boolean removeedge(int edge) {
        throw new UnsupportedOperationException(
            ""Changes to graph structure not allowed for spanning trees."");
    }
}",1
"public class REMOVENODE {
/**
     * Unsupported operation. Spanning trees should not be edited.
     * @see prefuse.data.Graph#removeNode(int)
     */
    public boolean removenode(int node) {
        throw new UnsupportedOperationException(
            ""Changes to graph structure not allowed for spanning trees."");
    }
}",1
"public class RGBA {
/**
     * Get the color code for the given red, green, blue, and alpha values.
     * @param r the red color component (in the range 0-255)
     * @param g the green color component (in the range 0-255)
     * @param b the blue color component (in the range 0-255)
     * @param a the alpha (transparency) component (in the range 0-255)
     * @return the integer color code
     */
    public static int rgba(int r, int g, int b, int a) {
        return ((a & 0xFF) << 24) | ((r & 0xFF) << 16)
                | ((g & 0xFF) << 8) | ((b & 0xFF) << 0);
    }
}",1
"public class RGBA {
/**
     * Get the color code for the given red, green, blue, and alpha values as
     * floating point numbers in the range 0-1.0.
     * @param r the red color component (in the range 0-1.0)
     * @param g the green color component (in the range 0-1.0)
     * @param b the blue color component (in the range 0-1.0)
     * @param a the alpha (transparency) component (in the range 0-1.0)
     * @return the integer color code
     */
    public static int rgba(float r, float g, float b, float a) {
        return ((((int) (a * 255 + 0.5)) & 0xFF) << 24)
                | ((((int) (r * 255 + 0.5)) & 0xFF) << 16)
                | ((((int) (g * 255 + 0.5)) & 0xFF) << 8)
                | (((int) (b * 255 + 0.5)) & 0xFF);
    }
}",1
"public class RED {
/**
     * Get the red component of the given color.
     * @param color the color code
     * @return the red component of the color (in the range 0-255)
     */
    public static int red(int color) {
        return (color >> 16) & 0xFF;
    }
}",1
"public class GREEN {
/**
     * Get the green component of the given color.
     * @param color the color code
     * @return the green component of the color (in the range 0-255)
     */
    public static int green(int color) {
        return (color >> 8) & 0xFF;
    }
}",1
"public class BLUE {
/**
     * Get the blue component of the given color.
     * @param color the color code
     * @return the blue component of the color (in the range 0-255)
     */
    public static int blue(int color) {
        return color & 0xFF;
    }
}",1
"public class ALPHA {
/**
     * Get the alpha component of the given color.
     * @param color the color code
     * @return the alpha component of the color (in the range 0-255)
     */
    public static int alpha(int color) {
        return (color >> 24) & 0xFF;
    }
}",1
"public class DESATURATE {
/**
     * Get a desaturated shade of an input color.
     * @param c a color code
     * @return a desaturated color code
     */
    public static int desaturate(int c) {
        int a = c & 0xff000000;
        float r = ((c & 0xff0000) >> 16);
        float g = ((c & 0x00ff00) >> 8);
        float b = (c & 0x0000ff);

        r *= 0.2125f; // red band weight
        g *= 0.7154f; // green band weight
        b *= 0.0721f; // blue band weight

        int gray = Math.min(((int) (r + g + b)), 0xff) & 0xff;
        return a | (gray << 16) | (gray << 8) | gray;
    }
}",1
"public class SAFESQRT {
/**
     * The ""safe"" square root of the input value, handling
     * negative values by simply making them positive and then
     * negating the return value.
     * @param x the input value
     * @return the ""negative-safe"" square root
     */
    public static double safesqrt(double x) {
        return ( x<0 ? -Math.sqrt(-x) : Math.sqrt(x) );
    }
}",1
"public class LINEARINTERP {
/**
     * Interpolates a value between a given minimum and maximum value using
     * a linear scale.
     * @param val the interpolation value, a fraction between 0 and 1.0.
     * @param min the minimum value of the interpolation range
     * @param max the maximum value of the interpolation range
     * @return the resulting interpolated value
     */
    public static double linearinterp(double val, double min, double max) {
        double denominator = (max-min);
        if ( denominator == 0 )
            return 0;
        return (val-min)/denominator;
    }
}",2
"public class CHOOSEHIGHWATERMARK {
/**
     * Returns new high water mark threshold based on current capacity and
     * maxLoadFactor.
     * 
     * @return int the new threshold.
     */
    protected int chooseHighWaterMark(int capacity, double maxLoad) {
        return Math.min(capacity - 2, (int) (capacity * maxLoad)); // makes
                                                                    // sure
                                                                    // there is
                                                                    // always at
                                                                    // least one
                                                                    // FREE slot
    }
}",1
"public class CHOOSELOWWATERMARK {
/**
     * Returns new low water mark threshold based on current capacity and
     * minLoadFactor.
     * 
     * @return int the new threshold.
     */
    protected int chooseLowWaterMark(int capacity, double minLoad) {
        return (int) (capacity * minLoad);
    }
}",1
"public class COMPARE {
/**
     * @see prefuse.util.collections.LiteralComparator#compare(byte, byte)
     */
    public int compare(byte x1, byte x2) {
        return ( x1 < x2 ? -1 : x1 > x2 ? 1 : 0 );
    }
}",1
"public class COMPARE {
/**
     * @see prefuse.util.collections.LiteralComparator#compare(int, int)
     */
    public int compare(int x1, int x2) {
        return ( x1 < x2 ? -1 : x1 > x2 ? 1 : 0 );
    }
}",1
"public class COMPARE {
/**
     * @see prefuse.util.collections.LiteralComparator#compare(long, long)
     */
    public int compare(long x1, long x2) {
        return ( x1 < x2 ? -1 : x1 > x2 ? 1 : 0 );
    }
}",1
"public class COMPARE {
/**
     * @see prefuse.util.collections.LiteralComparator#compare(float, float)
     */
    public int compare(float x1, float x2) {
        return Float.compare(x1, x2);
    }
}",1
"public class COMPARE {
/**
     * @see prefuse.util.collections.LiteralComparator#compare(double, double)
     */
    public int compare(double x1, double x2) {
        return Double.compare(x1, x2);
    }
}",1
"public class COMPARE {
/**
     * @see prefuse.util.collections.LiteralComparator#compare(boolean, boolean)
     */
    public int compare(boolean x1, boolean x2) {
        return ( x1 ? (x2 ? 0 : 1) : (x2 ? -1 : 0) );
    }
}",1
"public class ADJUSTCOLORCOMPONENT {
/**
     * Adjust an rgb color component.
     *
     * @param base the color, an RGB value 0-255
     * @param adjBright the amount to subtract if base > 128
     * @param adjDark the amount to add if base <=128
     */
    private static int adjustColorComponent(int base, int adjBright, int adjDark) {
        if (base > 128) {
            base -= adjBright;
        } else {
            base += adjDark;
        }

        if (base < 0) {
            base = 0;
        }

        if (base > 255) {
            base = 255;
        }

        return base;
    }
}",4
"public class EVAL {
/**
         * use Bernstein basis to evaluate 1D cubic Bezier curve (quicker and more
         * numerically stable than power basis) -- 1D control coordinates are
         * (0, p1, p2, 1), where p1 and p2 are in range [0,1], and there is no
         * ordering constraint on p1 and p2, i.e., p1 <= p2 does not have to be true
         * @param t is the paramaterized value in range [0,1]
         * @param p1 is 1st control point coordinate in range [0,1]
         * @param p2 is 2nd control point coordinate in range [0,1]
         * @return the value of the Bezier curve at parameter t
         */
        private float eval(float t, float p1, float p2) {
            // Use optimzied version of the normal Bernstein basis form of Bezier:
            // (3*(1-t)*(1-t)*t*p1)+(3*(1-t)*t*t*p2)+(t*t*t), since p0=0, p3=1
            // The above unoptimized version is best using -server, but since we are
            // probably doing client-side animation, this is faster.
            float compT = 1 - t;
            return t * (3 * compT * (compT * p1 + t * p2) + (t * t));
        }
}",1
"public class EVALDERIVATIVE {
/**
         * evaluate Bernstein basis derivative of 1D cubic Bezier curve, where 1D
         * control points are (0, p1, p2, 1), where p1 and p2 are in range [0,1], and
         * there is no ordering constraint on p1 and p2, i.e., p1 <= p2 does not have
         * to be true
         * @param t is the paramaterized value in range [0,1]
         * @param p1 is 1st control point coordinate in range [0,1]
         * @param p2 is 2nd control point coordinate in range [0,1]
         * @return the value of the Bezier curve at parameter t
         */
        private float evalDerivative(float t, float p1, float p2) {
            // use optimzed version of Berstein basis Bezier derivative:
            // (3*(1-t)*(1-t)*p1)+(6*(1-t)*t*(p2-p1))+(3*t*t*(1-p2)), since p0=0, p3=1
            // The above unoptimized version is best using -server, but since we are
            // probably doing client-side animation, this is faster.
            float compT = 1 - t;
            return 3 * (compT * (compT * p1 + 2 * t * (p2 - p1)) + t * t * (1 - p2));
        }
}",1
"public class DODOUBLECLICK {
/** An optional method subclasses can override to react to the user's
     * double-click.  When a thumb is double-clicked the user is trying to edit
     * the value for that thumb.  A double-click probably
     * suggests the user wants a detailed set of controls to edit a value, such
     * as a dialog.
     * <P>Note this method will be called with arguments (-1,-1) if
     * the space bar or return key is pressed.
     * <P>By default this method does nothing, and returns <code>false</code>
     * <P>Note the (x,y) information passed to this method is only provided so
     * subclasses can position components (such as a JPopupMenu).  It can be
     * assumed for a double-click event that the user has selected a thumb
     * (since one click will click/create a thumb) and intends to edit the currently
     * selected thumb.
     * @param x the x-value of the mouse click location
     * @param y the y-value of the mouse click location
     * @return <code>true</code> if this event was consumed, or acted upon.
     * <code>false</code> if this is unimplemented.
     */
    public boolean dodoubleclick(int x, int y) {
        return false;
    }
}",1
"public class DOPOPUP {
/** An optional method subclasses can override to react to the user's
     * request for a contextual menu.  When a thumb is right-clicked the
     * user is trying to edit the value for that thumb.  A right-click probably
     * suggests the user wants very quick, simple options to adjust a thumb.
     * <P>By default this method does nothing, and returns <code>false</code>
     * @param x the x-value of the mouse click location
     * @param y the y-value of the mouse click location
     * @return <code>true</code> if this event was consumed, or acted upon.
     * <code>false</code> if this is unimplemented.
     */
    public boolean dopopup(int x, int y) {
        return false;
    }
}",1
"public class HASH {
/**
	 * Calculates the hash for a given value
	 * @param value the value
	 * @return the hash
	 */
	protected int hash(long value) {
		return (int)(value ^ (value >>> 32));
	}
}",1
"public class DEHEXCHAR {
/**
     * Get the hex value of a character (base16).
     * @param c A character between '0' and '9' or between 'A' and 'F' or
     * between 'a' and 'f'.
     * @return  An int between 0 and 15, or -1 if c was not a hex digit.
     */
    public static int dehexchar(char c) {
        if (c >= '0' && c <= '9') {
            return c - '0';
        }
        if (c >= 'A' && c <= 'F') {
            return c - ('A' - 10);
        }
        if (c >= 'a' && c <= 'f') {
            return c - ('a' - 10);
        }
        return -1;
    }
}",7
"public class DEHEXCHAR {
/**
     * Get the hex value of a character (base16).
     * @param c A character between '0' and '9' or between 'A' and 'F' or
     * between 'a' and 'f'.
     * @return  An int between 0 and 15, or -1 if c was not a hex digit.
     */
    public static int dehexchar(char c) {
        if (c >= '0' && c <= '9') {
            return c - '0';
        }
        if (c >= 'A' && c <= 'F') {
            return c - ('A' - 10);
        }
        if (c >= 'a' && c <= 'f') {
            return c - ('a' - 10);
        }
        return -1;
    }
}",7
"public class DEHEXCHAR {
/**
     * Get the hex value of a character (base16).
     * @param c A character between '0' and '9' or between 'A' and 'F' or
     * between 'a' and 'f'.
     * @return  An int between 0 and 15, or -1 if c was not a hex digit.
     */
    public static int dehexchar(char c) {
        if (c >= '0' && c <= '9') {
            return c - '0';
        }
        if (c >= 'A' && c <= 'F') {
            return c - ('A' - 10);
        }
        if (c >= 'a' && c <= 'f') {
            return c - ('a' - 10);
        }
        return -1;
    }
}",7
"public class DEHEXCHAR {
/**
     * Get the hex value of a character (base16).
     * @param c A character between '0' and '9' or between 'A' and 'F' or
     * between 'a' and 'f'.
     * @return  An int between 0 and 15, or -1 if c was not a hex digit.
     */
    public static int dehexchar(char c) {
        if (c >= '0' && c <= '9') {
            return c - '0';
        }
        if (c >= 'A' && c <= 'F') {
            return c - ('A' - 10);
        }
        if (c >= 'a' && c <= 'f') {
            return c - ('a' - 10);
        }
        return -1;
    }
}",7
"public class DEHEXCHAR {
/**
     * Get the hex value of a character (base16).
     * @param c A character between '0' and '9' or between 'A' and 'F' or
     * between 'a' and 'f'.
     * @return  An int between 0 and 15, or -1 if c was not a hex digit.
     */
    public static int dehexchar(char c) {
        if (c >= '0' && c <= '9') {
            return c - '0';
        }
        if (c >= 'A' && c <= 'F') {
            return c - ('A' - 10);
        }
        if (c >= 'a' && c <= 'f') {
            return c - ('a' - 10);
        }
        return -1;
    }
}",7
"public class SIGMOIDTRANSFER {
/**
     * Return sigmoid transfer value, result 0.0 < value < 1.0
     * @return sigmoid transfer value, result 0.0 < value < 1.0
     */
    public double sigmoidtransfer(double value) {
    	return (1.0 / (1.0 + Math.exp(-value)));
    }
}",1
"public class SIGMOIDDERIVATE {
/**
     * Return sigmoid derivate value
     * @param value 
     * @return sigmoid derivate value, dF(value)
     */
    public double sigmoidderivate(double value) {
    	return (value * (1.0 - value));
    }
}",1
"public class SIGMOIDTRANSFER {
/**
     * Return sigmoid transfer value, result 0.0 < value < 1.0
     * @return sigmoid transfer value, result 0.0 < value < 1.0
     */
    public double sigmoidtransfer(double value) {
    	return (1.0 / (1.0 + Math.exp(-value)));
    }
}",1
"public class SIGMOIDDERIVATE {
/**
     * Return sigmoid derivate value
     * @param value 
     * @return sigmoid derivate value, dF(value)
     */
    public double sigmoidderivate(double value) {
    	return (value * (1.0 - value));
    }
}",1
"public class ISALESSTHANB {
/**
     * Method to check if one coordinate value is larger than another
     * @param a First coordinate value to compare
     * @param b Second coordinate value to compare
     * @return boolean used to determine if ""a is less than b"" is true or false
     */
    public boolean isalessthanb(int a, int b)
    {
        return (a < b) ? true : false;
    }
}",1
"public class LOOKFORSELECTABLEPOSITION {
/**
     * Find a position that can be selected (i.e., is not a separator).
     *
     * @param position The starting position to look at.
     * @param lookDown Whether to look down for other positions.
     * @return The next selectable position starting at position and then searching either up or
     *         down. Returns {@link #INVALID_POSITION} if nothing can be found.
     */
    int lookForSelectablePosition(int position, boolean lookDown) {
        return position;
    }
}",1
"public class EXTRACT {
/**
	 * Mask out and shift a bit substring.
	 * 
	 * @param bits
	 *            the bit string.
	 * @param lowest
	 *            the first bit of the substring within the string.
	 * @param size
	 *            the number of bits in the substring.
	 * @return the substring.
	 */
	public static int extract(int bits, int lowest, int size) {
		if (size == 32)
			return (bits >> lowest);
		else
			return ((bits >> lowest) & ((1 << size) - 1));
	}
}",2
"public class EXTRACT {
/**
	 * Mask out and shift a bit substring.
	 * 
	 * @param bits
	 *            the bit string.
	 * @param lowest
	 *            the first bit of the substring within the string.
	 * @param size
	 *            the number of bits in the substring.
	 * @return the substring.
	 */
	public static long extract(long bits, int lowest, int size) {
		if (size == 64)
			return (bits >> lowest);
		else
			return ((bits >> lowest) & ((1L << size) - 1));
	}
}",2
"public class TEST {
/**
	 * Test if a bit is set in a bit string.
	 * 
	 * @param flag
	 *            the flag to test.
	 * @param bits
	 *            the bit string.
	 * @return <tt>true</tt> if <tt>(bits & flag)</tt> is non-zero.
	 */
	public static boolean test(long flag, long bits) {
		return ((bits & flag) != 0);
	}
}",1
"public class STOP {
/**
     * Called when the service is being asked to stop.
     * @param exitCode The suggested exit code
     * @return The exit code this service should return.
     */
    public int stop(int exitCode)
    {
        return exitCode;
    }
}",1
"public class CALCULATETIME {
/**
     * Calculates the total time it should take to dowload based upon connection
     * speed.
     *
     * @param fileSize size in bytes
     * @param speed
     */
    private static double calculateTime(double fileSize, double speed) {
        return ((fileSize * 1024) / speed);
    }
}",1
"public class HASH {
/**
    * floats.
    */
    public static int hash(int aSeed, float aFloat) {
        return hash(aSeed, Float.floatToIntBits(aFloat));
    }
}",1
"public class HASH {
/**
    * doubles.
    */
    public static int hash(int aSeed, double aDouble) {
        return hash(aSeed, Double.doubleToLongBits(aDouble));
    }
}",1
"public class ISLEAPYEAR {
/**
	 * 1) If a year is divisible by 4 it is a leap year if #2 does not apply. 2)
	 * If a year is divisible by 100 it is not a leap year unless #3 applies. 3)
	 * If a year is divisible by 400 it is a leap year.
	 *
	 */
    public boolean isleapyear  ( int aYear )
    {
    	// divisible by 4
    	// divisible by 4 and not 100  (1900 is not a leap year)
    	// divisible by 4 and not 100 unless divisible by 400

    	return (aYear % 4 == 0) && ((aYear % 100 != 0) || (aYear % 400 == 0));
    }
}",3
"public class EVEN {
/**
     * Return true if the given number is even.
     *
     * @param n The number to check.
     * @return true if even
     */
    public static boolean even(double n) {
        return n % 2 == 0;
    }
}",1
"public class ODD {
/**
     * Return true if the given number is not even.
     *
     * @param n The number to check.
     * @return true if odd
     */
    public static boolean odd(double n) {
        return n % 2 != 0;
    }
}",1
"public class POINTDELTA {
/**
     * Calculate how far the points would be apart, given the specified amount and whether the geometry is closed.
     *
     * @param amount the amount of points
     * @param closed whether the geometry is closed
     * @return the delta value between each point
     */
    protected double pointDelta(int amount, boolean closed) {
        double delta = 1;
        if (closed) {
            if (amount > 0) {
                delta = 1.0 / amount;
            }
        } else {
            // The delta value is divided by amount - 1, because we also want the last point (t=1.0)
            // If I wouldn't use amount - 1, I fall one point short of the end.
            // E.g. if amount = 4, I want point at t 0.0, 0.33, 0.66 and 1.0,
            // if amount = 2, I want point at t 0.0 and t 1.0
            if (amount > 2) {
                delta = 1.0 / (amount - 1.0);
            }
        }
        return delta;
    }
}",4
"public class LINELENGTH {
/**
     * Returns the length of the line.
     *
     * @param x0 X start coordinate
     * @param y0 Y start coordinate
     * @param x1 X end coordinate
     * @param y1 Y end coordinate
     * @return the length of the line
     */
    public static double linelength(double x0, double y0, double x1, double y1) {
        x0 = Math.abs(x0 - x1);
        x0 *= x0;
        y0 = Math.abs(y0 - y1);
        y0 *= y0;
        return Math.sqrt(x0 + y0);
    }
}",1
"public class ISNUMERIC {
/**
     * Returns the true if the given char is a number (between 0 and 9)
     *
     * @param c the character to test
     * @return true if the given char is a number, false otherwise.
     */
    public static boolean isnumeric(char c) {
        return c >= '0' && c <= '9';
    }
}",2
"public class DISTANCE {
/**
     * The distance between two points.
     */
    public static double distance(double x0, double y0, double x1, double y1) {
        return Math.sqrt(Math.pow(x1 - x0, 2) + Math.pow(y1 - y0, 2));
    }
}",1
"public class CLAMP {
/**
     * Clamps the value so the result is between 0.0 and 1.0.
     * <p/>
     * This means that if the value is smaller than 0.0, this method will return 0.0.
     * If the value is larger than 1.0, this method will return 1.0.
     * Values within the range are returned unchanged.
     *
     * @param v the value to clamp
     * @return a value between 0.0 and 1.0.
     */
    public static float clamp(float v) {
        return 0 > v ? 0 : 1 < v ? 1 : v;
    }
}",1
"public class CLAMP {
/**
     * Clamps the value so the result is between 0.0 and 1.0.
     * <p/>
     * This means that if the value is smaller than 0.0, this method will return 0.0.
     * If the value is larger than 1.0, this method will return 1.0.
     * Values within the range are returned unchanged.
     *
     * @param v the value to clamp
     * @return a value between 0.0 and 1.0.
     */
    public static double clamp(double v) {
        return 0 > v ? 0 : 1 < v ? 1 : v;
    }
}",1
"public class CLAMP {
/**
     * Clamps the value so the result is between the given minimum and maximum value.
     * <p/>
     * This means that if the value is smaller than min, this method will return min.
     * If the value is larger than max, this method will return max.
     * Values within the range are returned unchanged.
     *
     * @param v   the value to clamp
     * @param min the minimum value
     * @param max the maximum value
     * @return a value between min and max.
     */
    public static float clamp(float v, float min, float max) {
        return min > v ? min : max < v ? max : v;
    }
}",1
"public class CLAMP {
/**
     * Clamps the value so the result is between the given minimum and maximum value.
     * <p/>
     * This means that if the value is smaller than min, this method will return min.
     * If the value is larger than max, this method will return max.
     * Values within the range are returned unchanged.
     *
     * @param v   the value to clamp
     * @param min the minimum value
     * @param max the maximum value
     * @return a value between min and max.
     */
    public static double clamp(double v, double min, double max) {
        return min > v ? min : max < v ? max : v;
    }
}",1
"public class SNAP {
/**
     * Round a value to the nearest ""step"".
     *
     * @param v        The value to snap.
     * @param distance The distance between steps.
     * @param strength The strength of rounding. If 1 the values will always be on a step. If zero, the value is unchanged.
     * @return The snapped value.
     */
    public static double snap(double v, double distance, double strength) {
        return (v * (1.0 - strength)) + (strength * Math.round(v / distance) * distance);
    }
}",1
"public class ISMASK {
/**
	 * Test current bit is match the given mask at least one bit or not.
	 * 
	 * @param bs
	 *            integer, bit map
	 * @param mask
	 *            another bit map
	 * @return if one of bit value is '1' in mask, and it is also is '1' in bs
	 *         return true, else false
	 */
	public static boolean ismask(int bs, int mask) {
		return 0 != (mask & bs);
	}
}",1
"public class ISMASKALL {
/**
	 * Test current bit is all match the give mask.
	 * 
	 * @param bs
	 *            integer, bit map
	 * @param mask
	 *            another bit map
	 * @return if all bit value is '1' in mask, and it is also is '1' in bs
	 *         return true, else false
	 */
	public static boolean ismaskall(int bs, int mask) {
		return 0 == ~((~mask) | bs);
	}
}",1
"public class EXTRACT {
/**
	 * Get part of one integer as a new integer
	 * 
	 * @param bs
	 *            original integer
	 * @param low
	 *            the low bit position (inclusive), 0 base
	 * @param high
	 *            the hight bit position (exclusive), 0 base
	 * @return new integer
	 */
	public static int extract(int bs, int low, int high) {
		bs = bs >> low;
		int mask = 0;
		for (int i = 0; i < (high - low); i++) {
			mask += 1 << i;
		}
		return bs & mask;
	}
}",2
"public class ISMASK {
/**
	 * Test current bit is match the given mask at least one bit or not.
	 * 
	 * @param bs
	 *            integer, bit map
	 * @param mask
	 *            another bit map
	 * @return if one of bit value is '1' in mask, and it is also is '1' in bs
	 *         return true, else false
	 */
	public static boolean ismask(int bs, int mask) {
		return 0 != (mask & bs);
	}
}",1
"public class ISMASKALL {
/**
	 * Test current bit is all match the give mask.
	 * 
	 * @param bs
	 *            integer, bit map
	 * @param mask
	 *            another bit map
	 * @return if all bit value is '1' in mask, and it is also is '1' in bs
	 *         return true, else false
	 */
	public static boolean ismaskall(int bs, int mask) {
		return 0 == ~((~mask) | bs);
	}
}",1
"public class EXTRACT {
/**
	 * Get part of one integer as a new integer
	 * 
	 * @param bs
	 *            original integer
	 * @param low
	 *            the low bit position (inclusive), 0 base
	 * @param hight
	 *            the hight bit position (exclusive), 0 base
	 * @return
	 */
	public static int extract(int bs, int low, int high) {
		bs = bs >> low;
		int mask = 0;
		for (int i = 0; i < (high - low); i++) {
			mask += 1 << i;
		}
		return bs &= mask;
	}
}",2
"public class GETANGLEFORVALUE {
/**
   * Returns the angle for a specific chart value.
   * 
   * @param value the chart value
   * @param minAngle the minimum chart angle value
   * @param maxAngle the maximum chart angle value
   * @param min the minimum chart value
   * @param max the maximum chart value
   * @return the angle
   */
  private double getAngleForValue(double value, double minAngle, double maxAngle, double min,
      double max) {
    double angleDiff = maxAngle - minAngle;
    double diff = max - min;
    return Math.toRadians(minAngle + (value - min) * angleDiff / diff);
  }
}",1
"public class ROUNDUP {
/**
   * Given a number, round up to the nearest power of ten times 1, 2, or 5. The
   * argument must be strictly positive.
   */
  private static double roundUp(final double val) {
    int exponent = (int) Math.floor(Math.log10(val));
    double rval = val * Math.pow(10, -exponent);
    if (rval > 5.0) {
      rval = 10.0;
    } else if (rval > 2.0) {
      rval = 5.0;
    } else if (rval > 1.0) {
      rval = 2.0;
    }
    rval *= Math.pow(10, exponent);
    return rval;
  }
}",4
"public class FITTOCOLOR {
/**
	 * Makes sure that an adjustment by this amount for this part of the color
	 * wont overflow (which will cause the overall color to change)
	 * 
	 * @param color
	 * @param change
	 * @return
	 */
	private static int fitToColor(int color, int change) {
		if(color + change < 0 || color + change > 255)
			return 255 - color;
		return change;
	}
}",3
"public class ONBALLOONTAP {
/**
	 * Override this method to handle a ""tap"" on a balloon. By default, does nothing 
	 * and returns false.
	 * 
	 * @param index - The index of the item whose balloon is tapped.
	 * @return true if you handled the tap, otherwise false.
	 */
	protected boolean onBalloonTap(int index) {
		return false;
	}
}",1
"public class ONBALLOONTAP {
/**
	 * Override this method to handle a ""tap"" on a balloon. By default, does nothing 
	 * and returns false.
	 * 
	 * @param index - The index of the item whose balloon is tapped.
	 * @return true if you handled the tap, otherwise false.
	 */
	protected boolean onBalloonTap(int index) {
		return false;
	}
}",1
"public class DEHEXCHAR {
/**
     * Get the hex value of a character (base16).
     * @param c A character between '0' and '9' or between 'A' and 'F' or
     * between 'a' and 'f'.
     * @return  An int between 0 and 15, or -1 if c was not a hex digit.
     */
    public static int dehexchar(char c) {
        if (c >= '0' && c <= '9') {
            return c - '0';
        }
        if (c >= 'A' && c <= 'F') {
            return c - ('A' - 10);
        }
        if (c >= 'a' && c <= 'f') {
            return c - ('a' - 10);
        }
        return -1;
    }
}",7
"public class GETOPPOSITEDIRECTION {
/**
	 * Given the direction of the bond from ring1 to ring2, returns the opposite direction: from ring2 to ring1
	 * @param prevDir
	 * @return
	 */
	static int getOppositeDirection(int prevDir) {
		int dir;
		if (prevDir == 0) {
			dir = 4;
		}
		else if (Math.abs(prevDir) == 4){
			dir =0;
		}
		else if (Math.abs(prevDir) == 2){
			dir = 2 * -1 * Integer.signum(prevDir);
		}
		else if (Math.abs(prevDir) == 1){
			dir = 3 * -1 * Integer.signum(prevDir);
		}
		else {//prevDir will be +-3
			dir = 1 * -1 * Integer.signum(prevDir);
		}
		return dir;
	}
}",5
"public class COUNTDX {
/**
	 * Counts delta x distance between previous and next rings
	 * @param val
	 * @return
	 */
	private static float countDX (int val) {
		float dX = 0;
		if (Math.abs(val) == 1) {
			dX += 0.5f;
		}
		else if (Math.abs(val) == 3) {
			dX -= 0.5f;
		}
		else if (Math.abs(val) == 0) {
			dX += 1f;
		}
		else if (Math.abs(val) == 4) {
			dX -= 1f;
		}
		return dX;
	}
}",5
"public class COUNTDY {
/**
	 * Counts delta y distance (height) between previous and next rings
	 * @param val
	 * @return
	 */

	private static int countDY (int val) {
		int dY = 0;
		if (Math.abs(val) != 4) {
			if (val > 0) {
				dY = 1;
			}
			if (val < 0) {
				dY = -1;
			}
		}
		return dY;
	}
}",4
"public class GETITEMID {
/** Use the array index as a unique id. */ 
     public long getitemid(int position) { 
          return position; 
     }
}",1
"public class GETMACHINENUM {
/**
	 * Translate monome x/y to a MachineDrum machine number
	 * 
	 * @param x The x coordinate on the monome
	 * @param y The y coordinate on the monome
	 * @return The MachineDrum machine number
	 */
	public int getmachinenum(int x, int y) {
		return (y * 8) + x;
	}
}",1
"public class GETSKYCOLORBYTEMP {
/**
     * takes temperature, returns color
     */
    public int getskycolorbytemp(float par1)
    {
        par1 /= 3F;

        if (par1 < -1F)
        {
            par1 = -1F;
        }

        if (par1 > 1.0F)
        {
            par1 = 1.0F;
        }

        return java.awt.Color.getHSBColor(0.6222222F - par1 * 0.05F, 0.5F + par1 * 0.1F, 1.0F).getRGB();
    }
}",3
"public class GETSKYCOLORBYTEMP {
/**
     * takes temperature, returns color
     */
    public int getskycolorbytemp(float par1)
    {
        return 0;
    }
}",1
"public class DAMAGEDROPPED {
/**
     * Determines the damage on the item the block drops. Used in cloth and wood.
     */
    protected int damageDropped(int par1)
    {
        return 0;
    }
}",1
"public class GETRENDERCOLOR {
/**
     * Returns the color this block should be rendered. Used by leaves.
     */
    public int getrendercolor(int par1)
    {
        return 0xffffff;
    }
}",1
"public class ISBLOCKFOOTOFBED {
/**
     * Returns whether or not this bed block is the foot of the bed.
     */
    public static boolean isblockfootofbed(int par0)
    {
        return (par0 & 8) != 0;
    }
}",1
"public class ISBEDOCCUPIED {
/**
     * Return whether or not the bed is occupied.
     */
    public static boolean isbedoccupied(int par0)
    {
        return (par0 & 4) != 0;
    }
}",1
"public class GETBLOCKTEXTUREFROMSIDEANDMETADATA {
/**
     * From the specified side and block metadata retrieves the blocks texture. Args: side, metadata
     */
    public int getblocktexturefromsideandmetadata(int par1, int par2)
    {
        if (par1 == 1)
        {
            return 138;
        }

        return par1 != 0 ? 154 : 155;
    }
}",2
"public class DAMAGEDROPPED {
/**
     * Determines the damage on the item the block drops. Used in cloth and wood.
     */
    protected int damageDropped(int par1)
    {
        return par1;
    }
}",1
"public class GETBLOCKFROMDYE {
/**
     * Takes a dye damage value and returns the block damage value to match
     */
    public static int getblockfromdye(int par0)
    {
        return ~par0 & 0xf;
    }
}",1
"public class GETDYEFROMBLOCK {
/**
     * Takes a block damage value and returns the dye damage value to match
     */
    public static int getdyefromblock(int par0)
    {
        return ~par0 & 0xf;
    }
}",1
"public class GETDIRECTION {
/**
     * Returns the orentation value from the specified metadata
     */
    public static int getdirection(int par0)
    {
        return par0 & 3;
    }
}",1
"public class ISENDEREYEINSERTED {
/**
     * checks if an ender eye has been inserted into the frame block. parameters: metadata
     */
    public static boolean isendereyeinserted(int par0)
    {
        return (par0 & 4) != 0;
    }
}",1
"public class ISFENCEGATEOPEN {
/**
     * Returns if the fence gate is open according to its metadata.
     */
    public static boolean isfencegateopen(int par0)
    {
        return (par0 & 4) != 0;
    }
}",1
"public class GETFLUIDHEIGHTPERCENT {
/**
     * Returns the percentage of the fluid block that is air, based on the given flow decay of the fluid.
     */
    public static float getfluidheightpercent(int par0)
    {
        if (par0 >= 8)
        {
            par0 = 0;
        }

        float f = (float)(par0 + 1) / 9F;
        return f;
    }
}",2
"public class CANCOLLIDECHECK {
/**
     * Returns whether this block is collideable based on the arguments passed in Args: blockMetaData, unknownFlag
     */
    public boolean cancollidecheck(int par1, boolean par2)
    {
        return par2 && par1 == 0;
    }
}",2
"public class GETBLOCKTEXTUREFROMSIDEANDMETADATA {
/**
     * From the specified side and block metadata retrieves the blocks texture. Args: side, metadata
     */
    public int getblocktexturefromsideandmetadata(int par1, int par2)
    {
        if (par1 == 1)
        {
            return 0;
        }

        return par1 != 0 ? 3 : 2;
    }
}",2
"public class DAMAGEDROPPED {
/**
     * Determines the damage on the item the block drops. Used in cloth and wood.
     */
    protected int damageDropped(int par1)
    {
        return par1 & 3;
    }
}",1
"public class GETRENDERCOLOR {
/**
     * Returns the color this block should be rendered. Used by leaves.
     */
    public int getrendercolor(int par1)
    {
        return 0x208030;
    }
}",1
"public class GETBLOCKTEXTUREFROMSIDEANDMETADATA {
/**
     * From the specified side and block metadata retrieves the blocks texture. Args: side, metadata
     */
    public int getblocktexturefromsideandmetadata(int par1, int par2)
    {
        if (par1 == 1)
        {
            return 21;
        }

        if (par1 == 0)
        {
            return 21;
        }

        if (par2 == 1)
        {
            return 116;
        }

        if (par2 == 2)
        {
            return 117;
        }

        return par2 != 3 ? 20 : 153;
    }
}",5
"public class DAMAGEDROPPED {
/**
     * Determines the damage on the item the block drops. Used in cloth and wood.
     */
    protected int damageDropped(int par1)
    {
        return par1;
    }
}",1
"public class GETBLOCKTEXTUREFROMSIDEANDMETADATA {
/**
     * From the specified side and block metadata retrieves the blocks texture. Args: side, metadata
     */
    public int getblocktexturefromsideandmetadata(int par1, int par2)
    {
        return par1 != 1 && par1 != 0 ? 136 : 137;
    }
}",2
"public class GETBLOCKTEXTUREFROMSIDE {
/**
     * Returns the block texture based on the side being looked at.  Args: side
     */
    public int getblocktexturefromside(int par1)
    {
        return par1 != 1 && par1 != 0 ? 136 : 137;
    }
}",2
"public class GETBLOCKTEXTUREFROMSIDEANDMETADATA {
/**
     * From the specified side and block metadata retrieves the blocks texture. Args: side, metadata
     */
    public int getblocktexturefromsideandmetadata(int par1, int par2)
    {
        if (par1 == 1)
        {
            return 78;
        }

        return par1 != 0 ? 77 : 2;
    }
}",2
"public class GETORIENTATION {
/**
     * returns an int which describes the direction the piston faces
     */
    public static int getorientation(int par0)
    {
        return par0 & 7;
    }
}",1
"public class ISEXTENDED {
/**
     * Determine if the metadata is related to something powered.
     */
    public static boolean isextended(int par0)
    {
        return (par0 & 8) != 0;
    }
}",1
"public class GETBLOCKTEXTUREFROMSIDEANDMETADATA {
/**
     * From the specified side and block metadata retrieves the blocks texture. Args: side, metadata
     */
    public int getblocktexturefromsideandmetadata(int par1, int par2)
    {
        if (par1 == 1 || par1 == 0 && (par2 == 1 || par2 == 2))
        {
            return 176;
        }

        if (par1 == 0)
        {
            return 208;
        }

        if (par2 == 1)
        {
            return 229;
        }

        return par2 != 2 ? 192 : 230;
    }
}",7
"public class DAMAGEDROPPED {
/**
     * Determines the damage on the item the block drops. Used in cloth and wood.
     */
    protected int damageDropped(int par1)
    {
        return par1;
    }
}",1
"public class DAMAGEDROPPED {
/**
     * Determines the damage on the item the block drops. Used in cloth and wood.
     */
    protected int damageDropped(int par1)
    {
        return par1 & 3;
    }
}",1
"public class GETRENDERCOLOR {
/**
     * Returns the color this block should be rendered. Used by leaves.
     */
    public int getrendercolor(int par1)
    {
        int i = par1 * 32;
        int j = 255 - par1 * 8;
        int k = par1 * 4;
        return i << 16 | j << 8 | k;
    }
}",1
"public class DAMAGEDROPPED {
/**
     * Determines the damage on the item the block drops. Used in cloth and wood.
     */
    protected int damageDropped(int par1)
    {
        return par1 & 7;
    }
}",1
"public class GETBLOCKTEXTUREFROMSIDEANDMETADATA {
/**
     * From the specified side and block metadata retrieves the blocks texture. Args: side, metadata
     */
    public int getblocktexturefromsideandmetadata(int par1, int par2)
    {
        switch (par2)
        {
            default:
                return 54;

            case 1:
                return 100;

            case 2:
                return 101;

            case 3:
                return 213;
        }
    }
}",2
"public class DAMAGEDROPPED {
/**
     * Determines the damage on the item the block drops. Used in cloth and wood.
     */
    protected int damageDropped(int par1)
    {
        return par1;
    }
}",1
"public class GETBLOCKTEXTUREFROMSIDEANDMETADATA {
/**
     * From the specified side and block metadata retrieves the blocks texture. Args: side, metadata
     */
    public int getblocktexturefromsideandmetadata(int par1, int par2)
    {
        switch (par2)
        {
            default:
                return 4;

            case 1:
                return 198;

            case 2:
                return 214;

            case 3:
                return 199;
        }
    }
}",2
"public class DAMAGEDROPPED {
/**
     * Determines the damage on the item the block drops. Used in cloth and wood.
     */
    protected int damageDropped(int par1)
    {
        return par1;
    }
}",1
"public class CHUNKXZ2INT {
/**
     * converts a chunk coordinate pair to an integer (suitable for hashing)
     */
    public static long chunkxz2int(int par0, int par1)
    {
        long l = par0;
        long l1 = par1;
        return l & 0xffffffffL | (l1 & 0xffffffffL) << 32;
    }
}",1
"public class CHUNKEXISTS {
/**
     * Checks to see if a chunk exists at x, y
     */
    public boolean chunkexists(int par1, int par2)
    {
        return true;
    }
}",1
"public class CHUNKEXISTS {
/**
     * Checks to see if a chunk exists at x, y
     */
    public boolean chunkexists(int par1, int par2)
    {
        return true;
    }
}",1
"public class CHUNKEXISTS {
/**
     * Checks to see if a chunk exists at x, y
     */
    public boolean chunkexists(int par1, int par2)
    {
        return true;
    }
}",1
"public class CHUNKEXISTS {
/**
     * Checks to see if a chunk exists at x, y
     */
    public boolean chunkexists(int par1, int par2)
    {
        return true;
    }
}",1
"public class CHUNKEXISTS {
/**
     * Checks to see if a chunk exists at x, y
     */
    public boolean chunkexists(int par1, int par2)
    {
        return true;
    }
}",1
"public class GETVILLAGERTYPE {
/**
     * Returns the villager type to spawn in this component, based on the number of villagers already spawned.
     */
    protected int getVillagerType(int par1)
    {
        return 0;
    }
}",1
"public class GETVILLAGERTYPE {
/**
     * Returns the villager type to spawn in this component, based on the number of villagers already spawned.
     */
    protected int getVillagerType(int par1)
    {
        return 2;
    }
}",1
"public class GETVILLAGERTYPE {
/**
     * Returns the villager type to spawn in this component, based on the number of villagers already spawned.
     */
    protected int getVillagerType(int par1)
    {
        return par1 != 0 ? 0 : 4;
    }
}",1
"public class GETVILLAGERTYPE {
/**
     * Returns the villager type to spawn in this component, based on the number of villagers already spawned.
     */
    protected int getVillagerType(int par1)
    {
        return 1;
    }
}",1
"public class GETVILLAGERTYPE {
/**
     * Returns the villager type to spawn in this component, based on the number of villagers already spawned.
     */
    protected int getVillagerType(int par1)
    {
        return 3;
    }
}",1
"public class GETHEIGHTVALUE {
/**
     * Returns the value in the height map at this x, z coordinate in the chunk
     */
    public int getheightvalue(int par1, int par2)
    {
        return 0;
    }
}",1
"public class GETBLOCKID {
/**
     * Return the ID of a block in the chunk.
     */
    public int getblockid(int par1, int par2, int par3)
    {
        return 0;
    }
}",1
"public class SETBLOCKIDWITHMETADATA {
/**
     * Sets a blockID of a position within a chunk with metadata. Args: x, y, z, blockID, metadata
     */
    public boolean setblockidwithmetadata(int par1, int par2, int par3, int i, int j)
    {
        return true;
    }
}",1
"public class SETBLOCKID {
/**
     * Sets a blockID for a position in the chunk. Args: x, y, z, blockID
     */
    public boolean setblockid(int par1, int par2, int par3, int i)
    {
        return true;
    }
}",1
"public class GETBLOCKMETADATA {
/**
     * Return the metadata corresponding to the given coordinates inside a chunk.
     */
    public int getblockmetadata(int par1, int par2, int par3)
    {
        return 0;
    }
}",1
"public class SETBLOCKMETADATA {
/**
     * Set the metadata of a block in the chunk
     */
    public boolean setblockmetadata(int par1, int par2, int par3, int i)
    {
        return false;
    }
}",1
"public class GETBLOCKLIGHTVALUE {
/**
     * Gets the amount of light on a block taking into account sunlight
     */
    public int getblocklightvalue(int par1, int par2, int par3, int i)
    {
        return 0;
    }
}",1
"public class CANBLOCKSEETHESKY {
/**
     * Returns whether is not a block above this one blocking sight to the sky (done via checking against the heightmap)
     */
    public boolean canblockseethesky(int par1, int par2, int par3)
    {
        return false;
    }
}",1
"public class NEEDSSAVING {
/**
     * Returns true if this Chunk needs to be saved
     */
    public boolean needssaving(boolean par1)
    {
        return false;
    }
}",1
"public class GETARELEVELSEMPTY {
/**
     * Returns whether the ExtendedBlockStorages containing levels (in blocks) from arg 1 to arg 2 are fully empty
     * (true) or not (false).
     */
    public boolean getarelevelsempty(int par1, int par2)
    {
        return true;
    }
}",1
"public class GETMINENCHANTABILITY {
/**
     * Returns the minimal value of enchantability nedded on the enchantment level passed.
     */
    public int getminenchantability(int par1)
    {
        return 1 + par1 * 10;
    }
}",1
"public class GETMINENCHANTABILITY {
/**
     * Returns the minimal value of enchantability nedded on the enchantment level passed.
     */
    public int getminenchantability(int par1)
    {
        return 1 + (par1 - 1) * 10;
    }
}",1
"public class GETMINENCHANTABILITY {
/**
     * Returns the minimal value of enchantability nedded on the enchantment level passed.
     */
    public int getminenchantability(int par1)
    {
        return 20;
    }
}",1
"public class GETMAXENCHANTABILITY {
/**
     * Returns the maximum value of enchantability nedded on the enchantment level passed.
     */
    public int getmaxenchantability(int par1)
    {
        return 50;
    }
}",1
"public class GETMINENCHANTABILITY {
/**
     * Returns the minimal value of enchantability nedded on the enchantment level passed.
     */
    public int getminenchantability(int par1)
    {
        return 20;
    }
}",1
"public class GETMAXENCHANTABILITY {
/**
     * Returns the maximum value of enchantability nedded on the enchantment level passed.
     */
    public int getmaxenchantability(int par1)
    {
        return 50;
    }
}",1
"public class GETMINENCHANTABILITY {
/**
     * Returns the minimal value of enchantability nedded on the enchantment level passed.
     */
    public int getminenchantability(int par1)
    {
        return 12 + (par1 - 1) * 20;
    }
}",1
"public class GETMINENCHANTABILITY {
/**
     * Returns the minimal value of enchantability nedded on the enchantment level passed.
     */
    public int getminenchantability(int par1)
    {
        return 1 + 15 * (par1 - 1);
    }
}",1
"public class GETMINENCHANTABILITY {
/**
     * Returns the minimal value of enchantability nedded on the enchantment level passed.
     */
    public int getminenchantability(int par1)
    {
        return 5 + (par1 - 1) * 10;
    }
}",1
"public class GETMINENCHANTABILITY {
/**
     * Returns the minimal value of enchantability nedded on the enchantment level passed.
     */
    public int getminenchantability(int par1)
    {
        return 10 + 20 * (par1 - 1);
    }
}",1
"public class GETMINENCHANTABILITY {
/**
     * Returns the minimal value of enchantability nedded on the enchantment level passed.
     */
    public int getminenchantability(int par1)
    {
        return 5 + 20 * (par1 - 1);
    }
}",1
"public class GETMINENCHANTABILITY {
/**
     * Returns the minimal value of enchantability nedded on the enchantment level passed.
     */
    public int getminenchantability(int par1)
    {
        return 20 + (par1 - 1) * 12;
    }
}",1
"public class GETMINENCHANTABILITY {
/**
     * Returns the minimal value of enchantability nedded on the enchantment level passed.
     */
    public int getminenchantability(int par1)
    {
        return 10 * par1;
    }
}",1
"public class GETMINENCHANTABILITY {
/**
     * Returns the minimal value of enchantability nedded on the enchantment level passed.
     */
    public int getminenchantability(int par1)
    {
        return 25;
    }
}",1
"public class GETMINENCHANTABILITY {
/**
     * Returns the minimal value of enchantability nedded on the enchantment level passed.
     */
    public int getminenchantability(int par1)
    {
        return 1;
    }
}",1
"public class GETBRIGHTNESS {
/**
     * Gets how bright this entity is.
     */
    public float getbrightness(float par1)
    {
        return 1.0F;
    }
}",1
"public class GETBLOCKPATHWEIGHT {
/**
     * Takes a coordinate in and returns a weight to determine how likely this creature will try to path to the block.
     * Args: x, y, z
     */
    public float getblockpathweight(int par1, int par2, int par3)
    {
        return 0.0F;
    }
}",1
"public class SIMPLIFYANGLE {
/**
     * Simplifies the value of a number by adding/subtracting 180 to the point that the number is between -180 and 180.
     */
    private float simplifyAngle(double par1)
    {
        for (; par1 >= 180D; par1 -= 360D) { }

        for (; par1 < -180D; par1 += 360D) { }

        return (float)par1;
    }
}",3
"public class GETBRIGHTNESS {
/**
     * Gets how bright this entity is.
     */
    public float getbrightness(float par1)
    {
        return 1.0F;
    }
}",1
"public class GETBRIGHTNESS {
/**
     * Gets how bright this entity is.
     */
    public float getbrightness(float par1)
    {
        return 1.0F;
    }
}",1
"public class DECREASEAIRSUPPLY {
/**
     * Decrements the entity's air supply when underwater
     */
    protected int decreaseAirSupply(int par1)
    {
        return par1;
    }
}",1
"public class GETBRIGHTNESS {
/**
     * Gets how bright this entity is.
     */
    public float getbrightness(float par1)
    {
        return 1.0F;
    }
}",1
"public class DECREASEAIRSUPPLY {
/**
     * Decrements the entity's air supply when underwater
     */
    protected int decreaseAirSupply(int par1)
    {
        return par1 - 1;
    }
}",1
"public class UPDATEROTATION {
/**
     * Arguments: current rotation, intended rotation, max increment.
     */
    private float updateRotation(float par1, float par2, float par3)
    {
        float f;

        for (f = par2 - par1; f < -180F; f += 360F) { }

        for (; f >= 180F; f -= 360F) { }

        if (f > par3)
        {
            f = par3;
        }

        if (f < -par3)
        {
            f = -par3;
        }

        return par1 + f;
    }
}",5
"public class GETBRIGHTNESS {
/**
     * Gets how bright this entity is.
     */
    public float getbrightness(float par1)
    {
        return 1.0F;
    }
}",1
"public class GETXPSPLIT {
/**
     * Get xp split rate (Is called until the xp drop code in EntityLiving.onEntityUpdate is complete)
     */
    public static int getxpsplit(int par0)
    {
        if (par0 >= 2477)
        {
            return 2477;
        }

        if (par0 >= 1237)
        {
            return 1237;
        }

        if (par0 >= 617)
        {
            return 617;
        }

        if (par0 >= 307)
        {
            return 307;
        }

        if (par0 >= 149)
        {
            return 149;
        }

        if (par0 >= 73)
        {
            return 73;
        }

        if (par0 >= 37)
        {
            return 37;
        }

        if (par0 >= 17)
        {
            return 17;
        }

        if (par0 >= 7)
        {
            return 7;
        }

        return par0 < 3 ? 1 : 3;
    }
}",10
"public class GETHOVERSTATE {
/**
     * Returns 0 if the button is disabled, 1 if the mouse is NOT hovering over this button and 2 if it IS hovering over
     * this button.
     */
    protected int getHoverState(boolean par1)
    {
        return 0;
    }
}",1
"public class ISSELECTED {
/**
     * returns true if the element passed in is currently selected
     */
    protected boolean isSelected(int par1)
    {
        return false;
    }
}",1
"public class ISSELECTED {
/**
     * returns true if the element passed in is currently selected
     */
    protected boolean isSelected(int par1)
    {
        return false;
    }
}",1
"public class COMPUTEHASH {
/**
     * Makes the passed in integer suitable for hashing by a number of shifts
     */
    private static int computeHash(int par0)
    {
        par0 ^= par0 >>> 20 ^ par0 >>> 12;
        return par0 ^ par0 >>> 7 ^ par0 >>> 4;
    }
}",1
"public class GETSLOTINDEX {
/**
     * Computes the index of the slot for the hash and slot count passed in.
     */
    private static int getSlotIndex(int par0, int par1)
    {
        return par0 & par1 - 1;
    }
}",1
"public class GETMETADATA {
/**
     * Returns the metadata of the block which this Item (ItemBlock) can place
     */
    public int getmetadata(int par1)
    {
        return 0;
    }
}",1
"public class GETMETADATA {
/**
     * Returns the metadata of the block which this Item (ItemBlock) can place
     */
    public int getmetadata(int par1)
    {
        return par1;
    }
}",1
"public class GETMETADATA {
/**
     * Returns the metadata of the block which this Item (ItemBlock) can place
     */
    public int getmetadata(int par1)
    {
        return par1;
    }
}",1
"public class GETMETADATA {
/**
     * Returns the metadata of the block which this Item (ItemBlock) can place
     */
    public int getmetadata(int par1)
    {
        return par1 | 4;
    }
}",1
"public class GETMETADATA {
/**
     * Returns the metadata of the block which this Item (ItemBlock) can place
     */
    public int getmetadata(int par1)
    {
        return par1;
    }
}",1
"public class GETMETADATA {
/**
     * Returns the metadata of the block which this Item (ItemBlock) can place
     */
    public int getmetadata(int par1)
    {
        return 7;
    }
}",1
"public class ISSPLASH {
/**
     * returns wether or not a potion is a throwable splash potion based on damage value
     */
    public static boolean issplash(int par0)
    {
        return (par0 & 0x4000) != 0;
    }
}",1
"public class GETMETADATA {
/**
     * Returns the metadata of the block which this Item (ItemBlock) can place
     */
    public int getmetadata(int par1)
    {
        return par1;
    }
}",1
"public class GETMETADATA {
/**
     * Returns the metadata of the block which this Item (ItemBlock) can place
     */
    public int getmetadata(int par1)
    {
        return par1;
    }
}",1
"public class HASH {
/**
     * the hash function
     */
    private static int hash(int par0)
    {
        par0 ^= par0 >>> 20 ^ par0 >>> 12;
        return par0 ^ par0 >>> 7 ^ par0 >>> 4;
    }
}",1
"public class GETHASHINDEX {
/**
     * gets the index in the hash given the array length and the hashed key
     */
    private static int getHashIndex(int par0, int par1)
    {
        return par0 & par1 - 1;
    }
}",1
"public class FLOOR_FLOAT {
/**
     * Returns the greatest integer less than or equal to the float argument
     */
    public static int floor_float(float par0)
    {
        int i = (int)par0;
        return par0 >= (float)i ? i : i - 1;
    }
}",1
"public class FLOOR_DOUBLE {
/**
     * Returns the greatest integer less than or equal to the double argument
     */
    public static int floor_double(double par0)
    {
        int i = (int)par0;
        return par0 >= (double)i ? i : i - 1;
    }
}",1
"public class FLOOR_DOUBLE_LONG {
/**
     * Long version of floor_double
     */
    public static long floor_double_long(double par0)
    {
        long l = (long)par0;
        return par0 >= (double)l ? l : l - 1L;
    }
}",1
"public class CLAMP_INT {
/**
     * Returns the value of the first parameter, clamped to be within the lower and upper limits given by the second and
     * third parameters.
     */
    public static int clamp_int(int par0, int par1, int par2)
    {
        if (par0 < par1)
        {
            return par1;
        }

        if (par0 > par2)
        {
            return par2;
        }
        else
        {
            return par0;
        }
    }
}",3
"public class CLAMP_FLOAT {
/**
     * Returns the value of the first parameter, clamped to be within the lower and upper limits given by the second and
     * third parameters
     */
    public static float clamp_float(float par0, float par1, float par2)
    {
        if (par0 < par1)
        {
            return par1;
        }

        if (par0 > par2)
        {
            return par2;
        }
        else
        {
            return par0;
        }
    }
}",3
"public class ABS_MAX {
/**
     * Maximum of the absolute value of two numbers.
     */
    public static double abs_max(double par0, double par2)
    {
        if (par0 < 0.0D)
        {
            par0 = -par0;
        }

        if (par2 < 0.0D)
        {
            par2 = -par2;
        }

        return par0 <= par2 ? par2 : par0;
    }
}",3
"public class BUCKETINT {
/**
     * Buckets an integer with specifed bucket sizes.  Args: i, bucketSize
     */
    public static int bucketint(int par0, int par1)
    {
        if (par0 < 0)
        {
            return -((-par0 - 1) / par1) - 1;
        }
        else
        {
            return par0 / par1;
        }
    }
}",2
"public class UPDATEROTATIONS {
/**
     * Updates the rotations in the parameters for rotations greater than 180 degrees or less than -180 degrees. It adds
     * or subtracts 360 degrees, so that the appearance is the same, although the numbers are then simplified to range
     * -180 to 180
     */
    private float updateRotations(double par1)
    {
        for (; par1 >= 180D; par1 -= 360D) { }

        for (; par1 < -180D; par1 += 360D) { }

        return (float)par1;
    }
}",3
"public class ISREADY {
/**
     * checks if Potion effect is ready to be applied this tick.
     */
    public boolean isready(int par1, int par2)
    {
        return par1 >= 1;
    }
}",1
"public class CHECKFLAG {
/**
     * Is the bit given set to 1?
     */
    public static boolean checkflag(int par0, int par1)
    {
        return (par0 & 1 << par1) != 0;
    }
}",1
"public class COUNTSETFLAGS {
/**
     * Count the number of bits in an integer set to ON.
     */
    private static int countSetFlags(int par0)
    {
        int i;

        for (i = 0; par0 > 0; i++)
        {
            par0 &= par0 - 1;
        }

        return i;
    }
}",2
"public class OUTOFBOUNDS {
/**
     * args: x, z - check region bounds
     */
    private boolean outOfBounds(int par1, int par2)
    {
        return par1 < 0 || par1 >= 32 || par2 < 0 || par2 >= 32;
    }
}",4
"public class GETAOBRIGHTNESS {
/**
     * Get ambient occlusion brightness
     */
    public int getaobrightness(int par1, int par2, int par3, int par4)
    {
        if (par1 == 0)
        {
            par1 = par4;
        }

        if (par2 == 0)
        {
            par2 = par4;
        }

        if (par3 == 0)
        {
            par3 = par4;
        }

        return par1 + par2 + par3 + par4 >> 2 & 0xff00ff;
    }
}",4
"public class ALPHABLEND {
/**
     * Uses the alpha of the two colors passed in to determine the contributions of each color.  If either of them has
     * an alpha greater than 0 then the returned alpha is 255 otherwise its zero if they are both zero. Args: color1,
     * color2
     */
    private int alphaBlend(int par1, int par2)
    {
        int i = (par1 & 0xff000000) >> 24 & 0xff;
        int j = (par2 & 0xff000000) >> 24 & 0xff;
        char c = '\377';

        if (i + j < 255)
        {
            c = '\0';
            i = 1;
            j = 1;
        }
        else if (i > j)
        {
            i = 255;
            j = 1;
        }
        else
        {
            i = 1;
            j = 255;
        }

        int k = (par1 >> 16 & 0xff) * i;
        int l = (par1 >> 8 & 0xff) * i;
        int i1 = (par1 & 0xff) * i;
        int j1 = (par2 >> 16 & 0xff) * j;
        int k1 = (par2 >> 8 & 0xff) * j;
        int l1 = (par2 & 0xff) * j;
        int i2 = (k + j1) / (i + j);
        int j2 = (l + k1) / (i + j);
        int k2 = (i1 + l1) / (i + j);
        return c << 24 | i2 << 16 | j2 << 8 | k2;
    }
}",3
"public class GETTEMPERATUREATHEIGHT {
/**
     * Return an adjusted version of a given temperature based on the y height
     */
    public float gettemperatureatheight(float par1, int par2)
    {
        return par1;
    }
}",1
"public class TICKUPDATES {
/**
     * Runs through the list of updates to run and ticks them
     */
    public boolean tickupdates(boolean par1)
    {
        return false;
    }
}",1
"public class CALCULATECELESTIALANGLE {
/**
     * Calculates the angle of sun and moon in the sky relative to a specified time (usually worldTime)
     */
    public float calculatecelestialangle(long par1, float par3)
    {
        int i = (int)(par1 % 24000L);
        float f = ((float)i + par3) / 24000F - 0.25F;

        if (f < 0.0F)
        {
            f++;
        }

        if (f > 1.0F)
        {
            f--;
        }

        float f1 = f;
        f = 1.0F - (float)((Math.cos((double)f * Math.PI) + 1.0D) / 2D);
        f = f1 + (f - f1) / 3F;
        return f;
    }
}",3
"public class CALCULATECELESTIALANGLE {
/**
     * Calculates the angle of sun and moon in the sky relative to a specified time (usually worldTime)
     */
    public float calculatecelestialangle(long par1, float par3)
    {
        return 0.0F;
    }
}",1
"public class CANCOORDINATEBESPAWN {
/**
     * Will check if the x, z position specified is alright to be set as the map spawn point
     */
    public boolean cancoordinatebespawn(int par1, int par2)
    {
        return false;
    }
}",1
"public class CALCULATECELESTIALANGLE {
/**
     * Calculates the angle of sun and moon in the sky relative to a specified time (usually worldTime)
     */
    public float calculatecelestialangle(long par1, float par3)
    {
        return 0.5F;
    }
}",1
"public class COMBINEMEASUREDSTATES {
/**
     * Merge two states as returned by {@link #getMeasuredState()}.
     * @param curState The current state as returned from a view or the result
     * of combining multiple views.
     * @param newState The new view state to combine.
     * @return Returns a new integer reflecting the combination of the two
     * states.
     */
    public static int combinemeasuredstates(int curState, int newState) {
        return curState | newState;
    }
}",1
"public class ONSETALPHA {
/**
     * Invoked if there is a Transform that involves alpha. Subclass that can
     * draw themselves with the specified alpha should return true, and then
     * respect that alpha when their onDraw() is called. If this returns false
     * then the view may be redirected to draw into an offscreen buffer to
     * fulfill the request, which will look fine, but may be slower than if the
     * subclass handles it internally. The default implementation returns false.
     *
     * @param alpha The alpha (0..255) to apply to the view's drawing
     * @return true if the view can draw with the specified alpha.
     */
    protected boolean onSetAlpha(int alpha) {
        return false;
    }
}",1
"public class MAKEMEASURESPEC {
/**
         * Creates a measure specification based on the supplied size and mode.
         *
         * The mode must always be one of the following:
         * <ul>
         *  <li>{@link android.view.View.MeasureSpec#UNSPECIFIED}</li>
         *  <li>{@link android.view.View.MeasureSpec#EXACTLY}</li>
         *  <li>{@link android.view.View.MeasureSpec#AT_MOST}</li>
         * </ul>
         *
         * @param size the size of the measure specification
         * @param mode the mode of the measure specification
         * @return the measure specification based on size and mode
         */
        public static int makemeasurespec(int size, int mode) {
            return size + mode;
        }
}",1
"public class MEASURENULLCHILD {
/**
     * <p>Returns the size (width or height) that should be occupied by a null
     * child.</p>
     *
     * @param childIndex the index of the null child
     * @return the width or height of the child depending on the orientation
     */
    int measureNullChild(int childIndex) {
        return 0;
    }
}",1
"public class GETVALUEFORVIBRATESETTING {
/**
     * @see #setVibrateSetting(int, int)
     */
    public static int getvalueforvibratesetting(int existingValue, int vibrateType,
            int vibrateSetting) {

        // First clear the existing setting. Each vibrate type has two bits in
        // the value. Note '3' is '11' in binary.
        existingValue &= ~(3 << (vibrateType * 2));

        // Set into the old value
        existingValue |= (vibrateSetting & 3) << (vibrateType * 2);

        return existingValue;
    }
}",1
"public class ISISODIGIT {
/** True if c is ISO-LATIN characters 0-9 */
    public static boolean
    isisodigit (char c) {
        return c >= '0' && c <= '9';
    }
}",2
"public class TRYGETISODIGIT {
/**
     * Returns integer corresponding to the input if input ""ch"" is
     * ISO-LATIN characters 0-9.
     * Returns -1 otherwise
     */
    private static int tryGetISODigit(char ch) {
        if ('0' <= ch && ch <= '9') {
            return ch - '0';
        } else {
            return -1;
        }
    }
}",3
"public class REGCODEISROAMING {
/**
     * code is registration state 0-5 from TS 27.007 7.2
     * returns true if registered roam, false otherwise
     */
    private boolean
    regCodeIsRoaming (int code) {
        // 5 is  ""in service -- roam""
        return 5 == code;
    }
}",1
"public class REGCODEISROAMING {
/**
     * code is registration state 0-5 from TS 27.007 7.2
     * returns true if registered roam, false otherwise
     */
    private boolean regCodeIsRoaming (int code) {
        // 5 is  ""in service -- roam""
        return 5 == code;
    }
}",1
"public class ISSPACE {
/**
     * @return true if the character is a whitespace character as defined
     *         in the backend's parser
     */
    public static boolean isspace(char c) {
       return c == ' ' || c == '\t' || c == '\n' || c == '\r' || c == '\f';
    }
}",5
"public class ISOPERATORCHAR {
/**
     * @return true if the given character is a valid character for an
     *         operator in the backend's parser
     */
    public static boolean isoperatorchar(char c) {
        /*
         * Extracted from operators defined by {self} and {op_chars}
         * in pgsql/src/backend/parser/scan.l.
         */
        return "",()[].;:+-*/%^<>=~!@#&|`?"".indexOf(c) != -1;
    }
}",1
"public class ISIDENTIFIERSTARTCHAR {
/**
     * Checks if a character is valid as the start of an identifier.
     * 
     * @param c the character to check
     * @return true if valid as first character of an identifier; false if not
     */
    public static boolean isidentifierstartchar(char c) {
        /*
         * Extracted from {ident_start} and {ident_cont} in
         * pgsql/src/backend/parser/scan.l:
         * ident_start    [A-Za-z\200-\377_]
         * ident_cont     [A-Za-z\200-\377_0-9\$]
         */
        return (c >= 'a' && c <= 'z') || (c >= 'A' && c <= 'Z')
                || c == '_' || c > 127 ;
    }
}",6
"public class ISIDENTIFIERCONTCHAR {
/**
     * Checks if a character is valid as the second or later character of an
     * identifier.
     * 
     * @param c the character to check
     * @return true if valid as second or later character of an identifier; false if not
     */
    public static boolean isidentifiercontchar(char c) {
        return (c >= 'a' && c <= 'z') || (c >= 'A' && c <= 'Z')
                || c == '_' || c > 127
                || (c >= '0' && c <= '9')
                || c == '$';
    }
}",9
"public class ISDOLLARQUOTESTARTCHAR {
/**
     * Checks if a character is valid as the start of a dollar quoting tag.
     * 
     * @param c the character to check
     * @return true if valid as first character of a dollar quoting tag; false if not
     */
    public static boolean isdollarquotestartchar(char c) {
        /*
         * The allowed dollar quote start and continuation characters
         * must stay in sync with what the backend defines in
         * pgsql/src/backend/parser/scan.l
         */
        return (c >= 'a' && c <= 'z') || (c >= 'A' && c <= 'Z')
                || c == '_' || c > 127;
    }
}",6
"public class ISDOLLARQUOTECONTCHAR {
/**
     * Checks if a character is valid as the second or later character of a
     * dollar quoting tag.
     * 
     * @param c the character to check
     * @return true if valid as second or later character of a dollar quoting tag;
     *         false if not
     */
    public static boolean isdollarquotecontchar(char c) {
        return (c >= 'a' && c <= 'z') || (c >= 'A' && c <= 'Z')
                || c == '_' || c > 127
                || (c >= '0' && c <= '9');
    }
}",8
"public class TOJAVASECS {
/**
     * Converts the given postgresql seconds to java seconds.
     * Reverse engineered by inserting varying dates to postgresql
     * and tuning the formula until the java dates matched.
     * See {@link #toPgSecs} for the reverse operation.
     * 
     * @param secs Postgresql seconds.
     * @return Java seconds.
     */
    private static long toJavaSecs(long secs) {
        // postgres epoc to java epoc
        secs += 946684800L;

        // Julian/Gregorian calendar cutoff point
        if (secs < -12219292800L) { // October 4, 1582 -> October 15, 1582
            secs += 86400 * 10;
            if (secs < -14825808000L) { // 1500-02-28 -> 1500-03-01
                int extraLeaps = (int) ((secs + 14825808000L) / 3155760000L);
                extraLeaps--;
                extraLeaps -= extraLeaps / 4;
                secs += extraLeaps * 86400L;
            }
        }
        return secs;
    }
}",3
"public class TOPGSECS {
/**
     * Converts the given java seconds to postgresql seconds.
     * See {@link #toJavaSecs} for the reverse operation.
     * The conversion is valid for any year 100 BC onwards.
     * 
     * @param secs Postgresql seconds.
     * @return Java seconds.
     */
     private static long toPgSecs(long secs) {
        // java epoc to postgres epoc
        secs -= 946684800L;

        // Julian/Greagorian calendar cutoff point
        if (secs < -13165977600L) { // October 15, 1582 -> October 4, 1582
            secs -= 86400 * 10;
            if (secs < -15773356800L) { // 1500-03-01 -> 1500-02-28
                int years = (int) ((secs + 15773356800L) / -3155823050L);
                years++;
                years -= years/4;
                secs += years * 86400;
            }
        }
        
        return secs;
    }
}",3
"public class SETTRANSACTIONTIMEOUT {
/**
     * We don't do transaction timeouts. Returns false.
     */
    public boolean settransactiontimeout(int seconds) {
        return false;
    }
}",1
"public class LERP {
/**
     * Linearly interpolates between a and b, based on t. Specifically, it
     * computes lerp(a, b, t) = a + t*(b - a). This produces a result that
     * changes from a (when t = 0) to b (when t = 1).
     * 
     * @param t variable 'time' parameter
     * @param a from point
     * @param b to Point
     * 
     * @return linear interpolation between and b at time interval t (given as #
     *         between 0f and 1f)
     */
    public static double lerp(final double t, final double a, final double b) {
        return a + t * (b - a);
    }
}",1
"public class COMPUTESLOWINSLOWOUT {
/**
     * Computes percent or linear interpolation to apply when taking
     * acceleration into account.
     * 
     * @param zeroToOne Percentage of activity completed
     * @return strength of acceleration
     */
    public float computeslowinslowout(final float zeroToOne) {
        if (zeroToOne < 0.5f) {
            return 2.0f * zeroToOne * zeroToOne;
        }
        else {
            final float complement = 1.0f - zeroToOne;
            return 1.0f - 2.0f * complement * complement;
        }
    }
}",2
"public class CONTAINS {
/**
     * Returns whether the given coordinates are on the line defined by (x1,y1)
     * and (x2,y2) within the given distance.
     * 
     * @param x x component of point being tested
     * @param y y component of point being tested
     * @param x1 x component of start point of line segment
     * @param y1 y component of start point of line segment
     * @param x2 x component of end point of line segment
     * @param y2 y component of end point of line segment
     * @param min whether the point should be constrained to ""after"" the start
     *            of the segment
     * @param max whether the point should be constrained to ""before"" the end of
     *            the segment
     * @param distance distance from line acceptable as ""touching""
     * @return whether the point (x,y) is near enough to the given line
     */
    public static boolean contains(final double x, final double y, final double x1, final double y1, final double x2,
            final double y2, final boolean min, final boolean max, final double distance) {
        double dx = x2 - x1;
        double dy = y2 - y1;

        // If line is a point then bail out
        if (dx == 0 && dy == 0) {
            return false;
        }

        final double dx2 = dx * dx;
        final double dy2 = dy * dy;

        // distance along segment as a ratio or the (x1,y1)->(x2,y2) vector
        final double p;
        if (dx != 0) {
            p = ((x - x1) / dx + dy * (y - y1) / dx2) / (1 + dy2 / dx2);
        }
        else {
            p = ((y - y1) / dy + dx * (x - x1) / dy2) / (1 + dx2 / dy2);
        }

        // Point is not ""beside"" the segment and it's been disallowed, bail.
        if (min && p < 0 || max && p > 1.0) {
            return false;
        }

        dx = p * dx + x1 - x;
        dy = p * dy + y1 - y;

        final double len = dx * dx + dy * dy;
        return len < distance;
    }
}",8
"public class INTERSECTS {
/**
     * Returns true if the two segments defined by (x1,y1)->(x2,y2) and
     * (x3,y3)->(x4,y4) intersect. Optional fields allow for consideration of
     * extending the segments to infinity at either end.
     * 
     * @param x1 segment 1's start x component
     * @param y1 segment 1's start y component
     * @param x2 segment 1's end x component
     * @param y2 segment 1's end y component
     * @param x3 segment 2's start x component
     * @param y3 segment 2's start y component
     * @param x4 segment 2's end x component
     * @param y4 segment 2's end y component
     * @param min1 whether the second segment is acceptable if it passes
     *            ""before the start of the first segment""
     * @param max1 whether the second segment is acceptable if it passes
     *            ""after the end of the first segment""
     * @param min2 whether the first segment is acceptable if it passes
     *            ""before the start of the second segment""
     * @param max2 whether the first segment is acceptable if it passes
     *            ""after the start of the second segment""
     * @return true if line segments intersect
     */
    public static boolean intersects(final double x1, final double y1, final double x2, final double y2,
            final double x3, final double y3, final double x4, final double y4, final boolean min1, final boolean max1,
            final boolean min2, final boolean max2) {
        final double dx1 = x2 - x1, dy1 = y2 - y1, dx2 = x4 - x3, dy2 = y4 - y3;
        double d, p2, p1;

        if (dy1 != 0.0) {
            d = dx1 / dy1;
            p2 = (x3 - x1 + d * (y1 - y3)) / (d * dy2 - dx2);
            p1 = (dy2 * p2 + y3 - y1) / dy1;
        }
        else if (dy2 != 0.0) {
            d = dx2 / dy2;
            p1 = (x1 - x3 + d * (y3 - y1)) / (d * dy1 - dx1);
            p2 = (dy1 * p1 + y1 - y3) / dy2;
        }
        else if (dx1 != 0.0) {
            d = dy1 / dx1;
            p2 = (y3 - y1 + d * (x1 - x3)) / (d * dx2 - dy2);
            p1 = (dx2 * p2 + x3 - x1) / dx1;
        }
        else if (dx2 != 0.0) {
            d = dy2 / dx2;
            p1 = (y1 - y3 + d * (x3 - x1)) / (d * dx1 - dy1);
            p2 = (dx1 * p1 + x1 - x3) / dx2;
        }
        else {
            return false;
        }
        return (!min1 || p1 >= 0.0) && (!max1 || p1 <= 1.0) && (!min2 || p2 >= 0.0) && (!max2 || p2 <= 1.0);
    }
}",12
"public class DEHEXCHAR {
/**
     * Get the hex value of a character (base16).
     * @param c A character between '0' and '9' or between 'A' and 'F' or
     * between 'a' and 'f'.
     * @return  An int between 0 and 15, or -1 if c was not a hex digit.
     */
    public static int dehexchar(char c) {
        if (c >= '0' && c <= '9') {
            return c - '0';
        }
        if (c >= 'A' && c <= 'F') {
            return c - ('A' - 10);
        }
        if (c >= 'a' && c <= 'f') {
            return c - ('a' - 10);
        }
        return -1;
    }
}",7
"public class BOXCOXTRANSFORM {
/**
	 * Returns the Box-Cox transform of the variable x with parameter lambda
	 * @param x
	 * @param lambda
	 * @return
	 */
	public static double boxcoxtransform(double x, double lambda) {
		return (Math.pow(x, lambda)-1) / lambda;
	}
}",1
"public class CONVEXP {
/**
	 * Given a uniform random variate u, and a distribution mean 'mean', return an exponentially-distributed
	 * variate
	 * @param u
	 * @param mean
	 * @return
	 */
	public static double convexp(double u, double mean) {
		return -Math.log(u)*mean;
	}
}",1
"public class GETSKYCOLORBYTEMP {
/**
     * takes temperature, returns color
     */
    public int getskycolorbytemp(float par1)
    {
        return 0;
    }
}",1
"public class DAMAGEDROPPED {
/**
     * Determines the damage on the item the block drops. Used in cloth and wood.
     */
    protected int damageDropped(int par1)
    {
        return 0;
    }
}",1
"public class GETRENDERCOLOR {
/**
     * Returns the color this block should be rendered. Used by leaves.
     */
    public int getrendercolor(int par1)
    {
        return 16777215;
    }
}",1
"public class ISBLOCKHEADOFBED {
/**
     * Returns whether or not this bed block is the head of the bed.
     */
    public static boolean isblockheadofbed(int par0)
    {
        return (par0 & 8) != 0;
    }
}",1
"public class ISBEDOCCUPIED {
/**
     * Return whether or not the bed is occupied.
     */
    public static boolean isbedoccupied(int par0)
    {
        return (par0 & 4) != 0;
    }
}",1
"public class GETBLOCKTEXTUREFROMSIDEANDMETADATA {
/**
     * From the specified side and block metadata retrieves the blocks texture. Args: side, metadata
     */
    public int getblocktexturefromsideandmetadata(int par1, int par2)
    {
        return par1 == 1 ? 138 : (par1 == 0 ? 155 : 154);
    }
}",1
"public class GETBLOCKTEXTUREFROMSIDE {
/**
     * Returns the block texture based on the side being looked at.  Args: side
     */
    public int getblocktexturefromside(int par1)
    {
        return 4;
    }
}",1
"public class DAMAGEDROPPED {
/**
     * Determines the damage on the item the block drops. Used in cloth and wood.
     */
    protected int damageDropped(int par1)
    {
        return par1;
    }
}",1
"public class GETBLOCKFROMDYE {
/**
     * Takes a dye damage value and returns the block damage value to match
     */
    public static int getblockfromdye(int par0)
    {
        return ~par0 & 15;
    }
}",1
"public class GETDYEFROMBLOCK {
/**
     * Takes a block damage value and returns the dye damage value to match
     */
    public static int getdyefromblock(int par0)
    {
        return ~par0 & 15;
    }
}",1
"public class GETDIRECTION {
/**
     * Returns the orentation value from the specified metadata
     */
    public static int getdirection(int par0)
    {
        return par0 & 3;
    }
}",1
"public class ISENDEREYEINSERTED {
/**
     * checks if an ender eye has been inserted into the frame block. parameters: metadata
     */
    public static boolean isendereyeinserted(int par0)
    {
        return (par0 & 4) != 0;
    }
}",1
"public class ISFENCEGATEOPEN {
/**
     * Returns if the fence gate is open according to its metadata.
     */
    public static boolean isfencegateopen(int par0)
    {
        return (par0 & 4) != 0;
    }
}",1
"public class GETFLUIDHEIGHTPERCENT {
/**
     * Returns the percentage of the fluid block that is air, based on the given flow decay of the fluid.
     */
    public static float getfluidheightpercent(int par0)
    {
        if (par0 >= 8)
        {
            par0 = 0;
        }

        return (float)(par0 + 1) / 9.0F;
    }
}",2
"public class CANCOLLIDECHECK {
/**
     * Returns whether this block is collideable based on the arguments passed in Args: blockMetaData, unknownFlag
     */
    public boolean cancollidecheck(int par1, boolean par2)
    {
        return par2 && par1 == 0;
    }
}",2
"public class GETBLOCKTEXTUREFROMSIDEANDMETADATA {
/**
     * From the specified side and block metadata retrieves the blocks texture. Args: side, metadata
     */
    public int getblocktexturefromsideandmetadata(int par1, int par2)
    {
        return par1 == 1 ? 0 : (par1 == 0 ? 2 : 3);
    }
}",1
"public class DAMAGEDROPPED {
/**
     * Determines the damage on the item the block drops. Used in cloth and wood.
     */
    protected int damageDropped(int par1)
    {
        return par1 & 7;
    }
}",1
"public class DAMAGEDROPPED {
/**
     * Determines the damage on the item the block drops. Used in cloth and wood.
     */
    protected int damageDropped(int par1)
    {
        return par1 & 3;
    }
}",1
"public class INVERTMETADATA {
/**
     * only used in ComponentScatteredFeatureJunglePyramid.addComponentParts""
     */
    public static int invertmetadata(int par0)
    {
        switch (par0)
        {
            case 0:
                return 0;
            case 1:
                return 5;
            case 2:
                return 4;
            case 3:
                return 3;
            case 4:
                return 2;
            case 5:
                return 1;
            default:
                return -1;
        }
    }
}",2
"public class GETRENDERCOLOR {
/**
     * Returns the color this block should be rendered. Used by leaves.
     */
    public int getrendercolor(int par1)
    {
        return 2129968;
    }
}",1
"public class GETBLOCKTEXTUREFROMSIDEANDMETADATA {
/**
     * From the specified side and block metadata retrieves the blocks texture. Args: side, metadata
     */
    public int getblocktexturefromsideandmetadata(int par1, int par2)
    {
        int var3 = par2 & 12;
        int var4 = par2 & 3;
        return var3 == 0 && (par1 == 1 || par1 == 0) ? 21 : (var3 == 4 && (par1 == 5 || par1 == 4) ? 21 : (var3 == 8 && (par1 == 2 || par1 == 3) ? 21 : (var4 == 1 ? 116 : (var4 == 2 ? 117 : (var4 == 3 ? 153 : 20)))));
    }
}",7
"public class DAMAGEDROPPED {
/**
     * Determines the damage on the item the block drops. Used in cloth and wood.
     */
    protected int damageDropped(int par1)
    {
        return par1 & 3;
    }
}",1
"public class LIMITTOVALIDMETADATA {
/**
     * returns a number between 0 and 3
     */
    public static int limittovalidmetadata(int par0)
    {
        return par0 & 3;
    }
}",1
"public class GETBLOCKTEXTUREFROMSIDEANDMETADATA {
/**
     * From the specified side and block metadata retrieves the blocks texture. Args: side, metadata
     */
    public int getblocktexturefromsideandmetadata(int par1, int par2)
    {
        return par1 != 1 && par1 != 0 ? 136 : 137;
    }
}",2
"public class GETBLOCKTEXTUREFROMSIDE {
/**
     * Returns the block texture based on the side being looked at.  Args: side
     */
    public int getblocktexturefromside(int par1)
    {
        return par1 != 1 && par1 != 0 ? 136 : 137;
    }
}",2
"public class GETBLOCKTEXTUREFROMSIDEANDMETADATA {
/**
     * From the specified side and block metadata retrieves the blocks texture. Args: side, metadata
     */
    public int getblocktexturefromsideandmetadata(int par1, int par2)
    {
        return par1 == 1 ? 78 : (par1 == 0 ? 2 : 77);
    }
}",1
"public class GETORIENTATION {
/**
     * returns an int which describes the direction the piston faces
     */
    public static int getorientation(int par0)
    {
        return par0 & 7;
    }
}",1
"public class ISEXTENDED {
/**
     * Determine if the metadata is related to something powered.
     */
    public static boolean isextended(int par0)
    {
        return (par0 & 8) != 0;
    }
}",1
"public class GETBLOCKTEXTUREFROMSIDEANDMETADATA {
/**
     * From the specified side and block metadata retrieves the blocks texture. Args: side, metadata
     */
    public int getblocktexturefromsideandmetadata(int par1, int par2)
    {
        return par1 != 1 && (par1 != 0 || par2 != 1 && par2 != 2) ? (par1 == 0 ? 208 : (par2 == 1 ? 229 : (par2 == 2 ? 230 : 192))) : 176;
    }
}",4
"public class DAMAGEDROPPED {
/**
     * Determines the damage on the item the block drops. Used in cloth and wood.
     */
    protected int damageDropped(int par1)
    {
        return par1;
    }
}",1
"public class DAMAGEDROPPED {
/**
     * Determines the damage on the item the block drops. Used in cloth and wood.
     */
    protected int damageDropped(int par1)
    {
        return par1 & 3;
    }
}",1
"public class GETRENDERCOLOR {
/**
     * Returns the color this block should be rendered. Used by leaves.
     */
    public int getrendercolor(int par1)
    {
        int var2 = par1 * 32;
        int var3 = 255 - par1 * 8;
        int var4 = par1 * 4;
        return var2 << 16 | var3 << 8 | var4;
    }
}",1
"public class GETBLOCKTEXTUREFROMSIDEANDMETADATA {
/**
     * From the specified side and block metadata retrieves the blocks texture. Args: side, metadata
     */
    public int getblocktexturefromsideandmetadata(int par1, int par2)
    {
        switch (par2)
        {
            case 1:
                return 100;
            case 2:
                return 101;
            case 3:
                return 213;
            default:
                return 54;
        }
    }
}",2
"public class DAMAGEDROPPED {
/**
     * Determines the damage on the item the block drops. Used in cloth and wood.
     */
    protected int damageDropped(int par1)
    {
        return par1;
    }
}",1
"public class GETBLOCKTEXTUREFROMSIDEANDMETADATA {
/**
     * From the specified side and block metadata retrieves the blocks texture. Args: side, metadata
     */
    public int getblocktexturefromsideandmetadata(int par1, int par2)
    {
        switch (par2)
        {
            case 1:
                return 198;
            case 2:
                return 214;
            case 3:
                return 199;
            default:
                return 4;
        }
    }
}",2
"public class DAMAGEDROPPED {
/**
     * Determines the damage on the item the block drops. Used in cloth and wood.
     */
    protected int damageDropped(int par1)
    {
        return par1;
    }
}",1
"public class GETBLOCKTEXTUREFROMSIDEANDMETADATA {
/**
     * From the specified side and block metadata retrieves the blocks texture. Args: side, metadata
     */
    public int getblocktexturefromsideandmetadata(int par1, int par2)
    {
        switch (par2 & 7)
        {
            case 1:
                return 198;
            case 2:
                return 214;
            case 3:
                return 199;
            default:
                return 4;
        }
    }
}",2
"public class CHUNKXZ2INT {
/**
     * converts a chunk coordinate pair to an integer (suitable for hashing)
     */
    public static long chunkxz2int(int par0, int par1)
    {
        return (long)par0 & 4294967295L | ((long)par1 & 4294967295L) << 32;
    }
}",1
"public class CHUNKEXISTS {
/**
     * Checks to see if a chunk exists at x, y
     */
    public boolean chunkexists(int par1, int par2)
    {
        return true;
    }
}",1
"public class CHUNKEXISTS {
/**
     * Checks to see if a chunk exists at x, y
     */
    public boolean chunkexists(int par1, int par2)
    {
        return true;
    }
}",1
"public class CHUNKEXISTS {
/**
     * Checks to see if a chunk exists at x, y
     */
    public boolean chunkexists(int par1, int par2)
    {
        return true;
    }
}",1
"public class CHUNKEXISTS {
/**
     * Checks to see if a chunk exists at x, y
     */
    public boolean chunkexists(int par1, int par2)
    {
        return true;
    }
}",1
"public class GETVILLAGERTYPE {
/**
     * Returns the villager type to spawn in this component, based on the number of villagers already spawned.
     */
    protected int getVillagerType(int par1)
    {
        return 0;
    }
}",1
"public class GETVILLAGERTYPE {
/**
     * Returns the villager type to spawn in this component, based on the number of villagers already spawned.
     */
    protected int getVillagerType(int par1)
    {
        return 2;
    }
}",1
"public class GETVILLAGERTYPE {
/**
     * Returns the villager type to spawn in this component, based on the number of villagers already spawned.
     */
    protected int getVillagerType(int par1)
    {
        return par1 == 0 ? 4 : 0;
    }
}",1
"public class GETVILLAGERTYPE {
/**
     * Returns the villager type to spawn in this component, based on the number of villagers already spawned.
     */
    protected int getVillagerType(int par1)
    {
        return 1;
    }
}",1
"public class GETVILLAGERTYPE {
/**
     * Returns the villager type to spawn in this component, based on the number of villagers already spawned.
     */
    protected int getVillagerType(int par1)
    {
        return 3;
    }
}",1
"public class GETHEIGHTVALUE {
/**
     * Returns the value in the height map at this x, z coordinate in the chunk
     */
    public int getheightvalue(int par1, int par2)
    {
        return 0;
    }
}",1
"public class GETBLOCKID {
/**
     * Return the ID of a block in the chunk.
     */
    public int getblockid(int par1, int par2, int par3)
    {
        return 0;
    }
}",1
"public class SETBLOCKIDWITHMETADATA {
/**
     * Sets a blockID of a position within a chunk with metadata. Args: x, y, z, blockID, metadata
     */
    public boolean setblockidwithmetadata(int par1, int par2, int par3, int par4, int par5)
    {
        return true;
    }
}",1
"public class SETBLOCKID {
/**
     * Sets a blockID for a position in the chunk. Args: x, y, z, blockID
     */
    public boolean setblockid(int par1, int par2, int par3, int par4)
    {
        return true;
    }
}",1
"public class GETBLOCKMETADATA {
/**
     * Return the metadata corresponding to the given coordinates inside a chunk.
     */
    public int getblockmetadata(int par1, int par2, int par3)
    {
        return 0;
    }
}",1
"public class SETBLOCKMETADATA {
/**
     * Set the metadata of a block in the chunk
     */
    public boolean setblockmetadata(int par1, int par2, int par3, int par4)
    {
        return false;
    }
}",1
"public class GETBLOCKLIGHTVALUE {
/**
     * Gets the amount of light on a block taking into account sunlight
     */
    public int getblocklightvalue(int par1, int par2, int par3, int par4)
    {
        return 0;
    }
}",1
"public class CANBLOCKSEETHESKY {
/**
     * Returns whether is not a block above this one blocking sight to the sky (done via checking against the heightmap)
     */
    public boolean canblockseethesky(int par1, int par2, int par3)
    {
        return false;
    }
}",1
"public class NEEDSSAVING {
/**
     * Returns true if this Chunk needs to be saved
     */
    public boolean needssaving(boolean par1)
    {
        return false;
    }
}",1
"public class GETARELEVELSEMPTY {
/**
     * Returns whether the ExtendedBlockStorages containing levels (in blocks) from arg 1 to arg 2 are fully empty
     * (true) or not (false).
     */
    public boolean getarelevelsempty(int par1, int par2)
    {
        return true;
    }
}",1
"public class GETMINENCHANTABILITY {
/**
     * Returns the minimal value of enchantability needed on the enchantment level passed.
     */
    public int getminenchantability(int par1)
    {
        return 1 + par1 * 10;
    }
}",1
"public class GETMINENCHANTABILITY {
/**
     * Returns the minimal value of enchantability needed on the enchantment level passed.
     */
    public int getminenchantability(int par1)
    {
        return 1 + (par1 - 1) * 10;
    }
}",1
"public class GETMINENCHANTABILITY {
/**
     * Returns the minimal value of enchantability needed on the enchantment level passed.
     */
    public int getminenchantability(int par1)
    {
        return 20;
    }
}",1
"public class GETMAXENCHANTABILITY {
/**
     * Returns the maximum value of enchantability nedded on the enchantment level passed.
     */
    public int getmaxenchantability(int par1)
    {
        return 50;
    }
}",1
"public class GETMINENCHANTABILITY {
/**
     * Returns the minimal value of enchantability needed on the enchantment level passed.
     */
    public int getminenchantability(int par1)
    {
        return 20;
    }
}",1
"public class GETMAXENCHANTABILITY {
/**
     * Returns the maximum value of enchantability nedded on the enchantment level passed.
     */
    public int getmaxenchantability(int par1)
    {
        return 50;
    }
}",1
"public class GETMINENCHANTABILITY {
/**
     * Returns the minimal value of enchantability needed on the enchantment level passed.
     */
    public int getminenchantability(int par1)
    {
        return 12 + (par1 - 1) * 20;
    }
}",1
"public class GETMINENCHANTABILITY {
/**
     * Returns the minimal value of enchantability needed on the enchantment level passed.
     */
    public int getminenchantability(int par1)
    {
        return 1 + 10 * (par1 - 1);
    }
}",1
"public class GETMINENCHANTABILITY {
/**
     * Returns the minimal value of enchantability needed on the enchantment level passed.
     */
    public int getminenchantability(int par1)
    {
        return 5 + (par1 - 1) * 8;
    }
}",1
"public class GETMINENCHANTABILITY {
/**
     * Returns the minimal value of enchantability needed on the enchantment level passed.
     */
    public int getminenchantability(int par1)
    {
        return 10 + 20 * (par1 - 1);
    }
}",1
"public class GETMINENCHANTABILITY {
/**
     * Returns the minimal value of enchantability needed on the enchantment level passed.
     */
    public int getminenchantability(int par1)
    {
        return 5 + 20 * (par1 - 1);
    }
}",1
"public class GETMINENCHANTABILITY {
/**
     * Returns the minimal value of enchantability needed on the enchantment level passed.
     */
    public int getminenchantability(int par1)
    {
        return 15 + (par1 - 1) * 9;
    }
}",1
"public class GETMINENCHANTABILITY {
/**
     * Returns the minimal value of enchantability needed on the enchantment level passed.
     */
    public int getminenchantability(int par1)
    {
        return 10 * par1;
    }
}",1
"public class GETMINENCHANTABILITY {
/**
     * Returns the minimal value of enchantability needed on the enchantment level passed.
     */
    public int getminenchantability(int par1)
    {
        return 15;
    }
}",1
"public class GETMINENCHANTABILITY {
/**
     * Returns the minimal value of enchantability needed on the enchantment level passed.
     */
    public int getminenchantability(int par1)
    {
        return 1;
    }
}",1
"public class GETBRIGHTNESS {
/**
     * Gets how bright this entity is.
     */
    public float getbrightness(float par1)
    {
        return 1.0F;
    }
}",1
"public class GETBLOCKPATHWEIGHT {
/**
     * Takes a coordinate in and returns a weight to determine how likely this creature will try to path to the block.
     * Args: x, y, z
     */
    public float getblockpathweight(int par1, int par2, int par3)
    {
        return 0.0F;
    }
}",1
"public class GETBRIGHTNESS {
/**
     * Gets how bright this entity is.
     */
    public float getbrightness(float par1)
    {
        return 1.0F;
    }
}",1
"public class GETBRIGHTNESS {
/**
     * Gets how bright this entity is.
     */
    public float getbrightness(float par1)
    {
        return 1.0F;
    }
}",1
"public class DECREASEAIRSUPPLY {
/**
     * Decrements the entity's air supply when underwater
     */
    protected int decreaseAirSupply(int par1)
    {
        return par1;
    }
}",1
"public class DECREASEAIRSUPPLY {
/**
     * Decrements the entity's air supply when underwater
     */
    protected int decreaseAirSupply(int par1)
    {
        return par1 - 1;
    }
}",1
"public class GETBRIGHTNESS {
/**
     * Gets how bright this entity is.
     */
    public float getbrightness(float par1)
    {
        return 1.0F;
    }
}",1
"public class GETXPSPLIT {
/**
     * Get xp split rate (Is called until the xp drop code in EntityLiving.onEntityUpdate is complete)
     */
    public static int getxpsplit(int par0)
    {
        return par0 >= 2477 ? 2477 : (par0 >= 1237 ? 1237 : (par0 >= 617 ? 617 : (par0 >= 307 ? 307 : (par0 >= 149 ? 149 : (par0 >= 73 ? 73 : (par0 >= 37 ? 37 : (par0 >= 17 ? 17 : (par0 >= 7 ? 7 : (par0 >= 3 ? 3 : 1)))))))));
    }
}",1
"public class COMPUTEHASH {
/**
     * Makes the passed in integer suitable for hashing by a number of shifts
     */
    private static int computeHash(int par0)
    {
        par0 ^= par0 >>> 20 ^ par0 >>> 12;
        return par0 ^ par0 >>> 7 ^ par0 >>> 4;
    }
}",1
"public class GETSLOTINDEX {
/**
     * Computes the index of the slot for the hash and slot count passed in.
     */
    private static int getSlotIndex(int par0, int par1)
    {
        return par0 & par1 - 1;
    }
}",1
"public class INVENTORYRESETNEEDEDONSLOTCHANGE {
/**
     * if par1 slot has changed, does resetRecipeAndSlots need to be called?
     */
    private boolean inventoryResetNeededOnSlotChange(int par1)
    {
        return par1 == 0 || par1 == 1;
    }
}",2
"public class GETMETADATA {
/**
     * Returns the metadata of the block which this Item (ItemBlock) can place
     */
    public int getmetadata(int par1)
    {
        return 0;
    }
}",1
"public class GETMETADATA {
/**
     * Returns the metadata of the block which this Item (ItemBlock) can place
     */
    public int getmetadata(int par1)
    {
        return par1;
    }
}",1
"public class GETMETADATA {
/**
     * Returns the metadata of the block which this Item (ItemBlock) can place
     */
    public int getmetadata(int par1)
    {
        return par1;
    }
}",1
"public class GETMETADATA {
/**
     * Returns the metadata of the block which this Item (ItemBlock) can place
     */
    public int getmetadata(int par1)
    {
        return par1;
    }
}",1
"public class GETMETADATA {
/**
     * Returns the metadata of the block which this Item (ItemBlock) can place
     */
    public int getmetadata(int par1)
    {
        return par1 | 4;
    }
}",1
"public class GETMETADATA {
/**
     * Returns the metadata of the block which this Item (ItemBlock) can place
     */
    public int getmetadata(int par1)
    {
        return 7;
    }
}",1
"public class ISSPLASH {
/**
     * returns wether or not a potion is a throwable splash potion based on damage value
     */
    public static boolean issplash(int par0)
    {
        return (par0 & 16384) != 0;
    }
}",1
"public class GETMETADATA {
/**
     * Returns the metadata of the block which this Item (ItemBlock) can place
     */
    public int getmetadata(int par1)
    {
        return par1;
    }
}",1
"public class GETMETADATA {
/**
     * Returns the metadata of the block which this Item (ItemBlock) can place
     */
    public int getmetadata(int par1)
    {
        return par1;
    }
}",1
"public class GETMETADATA {
/**
     * Returns the metadata of the block which this Item (ItemBlock) can place
     */
    public int getmetadata(int par1)
    {
        return par1;
    }
}",1
"public class GETMETADATA {
/**
     * Returns the metadata of the block which this Item (ItemBlock) can place
     */
    public int getmetadata(int par1)
    {
        return par1;
    }
}",1
"public class GETMETADATA {
/**
     * Returns the metadata of the block which this Item (ItemBlock) can place
     */
    public int getmetadata(int par1)
    {
        return par1;
    }
}",1
"public class GETMETADATA {
/**
     * Returns the metadata of the block which this Item (ItemBlock) can place
     */
    public int getmetadata(int par1)
    {
        return par1;
    }
}",1
"public class HASH {
/**
     * the hash function
     */
    private static int hash(int par0)
    {
        par0 ^= par0 >>> 20 ^ par0 >>> 12;
        return par0 ^ par0 >>> 7 ^ par0 >>> 4;
    }
}",1
"public class GETHASHINDEX {
/**
     * gets the index in the hash given the array length and the hashed key
     */
    private static int getHashIndex(int par0, int par1)
    {
        return par0 & par1 - 1;
    }
}",1
"public class FLOOR_FLOAT {
/**
     * Returns the greatest integer less than or equal to the float argument
     */
    public static int floor_float(float par0)
    {
        int var1 = (int)par0;
        return par0 < (float)var1 ? var1 - 1 : var1;
    }
}",1
"public class TRUNCATEDOUBLETOINT {
/**
     * returns par0 cast as an int, and no greater than Integer.MAX_VALUE-1024
     */
    public static int truncatedoubletoint(double par0)
    {
        return (int)(par0 + 1024.0D) - 1024;
    }
}",1
"public class FLOOR_DOUBLE {
/**
     * Returns the greatest integer less than or equal to the double argument
     */
    public static int floor_double(double par0)
    {
        int var2 = (int)par0;
        return par0 < (double)var2 ? var2 - 1 : var2;
    }
}",1
"public class FLOOR_DOUBLE_LONG {
/**
     * Long version of floor_double
     */
    public static long floor_double_long(double par0)
    {
        long var2 = (long)par0;
        return par0 < (double)var2 ? var2 - 1L : var2;
    }
}",1
"public class CLAMP_INT {
/**
     * Returns the value of the first parameter, clamped to be within the lower and upper limits given by the second and
     * third parameters.
     */
    public static int clamp_int(int par0, int par1, int par2)
    {
        return par0 < par1 ? par1 : (par0 > par2 ? par2 : par0);
    }
}",1
"public class CLAMP_FLOAT {
/**
     * Returns the value of the first parameter, clamped to be within the lower and upper limits given by the second and
     * third parameters
     */
    public static float clamp_float(float par0, float par1, float par2)
    {
        return par0 < par1 ? par1 : (par0 > par2 ? par2 : par0);
    }
}",1
"public class ABS_MAX {
/**
     * Maximum of the absolute value of two numbers.
     */
    public static double abs_max(double par0, double par2)
    {
        if (par0 < 0.0D)
        {
            par0 = -par0;
        }

        if (par2 < 0.0D)
        {
            par2 = -par2;
        }

        return par0 > par2 ? par0 : par2;
    }
}",3
"public class BUCKETINT {
/**
     * Buckets an integer with specifed bucket sizes.  Args: i, bucketSize
     */
    public static int bucketint(int par0, int par1)
    {
        return par0 < 0 ? -((-par0 - 1) / par1) - 1 : par0 / par1;
    }
}",1
"public class WRAPANGLETO180_FLOAT {
/**
     * the angle is reduced to an angle between -180 and +180 by mod, and a 360 check
     */
    public static float wrapangleto180_float(float par0)
    {
        par0 %= 360.0F;

        if (par0 >= 180.0F)
        {
            par0 -= 360.0F;
        }

        if (par0 < -180.0F)
        {
            par0 += 360.0F;
        }

        return par0;
    }
}",3
"public class WRAPANGLETO180_DOUBLE {
/**
     * the angle is reduced to an angle between -180 and +180 by mod, and a 360 check
     */
    public static double wrapangleto180_double(double par0)
    {
        par0 %= 360.0D;

        if (par0 >= 180.0D)
        {
            par0 -= 360.0D;
        }

        if (par0 < -180.0D)
        {
            par0 += 360.0D;
        }

        return par0;
    }
}",3
"public class ISREADY {
/**
     * checks if Potion effect is ready to be applied this tick.
     */
    public boolean isready(int par1, int par2)
    {
        return par1 >= 1;
    }
}",1
"public class CHECKFLAG {
/**
     * Is the bit given set to 1?
     */
    public static boolean checkflag(int par0, int par1)
    {
        return (par0 & 1 << par1) != 0;
    }
}",1
"public class COUNTSETFLAGS {
/**
     * Count the number of bits in an integer set to ON.
     */
    private static int countSetFlags(int par0)
    {
        int var1;

        for (var1 = 0; par0 > 0; ++var1)
        {
            par0 &= par0 - 1;
        }

        return var1;
    }
}",2
"public class OUTOFBOUNDS {
/**
     * args: x, z - check region bounds
     */
    private boolean outOfBounds(int par1, int par2)
    {
        return par1 < 0 || par1 >= 32 || par2 < 0 || par2 >= 32;
    }
}",4
"public class TICKUPDATES {
/**
     * Runs through the list of updates to run and ticks them
     */
    public boolean tickupdates(boolean par1)
    {
        return false;
    }
}",1
"public class GETTEMPERATUREATHEIGHT {
/**
     * Return an adjusted version of a given temperature based on the y height
     */
    public float gettemperatureatheight(float par1, int par2)
    {
        return par1;
    }
}",1
"public class CALCULATECELESTIALANGLE {
/**
     * Calculates the angle of sun and moon in the sky relative to a specified time (usually worldTime)
     */
    public float calculatecelestialangle(long par1, float par3)
    {
        int var4 = (int)(par1 % 24000L);
        float var5 = ((float)var4 + par3) / 24000.0F - 0.25F;

        if (var5 < 0.0F)
        {
            ++var5;
        }

        if (var5 > 1.0F)
        {
            --var5;
        }

        float var6 = var5;
        var5 = 1.0F - (float)((Math.cos((double)var5 * Math.PI) + 1.0D) / 2.0D);
        var5 = var6 + (var5 - var6) / 3.0F;
        return var5;
    }
}",3
"public class DOESXZSHOWFOG {
/**
     * Returns true if the given X,Z coordinate should show environmental fog.
     */
    public boolean doesxzshowfog(int par1, int par2)
    {
        return false;
    }
}",1
"public class CALCULATECELESTIALANGLE {
/**
     * Calculates the angle of sun and moon in the sky relative to a specified time (usually worldTime)
     */
    public float calculatecelestialangle(long par1, float par3)
    {
        return 0.0F;
    }
}",1
"public class DOESXZSHOWFOG {
/**
     * Returns true if the given X,Z coordinate should show environmental fog.
     */
    public boolean doesxzshowfog(int par1, int par2)
    {
        return true;
    }
}",1
"public class CANCOORDINATEBESPAWN {
/**
     * Will check if the x, z position specified is alright to be set as the map spawn point
     */
    public boolean cancoordinatebespawn(int par1, int par2)
    {
        return false;
    }
}",1
"public class CALCULATECELESTIALANGLE {
/**
     * Calculates the angle of sun and moon in the sky relative to a specified time (usually worldTime)
     */
    public float calculatecelestialangle(long par1, float par3)
    {
        return 0.5F;
    }
}",1
"public class DOESXZSHOWFOG {
/**
     * Returns true if the given X,Z coordinate should show environmental fog.
     */
    public boolean doesxzshowfog(int par1, int par2)
    {
        return true;
    }
}",1
"public class GETVILLAGERTYPE {
/**
     * Returns the villager type to spawn in this component, based on the number of villagers already spawned.
     */
    protected int getVillagerType(int par1)
    {
        return 0;
    }
}",1
"public class GETVILLAGERTYPE {
/**
     * Returns the villager type to spawn in this component, based on the number of villagers already spawned.
     */
    protected int getVillagerType(int par1)
    {
        return 1;
    }
}",1
"public class ADDFUEL {
/**
     * Override if you wish to provide a fuel item for the furnace and return the fuel value of the item
     *
     * @param id
     * @param metadata
     */
    public int addfuel(int id, int metadata)
    {
        return 0;
    }
}",1
"public class CHUNKEXISTS {
/**
     * Checks to see if a chunk exists at x, y
     */
    public boolean chunkexists(int par1, int par2)
    {
        return true;
    }
}",1
"public class GETBRIGHTNESS {
/**
     * Gets how bright this entity is.
     */
    public float getbrightness(float par1)
    {
        return 1.0F;
    }
}",1
"public class ISFORMATCOLOR {
/**
     * Checks if the char code is a hexadecimal character, used to set colour.
     */
    private static boolean isFormatColor(char par0)
    {
        return par0 >= 48 && par0 <= 57 || par0 >= 97 && par0 <= 102 || par0 >= 65 && par0 <= 70;
    }
}",6
"public class ISFORMATSPECIAL {
/**
     * Checks if the char code is O-K...lLrRk-o... used to set special formatting.
     */
    private static boolean isFormatSpecial(char par0)
    {
        return par0 >= 107 && par0 <= 111 || par0 >= 75 && par0 <= 79 || par0 == 114 || par0 == 82;
    }
}",6
"public class GETHOVERSTATE {
/**
     * Returns 0 if the button is disabled, 1 if the mouse is NOT hovering over this button and 2 if it IS hovering over
     * this button.
     */
    protected int getHoverState(boolean par1)
    {
        return 0;
    }
}",1
"public class ISSELECTED {
/**
     * returns true if the element passed in is currently selected
     */
    protected boolean isSelected(int par1)
    {
        return false;
    }
}",1
"public class ISSELECTED {
/**
     * returns true if the element passed in is currently selected
     */
    protected boolean isSelected(int par1)
    {
        return false;
    }
}",1
"public class ISSELECTED {
/**
     * returns true if the element passed in is currently selected
     */
    protected boolean isSelected(int par1)
    {
        return false;
    }
}",1
"public class UPDATEROTATIONS {
/**
     * Updates the rotations in the parameters for rotations greater than 180 degrees or less than -180 degrees. It adds
     * or subtracts 360 degrees, so that the appearance is the same, although the numbers are then simplified to range
     * -180 to 180
     */
    private float updateRotations(double par1)
    {
        while (par1 >= 180.0D)
        {
            par1 -= 360.0D;
        }

        while (par1 < -180.0D)
        {
            par1 += 360.0D;
        }

        return (float)par1;
    }
}",3
"public class GETAOBRIGHTNESS {
/**
     * Get ambient occlusion brightness
     */
    public int getaobrightness(int par1, int par2, int par3, int par4)
    {
        if (par1 == 0)
        {
            par1 = par4;
        }

        if (par2 == 0)
        {
            par2 = par4;
        }

        if (par3 == 0)
        {
            par3 = par4;
        }

        return par1 + par2 + par3 + par4 >> 2 & 16711935;
    }
}",4
"public class INTERPOLATEROTATION {
/**
     * Returns a rotation angle that is inbetween two other rotation angles. par1 and par2 are the angles between which
     * to interpolate, par3 is probably a float between 0.0 and 1.0 that tells us where ""between"" the two angles we are.
     * Example: par1 = 30, par2 = 50, par3 = 0.5, then return = 40
     */
    private float interpolateRotation(float par1, float par2, float par3)
    {
        float var4;

        for (var4 = par2 - par1; var4 < -180.0F; var4 += 360.0F)
        {
            ;
        }

        while (var4 >= 180.0F)
        {
            var4 -= 360.0F;
        }

        return par1 + par3 * var4;
    }
}",3
"public class ISHTTPSUCCESSSTATUSCODE {
/**
     * This check if the status code is 2XX, check value between 200 and 300
     * @param status
     * @return
     */
    public static boolean ishttpsuccessstatuscode(int status) {
        return status >= 200 && status < 300;
    }
}",2
"public class GETGRAPHMAXVALUE {
/**
     * @param maxAttributeValue
     * @return dynamically calculated value for y-axis on the graph
     */
    private long getGraphMaxValue(long maxAttributeValue)
    {
        long maxGraphValue = 100;
        long temp = maxAttributeValue * 3/2;
        if (temp > maxGraphValue)
        {
            long modulus = temp % 100;
            maxGraphValue = temp + ( 100 - modulus);
        } 
        
        return maxGraphValue;
    }
}",2
"public class LESSTHANUNSIGNED {
/**
       * Returns true if x1 is less than x2, when both values are treated as
       * unsigned.
       */
      static boolean lessThanUnsigned(long x1, long x2) {
        return (x1 + Long.MIN_VALUE) < (x2 + Long.MIN_VALUE);
      }
}",1
"public class POP {
/** Returns the number of bits set in the long */
  public static int pop(long x) {
  /* Hacker's Delight 32 bit pop function:
   * http://www.hackersdelight.org/HDcode/newCode/pop_arrayHS.cc
   *
  int pop(unsigned x) {
     x = x - ((x >> 1) & 0x55555555);
     x = (x & 0x33333333) + ((x >> 2) & 0x33333333);
     x = (x + (x >> 4)) & 0x0F0F0F0F;
     x = x + (x >> 8);
     x = x + (x >> 16);
     return x & 0x0000003F;
    }
  ***/

    // 64 bit java version of the C function from above
    x = x - ((x >>> 1) & 0x5555555555555555L);
    x = (x & 0x3333333333333333L) + ((x >>>2 ) & 0x3333333333333333L);
    x = (x + (x >>> 4)) & 0x0F0F0F0F0F0F0F0FL;
    x = x + (x >>> 8);
    x = x + (x >>> 16);
    x = x + (x >>> 32);
    return ((int)x) & 0x7F;
  }
}",1
"public class NTZ3 {
/** returns 0 based index of first set bit
   * <br/> This is an alternate implementation of ntz()
   */
  public static int ntz3(long x) {
   // another implementation taken from Hackers Delight, extended to 64 bits
   // and converted to Java.
   // Many 32 bit ntz algorithms are at http://www.hackersdelight.org/HDcode/ntz.cc
   int n = 1;

   // do the first step as a long, all others as ints.
   int y = (int)x;
   if (y==0) {n+=32; y = (int)(x>>>32); }
   if ((y & 0x0000FFFF) == 0) { n+=16; y>>>=16; }
   if ((y & 0x000000FF) == 0) { n+=8; y>>>=8; }
   if ((y & 0x0000000F) == 0) { n+=4; y>>>=4; }
   if ((y & 0x00000003) == 0) { n+=2; y>>>=2; }
   return n - (y & 1);
  }
}",6
"public class ISPOWEROFTWO {
/** returns true if v is a power of two or zero*/
  public static boolean ispoweroftwo(int v) {
    return ((v & (v-1)) == 0);
  }
}",1
"public class ISPOWEROFTWO {
/** returns true if v is a power of two or zero*/
  public static boolean ispoweroftwo(long v) {
    return ((v & (v-1)) == 0);
  }
}",1
"public class NEXTHIGHESTPOWEROFTWO {
/** returns the next highest power of two, or the current value if it's already a power of two or zero*/
  public static int nexthighestpoweroftwo(int v) {
    v--;
    v |= v >> 1;
    v |= v >> 2;
    v |= v >> 4;
    v |= v >> 8;
    v |= v >> 16;
    v++;
    return v;
  }
}",1
"public class NEXTHIGHESTPOWEROFTWO {
/** returns the next highest power of two, or the current value if it's already a power of two or zero*/
   public static long nexthighestpoweroftwo(long v) {
    v--;
    v |= v >> 1;
    v |= v >> 2;
    v |= v >> 4;
    v |= v >> 8;
    v |= v >> 16;
    v |= v >> 32;
    v++;
    return v;
  }
}",1
"public class BITS2WORDS {
/** returns the number of 64 bit words it would take to hold numBits */
  public static int bits2words(long numBits) {
   return (int)(((numBits-1)>>>6)+1);
  }
}",1
"public class FETCHBOOLEANFIELD {
/**
     * Accessor for boolean field.
     * @param fieldNumber Number of field 
     * @return Object value
     */
    public boolean fetchbooleanfield(int fieldNumber)
    {
        return true;
    }
}",1
"public class FETCHCHARFIELD {
/**
     * Accessor for char field.
     * @param fieldNumber Number of field 
     * @return Object value
     */
    public char fetchcharfield(int fieldNumber)
    {
        return '0';
    }
}",1
"public class FETCHBYTEFIELD {
/**
     * Accessor for byte field.
     * @param fieldNumber Number of field 
     * @return Object value
     */
    public byte fetchbytefield(int fieldNumber)
    {
        return (byte)0;
    }
}",1
"public class FETCHDOUBLEFIELD {
/**
     * Accessor for double field.
     * @param fieldNumber Number of field 
     * @return Object value
     */
    public double fetchdoublefield(int fieldNumber)
    {
        return 0;
    }
}",1
"public class FETCHFLOATFIELD {
/**
     * Accessor for float field.
     * @param fieldNumber Number of field 
     * @return Object value
     */
    public float fetchfloatfield(int fieldNumber)
    {
        return 0;
    }
}",1
"public class FETCHINTFIELD {
/**
     * Accessor for int field.
     * @param fieldNumber Number of field 
     * @return Object value
     */
    public int fetchintfield(int fieldNumber)
    {
        return 0;
    }
}",1
"public class FETCHLONGFIELD {
/**
     * Accessor for long field.
     * @param fieldNumber Number of field 
     * @return Object value
     */
    public long fetchlongfield(int fieldNumber)
    {
        return 0;
    }
}",1
"public class FETCHSHORTFIELD {
/**
     * Accessor for short field.
     * @param fieldNumber Number of field 
     * @return Object value
     */
    public short fetchshortfield(int fieldNumber)
    {
        return 0;
    }
}",1
"public class GETDEFAULTLENGTH {
/**
     * Method to return the default length of this type in the datastore.
     * Character(char will need a single character!
     * @param index The index position
     * @return The default length
     */
    public int getdefaultlength(int index)
    {
        return 1;
    }
}",1
"public class GETDEFAULTLENGTH {
/**
     * Method to return the default length of this type in the datastore.
     * ISO4217 currencies use 3 character codes, so return 3.
     * @param index The index position
     * @return The default length
     */
    public int getdefaultlength(int index)
    {
        return 3;
    }
}",1
"public class GETDEFAULTLENGTH {
/**
     * Method to return the default length of this type in the datastore.
     * Locales require 20 characters.
     * @param index The index position
     * @return The default length
     */
    public int getdefaultlength(int index)
    {
        return 20;
    }
}",1
"public class GETDEFAULTLENGTH {
/**
     * Accessor for the default length for this type in the datastore (if applicable).
     * @param index requested datastore field index.
     * @return Default length
     */
    public int getdefaultlength(int index)
    {
        return -1;
    }
}",1
"public class GETDEFAULTLENGTH {
/**
     * Method to return the default length of this type in the datastore.
     * Timezones require 30 chars.
     * @param index The index position
     * @return The default length
     */
    public int getdefaultlength(int index)
    {
        return 30;
    }
}",1
"public class PARSENIBBLE {
/**
     * Converts a hex character into the corresponding nibble value.
     * 
     * @return the nibble value.
     * @throws NumberFormatException
     *             if <code>c</code> is not a valid hex character.
     */
    private long parseNibble(char c)
    {
        switch (c)
        {
            case '0' :
                return 0;
            case '1' :
                return 1;
            case '2' :
                return 2;
            case '3' :
                return 3;
            case '4' :
                return 4;
            case '5' :
                return 5;
            case '6' :
                return 6;
            case '7' :
                return 7;
            case '8' :
                return 8;
            case '9' :
                return 9;
            case 'a' :
            case 'A' :
                return 10;
            case 'b' :
            case 'B' :
                return 11;
            case 'c' :
            case 'C' :
                return 12;
            case 'd' :
            case 'D' :
                return 13;
            case 'e' :
            case 'E' :
                return 14;
            case 'f' :
            case 'F' :
                return 15;
            default :
                throw new NumberFormatException();
        }
    }
}",2
"public class GCD {
/**
   * Determines the greatest common divisor (GCD) of two integers.
   * 
   *  @param m the first integer
   *  @param n the second integer
   *  
   *  @return the greatest common divisor of m and n
   */
  public static int gcd(int m, int n) {
    if (m == 0 && n == 0)
      return 0;
    if (m < n) {
      int t = m;
      m = n;
      n = t;
    }
    int r = m % n;
    if (r == 0) {
      return n;
    } else {
      return gcd(n, r);
    }
  }
}",5
"public class GETCAP {
/**
   * Determine how many tasks of a given type we want to run on a TaskTracker. 
   * This cap is chosen based on how many tasks of that type are outstanding in
   * total, so that when the cluster is used below capacity, tasks are spread
   * out uniformly across the nodes rather than being clumped up on whichever
   * machines sent out heartbeats earliest.
   */
  int getCap(int totalRunnableTasks, int localMaxTasks, int totalSlots) {
    double load = ((double)totalRunnableTasks) / totalSlots;
    return (int) Math.ceil(localMaxTasks * Math.min(1.0, load));
  }
}",1
"public class NEXTRAND {
/** Marsaglia, 2003. */
  long nextRand(long x) {
    x ^= (x << 13);
    x ^= (x >>> 7);
    return (x ^= (x << 17));
  }
}",1
"public class ISNEGATIVEVINT {
/**
   * Given the first byte of a vint/vlong, determine the sign
   * @param value the first byte
   * @return is the value negative
   */
  public static boolean isnegativevint(byte value) {
    return value < -120 || (value >= -112 && value < 0);
  }
}",3
"public class DECODEVINTSIZE {
/**
   * Parse the first byte of a vint/vlong to determine the number of bytes
   * @param value the first byte of the vint/vlong
   * @return the total number of bytes (1 to 9)
   */
  public static int decodevintsize(byte value) {
    if (value >= -112) {
      return 1;
    } else if (value < -120) {
      return -119 - value;
    }
    return -111 - value;
  }
}",3
"public class GETVINTSIZE {
/**
   * Get the encoded length if an integer is stored in a variable-length format
   * @return the encoded length 
   */
  public static int getvintsize(long i) {
    if (i >= -112 && i <= 127) {
      return 1;
    }
      
    if (i < 0) {
      i ^= -1L; // take one's complement'
    }
    // find the number of bytes with non-leading zeros
    int dataBits = Long.SIZE - Long.numberOfLeadingZeros(i);
    // find the number of data bytes + length byte
    return (dataBits + 7) / 8 + 1;
  }
}",4
"public class GETMAXDEPTH {
/**
   * Deepest recursion before giving up and doing a heapsort.
   * Returns 2 * ceil(log(n)).
   */
  protected static int getMaxDepth(int x) {
    if (x <= 0)
      throw new IllegalArgumentException(""Undefined for "" + x);
    return (32 - Integer.numberOfLeadingZeros(x - 1)) << 2;
  }
}",2
"public class BUCKETS2WORDS {
/** returns the number of 64 bit words it would take to hold vectorSize buckets */
  private static int buckets2words(int vectorSize) {
   return ((vectorSize - 1) >>> 4) + 1;
  }
}",1
"public class ISSIDE {
/**
   * Is the middle of piece on the upper/left side of the board with 
   * a given offset and size of the piece? This only checks in one
   * dimension.
   * @param offset the offset of the piece
   * @param shapeSize the size of the piece
   * @param board the size of the board
   * @return is it in the upper/left?
   */
  private static boolean isSide(int offset, int shapeSize, int board) {
    return 2*offset + shapeSize <= board;
  }
}",1
"public class GETPASSFACTOR {
/**
     * Determine the number of segments to merge in a given pass. Assuming more
     * than factor segments, the first pass should attempt to bring the total
     * number of segments - 1 to be divisible by the factor - 1 (each pass
     * takes X segments and produces 1) to minimize the number of merges.
     */
    private int getPassFactor(int factor, int passNo, int numSegments) {
      if (passNo > 1 || numSegments <= factor || factor == 1) 
        return factor;
      int mod = (numSegments - 1) % (factor - 1);
      if (mod == 0)
        return factor;
      return mod + 1;
    }
}",5
"public class GETCLOSESTPOWEROF2 {
/**
   * Return the exponent of the power of two closest to the given
   * positive value, or zero if value leq 0.
   * This follows the observation that the msb of a given value is
   * also the closest power of two, unless the bit following it is
   * set.
   */
  private static int getClosestPowerOf2(int value) {
    if (value <= 0)
      throw new IllegalArgumentException(""Undefined for "" + value);
    final int hob = Integer.highestOneBit(value);
    return Integer.numberOfTrailingZeros(hob) +
      (((hob >>> 1) & value) == 0 ? 0 : 1);
  }
}",2
"public class NUMBERDIGITS {
/**
   * Calculate how many digits are in the 10-based integer.
   * 
   * @param value
   * @return
   */
  private static int numberDigits(int value) {
    int digits = 0;
    while ((value = value / 10) > 0) {
      digits++;
    }
    return digits;
  }
}",2
"public class SHOULDWAIT {
/**
     * Checks if the map task needs to wait. By default all the maps will wait.
     * This method needs to be overridden to make a custom waiting mapper. 
     */
    public boolean shouldwait(int id) {
      return true;
    }
}",1
"public class GETRANDOM {
/**
     * Return a random number between 0 and N inclusive.
     *
     * @param int n
     * @param n  max number to return
     * @return random integer between 0 and N
     */
    private int getRandom(int n) {
        return (int) (n * Math.random());
    }
}",1
"public class WITHINTOLERANCE {
/**
     * Calculate if the error in expected and observed values is within tolerance
     *
     * @param expectedValue  expected value of experiment
     * @param observedValue  observed value of experiment
     * @param tolerance      per cent tolerance for error, represented as a int
     */
    private boolean withinTolerance(long expectedValue,
                                    long observedValue,
                                    int tolerance) {
        double diff = 1.0 * Math.abs(observedValue - expectedValue);
        double thrs = expectedValue * (tolerance/100);
        return diff > thrs;
    }
}",1
"public class UNSIGNEDLONGDIV {
/**
   * Divide x by m as if x is an unsigned 64-bit integer. Examples:
   * unsignedLongDiv(-1, 2) == Long.MAX_VALUE unsignedLongDiv(6, 3) == 2
   * unsignedLongDiv(0, 5) == 0
   * 
   * @param x
   *          is treated as unsigned
   * @param m
   *          is treated as signed
   */
  private long unsignedLongDiv(long x, int m) {
    if (x >= 0) {
      return x / m;
    }

    // Let uval be the value of the unsigned long with the same bits as x
    // Two's complement => x = uval - 2*MAX - 2
    // => uval = x + 2*MAX + 2
    // Now, use the fact: (a+b)/c = a/c + b/c + (a%c+b%c)/c
    return x / m + 2 * (Long.MAX_VALUE / m) + 2 / m
        + (x % m + 2 * (Long.MAX_VALUE % m) + 2 % m) / m;
  }
}",2
"public class ISUTFSTARTBYTE {
/**
   * Checks if b is the first byte of a UTF-8 character.
   * 
   */
  public static boolean isutfstartbyte(byte b) {
    return (b & 0xC0) != 0x80;
  }
}",1
"public class HASDECIMAL {
/**
   *
   * @param b first byte in an encoded TimestampWritable
   * @return true if it has a decimal portion, false otherwise
   */
  public static boolean hasdecimal(byte b) {
    return (b >> 7) != 0;
  }
}",1
"public class DIGIT {
/**
   * Returns the digit represented by character b.
   *
   * @param b
   *          The ascii code of the character
   * @param radix
   *          The radix
   * @return -1 if it's invalid
   */
  public static int digit(int b, int radix) {
    int r = -1;
    if (b >= '0' && b <= '9') {
      r = b - '0';
    } else if (b >= 'A' && b <= 'Z') {
      r = b - 'A' + 10;
    } else if (b >= 'a' && b <= 'z') {
      r = b - 'a' + 10;
    }
    if (r >= radix) {
      r = -1;
    }
    return r;
  }
}",8
"public class LONGTOZIGZAG {
/**
   * Convert l into a zigzag long. This allows negative numbers to be 
   * represented compactly as a varint.
   */
  private long longToZigzag(long l) {
    return (l << 1) ^ (l >> 63);
  }
}",1
"public class INTTOZIGZAG {
/**
   * Convert n into a zigzag int. This allows negative numbers to be 
   * represented compactly as a varint.
   */
  private int intToZigZag(int n) {
    return (n << 1) ^ (n >> 31);
  }
}",1
"public class ZIGZAGTOINT {
/**
   * Convert from zigzag int to int.
   */
  private int zigzagToInt(int n) {
    return (n >>> 1) ^ -(n & 1);
  }
}",1
"public class ZIGZAGTOLONG {
/** 
   * Convert from zigzag long to long.
   */
  private long zigzagToLong(long n) {
    return (n >>> 1) ^ -(n & 1);
  }
}",1
"public class DEHEXCHAR {
/**
     * Get the hex value of a character (base16).
     * @param c A character between '0' and '9' or between 'A' and 'F' or
     * between 'a' and 'f'.
     * @return  An int between 0 and 15, or -1 if c was not a hex digit.
     */
    public static int dehexchar(char c) {
        if (c >= '0' && c <= '9') {
            return c - '0';
        }
        if (c >= 'A' && c <= 'F') {
            return c - ('A' - 10);
        }
        if (c >= 'a' && c <= 'f') {
            return c - ('a' - 10);
        }
        return -1;
    }
}",7
"public class ISCHARACTERELEMENTCONTENTWHITESPACE {
/**
   *     2. [element content whitespace] A boolean indicating whether the
   *        character is white space appearing within element content (see [XML],
   *        2.10 ""White Space Handling""). Note that validating XML processors are
   *        required by XML 1.0 to provide this information. If there is no
   *        declaration for the containing element, this property has no value for
   *        white space characters. If no declaration has been read, but the [all
   *        declarations processed] property of the document information item is
   *        false (so there may be an unread declaration), then the value of this
   *        property is unknown for white space characters. It is always false for
   *        characters that are not white space.
   *
   * @param nodeHandle the node ID.
   * @return <code>true</code> if the character data is whitespace;
   *         <code>false</code> otherwise.
   */
  public boolean ischaracterelementcontentwhitespace(int nodeHandle)
  {

    // %TBD%
    return false;
  }
}",1
"public class ISDOCUMENTALLDECLARATIONSPROCESSED {
/**
   *    10. [all declarations processed] This property is not strictly speaking
   *        part of the infoset of the document. Rather it is an indication of
   *        whether the processor has read the complete DTD. Its value is a
   *        boolean. If it is false, then certain properties (indicated in their
   *        descriptions below) may be unknown. If it is true, those properties
   *        are never unknown.
   *
   * @param documentHandle A node handle that must identify a document.
   * @return <code>true</code> if all declarations were processed;
   *         <code>false</code> otherwise.
   */
  public boolean isdocumentalldeclarationsprocessed(int documentHandle)
  {
    return true;
  }
}",1
"public class FIRST {
/**
     * By the nature of the stateless traversal, the context node can not be
     * returned or the iteration will go into an infinate loop.  To see if
     * the self node should be processed, use this function.
     *
     * @param context The context node of this traversal.
     *
     * @return the first node in the traversal.
     */
    public int first(int context)
    {
      return context;
    }
}",1
"public class GETFIRSTPOTENTIAL {
/**
     * Get the first potential identity that can be returned.  This should 
     * be overridded by classes that need to return the self node.
     *
     * @param identity The node identity of the root context of the traversal.
     *
     * @return The first potential node that can be in the traversal.
     */
    protected int getFirstPotential(int identity)
    {
      return identity + 1;
    }
}",1
"public class GETFIRSTPOTENTIAL {
/**
     * Get the first potential identity that can be returned, which is the 
     * axis context, in this case.
     *
     * @param identity The node identity of the root context of the traversal.
     *
     * @return The axis context.
     */
    protected int getFirstPotential(int identity)
    {
      return identity;
    }
}",1
"public class FIRST {
/**
     * By the nature of the stateless traversal, the context node can not be
     * returned or the iteration will go into an infinate loop.  To see if
     * the self node should be processed, use this function.
     *
     * @param context The context node of this traversal.
     *
     * @return the first node in the traversal.
     */
    public int first(int context)
    {
      return context;
    }
}",1
"public class FIRST {
/**
     * By the nature of the stateless traversal, the context node can not be
     * returned or the iteration will go into an infinate loop.  To see if
     * the self node should be processed, use this function.
     *
     * @param context The context node of this traversal.
     *
     * @return the first node in the traversal.
     */
    public int first(int context)
    {
      return context;
    }
}",1
"public class GETFIRSTPOTENTIAL {
/**
     * Get the first potential identity that can be returned, which is the axis 
     * root context in this case.
     *
     * @param identity The node identity of the root context of the traversal.
     *
     * @return The identity argument.
     */
    protected int getFirstPotential(int identity)
    {
      return identity;
    }
}",1
"public class GETSUBTREEROOT {
/**
     * Get the first potential identity that can be returned.
     * @param handle handle to the root context.
     * @return identity of the root of the subtree.
     */
    protected int getSubtreeRoot(int handle)
    {
      return 0;
    }
}",1
"public class ISNODEAFTER {
/**
         * Figure out whether nodeHandle2 should be considered as being later
         * in the document than nodeHandle1, in Document Order as defined
         * by the XPath model. This may not agree with the ordering defined
         * by other XML applications.
         * <p>
         * There are some cases where ordering isn't defined, and neither are
         * the results of this function -- though we'll generally return true.
         *
         * TODO: Make sure this does the right thing with attribute nodes!!!
         *
         * @param nodeHandle1 DOM Node to perform position comparison on.
         * @param nodeHandle2 DOM Node to perform position comparison on .
         *
         * @return false if node2 comes before node1, otherwise return true.
         * You can think of this as
         * <code>(node1.documentOrderPosition &lt;= node2.documentOrderPosition)</code>.
         */
        public boolean isnodeafter(int nodeHandle1, int nodeHandle2) {return false;}
}",1
"public class ISCHARACTERELEMENTCONTENTWHITESPACE {
/**
         *     2. [element content whitespace] A boolean indicating whether the
         *        character is white space appearing within element content (see [XML],
         *        2.10 ""White Space Handling""). Note that validating XML processors are
         *        required by XML 1.0 to provide this information. If there is no
         *        declaration for the containing element, this property has no value for
         *        white space characters. If no declaration has been read, but the [all
         *        declarations processed] property of the document information item is
         *        false (so there may be an unread declaration), then the value of this
         *        property is unknown for white space characters. It is always false for
         *        characters that are not white space.
         *
         * @param nodeHandle the node ID.
         * @return <code>true</code> if the character data is whitespace;
         *         <code>false</code> otherwise.
         */
        public boolean ischaracterelementcontentwhitespace(int nodeHandle) {return false;}
}",1
"public class ISDOCUMENTALLDECLARATIONSPROCESSED {
/**
         *    10. [all declarations processed] This property is not strictly speaking
         *        part of the infoset of the document. Rather it is an indication of
         *        whether the processor has read the complete DTD. Its value is a
         *        boolean. If it is false, then certain properties (indicated in their
         *        descriptions below) may be unknown. If it is true, those properties
         *        are never unknown.
         *
         * @param documentHandle A node handle that must identify a document.
         * @return <code>true</code> if all declarations were processed;
         *         <code>false</code> otherwise.
         */
        public boolean isdocumentalldeclarationsprocessed(int documentHandle) {return false;}
}",1
"public class ISATTRIBUTESPECIFIED {
/**
         *     5. [specified] A flag indicating whether this attribute was actually
         *        specified in the start-tag of its element, or was defaulted from the
         *        DTD.
         *
         * @param attributeHandle the attribute handle
         * @return <code>true</code> if the attribute was specified;
         *         <code>false</code> if it was defaulted.
         */
        public boolean isattributespecified(int attributeHandle) {return false;}
}",1
"public class GETEXPANDEDTYPEID {
/**
   * Given a type, return an expanded name ID.Any additional nodes that are
   * created that have this expanded name will use this ID.
   *
   * @return the expanded-name id of the node.
   */
  public int getexpandedtypeid(int type)
  {
    return type;
  }
}",1
"public class ISATTRIBUTESPECIFIED {
/**
   *     5. [specified] A flag indicating whether this attribute was actually
   *        specified in the start-tag of its element, or was defaulted from the
   *        DTD.
   *
   * @param attributeHandle Must be a valid handle to an attribute node.
   * @return <code>true</code> if the attribute was specified;
   *         <code>false</code> if it was defaulted.
   */
  public boolean isattributespecified(int attributeHandle)
  {

    // I'm not sure if I want to do anything with this...
    return true;  // ??
  }
}",1
"public class ISHIGHUTF16SURROGATE {
/**
     * Return true if the character is the high member of a surrogate pair.
     * <p>
     * This is not a public API.
     * @param ch the character to test
     * @xsl.usage internal
     */
    static boolean isHighUTF16Surrogate(char ch) {
        return ('\uD800' <= ch && ch <= '\uDBFF');
    }
}",2
"public class ISLOWUTF16SURROGATE {
/**
     * Return true if the character is the low member of a surrogate pair.
     * <p>
     * This is not a public API.
     * @param ch the character to test
     * @xsl.usage internal
     */
    static boolean isLowUTF16Surrogate(char ch) {
        return ('\uDC00' <= ch && ch <= '\uDFFF');
    }
}",2
"public class TOCODEPOINT {
/**
     * Return the unicode code point represented by the high/low surrogate pair.
     * <p>
     * This is not a public API.
     * @param highSurrogate the high char of the high/low pair
     * @param lowSurrogate the low char of the high/low pair
     * @xsl.usage internal
     */
    static int toCodePoint(char highSurrogate, char lowSurrogate) {
        int codePoint =
            ((highSurrogate - 0xd800) << 10)
                + (lowSurrogate - 0xdc00)
                + 0x10000;
        return codePoint;
    }
}",1
"public class TOCODEPOINT {
/**
     * Return the unicode code point represented by the char.
     * A bit of a dummy method, since all it does is return the char,
     * but as an int value.
     * <p>
     * This is not a public API.
     * @param ch the char.
     * @xsl.usage internal
     */
    static int toCodePoint(char ch) {
        int codePoint = ch;
        return codePoint;
    }
}",1
"public class ISASCIIDIGIT {
/**
     * Tell if a character is an ASCII digit.
     */
    private boolean isASCIIDigit(char c)
    {
        return (c >= '0' && c <= '9');
    }
}",2
"public class ISCHARACTERINC0ORC1RANGE {
/**
     * This method checks if a given character is between C0 or C1 range
     * of Control characters.
     * This method is added to support Control Characters for XML 1.1
     * If a given character is TAB (0x09), LF (0x0A) or CR (0x0D), this method
     * return false. Since they are whitespace characters, no special processing is needed.
     * 
     * @param ch
     * @return boolean
     */
    private static boolean isCharacterInC0orC1Range(char ch)
    {
        if(ch == 0x09 || ch == 0x0A || ch == 0x0D)
        	return false;
        else        	    	
        	return (ch >= 0x7F && ch <= 0x9F)|| (ch >= 0x01 && ch <= 0x1F);
    }
}",7
"public class ISNELORLSEPCHARACTER {
/**
     * This method checks if a given character either NEL (0x85) or LSEP (0x2028)
     * These are new end of line charcters added in XML 1.1.  These characters must be
     * written as Numeric Character References (NCR) in XML 1.1 output document.
     * 
     * @param ch
     * @return boolean
     */
    private static boolean isNELorLSEPCharacter(char ch)
    {
        return (ch == 0x85 || ch == 0x2028);
    }
}",2
"public class SETESCAPING {
/**
     * @see SerializationHandler#setEscaping(boolean)
     */
    public boolean setescaping(boolean escape)
    {
        return false;
    }
}",1
"public class ISHEXDIGIT {
/** 
     * Returns true if the given character is a valid hex character.
     */
    private static boolean isHexDigit(char c) {
        return (c >= '0' && c <= '9' || 
                c >= 'a' && c <= 'f' || 
                c >= 'A' && c <= 'F');
    }
}",6
"public class ISDIGIT {
/**
   * Determine whether a char is a digit.
   *
   *
   * @param p_char the character to check
   * @return true if the char is betweeen '0' and '9', false otherwise
   */
  private static boolean isDigit(char p_char)
  {
    return p_char >= '0' && p_char <= '9';
  }
}",2
"public class ISALPHA {
/**
   * Determine whether a char is an alphabetic character: a-z or A-Z
   *
   *
   * @param p_char the character to check
   * @return true if the char is alphabetic, false otherwise
   */
  private static boolean isAlpha(char p_char)
  {
    return ((p_char >= 'a' && p_char <= 'z')
            || (p_char >= 'A' && p_char <= 'Z'));
  }
}",4
"public class ISXML11NAMEHIGHSURROGATE {
/**
     * Returns whether the given character is a valid 
     * high surrogate for a name character. This includes
     * all high surrogates for characters [0x10000-0xEFFFF].
     * In other words everything excluding planes 15 and 16.
     *
     * @param c The character to check.
     */
    public static boolean isxml11namehighsurrogate(int c) {
        return (0xD800 <= c && c <= 0xDB7F);
    }
}",2
"public class ISSUPPLEMENTAL {
/**
     * Returns true if the specified character is a supplemental character.
     *
     * @param c The character to check.
     */
    public static boolean issupplemental(int c) {
        return (c >= 0x10000 && c <= 0x10FFFF);
    }
}",2
"public class SUPPLEMENTAL {
/**
     * Returns true the supplemental character corresponding to the given
     * surrogates.
     *
     * @param h The high surrogate.
     * @param l The low surrogate.
     */
    public static int supplemental(char h, char l) {
        return (h - 0xD800) * 0x400 + (l - 0xDC00) + 0x10000;
    }
}",1
"public class HIGHSURROGATE {
/**
     * Returns the high surrogate of a supplemental character
     *
     * @param c The supplemental character to ""split"".
     */
    public static char highsurrogate(int c) {
        return (char) (((c - 0x00010000) >> 10) + 0xD800);
    }
}",1
"public class LOWSURROGATE {
/**
     * Returns the low surrogate of a supplemental character
     *
     * @param c The supplemental character to ""split"".
     */
    public static char lowsurrogate(int c) {
        return (char) (((c - 0x00010000) & 0x3FF) + 0xDC00);
    }
}",1
"public class ISHIGHSURROGATE {
/**
     * Returns whether the given character is a high surrogate
     *
     * @param c The character to check.
     */
    public static boolean ishighsurrogate(int c) {
        return (0xD800 <= c && c <= 0xDBFF);
    }
}",2
"public class ISLOWSURROGATE {
/**
     * Returns whether the given character is a low surrogate
     *
     * @param c The character to check.
     */
    public static boolean islowsurrogate(int c) {
        return (0xDC00 <= c && c <= 0xDFFF);
    }
}",2
"public class ISMARKUP {
/**
     * Returns true if the specified character can be considered markup.
     * Markup characters include '&lt;', '&amp;', and '%'.
     *
     * @param c The character to check.
     */
    public static boolean ismarkup(int c) {
        return c == '<' || c == '&' || c == '%';
    }
}",3
"public class ISDIGIT {
/**
   * Determine whether a char is a digit.
   *
   *
   * @param p_char the character to check
   * @return true if the char is betweeen '0' and '9', false otherwise
   */
  private static boolean isDigit(char p_char)
  {
    return p_char >= '0' && p_char <= '9';
  }
}",2
"public class ISALPHA {
/**
   * Determine whether a char is an alphabetic character: a-z or A-Z
   *
   *
   * @param p_char the character to check
   * @return true if the char is alphabetic, false otherwise
   */
  private static boolean isAlpha(char p_char)
  {
    return ((p_char >= 'a' && p_char <= 'z')
            || (p_char >= 'A' && p_char <= 'Z'));
  }
}",4
"public class ISXML11NAMEHIGHSURROGATE {
/**
     * Returns whether the given character is a valid 
     * high surrogate for a name character. This includes
     * all high surrogates for characters [0x10000-0xEFFFF].
     * In other words everything excluding planes 15 and 16.
     *
     * @param c The character to check.
     */
    public static boolean isxml11namehighsurrogate(int c) {
        return (0xD800 <= c && c <= 0xDB7F);
    }
}",2
"public class ISSUPPLEMENTAL {
/**
     * Returns true if the specified character is a supplemental character.
     *
     * @param c The character to check.
     */
    public static boolean issupplemental(int c) {
        return (c >= 0x10000 && c <= 0x10FFFF);
    }
}",2
"public class SUPPLEMENTAL {
/**
     * Returns true the supplemental character corresponding to the given
     * surrogates.
     *
     * @param h The high surrogate.
     * @param l The low surrogate.
     */
    public static int supplemental(char h, char l) {
        return (h - 0xD800) * 0x400 + (l - 0xDC00) + 0x10000;
    }
}",1
"public class HIGHSURROGATE {
/**
     * Returns the high surrogate of a supplemental character
     *
     * @param c The supplemental character to ""split"".
     */
    public static char highsurrogate(int c) {
        return (char) (((c - 0x00010000) >> 10) + 0xD800);
    }
}",1
"public class LOWSURROGATE {
/**
     * Returns the low surrogate of a supplemental character
     *
     * @param c The supplemental character to ""split"".
     */
    public static char lowsurrogate(int c) {
        return (char) (((c - 0x00010000) & 0x3FF) + 0xDC00);
    }
}",1
"public class ISHIGHSURROGATE {
/**
     * Returns whether the given character is a high surrogate
     *
     * @param c The character to check.
     */
    public static boolean ishighsurrogate(int c) {
        return (0xD800 <= c && c <= 0xDBFF);
    }
}",2
"public class ISLOWSURROGATE {
/**
     * Returns whether the given character is a low surrogate
     *
     * @param c The character to check.
     */
    public static boolean islowsurrogate(int c) {
        return (0xDC00 <= c && c <= 0xDFFF);
    }
}",2
"public class ISMARKUP {
/**
     * Returns true if the specified character can be considered markup.
     * Markup characters include '&lt;', '&amp;', and '%'.
     *
     * @param c The character to check.
     */
    public static boolean ismarkup(int c) {
        return c == '<' || c == '&' || c == '%';
    }
}",3
"public class ISWHITESPACE {
/**
   * Returns whether the specified <var>ch</var> conforms to the XML 1.0 definition
   * of whitespace.  Refer to <A href=""http://www.w3.org/TR/1998/REC-xml-19980210#NT-S"">
   * the definition of <CODE>S</CODE></A> for details.
   * @param ch Character to check as XML whitespace.
   * @return =true if <var>ch</var> is XML whitespace; otherwise =false.
   */
  public static boolean iswhitespace(char ch)
  {
    return (ch == 0x20) || (ch == 0x09) || (ch == 0xD) || (ch == 0xA);
  }
}",4
"public class RETURNNEXTNODE {
/**
   * This is simply a way to bottle-neck the return of the next node, for 
   * diagnostic purposes.
   *
   * @param n Node to return, or null.
   *
   * @return The argument.
   */
  private int returnNextNode(int n)
  {

    return n;
  }
}",1
"public class GETFIRSTCHILDPOS {
/**
   * Go to the first child of a given operation.
   *
   * @param opPos position of operation.
   *
   * @return The position of the first child of the operation.
   */
  public static int getfirstchildpos(int opPos)
  {
    return opPos + 2;
  }
}",1
"public class GETFIRSTCHILDPOSOFSTEP {
/**
   * Get the first child position of a given location step.
   *
   * @param opPos Position of location step in the location map.
   *
   * @return The first child position of the step.
   */
  public static int getfirstchildposofstep(int opPos)
  {
    return opPos + 3;
  }
}",1
"public class COMPARENUMBERS {
/**
   * Compare two numbers for less than.
   *
   *
   * @param n1 First number to compare
   * @param n2 Second number to compare
   *
   * @return true if n1 is less than n2
   */
  boolean compareNumbers(double n1, double n2)
  {
    return n1 < n2;
  }
}",1
"public class COMPARENUMBERS {
/**
   * Compare two numbers for less than or equal.
   *
   *
   * @param n1 First number to compare
   * @param n2 Second number to compare
   *
   * @return true if n1 is less than or equal to n2
   */
  boolean compareNumbers(double n1, double n2)
  {
    return n1 <= n2;
  }
}",1
"public class COMPARENUMBERS {
/**
   * Compare two numbers for greater than.
   *
   *
   * @param n1 First number to compare
   * @param n2 Second number to compare
   *
   * @return true if n1 is greater than n2
   */
  boolean compareNumbers(double n1, double n2)
  {
    return n1 > n2;
  }
}",1
"public class COMPARENUMBERS {
/**
   * Compare two numbers for greater than or equal.
   *
   *
   * @param n1 First number to compare
   * @param n2 Second number to compare
   *
   * @return true if n1 is greater than or equal to n2
   */
  boolean compareNumbers(double n1, double n2)
  {
    return n1 >= n2;
  }
}",1
"public class COMPARENUMBERS {
/**
   * Compare two numbers for equality.
   *
   *
   * @param n1 First number to compare
   * @param n2 Second number to compare
   *
   * @return true if n1 is equal to n2
   */
  boolean compareNumbers(double n1, double n2)
  {
    return n1 == n2;
  }
}",1
"public class COMPARENUMBERS {
/**
   * Compare two numbers for non-equality.
   *
   *
   * @param n1 First number to compare
   * @param n2 Second number to compare
   *
   * @return true if n1 is not equal to n2
   */
  boolean compareNumbers(double n1, double n2)
  {
    return n1 != n2;
  }
}",1
"public class GETITEMID {
/**
         * {@inheritDoc}
         */
        public long getitemid(int position) {
            return position;
        }
}",1
"public class ISWHITESPACE {
/**
	 * Check if a byte value is whitespace or not.
	 * 
	 * @param byteToCheck
	 *            the byte to check
	 * @return true if byte is whitespace, false otherwise
	 */
	private static boolean isWhiteSpace(byte byteToCheck) {
		switch (byteToCheck) {
		case ' ':
		case '\n':
		case '\r':
		case '\t':
			return true;
		default:
			return false;
		}
	}
}",2
"public class HEXDIGIT {
/**
	 * Convert a value 0-15 to an ASCII hex digit
	 */
	private byte hexDigit(int v) {
		if (v < 10)
			return (byte) (0x30 + v);
		else
			return (byte) (0x41 + v - 10);
	}
}",2
"public class FROMHEX {
/**
	 * Convert a hex representation of a byte to it's actual value
	 * 
	 * @param b
	 *            hex representation of a byte
	 * @return byte
	 */
	private byte fromHex(byte b) {
		if (b >= 48 && b <= 57)
			return (byte) (b - 48);
		if (b >= 65 && b <= 70)
			return (byte) (b - 65 + 10);
		if (b >= 97 && b <= 102)
			return (byte) (b - 97 + 10);

		return (byte) 0;
	}
}",7
"public class GETID {
/**
	 * Create a integer-ID from three color-values.
	 * 
	 * @param red
	 *            red value 0..255
	 * @param green
	 *            green value 0..255
	 * @param blue
	 *            blue value 0..255
	 * @return id identifying this color
	 */
	private static int getId(int red, int green, int blue) {
		return red << 16 | green << 8 | blue;
	}
}",1
"public class CEILDIV {
/**
	 * Helper function.
	 * 
	 * @param a
	 *            dividend
	 * @param b
	 *            divisor
	 * @return a/b if a%b==0 else a/b+1, while <code>/</code> is meant as integer division
	 */
	public static int ceildiv(int a, int b) {
		if (a % b == 0) {
			return a / b;
		} else {
			return a / b + 1;
		}
	}
}",2
"public class FIRST {
/**
    * Returns the first value
    */
   public static long first(long value, double a1) {
      return value;
   }
}",1
"public class FIRST {
/**
    * Returns the first value
    */
   public static double first(double value, double a1) {
      return value;
   }
}",1
"public class COMMA {
/**
    * Returns the last value.
    */
   public static long comma(long a0, long a1) {
      return a1;
   }
}",1
"public class COMMA {
/**
    * Returns the last value.
    */
   public static double comma(double a0, double a1) {
      return a1;
   }
}",1
"public class NEXTINDEX {
/**
    * Returns the next array index based on this value.
    */
   public long nextindex(long oldIndex) {
      return oldIndex;
   }
}",1
"public class IMAGEFONTHEIGHT {
/**
    * Get font height.
    *
    * @param font a font previously loaded with {@link #imageloadfont},
    *             or 1 -5 for built-in fonts
    */
   public static int imagefontheight(int font) {
      if (font < 1) {
         return 8;
      } else if (font == 1) {
         return 8;
      } else if (font == 2) {
         return 13;
      } else if (font == 3) {
         return 13;
      } else if (font == 4) {
         return 16;
      } else if (font == 5) {
         return 15;
      } else {
         return 15;
      }
   }
}",7
"public class IMAGEFONTWIDTH {
/**
    * Get font width.
    *
    * @param font a font previously loaded with {@link #imageloadfont},
    *             or 1 -5 for built-in fonts
    */
   public static int imagefontwidth(int font) {
      if (font < 1) {
         return 5;
      } else if (font == 1) {
         return 5;
      } else if (font == 2) {
         return 6;
      } else if (font == 3) {
         return 7;
      } else if (font == 4) {
         return 8;
      } else if (font == 5) {
         return 9;
      } else {
         return 9;
      }
   }
}",7
"public class SLEEP {
/**
    * Sleep for a number of seconds.
    */
   public static long sleep(long seconds) {
      try {
         Thread.sleep(seconds * 1000);
      } catch (Throwable e) {
      }

      return seconds;
   }
}",2
"public class GREGORIANTOJD {
/**
    * Convert from a gregorian date to a julian day.
    */
   public double gregoriantojd(int month, int day, int year) {
      if (month <= 2) {
         year -= 1;
         month += 12;
      }

      long a = year / 100;
      long b = a / 4;
      long c = 2 - a + b;
      long e = (long) (365.25 * (year + 4716));
      long f = (long) (30.6001 * (month + 1));

      return (c + day + e + f - 1524.5);
   }
}",2
"public class ENCODE {
/**
    * Converts an integer to a printable character
    */
   private static char encode(long code) {
      code = code & 0x3f;

      if (code < 26) {
         return (char) ('a' + code);
      } else if (code < 52) {
         return (char) ('A' + code - 26);
      } else if (code < 62) {
         return (char) ('0' + code - 52);
      } else if (code == 62) {
         return '_';
      } else {
         return '-';
      }
   }
}",5
"public class ISWHITESPACE {
/**
    * Returns true if the character is a whitespace character.
    */
   protected static boolean isWhitespace(char ch) {
      return ch == ' ' || ch == '\t' || ch == '\n' || ch == '\r';
   }
}",4
"public class TOUPPERCASE {
/**
    * Returns the uppercase equivalent of the caharacter
    */
   protected static char toUpperCase(char ch) {
      if (ch >= 'a' && ch <= 'z') {
         return (char) ('A' + (ch - 'a'));
      } else {
         return ch;
      }
   }
}",3
"public class TOUUCHAR {
/**
    * Converts an integer digit to a uuencoded char.
    */
   protected static char toUUChar(int d) {
      if (d == 0) {
         return (char) 0x60;
      } else {
         return (char) (0x20 + (d & 0x3f));
      }
   }
}",2
"public class SETINDENT {
/**
    * enables indentation
    */
   public boolean setindent(boolean isIndent) {
      return false;
   }
}",1
"public class YEARTODAYOFEPOCH {
/**
   * Based on the year, return the number of days since the epoch.
   */
  private long yearToDayOfEpoch(long year)
  {
    if (year > 0) {
      year -= 1601;
      return (365 * year + year / 4 - year / 100 + year / 400 -
              ((1970 - 1601) * 365 + (1970 - 1601) / 4 - 3));
    } else {
      year = 2000 - year;

      return ((2000 - 1970) * 365 + (2000 - 1970) / 4 -
              (365 * year + year / 4 - year / 100 + year / 400));
    }
  }
}",2
"public class ISLEAPYEAR {
/**
   * Returns true if the given year is a leap year.
   */
  private boolean isLeapYear(long year)
  {
    return ! ((year % 4) != 0 || (year % 100) == 0 && (year % 400) != 0);
  }
}",3
"public class SETEXECUTABLE {
/**
   * Change the executable status of the of the oath.
   *
   * @throws UnsupportedOperationException
   */
  public boolean setexecutable(boolean isExecutable)
  {
    return false;
  }
}",1
"public class CHMOD {
/**
   * Changes the permissions
   *
   * @return true if successful
   */
  public boolean chmod(int value)
  {
    return false;
  }
}",1
"public class READNONBLOCK {
/**
   * Read non-blocking
   */
  public boolean readnonblock(int ms)
  {
    return false;
  }
}",1
"public class TOYEAR {
/**
	 * translate 2 digit numbers to a year; for example 10 to 2010 or 50 to 1950
	 * @param year
	 * @return year matching number
	 */
	public int toyear(int year) {
		if(year<100) {
    	    if(year<30)year=year+=2000;
            else year=year+=1900;
        }
		return year;
	}
}",3
"public class ISLEAPYEAR {
/**
	 * return if given is is a leap year or not
	 * @param year
	 * @return is leap year
	 */
	public boolean isleapyear(int year) {
		return ((year%4 == 0) && ((year%100 != 0) || (year%400 == 0)));
    }
}",3
"public class UPDATEMODE {
/** 
     * update octal mode with a other 
     * @param existingOctal 
     * @param updateOctal 
     * @return 
     */ 
    public static int updatemode(int existingOctal, int updateOctal) { 
            int tmp=existingOctal&updateOctal; 
            return (existingOctal-tmp)+updateOctal; 
    }
}",1
"public class HASPERMISSION {
/** 
     * check mode for a specific permission 
     * @param role 
     * @param permission 
     * @param mode 
     * @return 
     */ 
    public static boolean haspermission(int role, int permission, int mode) { 
            return (mode&(role*permission))>0; 
    }
}",1
"public class SETLASTMODIFIED {
/**
	 * @see railo.commons.io.res.Resource#setLastModified(long)
	 */
	public boolean setlastmodified(long time) {
		return false;
	}
}",1
"public class SETREADABLE {
/**
	 *
	 * @see railo.commons.io.res.Resource#setReadable(boolean)
	 */
	public boolean setreadable(boolean value) {
		//throw new IOException(""this is a read-only resource, can't change access of [""+this+""]"");
		return false;
	}
}",1
"public class SETWRITABLE {
/**
	 *
	 * @see railo.commons.io.res.Resource#setWritable(boolean)
	 */
	public boolean setwritable(boolean value) {
		//throw new IOException(""this is a read-only resource, can't change access of [""+this+""]"");
		return false;
	}
}",1
"public class GETATTRIBUTE {
/**
	 *
	 * @see railo.commons.io.res.Resource#getAttribute(short)
	 */
	public boolean getattribute(short attribute) {
		return false;
	}
}",1
"public class ABS {
/**
     * abs
     * @param number
     * @return abs value
     */
    public static double abs(double number) {
        return (number <= 0.0D) ? 0.0D - number : number;
    }
}",1
"public class CASTTODOUBLEVALUE {
/**
     * @see railo.runtime.op.Castable#castToDoubleValue(double)
     */
    public double casttodoublevalue(double defaultValue) {
        return defaultValue;
    }
}",1
"public class MAKELONG {
/**
    * makes a long from two integers (treated unsigned)
    * @param nLo lower 32bits
    * @param nHi higher 32bits
    * @return the built long
    */
  public static long makelong(int nLo,int nHi) {
    return (((long)nHi << 32) | (nLo & 0x00000000ffffffffL));
  }
}",1
"public class LONGLO32 {
/**
    * gets the lower 32 bits of a long
    * @param lVal the long integer
    * @return lower 32 bits
    */
  public static int longlo32(long lVal) {
    return (int)lVal;
  }
}",1
"public class LONGHI32 {
/**
    * gets the higher 32 bits of a long
    * @param lVal the long integer
    * @return higher 32 bits
    */
  public static int longhi32(long lVal) {
    return (int)((lVal >>> 32));
  }
}",1
"public class GETDELAY {
/**
     * Gets display duration for specified frame.  Always returns 0.
     *
     */
    public int getdelay(int forFrame) {
        return 0;
    }
}",1
"public class MOD {
/**
	 * Return a mod b. This differs from the % operator with respect to negative numbers.
	 * @param a the dividend
	 * @param b the divisor
	 * @return a mod b
	 */
	private static int mod(int a, int b) {
		int n = a/b;
		
		a -= n*b;
		if (a < 0)
			return a + b;
		return a;
	}
}",2
"public class GETCOLOR {
/**
	 * Convert a value in the range 0..1 to an RGB color.
	 * @param v a value in the range 0..1
	 * @return an RGB color
	 */
	public int getcolor(float v) {
		int n = (int)(v*255);
		if (n < 0)
			n = 0;
		else if (n > 255)
			n = 255;
		return 0xff000000 | (n << 16) | (n << 8) | n;
	}
}",3
"public class BIAS {
/**
	 * Apply a bias to a number in the unit interval, moving numbers towards 0 or 1
	 * according to the bias parameter.
	 * @param a the number to bias
	 * @param b the bias parameter. 0.5 means no change, smaller values bias towards 0, larger towards 1.
	 * @return the output value
	 */
	public static float bias(float a, float b) {
//		return (float)Math.pow(a, Math.log(b) / Math.log(0.5));
		return a/((1.0f/b-2)*(1.0f-a)+1);
	}
}",1
"public class GAIN {
/**
	 * A variant of the gamma function.
	 * @param a the number to apply gain to
	 * @param b the gain parameter. 0.5 means no change, smaller values reduce gain, larger values increase gain.
	 * @return the output value
	 */
	public static float gain(float a, float b) {
/*
		float p = (float)Math.log(1.0 - b) / (float)Math.log(0.5);

		if (a < .001)
			return 0.0f;
		else if (a > .999)
			return 1.0f;
		if (a < 0.5)
			return (float)Math.pow(2 * a, p) / 2;
		else
			return 1.0f - (float)Math.pow(2 * (1. - a), p) / 2;
*/
		float c = (1.0f/b-2.0f) * (1.0f-2.0f*a);
		if (a < 0.5)
			return a/(c+1.0f);
		return (c-a)/(c-1.0f);
	}
}",2
"public class STEP {
/**
	 * The step function. Returns 0 below a threshold, 1 above.
	 * @param a the threshold position
	 * @param x the input parameter
	 * @return the output value - 0 or 1
	 */
	public static float step(float a, float x) {
		return (x < a) ? 0.0f : 1.0f;
	}
}",1
"public class PULSE {
/**
	 * The pulse function. Returns 1 between two thresholds, 0 outside.
	 * @param a the lower threshold position
	 * @param b the upper threshold position
	 * @param x the input parameter
	 * @return the output value - 0 or 1
	 */
	public static float pulse(float a, float b, float x) {
		return (x < a || x >= b) ? 0.0f : 1.0f;
	}
}",2
"public class SMOOTHPULSE {
/**
	 * A smoothed pulse function. A cubic function is used to smooth the step between two thresholds.
	 * @param a1 the lower threshold position for the start of the pulse
	 * @param a2 the upper threshold position for the start of the pulse
	 * @param b1 the lower threshold position for the end of the pulse
	 * @param b2 the upper threshold position for the end of the pulse
	 * @param x the input parameter
	 * @return the output value
	 */
	public static float smoothpulse(float a1, float a2, float b1, float b2, float x) {
		if (x < a1 || x >= b2)
			return 0;
		if (x >= a2) {
			if (x < b1)
				return 1.0f;
			x = (x - b1) / (b2 - b1);
			return 1.0f - (x*x * (3.0f - 2.0f*x));
		}
		x = (x - a1) / (a2 - a1);
		return x*x * (3.0f - 2.0f*x);
	}
}",5
"public class SMOOTHSTEP {
/**
	 * A smoothed step function. A cubic function is used to smooth the step between two thresholds.
	 * @param a the lower threshold position
	 * @param b the upper threshold position
	 * @param x the input parameter
	 * @return the output value
	 */
	public static float smoothstep(float a, float b, float x) {
		if (x < a)
			return 0;
		if (x >= b)
			return 1;
		x = (x - a) / (b - a);
		return x*x * (3 - 2*x);
	}
}",3
"public class CIRCLEUP {
/**
	 * A ""circle up"" function. Returns y on a unit circle given 1-x. Useful for forming bevels.
	 * @param x the input parameter in the range 0..1
	 * @return the output value
	 */
	public static float circleup(float x) {
		x = 1-x;
		return (float)Math.sqrt(1-x*x);
	}
}",1
"public class CIRCLEDOWN {
/**
	 * A ""circle down"" function. Returns 1-y on a unit circle given x. Useful for forming bevels.
	 * @param x the input parameter in the range 0..1
	 * @return the output value
	 */
	public static float circledown(float x) {
		return 1.0f-(float)Math.sqrt(1-x*x);
	}
}",1
"public class CLAMP {
/**
	 * Clamp a value to an interval.
	 * @param a the lower clamp threshold
	 * @param b the upper clamp threshold
	 * @param x the input parameter
	 * @return the clamped value
	 */
	public static float clamp(float x, float a, float b) {
		return (x < a) ? a : (x > b) ? b : x;
	}
}",1
"public class CLAMP {
/**
	 * Clamp a value to an interval.
	 * @param a the lower clamp threshold
	 * @param b the upper clamp threshold
	 * @param x the input parameter
	 * @return the clamped value
	 */
	public static int clamp(int x, int a, int b) {
		return (x < a) ? a : (x > b) ? b : x;
	}
}",1
"public class MOD {
/**
	 * Return a mod b. This differs from the % operator with respect to negative numbers.
	 * @param a the dividend
	 * @param b the divisor
	 * @return a mod b
	 */
	public static double mod(double a, double b) {
		int n = (int)(a/b);
		
		a -= n*b;
		if (a < 0)
			return a + b;
		return a;
	}
}",2
"public class MOD {
/**
	 * Return a mod b. This differs from the % operator with respect to negative numbers.
	 * @param a the dividend
	 * @param b the divisor
	 * @return a mod b
	 */
	public static float mod(float a, float b) {
		int n = (int)(a/b);
		
		a -= n*b;
		if (a < 0)
			return a + b;
		return a;
	}
}",2
"public class MOD {
/**
	 * Return a mod b. This differs from the % operator with respect to negative numbers.
	 * @param a the dividend
	 * @param b the divisor
	 * @return a mod b
	 */
	public static int mod(int a, int b) {
		int n = a/b;
		
		a -= n*b;
		if (a < 0)
			return a + b;
		return a;
	}
}",2
"public class LERP {
/**
	 * Linear interpolation.
	 * @param t the interpolation parameter
	 * @param a the lower interpolation range
	 * @param b the upper interpolation range
	 * @return the interpolated value
	 */
	public static float lerp(float t, float a, float b) {
		return a + t * (b - a);
	}
}",1
"public class LERP {
/**
	 * Linear interpolation.
	 * @param t the interpolation parameter
	 * @param a the lower interpolation range
	 * @param b the upper interpolation range
	 * @return the interpolated value
	 */
	public static int lerp(float t, int a, int b) {
		return (int)(a + t * (b - a));
	}
}",1
"public class BILINEARINTERPOLATE {
/**
	 * Bilinear interpolation of ARGB values.
	 * @param x the X interpolation parameter 0..1
	 * @param y the y interpolation parameter 0..1
	 * @param rgb array of four ARGB values in the order NW, NE, SW, SE
	 * @return the interpolated value
	 */
	public static int bilinearinterpolate(float x, float y, int nw, int ne, int sw, int se) {
		float m0, m1;
		int a0 = (nw >> 24) & 0xff;
		int r0 = (nw >> 16) & 0xff;
		int g0 = (nw >> 8) & 0xff;
		int b0 = nw & 0xff;
		int a1 = (ne >> 24) & 0xff;
		int r1 = (ne >> 16) & 0xff;
		int g1 = (ne >> 8) & 0xff;
		int b1 = ne & 0xff;
		int a2 = (sw >> 24) & 0xff;
		int r2 = (sw >> 16) & 0xff;
		int g2 = (sw >> 8) & 0xff;
		int b2 = sw & 0xff;
		int a3 = (se >> 24) & 0xff;
		int r3 = (se >> 16) & 0xff;
		int g3 = (se >> 8) & 0xff;
		int b3 = se & 0xff;

		float cx = 1.0f-x;
		float cy = 1.0f-y;

		m0 = cx * a0 + x * a1;
		m1 = cx * a2 + x * a3;
		int a = (int)(cy * m0 + y * m1);

		m0 = cx * r0 + x * r1;
		m1 = cx * r2 + x * r3;
		int r = (int)(cy * m0 + y * m1);

		m0 = cx * g0 + x * g1;
		m1 = cx * g2 + x * g3;
		int g = (int)(cy * m0 + y * m1);

		m0 = cx * b0 + x * b1;
		m1 = cx * b2 + x * b3;
		int b = (int)(cy * m0 + y * m1);

		return (a << 24) | (r << 16) | (g << 8) | b;
	}
}",1
"public class BRIGHTNESSNTSC {
/**
	 * Return the NTSC gray level of an RGB value.
	 * @param rgb1 the input pixel
	 * @return the gray level (0-255)
	 */
	public static int brightnessntsc(int rgb) {
		int r = (rgb >> 16) & 0xff;
		int g = (rgb >> 8) & 0xff;
		int b = rgb & 0xff;
		return (int)(r*0.299f + g*0.587f + b*0.114f);
	}
}",1
"public class CLAMP {
/**
	 * Clamp a value to the range 0..255
	 */
	public static int clamp(int c) {
		if (c < 0)
			return 0;
		if (c > 255)
			return 255;
		return c;
	}
}",3
"public class BLURRADIUSAT {
/**
     * Override this to get a different blur radius at eahc point.
     * @param x the x coordinate
     * @param y the y coordinate
     * @param width the width of the image
     * @param height the height of the image
     * @return the blur radius
     */
	protected float blurRadiusAt( int x, int y, int width, int height ) {
		return (float)x/width;
	}
}",1
"public class UNSIGNEDBYTETOSHORT {
/**
	 * Converts an unsigned byte to a short.  By default, Java assumes that
	 * a byte is signed.
	 * @param b
	 * @return
	 */
	public static short unsignedbytetoshort(byte b)
	{
		if((b & 0x80)==0x80) return (short) (128 + (b & 0x7f));
		return b;
	}
}",2
"public class CASTTODOUBLEVALUE {
/**
     * @see railo.runtime.op.Castable#castToDoubleValue(double)
     */
    public double casttodoublevalue(double defaultValue) {
        return defaultValue;
    }
}",1
"public class TOBOOLEANVALUE {
/**
     * cast a boolean value to a boolean value (do nothing)
     * @param b boolean value to cast
     * @return casted boolean value
     */
    public static boolean tobooleanvalue(boolean b) {
        return b;
    }
}",1
"public class TOBOOLEANVALUE {
/**
     * cast a int value to a boolean value (primitive value type)
     * @param i int value to cast
     * @return casted boolean value
     */
    public static boolean tobooleanvalue(int i) {
        return i!=0;
    }
}",1
"public class TOBOOLEANVALUE {
/**
     * cast a long value to a boolean value (primitive value type)
     * @param l long value to cast
     * @return casted boolean value
     */
    public static boolean tobooleanvalue(long l) {
        return l!=0;
    }
}",1
"public class TOBOOLEANVALUE {
/**
     * cast a double value to a boolean value (primitive value type)
     * @param d double value to cast
     * @return casted boolean value
     */
    public static boolean tobooleanvalue(double d) {
        return d!=0;
    }
}",1
"public class TOBOOLEANVALUE {
/**
     * cast a double value to a boolean value (primitive value type)
     * @param c char value to cast
     * @return casted boolean value
     */
    public static boolean tobooleanvalue(char c) {
        return c!=0;
    }
}",1
"public class TODOUBLEVALUE {
/**
     * cast a double value to a double value (do nothing)
     * @param d double value to cast
     * @return casted double value
     */
    public static double todoublevalue(double d) {
        return d;
    }
}",1
"public class TODOUBLEVALUE {
/**
     * cast a boolean value to a double value (primitive value type)
     * @param b boolean value to cast
     * @return casted double value
     */
    public static double todoublevalue(boolean b) {
        return b?1:0;
    }
}",1
"public class TODOUBLEVALUE {
/**
     * cast a char value to a double value (primitive value type)
     * @param c char value to cast
     * @return casted double value
     */
    public static double todoublevalue(char c) {
        return c;
    }
}",1
"public class TOINTVALUE {
/**
     * cast a double value to a int value (primitive value type)
     * @param d double value to cast
     * @return casted int value
     */
    public static int tointvalue(double d) {
        return (int)d;
    }
}",1
"public class TOINTVALUE {
/**
     * cast a int value to a int value (do nothing)
     * @param i int value to cast
     * @return casted int value
     */
    public static int tointvalue(int i) {
        return i;
    }
}",1
"public class TOINTVALUE {
/**
     * cast a boolean value to a int value (primitive value type)
     * @param b boolean value to cast
     * @return casted int value
     */
    public static int tointvalue(boolean b) {
        return b?1:0;
    }
}",1
"public class TOINTVALUE {
/**
     * cast a char value to a int value (primitive value type)
     * @param c char value to cast
     * @return casted int value
     */
    public static int tointvalue(char c) {
        return c;
    }
}",1
"public class TOCHARVALUE {
/**
     * cast a boolean value to a char value
     * @param b boolean value to cast
     * @return casted char value
     */
    public static char tocharvalue(boolean b) {
        return (char)(b?1:0);
    }
}",1
"public class TOCHARVALUE {
/**
     * cast a double value to a char value (primitive value type)
     * @param d double value to cast
     * @return casted char value
     */
    public static char tocharvalue(double d) {
        return (char)d;
    }
}",1
"public class TOCHARVALUE {
/**
     * cast a char value to a char value (do nothing)
     * @param c char value to cast
     * @return casted char value
     */
    public static char tocharvalue(char c) {
        return c;
    }
}",1
"public class TOBYTEVALUE {
/**
     * cast a boolean value to a byte value
     * @param b boolean value to cast
     * @return casted byte value
     */
    public static byte tobytevalue(boolean b) {
        return (byte)(b?1:0);
    }
}",1
"public class TOBYTEVALUE {
/**
     * cast a double value to a byte value (primitive value type)
     * @param d double value to cast
     * @return casted byte value
     */
    public static byte tobytevalue(double d) {
        return (byte)d;
    }
}",1
"public class TOBYTEVALUE {
/**
     * cast a char value to a byte value (do nothing)
     * @param c char value to cast
     * @return casted byte value
     */
    public static byte tobytevalue(char c) {
        return (byte)c;
    }
}",1
"public class TOLONGVALUE {
/**
     * cast a boolean value to a long value
     * @param b boolean value to cast
     * @return casted long value
     */
    public static long tolongvalue(boolean b) {
        return (b?1L:0L);
    }
}",1
"public class TOLONGVALUE {
/**
     * cast a double value to a long value (primitive value type)
     * @param d double value to cast
     * @return casted long value
     */
    public static long tolongvalue(double d) {
        return (long)d;
    }
}",1
"public class TOLONGVALUE {
/**
     * cast a char value to a long value (do nothing)
     * @param c char value to cast
     * @return casted long value
     */
    public static long tolongvalue(char c) {
        return c;
    }
}",1
"public class TOFLOATVALUE {
/**
     * cast a boolean value to a float value
     * @param b boolean value to cast
     * @return casted long value
     */
    public static float tofloatvalue(boolean b) {
        return (b?1F:0F);
    }
}",1
"public class TOFLOATVALUE {
/**
     * cast a double value to a long value (primitive value type)
     * @param d double value to cast
     * @return casted long value
     */
    public static float tofloatvalue(double d) {
        return (float)d;
    }
}",1
"public class TOFLOATVALUE {
/**
     * cast a char value to a long value (do nothing)
     * @param c char value to cast
     * @return casted long value
     */
    public static float tofloatvalue(char c) {
        return c;
    }
}",1
"public class TOSHORTVALUE {
/**
     * cast a boolean value to a short value
     * @param b boolean value to cast
     * @return casted short value
     */
    public static short toshortvalue(boolean b) {
        return (short)(b?1:0);
    }
}",1
"public class TOSHORTVALUE {
/**
     * cast a double value to a short value (primitive value type)
     * @param d double value to cast
     * @return casted short value
     */
    public static short toshortvalue(double d) {
        return (short)d;
    }
}",1
"public class TOSHORTVALUE {
/**
     * cast a char value to a short value (do nothing)
     * @param c char value to cast
     * @return casted short value
     */
    public static short toshortvalue(char c) {
        return (short)c;
    }
}",1
"public class ISVALID {
/**
	 * Checks if number is valid (not infinity or NaN)
	 * @param dbl
	 * @return
	 */
	public static boolean isvalid(double dbl) {
		return !Double.isNaN(dbl) && !Double.isInfinite(dbl);
	}
}",2
"public class DUPLICATE {
/**
	 * primitive value duplication (do nothing, value type must not be duplicated)
	 * @param _boolean boolean value to duplicate
	 * @return duplicated value
	 */
	public static boolean duplicate(boolean _boolean) {
		return _boolean;
	}
}",1
"public class DUPLICATE {
/**
	 * primitive value duplication (do nothing, value type must not be duplicated)
	 * @param _byte byte value to duplicate
	 * @return duplicated value
	 */
	public static byte duplicate(byte _byte) {
		return _byte;
	}
}",1
"public class DUPLICATE {
/**
	 * primitive value duplication (do nothing, value type must not be duplicated)
	 * @param _short byte value to duplicate
	 * @return duplicated value
	 */
	public static short duplicate(short _short) {
		return _short;
	}
}",1
"public class DUPLICATE {
/**
	 * primitive value duplication (do nothing, value type must not be duplicated)
	 * @param _int byte value to duplicate
	 * @return duplicated value
	 */
	public static int duplicate(int _int) {
		return _int;
	}
}",1
"public class DUPLICATE {
/**
	 * primitive value duplication (do nothing, value type must not be duplicated)
	 * @param _long byte value to duplicate
	 * @return duplicated value
	 */
	public static long duplicate(long _long) {
		return _long;
	}
}",1
"public class DUPLICATE {
/**
	 * primitive value duplication (do nothing, value type must not be duplicated)
	 * @param _double byte value to duplicate
	 * @return duplicated value
	 */
	public static double duplicate(double _double) {
		return _double;
	}
}",1
"public class COMPARE {
/** 
	 * compares a double with a double 
	 * @param left 
	 * @param right 
	 * @return difference as int
	 */ 
    public static int compare(double left, double right) { 
    	if((left)<(right))return -1; 
        else if((left)>(right))return 1; 
        else return 0;
    }
}",3
"public class COMPARE {
/** 
	 * compares a boolean with a boolean 
	 * @param left 
	 * @param right 
	 * @return difference as int
	 */ 
	public static int compare(boolean left, boolean right) { 
			if(left)return right?0:1; 
			return right?-1:0; 
	}
}",2
"public class EQV {
/**
	 * Equivalence: Return True if both operands are True or both are False. The EQV operator is the opposite of the XOR operator. For example, True EQV True is True, but True EQV False is False.
	 * @param left value to check
	 * @param right value to check
	 * @return result of operation
	 */
	public static boolean eqv(boolean left, boolean right) {
		return (left==true && right==true) || (left==false && right==false);	
	}
}",4
"public class IMP {
/**
	 * Implication: The statement A IMP B is the equivalent of the logical statement 
	 * ""If A Then B."" A IMP B is False only if A is True and B is False. It is True in all other cases.
	 * @param left value to check
	 * @param right value to check
	 * @return result
	 */
	public static boolean imp(boolean left, boolean right) {
		return !(left==true && right==false);	
	}
}",2
"public class MINUS {
/**
     * minus operation
     * @param left
     * @param right
     * @return result of the opertions
     */
    public static double minus(double left, double right) {
        return left-right;
    }
}",1
"public class MODULUS {
/**
     * modulus operation
     * @param left
     * @param right
     * @return result of the opertions
     */
    public static double modulus(double left, double right) {
        return left%right;
    }
}",1
"public class DIVIDE {
/**
     * divide operation
     * @param left
     * @param right
     * @return result of the opertions
     */
    public static double divide(double left, double right) {
        return left/right;
    }
}",1
"public class MULTIPLY {
/**
     * multiply operation
     * @param left
     * @param right
     * @return result of the opertions
     */
    public static double multiply(double left, double right) {
        return left*right;
    }
}",1
"public class BITAND {
/**
     * bitand operation
     * @param left
     * @param right
     * @return result of the opertions
     */
    public static double bitand(double left, double right) {
        return (int)left&(int)right;
    }
}",1
"public class BITOR {
/**
     * bitand operation
     * @param left
     * @param right
     * @return result of the opertions
     */
    public static double bitor(double left, double right) {
        return (int)left|(int)right;
    }
}",1
"public class ISDIGIT {
/**
     * returns if c is a digit or not
     * @param c char to check
     * @return is digit
     */
    public boolean isdigit(char c) {
        return c>='0' && c<='9';
	}
}",2
"public class Z {
/**
     * used in computing checksums, doubles and adds resulting digits.
     *
     * @param digit the digit to be doubled, and digit summed.
     *
     * @return // 0->0 1->2 2->4 3->6 4->8 5->1 6->3 7->5 8->7 9->9
     */
    private static int z( int digit )	{
        if ( digit == 0 )	{
            return 0;
        }
        return ( digit * 2 - 1 ) % 9 + 1;
    }
}",2
"public class CASTTODOUBLEVALUE {
/**
     * @see railo.runtime.op.Castable#castToDoubleValue(double)
     */
    public double casttodoublevalue(double defaultValue) {
        return defaultValue;
    }
}",1
"public class CASTTODOUBLEVALUE {
/**
     * @see railo.runtime.op.Castable#castToDoubleValue(double)
     */
    public double casttodoublevalue(double defaultValue) {
        return defaultValue;
    }
}",1
"public class CASTTODOUBLEVALUE {
/**
     * @see railo.runtime.op.Castable#castToDoubleValue(double)
     */
    public double casttodoublevalue(double defaultValue) {
        return defaultValue;
    }
}",1
"public class CASTTODOUBLEVALUE {
/**
     * @see railo.runtime.op.Castable#castToDoubleValue(double)
     */
    public double casttodoublevalue(double defaultValue) {
        return defaultValue;
    }
}",1
"public class CASTTODOUBLEVALUE {
/**
     * @see railo.runtime.op.Castable#castToDoubleValue(double)
     */
    public double casttodoublevalue(double defaultValue) {
        return defaultValue;
    }
}",1
"public class CASTTODOUBLEVALUE {
/**
     * @see railo.runtime.op.Castable#castToDoubleValue(double)
     */
    public double casttodoublevalue(double defaultValue) {
        return defaultValue;
    }
}",1
"public class CASTTODOUBLEVALUE {
/**
     * @see railo.runtime.op.Castable#castToDoubleValue(double)
     */
    public double casttodoublevalue(double defaultValue) {
        return defaultValue;
    }
}",1
"public class CASTTODOUBLEVALUE {
/**
     * @see railo.runtime.op.Castable#castToDoubleValue(double)
     */
    public double casttodoublevalue(double defaultValue) {
        return defaultValue;
    }
}",1
"public class CASTTODOUBLEVALUE {
/**
     * @see railo.runtime.op.Castable#castToDoubleValue(double)
     */
    public double casttodoublevalue(double defaultValue) {
        return defaultValue;
    }
}",1
"public class CASTTODOUBLEVALUE {
/**
     * @see railo.runtime.op.Castable#castToDoubleValue(double)
     */
    public double casttodoublevalue(double defaultValue) {
        return defaultValue;
    }
}",1
"public class CASTTODOUBLEVALUE {
/**
     * @see railo.runtime.op.Castable#castToDoubleValue(double)
     */
    public double casttodoublevalue(double defaultValue) {
        return defaultValue;
    }
}",1
"public class CASTTODOUBLEVALUE {
/**
     * @see railo.runtime.op.Castable#castToDoubleValue(double)
     */
    public double casttodoublevalue(double defaultValue) {
        return defaultValue;
    }
}",1
"public class CASTTODOUBLEVALUE {
/**
     * @see railo.runtime.op.Castable#castToDoubleValue(double)
     */
    public double casttodoublevalue(double defaultValue) {
        return defaultValue;
    }
}",1
"public class CASTTODOUBLEVALUE {
/**
     * @see railo.runtime.op.Castable#castToDoubleValue(double)
     */
    public double casttodoublevalue(double defaultValue) {
        return defaultValue;
    }
}",1
"public class ISNEWERTHAN {
/**
     * check left value against right value
     * @param left
     * @param right
     * @return returns if right is newer than left
     */
    private boolean isNewerThan(int left, int right) {
        return left>right;
    }
}",1
"public class GETVISUALINDEX {
/**
	 * Translate the original column index to the actual one.
	 * <p>
	 * <b>Because of backwards API compatibility the default implementation
	 * returns the original index. Implementators of {@link ColumnViewer} should
	 * overwrite this method if their widget supports reordered columns</b>
	 * </p>
	 * 
	 * @param creationIndex
	 *            the original index
	 * @return the current index (as shown in the UI)
	 * @since 1.1
	 */
	protected int getVisualIndex(int creationIndex) {
		return creationIndex;
	}
}",1
"public class GETCREATIONINDEX {
/**
	 * Translate the current column index (as shown in the UI) to the original
	 * one.
	 * <p>
	 * <b>Because of backwards API compatibility the default implementation
	 * returns the original index. Implementators of {@link ColumnViewer} should
	 * overwrite this method if their widget supports reordered columns</b>
	 * </p>
	 * 
	 * @param visualIndex
	 *            the current index (as shown in the UI)
	 * @return the original index
	 * @since 1.1
	 */
	protected int getCreationIndex(int visualIndex) {
		return visualIndex;
	}
}",1
"public class SCROLLCELLINTOVIEW {
/**
	 * Scrolls the cell at this index into view
	 * <p>
	 * <b>Because of backwards API compatibility the default implementation is a
	 * no-op. Implementators of {@link ColumnViewer} should overwrite this
	 * method if their widget supports reordered columns</b>
	 * </p>
	 * 
	 * @param columnIndex
	 *            the column index
	 * @return return <code>true</code> when the cell is scrolled into view
	 * @since 1.3
	 */
	protected boolean scrollCellIntoView(int columnIndex) {
		return false;
	}
}",1
"public class ISEQUALIGNORECASE {
/**
     * Compares the given int with the given character, ignoring case.
     */
    protected static boolean isEqualIgnoreCase(int i, char c) {
        return (i == -1) ? false : Character.toLowerCase((char)i) == c;
    }
}",1
"public class ISCSSSPACE {
/**
     * Tests whether the given character is a valid space.
     */
    public static boolean iscssspace(char c) {
      return (c <= 0x0020) &&
             (((((1L << '\t') |
                 (1L << '\n') |
                 (1L << '\r') |
                 (1L << '\f') |
                 (1L << 0x0020)) >> c) & 1L) != 0);
    }
}",2
"public class DEHEXCHAR {
/**
     * Get the hex value of a character (base16).
     * @param c A character between '0' and '9' or between 'A' and 'F' or
     * between 'a' and 'f'.
     * @return  An int between 0 and 15, or -1 if c was not a hex digit.
     */
    public static int dehexchar(char c) {
        if (c >= '0' && c <= '9') {
            return c - '0';
        }
        if (c >= 'A' && c <= 'F') {
            return c - ('A' - 10);
        }
        if (c >= 'a' && c <= 'f') {
            return c - ('a' - 10);
        }
        return -1;
    }
}",7
"public class INTERNAL_WM_GETOBJECT {
/**
	 * Invokes platform specific functionality to handle a window message.
	 * <p>
	 * <b>IMPORTANT:</b> This method is <em>not</em> part of the public
	 * API for <code>Accessible</code>. It is marked public only so that it
	 * can be shared within the packages provided by SWT. It is not
	 * available on all platforms, and should never be called from
	 * application code.
	 * </p>
	 * 
	 * @noreference This method is not intended to be referenced by clients.
	 */
	public int internal_wm_getobject (int wParam, int lParam) {
		return 0;
	}
}",1
"public class GETMSBOFFSET {
/**
 * Gets the offset of the most significant bit for
 * the given mask.
 */
static int getMSBOffset(int mask) {
    for (int i = 31; i >= 0; i--) {
        if (((mask >> i) & 0x1) != 0) return i + 1;
    }
    return 0;
}
}",3
"public class GETCHANNELSHIFT {
/**
 * Computes the required channel shift from a mask.
 */
static int getChannelShift(int mask) {
    if (mask == 0) return 0;
    int i;
    for (i = 0; ((mask & 1) == 0) && (i < 32); ++i) {
        mask >>>= 1;
    }
    return i;
}
}",4
"public class GETCHANNELWIDTH {
/**
 * Computes the required channel width (depth) from a mask.
 */
static int getChannelWidth(int mask, int shift) {
    if (mask == 0) return 0;
    int i;
    mask >>>= shift;
    for (i = shift; ((mask & 1) != 0) && (i < 32); ++i) {
        mask >>>= 1;
    }
    return i - shift;
}
}",4
"public class SHIFTFORMASK {
/**
 * Computes the shift value for a given mask.
 *
 * @param mask the mask to compute the shift for
 * @return the shift amount
 *
 * @see PaletteData
 */
int shiftForMask(int mask) {
    for (int i = 31; i >= 0; i--) { 
        if (((mask >> i) & 0x1) != 0) return 7 - i;
    }
    return 32;
}
}",3
"public class CEIL {
/**
 * Answers the most negative (i.e. closest to negative infinity)
 * integer value which is greater than the number obtained by dividing
 * the first argument p by the second argument q.
 * 
 * @param p numerator
 * @param q denominator (must be different from zero)
 * @return the ceiling of the rational number p / q.
 */
public static int ceil(int p, int q) {
	return (int)Math.ceil((float)p / q);
}
}",1
"public class FLOOR {
/**
 * Answers the most positive (i.e. closest to positive infinity)
 * integer value which is less than the number obtained by dividing
 * the first argument p by the second argument q.
 *
 * @param p numerator
 * @param q denominator (must be different from zero)
 * @return the floor of the rational number p / q.
 */
public static int floor(int p, int q) {
	return (int)Math.floor((double)p / q);
}
}",1
"public class ROUND {
/**
 * Answers the result of rounding to the closest integer the number obtained 
 * by dividing the first argument p by the second argument q.
 * <p>
 * IMPORTANT: the j2me version has an additional restriction on
 * the arguments. p must be within the range 0 - 32767 (inclusive).
 * q must be within the range 1 - 32767 (inclusive).
 * </p>
 * 
 * @param p numerator
 * @param q denominator (must be different from zero)
 * @return the closest integer to the rational number p / q
 */
public static int round(int p, int q) {
	return Math.round((float)p / q);
}
}",1
"public class ISLETTER {
/**
 * Answers whether the character is a letter.
 *
 * @param c the character
 * @return true when the character is a letter
 */
public static boolean isletter(char c) {
	return Character.isLetter(c);
}
}",1
"public class ISLETTERORDIGIT {
/**
 * Answers whether the character is a letter or a digit.
 *
 * @param c the character
 * @return true when the character is a letter or a digit
 */
public static boolean isletterordigit(char c) {
	return Character.isLetterOrDigit(c);
}
}",1
"public class ISSPACECHAR {
/**
 * Answers whether the character is a Unicode space character.
 *
 * @param c	 the character
 * @return true when the character is a Unicode space character
 */
public static boolean isspacechar(char c) {
	return Character.isSpaceChar(c);
}
}",1
"public class ISWHITESPACE {
/**
 * Answers whether the character is a whitespace character.
 *
 * @param c the character to test
 * @return true if the character is whitespace
 */
public static boolean iswhitespace(char c) {
	return Character.isWhitespace(c);
}
}",1
"public class COMPRESS16BITDEPTHTO8BITDEPTH {
/**
 * SWT does not support 16-bit depth color formats.
 * Convert the 16-bit data to 8-bit data.
 * The correct way to do this is to multiply each
 * 16 bit value by the value:
 * (2^8 - 1) / (2^16 - 1).
 * The fast way to do this is just to drop the low
 * byte of the 16-bit value.
 */
static int compress16BitDepthTo8BitDepth(int value) {
	//double multiplier = (Compatibility.pow2(8) - 1) / (Compatibility.pow2(16) - 1);
	//byte compressedValue = (byte)(value * multiplier);
	return value >> 8;
}
}",1
"public class BLEND {
/**
	 * Blends two primary color components based on the provided ratio.
	 * 
	 * @param v1
	 *            first component
	 * @param v2
	 *            second component
	 * @param ratio
	 *            percentage of the first component in the blend
	 * @return
	 */
	private static int blend(int v1, int v2, int ratio) {
		int b = (ratio * v1 + (100 - ratio) * v2) / 100;
		return Math.min(255, b);
	}
}",1
"public class ISNAMECHARALLOWED {
/**
	 * Checks character of element's name is allowed for specified set. It could
	 * be override if you want change logic of camelCaseMatch methods.
	 * 
	 * @param nameChar -
	 *            name of searched element
	 * @return if nameChar is in set of allowed characters for name of element
	 */
	protected boolean isNameCharAllowed(char nameChar) {
		return Character.isUpperCase(nameChar);
	}
}",1
"public class ISVALIDCAMELCASECHAR {
/**
	 * Check if character is valid camelCase character
	 * 
	 * @param ch
	 *            character to be validated
	 * @return true if character is valid
	 */
	protected boolean isValidCamelCaseChar(char ch) {
		return true;
	}
}",1
"public class COMPUTEPREFERREDSIZE {
/**
     * @see org.eclipse.ui.presentations.StackPresentation#computePreferredSize(boolean, int, int, int)
     * 
     */
    public int computepreferredsize(boolean width, int availableParallel, int availablePerpendicular, int preferredParallel) {
    	
    	return preferredParallel;    	
    }
}",1
"public class GETPARTSASHCONST {
/**
     * @return the part sash container const for a layout value.
     */
    private int getPartSashConst(int nRelationship) {
        return nRelationship;
    }
}",1
"public class DECODEDIGIT {
/**
	 * This method converts a Base 64 digit to its numeric value.
	 * 
	 * @param data digit (character) to convert
	 * @return value for the digit
	 */
	static int decodeDigit(byte data) {
		char charData = (char) data;
		if (charData <= 'Z' && charData >= 'A') {
			return charData - 'A';
		}
		if (charData <= 'z' && charData >= 'a') {
			return charData - 'a' + 26;
		}
		if (charData <= '9' && charData >= '0') {
			return charData - '0' + 52;
		}
		switch (charData) {
			case '+' :
				return 62;
			case '/' :
				return 63;
			default :
				throw new IllegalArgumentException(""Invalid char to decode: "" + data); //$NON-NLS-1$
		}
	}
}",8
"public class VOLTAGE_TO_INTENSITY_SRGB {
/**
     * Returns the intensity of an RGB component using the
     * sRGB gamma function.
     * 
     * @param val Value to convert.
     * @return Light intensity of the component.
     */
    double voltage_to_intensity_srgb(double val) {
        /* Handle invalid values before doing a gamma transform. */
        if (val < 0.0) {
			return 0.0;
		}
        if (val > 1.0) {
			return 1.0;
		}

        if (val <= 0.04045) {
            return val / 12.92;
        }
        return Math.pow((val + 0.055) / 1.055, 2.4);
    }
}",4
"public class GETREUSEEDITORMATCHFLAGS {
/**
	 * @param originalMatchFlags
	 * @return
	 */
	public int getreuseeditormatchflags(int originalMatchFlags) {
		return originalMatchFlags;
	}
}",1
"public class SUPPORTSNOTIFICATION {
/**
	 * This methods indicates if particular notification type is supported and
	 * if {@link StatusManager#fireNotification(int, StatusAdapter[])} will be
	 * called after the event occurs. Only known notification types should be
	 * accepted, whereas unknown types should be always rejected.
	 * 
	 * @param type
	 *            - a notification type that should be checked.
	 * @return true if particular event notification is supported, false
	 *         otherwise
	 * @since 1.4
	 */
	public boolean supportsnotification(int type){
		return false;
	}
}",1
"public class BLEND {
/**
	 * Blend the two color values returning a value that is halfway between
	 * them.
	 * 
	 * @param temp1
	 *            the first value
	 * @param temp2
	 *            the second value
	 * @return the blended int value
	 */
	private static int blend(int temp1, int temp2) {
		return (Math.abs(temp1 - temp2) / 2) + Math.min(temp1, temp2);
	}
}",1
"public class GETITEMID {
/**
	 * Use the array index as a unique id.
	 * 
	 * @see android.widget.ListAdapter#getItemId(int)
	 */
	public long getitemid(int position) {
		return position;
	}
}",1
"public class GETITEMID {
/**
	 * Use the array index as a unique id.
	 * 
	 * @see android.widget.ListAdapter#getItemId(int)
	 */
	public long getitemid(int position) {
		return position;
	}
}",1
"public class BOXINTERSECT {
/** Tests two axis-aligned boxes for overlap. */
    private boolean boxIntersect(float left1, float right1, float top1, float bottom1, 
            float left2, float right2, float top2, float bottom2) {
        final boolean horizontalIntersection = left1 < right2 && left2 < right1;
        final boolean verticalIntersection = top1 > bottom2 && top2 > bottom1;
        final boolean intersecting = horizontalIntersection && verticalIntersection;
        return intersecting;
    }
}",4
"public class DEHEXCHAR {
/**
     * Get the hex value of a character (base16).
     * @param c A character between '0' and '9' or between 'A' and 'F' or
     * between 'a' and 'f'.
     * @return  An int between 0 and 15, or -1 if c was not a hex digit.
     */
    public static int dehexchar(char c) {
        if (c >= '0' && c <= '9') {
            return c - '0';
        }
        if (c >= 'A' && c <= 'F') {
            return c - ('A' - 10);
        }
        if (c >= 'a' && c <= 'f') {
            return c - ('a' - 10);
        }
        return -1;
    }
}",7
"public class GETITEMID {
/** Use the array index as a unique id. */
	public long getitemid(int position) {
		return position;
	}
}",1
"public class GETITEMID {
/** Use the array index as a unique id. */
    	public long getitemid(int position) {
    		return position;
    	}
}",1
"public class GETMAXPANDELTA {
/**
     * Help function to figure out max delta of pan from center position.
     * 
     * @param zoom Zoom value
     * @return Max delta of pan
     */
    private float getMaxPanDelta(float zoom) {
        return Math.max(0f, .5f * ((zoom - 1) / zoom));
    }
}",1
"public class GETHEADERSIZE {
/**
     * Returns the size of the header for a specific version of the framebuffer adb protocol.
     * @param version the version of the protocol
     * @return the number of int that makes up the header.
     */
    public static int getheadersize(int version) {
        switch (version) {
            case 16: // compatibility mode
                return 3; // size, width, height
            case 1:
                return 12; // bpp, size, width, height, 4*(length, offset)
        }

        return 0;
    }
}",2
"public class GETMASK {
/**
     * Creates a mask value based on a length.
     * @param length
     * @return
     */
    private int getMask(int length) {
        int res = 0;
        for (int i = 0 ; i < length ; i++) {
            res = (res << 1) + 1;
        }

        return res;
    }
}",2
"public class FLOAT12TOINT {
/**
     * Converts a 12 bit float representation into an unsigned int (returned as a long)
     * @param f12
     */
    private static long float12ToInt(int f12) {
        return (f12 & 0x1FF) << ((f12 >>> 9) * 4);
    }
}",1
"public class ISSUPPLEMENTAL {
/**
     * Returns true if the specified character is a supplemental character.
     *
     * @param c The character to check.
     */
    public static boolean issupplemental(int c) {
        return (c >= 0x10000 && c <= 0x10FFFF);
    }
}",2
"public class SUPPLEMENTAL {
/**
     * Returns true the supplemental character corresponding to the given
     * surrogates.
     *
     * @param h The high surrogate.
     * @param l The low surrogate.
     */
    public static int supplemental(char h, char l) {
        return (h - 0xD800) * 0x400 + (l - 0xDC00) + 0x10000;
    }
}",1
"public class HIGHSURROGATE {
/**
     * Returns the high surrogate of a supplemental character
     *
     * @param c The supplemental character to ""split"".
     */
    public static char highsurrogate(int c) {
        return (char) (((c - 0x00010000) >> 10) + 0xD800);
    }
}",1
"public class LOWSURROGATE {
/**
     * Returns the low surrogate of a supplemental character
     *
     * @param c The supplemental character to ""split"".
     */
    public static char lowsurrogate(int c) {
        return (char) (((c - 0x00010000) & 0x3FF) + 0xDC00);
    }
}",1
"public class ISHIGHSURROGATE {
/**
     * Returns whether the given character is a high surrogate
     *
     * @param c The character to check.
     */
    public static boolean ishighsurrogate(int c) {
        return (0xD800 <= c && c <= 0xDBFF);
    }
}",2
"public class ISLOWSURROGATE {
/**
     * Returns whether the given character is a low surrogate
     *
     * @param c The character to check.
     */
    public static boolean islowsurrogate(int c) {
        return (0xDC00 <= c && c <= 0xDFFF);
    }
}",2
"public class ISMARKUP {
/**
     * Returns true if the specified character can be considered markup.
     * Markup characters include '&lt;', '&amp;', and '%'.
     *
     * @param c The character to check.
     */
    public static boolean ismarkup(int c) {
        return c == '<' || c == '&' || c == '%';
    }
}",3
"public class PARSEBOOLEAN {
/**
	 * Parses the character value of 'Y' or 'N' into boolean value.
	 *
	 * @param value - the character to be parsed
	 * @return <code>true</code>, if value is 'Y', else <code>false</code>
	 */
	public boolean parseboolean(char value)
	{
		boolean flag = true;
		boolean boolValue = false;
		
		while(flag)
		{
			//parses 'Y' into 'true'
			if(value == 'Y' || value == 'y')
			{
				boolValue = true;
				flag = false;
			}
		
			//parses 'N' into 'false'
			else if(value == 'N' || value == 'n')
			{
				boolValue = false;
				flag = false;
			}
		
			//validates user input
			else
			{
				System.out.println(""Invalid input. Enter (Y/N)"");
			}
		}
		
		return boolValue;
	}
}",6
"public class PYTHAGD {
/**
	 * Returns the length of a vector given the vector's three coordinates. This
	 * uses the Pythagorean theorem (hence it's name).
	 * 
	 * @see <a
	 *      href=""http://en.wikipedia.org/wiki/Pythagorean_theorem"">Pythagorean
	 *      Theorem</a> (Wikipedia)
	 * 
	 * @param x
	 *            The x-coordinate.
	 * @param y
	 *            The y-coordinate.
	 * @param z
	 *            The z-coordinate.
	 * @return The length of the vector.
	 */
	public static double pythagd(double x, double y, double z) {
		return Math.sqrt(x * x + y * y + z * z);
	}
}",1
"public class CALCSTEPS {
/**
	 * @param start
	 * @param stop
	 * @param step
	 * @return number of steps to take
	 */
	public static int calcsteps(final double start, final double stop, final double step) {
		if (step > 0) {
			return (int) Math.ceil((stop - start) / step);
		}
		return (int) Math.ceil((stop - start) / step);
	}
}",2
"public class LEINT {
/**
	 * @param b
	 * @return an integer from bytes specified in little endian order
	 */
	public static int leint(int... b) {
		int a = 0;
		for (int i = b.length - 1; i >= 0; i--) {
			a <<= 8;
			a |= (b[i] & 0xff);
		}
		return a;
	}
}",2
"public class LEINT {
/**
	 * @param b1
	 * @param b2
	 * @return an integer from bytes specified in little endian order
	 */
	public static int leint(int b1, int b2) {
		return ((b2 & 0xff) << 8) | (b1 & 0xff);
	}
}",1
"public class LEINTSE {
/**
	 * Sign extended conversion
	 * @param b1
	 * @param b2
	 * @return an integer from bytes specified in little endian order
	 */
	public static int leintse(int b1, int b2) {
		return (b2 << 8) | (b1 & 0xff);
	}
}",1
"public class LEINT {
/**
	 * @param b1
	 * @param b2
	 * @param b3
	 * @param b4
	 * @return an integer from bytes specified in little endian order
	 */
	public static int leint(int b1, int b2, int b3, int b4) {
		return ((b4 & 0xff) << 24)| ((b3 & 0xff) << 16) | ((b2 & 0xff) << 8) | (b1 & 0xff);
	}
}",1
"public class BEINT {
/**
	 * @param b
	 * @return an integer from bytes specified in big endian order
	 */
	public static int beint(int... b) {
		int a = 0;
		for (int i = 0; i < b.length; i++) {
			a <<= 8;
			a |= (b[i] & 0xff);
		}
		return a;
	}
}",2
"public class BEINT {
/**
	 * @param b1
	 * @param b2
	 * @return an integer from bytes specified in big endian order
	 */
	public static int beint(int b1, int b2) {
		return ((b1 & 0xff) << 8) | (b2 & 0xff);
	}
}",1
"public class BEINTSE {
/**
	 * Sign extended conversion
	 * @param b1
	 * @param b2
	 * @return an integer from bytes specified in big endian order
	 */
	public static int beintse(int b1, int b2) {
		return (b1 << 8) | (b2 & 0xff);
	}
}",1
"public class BEINT {
/**
	 * @param b1
	 * @param b2
	 * @param b3
	 * @param b4
	 * @return an integer from bytes specified in big endian order
	 */
	public static int beint(int b1, int b2, int b3, int b4) {
		return ((b1 & 0xff) << 24)| ((b2 & 0xff) << 16) | ((b3 & 0xff) << 8) | (b4 & 0xff);
	}
}",1
"public class HEX2BIN {
/**
    * Convert hex digit to numerical value.
    * 
    * @param c
    *           0-9, a-f, A-F allowd.
    * @return 0-15
    * @throws IllegalArgumentException
    *            on non-hex character
    */
   public static int hex2bin(char c)
   {
      if (c >= '0' && c <= '9')
      {
         return (c - '0');
      }
      if (c >= 'A' && c <= 'F')
      {
         return (c - 'A' + 10);
      }
      if (c >= 'a' && c <= 'f')
      {
         return (c - 'a' + 10);
      }
      throw new IllegalArgumentException(""Input string may only contain hex digits, but found '"" + c + ""'"");
   }
}",7
"public class CEIL {
/**
    * Integer division with ceiling function.
    * 
    * @see <a href=""http://tools.ietf.org/html/rfc2898"">RFC 2898 5.2 Step 2.</a>
    * @param a
    * @param b
    * @return ceil(a/b)
    */
   protected int ceil(int a, int b)
   {
      int m = 0;
      if (a % b > 0)
      {
         m = 1;
      }
      return a / b + m;
   }
}",2
"public class TOPERCENT {
/** Helper function for computing percentage. */
    public static double topercent(long value, long total) {
        return (total > 0) ? 100.0 * value / total : 0.0;
    }
}",1
"public class ONBALLOONTAP {
/**
	 * Override this method to handle a ""tap"" on a balloon. By default, does nothing 
	 * and returns false.
	 * 
	 * @param index - The index of the item whose balloon is tapped.
	 * @return true if you handled the tap, otherwise false.
	 */
	protected boolean onBalloonTap(int index) {
		return false;
	}
}",1
"public class CHARVAL {
/**
	 * Returns hex value for given char
	 */
	private static int charVal(char c) {
		return ((c >= '0') && (c <= '9')) ? (c - '0')
				: (((c >= 'A') && (c <= 'Z')) ? (c - 'A' + 10) : (c - 'a' + 10));
	}
}",3
"public class SLEEP {
/**
     * Sleep without throwing an exception.
     * 
     * @param millis time in milliseconds
     * @return true if not interrupted
     */
    public static boolean sleep(long millis) {
        try {
            Thread.sleep(millis);
            return true;
        } catch (InterruptedException e) {
            return false;
        }
    }
}",2
"public class CLAMP {
/**
	 * Clamp a value to the range 0..255
	 */
	public static int clamp(int c) {
		if (c < 0)
			return 0;
		if (c > 255)
			return 255;
		return c;
	}
}",3
"public class HASHINDEX {
/**
     * Gets the index into the data storage for the hashCode specified.
     * This implementation uses the least significant bits of the hashCode.
     * Subclasses can override this to return alternate bucketing.
     *
     * @param hashCode the hash code to use
     * @param dataSize the size of the data to pick a bucket from
     * @return the bucket index
     */
    protected int hashIndex(int hashCode, int dataSize) {
        return hashCode & (dataSize - 1);
    }
}",1
"public class CALCULATETHRESHOLD {
/**
     * Calculates the new threshold of the map, where it will be resized.
     * This implementation uses the load factor.
     *
     * @param newCapacity the new capacity
     * @param factor      the load factor
     * @return the new resize threshold
     */
    protected int calculateThreshold(int newCapacity, float factor) {
        return (int) (newCapacity * factor);
    }
}",1
"public class GETNUMBEROFPEGS {
/**
     * return the number of bits which are set to one in position
     *
     * @param position long
     * @return number of bits which are set
     */
    public int getnumberofpegs(long position) {
        return Long.bitCount(position);
    }
}",1
"public class TESTBIT {
/**
     * test bit at index in number. Used to check if a peg is present at position index
     *
     * @param number long
     * @param index  position of bit
     * @return true if bit at index is set
     */
    public static boolean testbit(long number, int index) {
        return (number & 1L << index) != 0L;
    }
}",1
"public class ROTATEBY180 {
/**
     * rotate position by 180 degree. 64 - 49 = 15 => reverse and shift by 15
     *
     * @param position as long
     * @return rotated position
     */
    private static long rotateBy180(long position) {
        return Long.reverse(position) >>> 15;
    }
}",1
"public class ROTATEBY90 {
/**
     * shift each peg to the rotated position
     *
     * @param position as long
     * @return position rotated by 90 degree
     */
    private static long rotateBy90(long position) {
        long rotatedPosition;
        rotatedPosition = ((position & (1L << 2)) << 18) | ((position & (1L << 3)) << 24) | ((position & (1L << 4)) << 30)
                | ((position & (1L << 9)) << 10) | ((position & (1L << 10)) << 16) | ((position & (1L << 11)) << 22)
                | ((position & (1L << 14)) >> 10) | ((position & (1L << 15)) >> 4) | ((position & (1L << 16)) << 2)
                | ((position & (1L << 17)) << 8) | ((position & (1L << 18)) << 14) | ((position & (1L << 19)) << 20)
                | ((position & (1L << 20)) << 26)
                | ((position & (1L << 21)) >> 18) | ((position & (1L << 22)) >> 12) | ((position & (1L << 23)) >> 6)
                | ((position & (1L << 24)))
                | ((position & (1L << 25)) << 6) | ((position & (1L << 26)) << 12) | ((position & (1L << 27)) << 18)
                | ((position & (1L << 28)) >> 26) | ((position & (1L << 29)) >> 20) | ((position & (1L << 30)) >> 14)
                | ((position & (1L << 31)) >> 8) | ((position & (1L << 32)) >> 2) | ((position & (1L << 33)) << 4)
                | ((position & (1L << 34)) << 10)
                | ((position & (1L << 37)) >> 22) | ((position & (1L << 38)) >> 16) | ((position & (1L << 39)) >> 10)
                | ((position & (1L << 44)) >> 30) | ((position & (1L << 45)) >> 24) | ((position & (1L << 46)) >> 18);
        return rotatedPosition;
    }
}",1
"public class MIRRORVERTICALLY {
/**
     * mirror each row separately
     *
     * @param position as long
     * @return position mirrored vertically
     */
    private static long mirrorVertically(long position) {
        long verticallyMirroredPosition;
        verticallyMirroredPosition = ((position & (1L << 2)) << 42) | ((position & (1L << 3)) << 42) | ((position & (1L << 4)) << 42);
        verticallyMirroredPosition |= ((position & (1L << 9)) << 28) | ((position & (1L << 10)) << 28) | ((position & (1L << 11)) << 28);
        verticallyMirroredPosition |= ((position & (1L << 14)) << 14) | ((position & (1L << 15)) << 14) | ((position & (1L << 16)) << 14)
                | ((position & (1L << 17)) << 14) | ((position & (1L << 18)) << 14) | ((position & (1L << 19)) << 14)
                | ((position & (1L << 20)) << 14);
        verticallyMirroredPosition |= ((position & (1L << 21))) | ((position & (1L << 22))) | ((position & (1L << 23)))
                | ((position & (1L << 24)))
                | ((position & (1L << 25))) | ((position & (1L << 26))) | ((position & (1L << 27)));
        verticallyMirroredPosition |= ((position & (1L << 28)) >> 14) | ((position & (1L << 29)) >> 14) | ((position & (1L << 30)) >> 14)
                | ((position & (1L << 31)) >> 14) | ((position & (1L << 32)) >> 14) | ((position & (1L << 33)) >> 14)
                | ((position & (1L << 34)) >> 14);
        verticallyMirroredPosition |= ((position & (1L << 37)) >> 28) | ((position & (1L << 38)) >> 28) | ((position & (1L << 39)) >> 28);
        verticallyMirroredPosition |= ((position & (1L << 44)) >> 42) | ((position & (1L << 45)) >> 42) | ((position & (1L << 46)) >> 42);
        return verticallyMirroredPosition;
    }
}",1
"public class ROTATEWORDLEFT {
/**
     * return the result rotating the 16 bit number in x left by y
     */
    private int rotateWordLeft(
        int x,
        int y)
    {
        x &= 0xffff;
        return (x << y) | (x >> (16 - y));
    }
}",1
"public class ROTATELEFT {
/**
     * Perform a left ""spin"" of the word. The rotation of the given
     * word <em>x</em> is rotated left by <em>y</em> bits.
     * Only the <em>lg(32)</em> low-order bits of <em>y</em>
     * are used to determine the rotation amount. Here it is 
     * assumed that the wordsize used is a power of 2.
     * <p>
     * @param  x  word to rotate
     * @param  y    number of bits to rotate % 32
     */
    private int rotateLeft(int x, int y)
    {
        return ((x << (y & (32-1))) | (x >>> (32 - (y & (32-1)))));
    }
}",1
"public class ROTATERIGHT {
/**
     * Perform a right ""spin"" of the word. The rotation of the given
     * word <em>x</em> is rotated left by <em>y</em> bits.
     * Only the <em>lg(32)</em> low-order bits of <em>y</em>
     * are used to determine the rotation amount. Here it is 
     * assumed that the wordsize used is a power of 2.
     * <p>
     * @param  x  word to rotate
     * @param  y    number of bits to rotate % 32
     */
    private int rotateRight(int x, int y)
    {
        return ((x >>> (y & (32-1))) | (x << (32 - (y & (32-1)))));
    }
}",1
"public class ROTATELEFT {
/**
     * Perform a left ""spin"" of the word. The rotation of the given
     * word <em>x</em> is rotated left by <em>y</em> bits.
     * Only the <em>lg(wordSize)</em> low-order bits of <em>y</em>
     * are used to determine the rotation amount. Here it is 
     * assumed that the wordsize used is 32.
     * <p>
     * @param  x  word to rotate
     * @param  y    number of bits to rotate % wordSize
     */
    private int rotateLeft(int x, int y)
    {
        return (x << y) | (x >>> -y);
    }
}",1
"public class ROTATERIGHT {
/**
     * Perform a right ""spin"" of the word. The rotation of the given
     * word <em>x</em> is rotated left by <em>y</em> bits.
     * Only the <em>lg(wordSize)</em> low-order bits of <em>y</em>
     * are used to determine the rotation amount. Here it is 
     * assumed that the wordsize used is a power of 2.
     * <p>
     * @param  x  word to rotate
     * @param  y    number of bits to rotate % wordSize
     */
    private int rotateRight(int x, int y)
    {
        return (x >>> y) | (x << -y);
    }
}",1
"public class ROTL {
/**
     * Rotate left
     *
     * @param   x   value to rotate
     * @param   y   amount to rotate x
     *
     * @return  rotated x
     */
    private static int rotl(int x, int y)
    {
        return (x << y) | (x >>> -y);
    }
}",1
"public class POW {
/**
     * Calculates a^b mod modulus
     */
    public static int pow(int a, int b, int modulus)
    {
        int p = 1;
        for (int i = 0; i < b; i++)
        {
            p = (p * a) % modulus;
        }
        return p;
    }
}",2
"public class POW {
/**
     * Calculates a^b mod modulus
     */
    public static long pow(long a, int b, long modulus)
    {
        long p = 1;
        for (int i = 0; i < b; i++)
        {
            p = (p * a) % modulus;
        }
        return p;
    }
}",2
"public class LNGAMMA {
/**
	 * log Gamma function: ln(gamma(alpha)) for alpha>0, accurate to 10 decimal
	 * places
	 * 
	 * @param alpha
	 *            argument
	 * @return the log of the gamma function of the given alpha
	 */
	public static double lngamma(double alpha) {
		// Pike MC & Hill ID (1966) Algorithm 291: Logarithm of the gamma
		// function.
		// Communications of the Association for Computing Machinery, 9:684

		double x = alpha, f = 0.0, z;

		if (x < 7) {
			f = 1;
			z = x - 1;
			while (++z < 7) {
				f *= z;
			}
			x = z;
			f = -Math.log(f);
		}
		z = 1 / (x * x);

		return f
				+ (x - 0.5)
				* Math.log(x)
				- x
				+ 0.918938533204673
				+ (((-0.000595238095238 * z + 0.000793650793651) * z - 0.002777777777778)
						* z + 0.083333333333333) / x;
	}
}",3
"public class INCOMPLETEGAMMA {
/**
	 * Returns the incomplete gamma ratio I(x,alpha) where x is the upper limit
	 * of the integration and alpha is the shape parameter.
	 * 
	 * @param x
	 *            upper limit of integration
	 * @param alpha
	 *            shape parameter
	 * @param ln_gamma_alpha
	 *            the log gamma function for alpha
	 * @return the incomplete gamma ratio
	 */
	private static double incompleteGamma(double x, double alpha,
			double ln_gamma_alpha) {
		// (1) series expansion if (alpha>x || x<=1)
		// (2) continued fraction otherwise
		// RATNEST FORTRAN by
		// Bhattacharjee GP (1970) The incomplete gamma integral. Applied
		// Statistics,
		// 19: 285-287 (AS32)

		double accurate = 1e-8, overflow = 1e30;
		double factor, gin, rn, a, b, an, dif, term;
		double pn0, pn1, pn2, pn3, pn4, pn5;

		if (x == 0.0) {
			return 0.0;
		}
		if (x < 0.0 || alpha <= 0.0) {
			throw new IllegalArgumentException(""Arguments out of bounds"");
		}

		factor = Math.exp(alpha * Math.log(x) - x - ln_gamma_alpha);

		if (x > 1 && x >= alpha) {
			// continued fraction
			a = 1 - alpha;
			b = a + x + 1;
			term = 0;
			pn0 = 1;
			pn1 = x;
			pn2 = x + 1;
			pn3 = x * b;
			gin = pn2 / pn3;

			do {
				a++;
				b += 2;
				term++;
				an = a * term;
				pn4 = b * pn2 - an * pn0;
				pn5 = b * pn3 - an * pn1;

				if (pn5 != 0) {
					rn = pn4 / pn5;
					dif = Math.abs(gin - rn);
					if (dif <= accurate) {
						if (dif <= accurate * rn) {
							break;
						}
					}

					gin = rn;
				}
				pn0 = pn2;
				pn1 = pn3;
				pn2 = pn4;
				pn3 = pn5;
				if (Math.abs(pn4) >= overflow) {
					pn0 /= overflow;
					pn1 /= overflow;
					pn2 /= overflow;
					pn3 /= overflow;
				}
			} while (true);
			gin = 1 - factor * gin;
		} else {
			// series expansion
			gin = 1;
			term = 1;
			rn = alpha;
			do {
				rn++;
				term *= x / rn;
				gin += term;
			} while (term > accurate);
			gin *= factor / alpha;
		}
		return gin;
	}
}",12
"public class HYPOT {
/**
	 * Returns sqrt(a^2 + b^2) without under/overflow.
	 */
	public static double hypot(double a, double b) {
		double r;
		if (Math.abs(a) > Math.abs(b)) {
			r = b / a;
			r = Math.abs(a) * Math.sqrt(1 + r * r);
		} else if (b != 0) {
			r = a / b;
			r = Math.abs(b) * Math.sqrt(1 + r * r);
		} else {
			r = 0.0;
		}
		return r;
	}
}",3
"public class PDF {
/**
	 * probability density function
	 * 
	 * @param x
	 *            argument
	 * @param m
	 *            mean
	 * @param sd
	 *            standard deviation
	 * @return pdf at x
	 */
	public static double pdf(double x, double m, double sd) {
		double a = 1.0 / (Math.sqrt(2.0 * Math.PI) * sd);
		double b = -(x - m) * (x - m) / (2.0 * sd * sd);

		return a * Math.exp(b);
	}
}",1
"public class LOGPDF {
/**
	 * the natural log of the probability density function of the distribution
	 * 
	 * @param x
	 *            argument
	 * @param m
	 *            mean
	 * @param sd
	 *            standard deviation
	 * @return log pdf at x
	 */
	public static double logpdf(double x, double m, double sd) {
		double a = 1.0 / (Math.sqrt(2.0 * Math.PI) * sd);
		double b = -(x - m) * (x - m) / (2.0 * sd * sd);

		return Math.log(a) + b;
	}
}",1
"public class MEAN {
/**
	 * mean
	 * 
	 * @param m
	 *            mean
	 * @param sd
	 *            standard deviation
	 * @return mean
	 */
	public static double mean(double m, double sd) {
		return m;
	}
}",1
"public class VARIANCE {
/**
	 * variance
	 * 
	 * @param m
	 *            mean
	 * @param sd
	 *            standard deviation
	 * @return variance
	 */
	public static double variance(double m, double sd) {
		return sd * sd;
	}
}",1
"public class LARGESTPOWEROF2SMALLERTHAN {
/**
	 * @param n
	 *            int
	 * @return int
	 */
	private int largestPowerOf2SmallerThan(int n) {
		int m = 2;
		int m2;
		while (true) {
			m2 = 2 * m;
			if (m2 >= n)
				return m;
			m = m2;
		}
	}
}",3
"public class RESOLVEINTDESCRIPTOR {
/**
	 * Determines which of two <code>int</code> values should be used as the value
	 * for an attribute descriptor. In general, only the getter or the setter will
	 * be have a non-negative value so we use that value. In the event that both values
	 * are non-negative, we use the greater of the two. This method can be used to
	 * resolve any <code>int</code> valued descriptor where there are two possible values.
	 * @param getter the int value associated with the getter for this attribute
	 * @param setter the int associated with the setter for this attribute
	 */
	private int resolveIntDescriptor(int getter, int setter) {
		return (getter >= setter ? getter : setter);
	}
}",1
"public class ADD {
/**
	 * @@org.springframework.jmx.export.metadata.ManagedOperation(description=""Add Two
	 *                                                                              Numbers
	 *                                                                              Together"")
	 * @@org.springframework.jmx.export.metadata.ManagedOperationParameter(index=0, name=""x"", description=""Left operand"")
	 * @@org.springframework.jmx.export.metadata.ManagedOperationParameter(index=1, name=""y"", description=""Right operand"")
	 */
	public int add(int x, int y) {
		return x + y;
	}
}",1
"public class HASHCODE {
/**
	 * Return the same value as <code>{@link Boolean#hashCode()}</code>.
	 * @see Boolean#hashCode()
	 */
	public static int hashcode(boolean bool) {
		return bool ? 1231 : 1237;
	}
}",1
"public class HASHCODE {
/**
	 * Return the same value as <code>{@link Double#hashCode()}</code>.
	 * @see Double#hashCode()
	 */
	public static int hashcode(double dbl) {
		long bits = Double.doubleToLongBits(dbl);
		return hashCode(bits);
	}
}",1
"public class HASHCODE {
/**
	 * Return the same value as <code>{@link Float#hashCode()}</code>.
	 * @see Float#hashCode()
	 */
	public static int hashcode(float flt) {
		return Float.floatToIntBits(flt);
	}
}",1
"public class HASHCODE {
/**
	 * Return the same value as <code>{@link Long#hashCode()}</code>.
	 * @see Long#hashCode()
	 */
	public static int hashcode(long lng) {
		return (int) (lng ^ (lng >>> 32));
	}
}",1
"public class ISALPHA {
/**
		 * Indicates whether the given character is in the {@code ALPHA} set.
		 *
		 * @see <a href=""http://www.ietf.org/rfc/rfc3986.txt"">RFC 3986, appendix A</a>
		 */
		protected boolean isAlpha(int c) {
			return c >= 'a' && c <= 'z' || c >= 'A' && c <= 'Z';
		}
}",4
"public class ISDIGIT {
/**
		 * Indicates whether the given character is in the {@code DIGIT} set.
		 *
		 * @see <a href=""http://www.ietf.org/rfc/rfc3986.txt"">RFC 3986, appendix A</a>
		 */
		protected boolean isDigit(int c) {
			return c >= '0' && c <= '9';
		}
}",2
"public class ISGENERICDELIMITER {
/**
		 * Indicates whether the given character is in the {@code gen-delims} set.
		 *
		 * @see <a href=""http://www.ietf.org/rfc/rfc3986.txt"">RFC 3986, appendix A</a>
		 */
		protected boolean isGenericDelimiter(int c) {
			return ':' == c || '/' == c || '?' == c || '#' == c || '[' == c || ']' == c || '@' == c;
		}
}",7
"public class ISSUBDELIMITER {
/**
		 * Indicates whether the given character is in the {@code sub-delims} set.
		 *
		 * @see <a href=""http://www.ietf.org/rfc/rfc3986.txt"">RFC 3986, appendix A</a>
		 */
		protected boolean isSubDelimiter(int c) {
			return '!' == c || '$' == c || '&' == c || '\'' == c || '(' == c || ')' == c || '*' == c || '+' == c ||
					',' == c || ';' == c || '=' == c;
		}
}",11
"public class CHECKNOTMODIFIED {
/**
	 * Last-modified handling not supported for portlet requests:
	 * As a consequence, this method always returns <code>false</code>.
	 */
	public boolean checknotmodified(long lastModifiedTimestamp) {
		return false;
	}
}",1
"public class ISSPACE {
/**
	 * Indicates whether the given character is whitespace
	 *
	 * @param c the character to check
	 * @return see above
	 */
	public static boolean isspace(final char c) {
		switch (c) {
			case ' ':
				return true;
			case '\n':
				return true;
			case '\t':
				return true;
			case '\f':
				return true;
			case '\r':
				return true;
			default:
				return false;
		}
	}
}",2
"public class ROUND {
/**
   * E.g. round(3.1416, 2) == 3.14, round(431.5, -2) == 400
   */
  public static double round(double x, int precision) {
    double power = Math.pow(10.0, precision);
    return Math.round(x * power) / power;
  }
}",1
"public class MAX {
/**
   * Returns the minimum of three int values.
   *
   * @return The minimum of three int values.
   */
  public static int max(int a, int b, int c) {
    int ma;
    ma = a;
    if (b > ma) {
      ma = b;
    }
    if (c > ma) {
      ma = c;
    }
    return ma;
  }
}",3
"public class LGAMMA {
/**
  * @return an approximation of the log of the Gamma function * of x.  Laczos Approximation
  * Reference: Numerical Recipes in C
  * http://www.library.cornell.edu/nr/cbookcpdf.html
  * from www.cs.berkeley.edu/~milch/blog/versions/blog-0.1.3/blog/distrib
  */ 
  public static double lgamma(double x) {
    double[] cof = {76.18009172947146, -86.50532032941677,
      24.01409824083091,-1.231739572450155,
      0.1208650973866179e-2,-0.5395239384953e-5};
    double y, z, ser, tmp;
    y = x;
    tmp = x + 5.5;
    tmp -= ((x + 0.5) * Math.log(tmp));
    ser = 1.000000000190015;
    for (int j = 0; j < 6; j += 1) {
      y += 1;
      ser += (cof[j] / y);
    }
    return (-tmp + Math.log(2.5066282746310005*ser / x));
  }
}",2
"public class MIN {
/**
   * Returns the minimum of three int values.
   */
  public static int min(int a, int b, int c) {
    int mi;

    mi = a;
    if (b < mi) {
      mi = b;
    }
    if (c < mi) {
      mi = c;
    }
    return mi;

  }
}",3
"public class MAX {
/**
   * Returns the greater of two <code>float</code> values.  That is,
   * the result is the argument closer to positive infinity. If the
   * arguments have the same value, the result is that same
   * value.  Does none of the special checks for NaN or -0.0f that
   * <code>Math.max</code> does.
   *
   * @param a an argument.
   * @param b another argument.
   * @return the larger of <code>a</code> and <code>b</code>.
   */
  public static float max(float a, float b) {
    return (a >= b) ? a : b;
  }
}",1
"public class MAX {
/**
   * Returns the greater of two <code>double</code> values.  That
   * is, the result is the argument closer to positive infinity. If
   * the arguments have the same value, the result is that same
   * value.  Does none of the special checks for NaN or -0.0f that
   * <code>Math.max</code> does.
   *
   * @param a an argument.
   * @param b another argument.
   * @return the larger of <code>a</code> and <code>b</code>.
   */
  public static double max(double a, double b) {
    return (a >= b) ? a : b;
  }
}",1
"public class MIN {
/**
   * Returns the smaller of two <code>float</code> values.  That is,
   * the result is the value closer to negative infinity. If the
   * arguments have the same value, the result is that same
   * value.  Does none of the special checks for NaN or -0.0f that
   * <code>Math.max</code> does.
   *
   * @param a an argument.
   * @param b another argument.
   * @return the smaller of <code>a</code> and <code>b.</code>
   */
  public static float min(float a, float b) {
    return (a <= b) ? a : b;
  }
}",1
"public class MIN {
/**
   * Returns the smaller of two <code>double</code> values.  That
   * is, the result is the value closer to negative infinity. If the
   * arguments have the same value, the result is that same
   * value.  Does none of the special checks for NaN or -0.0f that
   * <code>Math.max</code> does.
   *
   * @param a an argument.
   * @param b another argument.
   * @return the smaller of <code>a</code> and <code>b</code>.
   */
  public static double min(double a, double b) {
    return (a <= b) ? a : b;
  }
}",1
"public class ISDANGEROUS {
/**
   * Returns true if the argument is a ""dangerous"" double to have
   * around, namely one that is infinite, NaN or zero.
   */
  public static boolean isdangerous(double d) {
    return Double.isInfinite(d) || Double.isNaN(d) || d == 0.0;
  }
}",3
"public class ISVERYDANGEROUS {
/**
   * Returns true if the argument is a ""very dangerous"" double to have
   * around, namely one that is infinite or NaN.
   */
  public static boolean isverydangerous(double d) {
    return Double.isInfinite(d) || Double.isNaN(d);
  }
}",2
"public class NCHOOSEK {
/**
   * Computes n choose k in an efficient way.  Works with
   * k == 0 or k == n but undefined if k < 0 or k > n
   *
   * @param n
   * @param k
   * @return fact(n) / fact(k) * fact(n-k)
   */
  public static int nchoosek(int n, int k) {
    k = Math.min(k, n - k);
    if (k == 0) {
      return 1;
    }
    int accum = n;
    for (int i = 1; i < k; i++) {
      accum *= (n - i);
      accum /= i;
    }
    return accum / k;
  }
}",3
"public class POW {
/**
   * Returns an approximation to Math.pow(a,b) that is ~27x faster
   * with a margin of error possibly around ~10%.  From
   * http://martin.ankerl.com/2007/10/04/optimized-pow-approximation-for-java-and-c-c/
   */
  public static double pow(final double a, final double b) {
    final int x = (int) (Double.doubleToLongBits(a) >> 32);
    final int y = (int) (b * (x - 1072632447) + 1072632447);
    return Double.longBitsToDouble(((long) y) << 32);
  }
}",1
"public class INTPOW {
/**
   * Exponentiation like we learned in grade school:
   * multiply b by itself e times.  Uses power of two trick.
   * e must be nonnegative!!!  no checking!!!  For e &lt;= 0,
   * the exponent is treated as 0, and 1 is returned.  0^0 also
   * returns 1.
   *
   * @param b base
   * @param e exponent
   * @return b^e
   */
  public static int intpow(int b, int e) {
    int result = 1;
    int currPow = b;
    while (e > 0) {
      if ((e & 1) != 0) { result *= currPow; }
      currPow = currPow * currPow;
      e >>= 1;
    }
    return result;
  }
}",3
"public class INTPOW {
/**
   * Exponentiation like we learned in grade school:
   * multiply b by itself e times.  Uses power of two trick.
   * e must be nonnegative!!!  no checking!!!
   *
   * @param b base
   * @param e exponent
   * @return b^e
   */
  public static float intpow(float b, int e) {
    float result = 1.0f;
    float currPow = b;
    while (e > 0) {
      if ((e & 1) != 0) { result *= currPow; }
      currPow = currPow * currPow;
      e >>= 1;
    }
    return result;
  }
}",3
"public class INTPOW {
/**
   * Exponentiation like we learned in grade school:
   * multiply b by itself e times.  Uses power of two trick.
   * e must be nonnegative!!!  no checking!!!
   * @param b base
   * @param e exponent
   * @return b^e
   */
  public static double intpow(double b, int e) {
    double result = 1.0;
    double currPow = b;
     while (e > 0) {
      if ((e & 1) != 0) { result *= currPow; }
      currPow = currPow * currPow;
      e >>= 1;
    }
    return result;
  }
}",3
"public class HYPERGEOMETRIC {
/**
   * Find a hypergeometric distribution.  This uses exact math, trying
   * fairly hard to avoid numeric overflow by interleaving
   * multiplications and divisions.
   * (To do: make it even better at avoiding overflow, by using loops
   * that will do either a multiple or divide based on the size of the
   * intermediate result.)
   *
   * @param k The number of black balls drawn
   * @param n The total number of balls
   * @param r The number of black balls
   * @param m The number of balls drawn
   * @return The hypergeometric value
   */
  public static double hypergeometric(int k, int n, int r, int m) {
    if (k < 0 || r > n || m > n || n <= 0 || m < 0 || r < 0) {
      throw new IllegalArgumentException(""Invalid hypergeometric"");
    }

    // exploit symmetry of problem
    if (m > n / 2) {
      m = n - m;
      k = r - k;
    }
    if (r > n / 2) {
      r = n - r;
      k = m - k;
    }
    if (m > r) {
      int temp = m;
      m = r;
      r = temp;
    }
    // now we have that k <= m <= r <= n/2

    if (k < (m + r) - n || k > m) {
      return 0.0;
    }

    // Do limit cases explicitly
    // It's unclear whether this is a good idea.  I put it in fearing
    // numerical errors when the numbers seemed off, but actually there
    // was a bug in the Fisher's exact routine.
    if (r == n) {
      if (k == m) {
        return 1.0;
      } else {
        return 0.0;
      }
    } else if (r == n - 1) {
      if (k == m) {
        return (n - m) / (double) n;
      } else if (k == m - 1) {
        return m / (double) n;
      } else {
        return 0.0;
      }
    } else if (m == 1) {
      if (k == 0) {
        return (n - r) / (double) n;
      } else if (k == 1) {
        return r / (double) n;
      } else {
        return 0.0;
      }
    } else if (m == 0) {
      if (k == 0) {
        return 1.0;
      } else {
        return 0.0;
      }
    } else if (k == 0) {
      double ans = 1.0;
      for (int m0 = 0; m0 < m; m0++) {
        ans *= ((n - r) - m0);
        ans /= (n - m0);
      }
      return ans;
    }

    double ans = 1.0;
    // do (n-r)x...x((n-r)-((m-k)-1))/n x...x (n-((m-k-1)))
    // leaving rest of denominator to get to multimply by (n-(m-1))
    // that's k things which goes into next loop
    for (int nr = n - r, n0 = n; nr > (n - r) - (m - k); nr--, n0--) {
      // System.out.println(""Multiplying by "" + nr);
      ans *= nr;
      // System.out.println(""Dividing by "" + n0);
      ans /= n0;
    }
    // System.out.println(""Done phase 1"");
    for (int k0 = 0; k0 < k; k0++) {
      ans *= (m - k0);
      // System.out.println(""Multiplying by "" + (m-k0));
      ans /= ((n - (m - k0)) + 1);
      // System.out.println(""Dividing by "" + ((n-(m+k0)+1)));
      ans *= (r - k0);
      // System.out.println(""Multiplying by "" + (r-k0));
      ans /= (k0 + 1);
      // System.out.println(""Dividing by "" + (k0+1));
    }
    return ans;
  }
}",26
"public class EXACTBINOMIAL {
/**
   * Find a one tailed exact binomial test probability.  Finds the chance
   * of this or a higher result
   *
   * @param k number of successes
   * @param n Number of trials
   * @param p Probability of a success
   */
  public static double exactbinomial(int k, int n, double p) {
    double total = 0.0;
    for (int m = k; m <= n; m++) {
      double nChooseM = 1.0;
      for (int r = 1; r <= m; r++) {
        nChooseM *= (n - r) + 1;
        nChooseM /= r;
      }
      // System.out.println(n + "" choose "" + m + "" is "" + nChooseM);
      // System.out.println(""prob contribution is "" +
      //	       (nChooseM * Math.pow(p, m) * Math.pow(1.0-p, n - m)));
      total += nChooseM * Math.pow(p, m) * Math.pow(1.0 - p, n - m);
    }
    return total;
  }
}",3
"public class CHISQUARE2BY2 {
/**
   * Find a 2x2 chi-square value.
   * Note: could do this more neatly using simplified formula for 2x2 case.
   *
   * @param k The number of black balls drawn
   * @param n The total number of balls
   * @param r The number of black balls
   * @param m The number of balls drawn
   * @return The Fisher's exact p-value
   */
  public static double chisquare2by2(int k, int n, int r, int m) {
    int[][] cg = {{k, r - k}, {m - k, n - (k + (r - k) + (m - k))}};
    int[] cgr = {r, n - r};
    int[] cgc = {m, n - m};
    double total = 0.0;
    for (int i = 0; i < 2; i++) {
      for (int j = 0; j < 2; j++) {
        double exp = (double) cgr[i] * cgc[j] / n;
        total += (cg[i][j] - exp) * (cg[i][j] - exp) / exp;
      }
    }
    return total;
  }
}",3
"public class SIGMOID {
/**
   * Compute the sigmoid function with mean zero.
   * Care is taken to compute an accurate answer without
   * numerical overflow. (Added by rajatr)
   *
   * @param x Point to compute sigmoid at.
   * @return Value of the sigmoid, given by 1/(1+exp(-x))
   */
  public static double sigmoid(double x) {
    if (x<0) {
      double num = Math.exp(x);
      return num / (1.0 + num);
    }
    else {
      double den = 1.0 + Math.exp(-x);
      return 1.0 / den;
    }
  }
}",2
"public class FACTORIAL {
/**
   * Uses floating point so that it can represent the really big numbers that come up.
   * @param x Argumet to take factorial of
   * @return Factorial of argument
   */
  public static double factorial(int x) {
    double result = 1.0;
    for (int i=x; i>1; i--) {
      result *= i;
    }
    return result;
  }
}",2
"public class RHO {
/**
     * Computes the position of the first set bit of the last Long.SIZE-k bits
     *
     * @return Long.SIZE-k if the last k bits are all zero
     */
    protected static byte rho(long x, int k)
    {
        return (byte)(Long.numberOfLeadingZeros( (x << k) | (1<<(k-1)) )+1);
    }
}",1
"public class LERP {
/**
         *
         * @param x0
         * @param y0
         * @param x1
         * @param y1
         * @param x
         * @return linear interpolation
         */
        protected static int lerp(int x0, int y0, int x1, int y1, int x)
        {
            return (int)Math.ceil(y0+(x-x0)*(double)(y1-y0)/(x1-x0));
        }
}",1
"public class RHO {
/**
     * Computes the position of the first set bit of the last Integer.SIZE-k bits
     *
     * @return Integer.SIZE-k if the last k bits are all zero
     */
    protected static int rho(int x, int k)
    {
        return Integer.numberOfLeadingZeros( (x << k) | (1<<(k-1)) )+1;
    }
}",1
"public class GETFALSEPOSITIVEPROBABILITY {
/**
     * Calculate the probability of a false positive given the specified
     * number of inserted elements.
     *
     * @param numberOfElements number of inserted elements.
     * @return probability of a false positive.
     */
    public static double getfalsepositiveprobability(int bucketsPerElement, int hashCount)
    {
        // (1 - e^(-k * n / m)) ^ k
        return Math.pow(1 - Math.exp(-hashCount * (1/(double)bucketsPerElement)) , hashCount);

    }
}",1
"public class ISWHITESPACE {
/**
	 * Answers true if c is a whitespace according to the JLS (&#92;u000a,
	 * &#92;u000c, &#92;u000d, &#92;u0009), otherwise false. <br>
	 * <br>
	 * For example:
	 * <ol>
	 * <li>
	 * 
	 * <pre>
	 *     c = ' '
	 *     result =&gt; true
	 * </pre>
	 * 
	 * </li>
	 * <li>
	 * 
	 * <pre>
	 *     c = ' \u3000'
	 *     result =&gt; false
	 * </pre>
	 * 
	 * </li>
	 * </ol>
	 * 
	 * @param c
	 *            the character to check
	 * @return true if c is a whitespace according to the JLS, otherwise false.
	 */
	public static boolean iswhitespace(char c) {
		switch (c) {
		case 10: /* \ u000a: LINE FEED */
		case 12: /* \ u000c: FORM FEED */
		case 13: /* \ u000d: CARRIAGE RETURN */
		case 32: /* \ u0020: SPACE */
		case 9: /* \ u0009: HORIZONTAL TABULATION */
			return true;
		default:
			return false;
		}
	}
}",2
"public class COMBINEHASHCODES {
/**
	 * Combines two hash codes to make a new one.
	 */
	public static int combinehashcodes(int hashCode1, int hashCode2)
	{
		return hashCode1 * 17 + hashCode2;
	}
}",1
"public class ISLINEDELIMITERCHAR {
/**
	 * Returns <code>true</code> if the given character is a line delimiter
	 * character.
	 * 
	 * @param ch
	 *            the given character
	 * @return Returns <code>true</code> if this the character is a line
	 *         delimiter character, <code>false</code> otherwise
	 */
	public static boolean islinedelimiterchar(char ch) {
		return ch == '\n' || ch == '\r';
	}
}",2
"public class COMBINEHASHCODES {
/**
	 * Combines two hash codes to make a new one.
	 */
	public static int combinehashcodes(int hashCode1, int hashCode2) {
		return hashCode1 * 17 + hashCode2;
	}
}",1
"public class ISDERIVED {
/**
	 * @see org.eclipse.core.resources.IResource#isDerived(int)
	 */
	public boolean isderived(int options)
	{
		return false;
	}
}",1
"public class ROUNDUP {
/**
	 * simple roundup method
	 * @param inVal
	 * @return
	 */
	private int roundUp(double inVal) {
		double fraction;
		double retVal;

		fraction = inVal % 1;
		retVal = inVal - fraction;

		if (fraction > 0) {
			retVal++;
		}
		return (int) retVal;
	}
}",2
"public class ISNAMECHARALLOWED {
/**
	 * Checks character of element's name is allowed for specified set. It could
	 * be override if you want change logic of camelCaseMatch methods.
	 * 
	 * @param nameChar -
	 *            name of searched element
	 * @return if nameChar is in set of allowed characters for name of element
	 */
	protected boolean isNameCharAllowed(char nameChar) {
		return Character.isUpperCase(nameChar);
	}
}",1
"public class ISVALIDCAMELCASECHAR {
/**
	 * Check if character is valid camelCase character
	 * 
	 * @param ch
	 *            character to be validated
	 * @return true if character is valid
	 */
	protected boolean isValidCamelCaseChar(char ch) {
		return true;
	}
}",1
"public class GGT {
/**
     * Berechnet den groessten gemeinsamen Teiler zweier <b>positiver</b>
     * Zahlen.
     *
     * @param a 1. Zahl
     * @param b 2. Zahl
     * @return groesster gemeinsamer Teiler
     */
    private static long ggt(long a, long b) {
        return b != 0 ? ggt(b, a % b) : a;
    }
}",1
"public class THROWISVALID {
/**
     * Returns whether the throw is valid.
     *
     * @return  boolean
     */
    private boolean throwIsValid(int currentThrow)
    {
        return currentThrow >= 0 && currentThrow <= 2;
    }
}",2
"public class DEHEXCHAR {
/**
     * Get the hex value of a character (base16).
     * @param c A character between '0' and '9' or between 'A' and 'F' or
     * between 'a' and 'f'.
     * @return  An int between 0 and 15, or -1 if c was not a hex digit.
     */
    public static int dehexchar(char c) {
        if (c >= '0' && c <= '9') {
            return c - '0';
        }
        if (c >= 'A' && c <= 'F') {
            return c - ('A' - 10);
        }
        if (c >= 'a' && c <= 'f') {
            return c - ('a' - 10);
        }
        return -1;
    }
}",7
"public class DEHEXCHAR {
/**
     * Get the hex value of a character (base16).
     * @param c A character between '0' and '9' or between 'A' and 'F' or
     * between 'a' and 'f'.
     * @return  An int between 0 and 15, or -1 if c was not a hex digit.
     */
    public static int dehexchar(char c) {
        if (c >= '0' && c <= '9') {
            return c - '0';
        }
        if (c >= 'A' && c <= 'F') {
            return c - ('A' - 10);
        }
        if (c >= 'a' && c <= 'f') {
            return c - ('a' - 10);
        }
        return -1;
    }
}",7
"public class TIMEINTERVALTOMILLISECONDS {
/**
	 * Converts seconds to milliseconds. Included for compatibility.
	 */
	public static long timeintervaltomilliseconds(double seconds) {
		return (long) seconds * 1000;
	}
}",1
"public class MILLISECONDSTOTIMEINTERVAL {
/**
	 * Converts milliseconds to seconds. Included for compatibility.
	 */
	public static double millisecondstotimeinterval(long millis) {
		return millis / 1000.0;
	}
}",1
"public class UBYTETOINT {
/**
    *  Convert an 'unsigned' byte to an integer. ie, don't carry across the
    *  sign.
    *
    * @param  b  Description of the Parameter
    * @return    Description of the Return Value
    */
   public static int ubytetoint(byte b) {
      return b & 0xFF;
   }
}",1
"public class HEXCHARTONIBBLE {
/**
     * Internal method to turn a hex char into a nibble.
     */
    private static int hexCharToNibble(char ch) {
        if ((ch >= '0') && (ch <= '9')) {
            return ch - '0';
        } else if ((ch >= 'a') && (ch <= 'f')) {
            return ch - 'a' + 10;
        } else if ((ch >= 'A') && (ch <= 'F')) {
            return ch - 'A' + 10;
        } else {
            throw new IllegalArgumentException(""Not a hex char - '"" + ch + ""'"");
        }
    }
}",7
"public class ISINVALID {
/**
     * Checks whether the given Unicode character is an invalid XML character
     * and should be replaced for output. Subclasses can override this method
     * to use an alternative definition of which characters should be replaced
     * in the XML output. The default definition from the XML specification is:
     * <pre>
     * Char ::= #x9 | #xA | #xD | [#x20-#xD7FF] | [#xE000-#xFFFD] | [#x10000-#x10FFFF]
     * </pre>
     *
     * @param ch character
     * @return <code>true</code> if the character should be replaced,
     *         <code>false</code> otherwise
     */
    protected boolean isInvalid(int ch) {
        if (ch < 0x20) {
            return ch != 0x09 && ch != 0x0A && ch != 0x0D;
        } else if (ch < 0xE000) {
            return ch > 0xD7FF;
        } else if (ch < 0x10000) {
            return ch > 0xFFFD;
        } else {
            return ch > 0x10FFFF;
        }
    }
}",6
"public class GETWINDOWSIZE {
/**
     * LZX supports window sizes of 2^15 (32Kb) through 2^21 (2Mb) Returns X,
     * i.e 2^X
     * 
     * @param window
     *            chmLzxControlData.getWindowSize()
     * 
     * @return window size
     */
    public static int getwindowsize(int window) {
        int win = 0;
        while (window > 1) {
            window >>>= 1;
            win++;
        }
        return win;
    }
}",2
"public class ISAUDIOHEADER {
/**
     * Does this appear to be a 4 byte audio frame header?
     */
    public static boolean isaudioheader(int h1, int h2, int h3, int h4) {
        if (h1 == -1 || h2 == -1 || h3 == -1 || h4 == -1) {
            return false;
        }
        // Check for the magic 11 bits set at the start
        // Note - doesn't do a CRC check
        if (h1 == 0xff && (h2 & 0x60) == 0x60) {
            return true;
        }
        return false;
    }
}",7
"public class GETITEMID {
/**
	  * Gets the item id.
	  * @param position - item's position
	  * @return the item's position
	  */
	 public long getitemid(int position) {
	  return position;
	 }
}",1
"public class BLEND {
/**
     * Blends two ARGB values half and half, to create a tone inbetween.
     *
     * @param pRGB1 color 1
     * @param pRGB2 color 2
     * @return the new rgb value
     */
    static int blend(int pRGB1, int pRGB2) {
        // Slightly modified from http://www.compuphase.com/graphic/scale3.htm
        // to support alpha values
        return (((pRGB1 ^ pRGB2) & 0xfefefefe) >> 1) + (pRGB1 & pRGB2);
    }
}",1
"public class DELTA {
/**
     * Returns the time between the given start time and now (as defined by
     * {@link System#currentTimeMillis()}).
     *
     * @param pStart the start time
     *
     * @return the time between the given start time and now.
     */
    public static long delta(long pStart) {
        return System.currentTimeMillis() - pStart;
    }
}",1
"public class LN {
/**
     * Returns the natural logarithm (base <I>e</I>) of a double value.
     * Equivalent to {@code java.lang.Math.log}, just with a proper name.
     *
     * @param pArg a number greater than 0.0. 
     * @return the value ln {@code pArg}, the natural logarithm of
     *         {@code pArg}.
     *
     * @see java.lang.Math#log(double)
     */
    public static double ln(final double pArg) {
        return Math.log(pArg);
    }
}",1
"public class LOG {
/**
     * Returns the base <i>N</i> logarithm of a double value, for a given base 
     * <i>N</i>.
     *
     * @param pArg a number greater than 0.0. 
     * @param pBase a number greater than 0.0. 
     *
     * @return the value log<SUB>pBase</SUB> {@code pArg}, the base
     *         {@code pBase} logarithm of {@code pArg}.
     */
    public static double log(final double pArg, final double pBase) {
        return Math.log(pArg) / Math.log(pBase);
    }
}",1
"public class ABS {
/**
     * A replacement for {@code Math.abs}, that never returns negative values.
     * {@code Math.abs(long)} does this for {@code Long.MIN_VALUE}.
     *
     * @see Math#abs(long)
     * @see Long#MIN_VALUE
     *
     * @param pNumber a number
     * @return the absolute value of {@code pNumber}
     *
     * @throws ArithmeticException if {@code pNumber == Long.MIN_VALUE}
     */
    public static long abs(final long pNumber) {
        if (pNumber == Long.MIN_VALUE) {
            throw new ArithmeticException(""long overflow: 9223372036854775808"");
        }

        return (pNumber < 0) ? -pNumber : pNumber;
    }
}",2
"public class ABS {
/**
     * A replacement for {@code Math.abs}, that never returns negative values.
     * {@code Math.abs(int)} does this for {@code Integer.MIN_VALUE}.
     *
     * @see Math#abs(int)
     * @see Integer#MIN_VALUE
     *
     * @param pNumber a number
     * @return the absolute value of {@code pNumber}
     *
     * @throws ArithmeticException if {@code pNumber == Integer.MIN_VALUE}
     */
    public static int abs(final int pNumber) {
        if (pNumber == Integer.MIN_VALUE) {
            throw new ArithmeticException(""int overflow: 2147483648"");
        }

        return (pNumber < 0) ? -pNumber : pNumber;
    }
}",2
"public class ADJUSTTOPADDING {
/**
     * @param pWidth Bytes per scan line (i.e., 1BPP, width = 9 -> bytes = 1)
     * @return padded width
     */
    private static int adjustToPadding(final int pWidth) {
        if ((pWidth & 0x03) != 0) {
             return (pWidth & ~0x03) + 4;
        }
        return pWidth;
    }
}",2
"public class ANALYZECHILDREN {
/**
	 * TODO: (botijo) What is the intention of this function? Looks like a prototype to be overloaded.
	 * @param count
	 * @return Returns true
	 */
	public boolean analyzechildren(int count) {
		return true;
	}
}",1
"public class MODULO {
/**
	 * Determine a modulo value that is guaranteed to be zero or positive,
	 * as opposed to the standard Java % operator which can return a
	 * negative value.
	 *
	 * @param number Number to divide
	 * @param divisor Number that is used to divide
	 * @return The rest value of the division.
	 */
	private int modulo(int number, int divisor) {
		if (number >= 0) {
			return number % divisor;
		}
		return ((number % divisor) + divisor) % divisor;
	}
}",2
"public class PROJECTTRANSACTIONINTERVAL {
/**
	 * Calculates the new interval between the last transaction and the next projected transaction
	 * 
	 * This calculation is based upon the old interval (after other (earlier) adjustments (excluding this adjustment) have been made)
	 * 
	 * @param oldInterval The old number of days until the next transaction (adjusted by higher-priority adjustments first)
	 * @return The new number of days until the next transaction
	 */
    public int projecttransactioninterval(int oldInterval) {
        return oldInterval;
    }
}",1
"public class EASE {
/**
	 * A dumb easing function that moves the camera
	 * @param start the start point
	 * @param target the end point
	 * @return the amount to ease
	 */
	private float ease(float start, float target)
	{
		if (Math.abs(target - start) < 4)
			return target;
		
		if (target < start)
			return start - 2;
		
		return start + 2;
	}
}",3
"public class ROLLDICE {
/**
	 * Roll dice
	 * @param sides number of sides
	 * @param count the number of dice to roll
	 * @return the value of the die
	 */
	protected int rollDice(int sides, int count)
	{
		int value = 0;
		while (count-- > 0)
		{
			value += (int) (Math.random() * sides) + 1;
		}
		return value;
	}
}",2
"public class DEHEXCHAR {
/**
     * Get the hex value of a character (base16).
     * @param c A character between '0' and '9' or between 'A' and 'F' or
     * between 'a' and 'f'.
     * @return  An int between 0 and 15, or -1 if c was not a hex digit.
     */
    public static int dehexchar(char c) {
        if (c >= '0' && c <= '9') {
            return c - '0';
        }
        if (c >= 'A' && c <= 'F') {
            return c - ('A' - 10);
        }
        if (c >= 'a' && c <= 'f') {
            return c - ('a' - 10);
        }
        return -1;
    }
}",7
"public class CALCULATEHORIZONTALMARGIN {
/**
     * To account for negative margins
     */
    private int calculateHorizontalMargin( int prevMarginRight, int marginLeft ) 
    {
        int max = Math.max( prevMarginRight, marginLeft );
        int sum = prevMarginRight + marginLeft;
        if( sum < max ) {
            max += ( sum - max );
        }
        return max;
    }
}",2
"public class CALCULATEVERTICALMARGIN {
/**
     * To account for negative margins
     */
    private int calculateVerticalMargin( int prevMarginBottom, int marginTop ) 
    {
        int max = Math.max( prevMarginBottom, marginTop );
        int sum = prevMarginBottom + marginTop;
        if( sum < max ) {
            max += ( sum - max );
        }
        return max;
    }
}",2
"public class CALCULATEHORIZONTALMARGIN {
/**
     * To account for negative margins
     */
    private int calculateHorizontalMargin( int prevMarginRight, int marginLeft ) 
    {
        int max = Math.max( prevMarginRight, marginLeft );
        int sum = prevMarginRight + marginLeft;
        if( sum < max ) {
            max += ( sum - max );
        }
        return max;
    }
}",2
"public class CALCULATEVERTICALMARGIN {
/**
     * To account for negative margins
     */
    private int calculateVerticalMargin( int prevMarginBottom, int marginTop ) 
    {
        int max = Math.max( prevMarginBottom, marginTop );
        int sum = prevMarginBottom + marginTop;
        if( sum < max ) {
            max += ( sum - max );
        }
        return max;
    }
}",2
"public class MININTINDEX {
/**
	 * Find minimum of a set of ints
	 * @param d set of ints
	 * @return the index of the minimum in the set
	 */
	public static int minintindex(int... d) {
		if((d == null) || (d.length == 0)) {
			throw new IllegalArgumentException(""d cannot be null"");
		}
		int index = 0;
		for(int x = 0; x < d.length; x++) {
			if(d[x] < d[index]) {
				index = x;
			}
		}
		return index;
	}
}",5
"public class MINDOUBLEINDEX {
/**
	 * Find minimum of a set of doubles
	 * @param d set of doubles
	 * @return the index of the minimum in the set
	 */
	public static double mindoubleindex(double... d) {
		if((d == null) || (d.length == 0)) {
			throw new IllegalArgumentException(""d cannot be null"");
		}
		int index = 0;
		for(int x = 0; x < d.length; x++) {
			if(d[x] < d[index]) {
				index = x;
			}
		}
		return index;
	}
}",5
"public class MINFLOATINDEX {
/**
	 * Find minimum of a set of floats
	 * @param d set of floats
	 * @return the index of the minimum in the set
	 */
	public static float minfloatindex(float... d) {
		if((d == null) || (d.length == 0)) {
			throw new IllegalArgumentException(""d cannot be null"");
		}
		int index = 0;
		for(int x = 0; x < d.length; x++) {
			if(d[x] < d[index]) {
				index = x;
			}
		}
		return index;
	}
}",5
"public class MINLONGINDEX {
/**
	 * Find minimum of a set of longs
	 * @param d set of longs
	 * @return the index of the minimum in the set
	 */
	public static long minlongindex(long... d) {
		if((d == null) || (d.length == 0)) {
			throw new IllegalArgumentException(""d cannot be null"");
		}
		int index = 0;
		for(int x = 0; x < d.length; x++) {
			if(d[x] < d[index]) {
				index = x;
			}
		}
		return index;
	}
}",5
"public class CONVERTTOKEY {
/**
     * reduces the key resolution to 10th of a second
     * @param timestampMillis
     * @return timestampDeci
     */
    public static long converttokey(long timestampMillis) {
        return timestampMillis / 100;
    }
}",1
"public class ISSUPPLEMENTAL {
/**
     * Returns true if the specified character is a supplemental character.
     *
     * @param c The character to check.
     */
    public static boolean issupplemental(int c) {
        return (c >= 0x10000 && c <= 0x10FFFF);
    }
}",2
"public class SUPPLEMENTAL {
/**
     * Returns true the supplemental character corresponding to the given surrogates.
     *
     * @param h The high surrogate.
     * @param l The low surrogate.
     */
    public static int supplemental(char h, char l) {
        return (h - 0xD800) * 0x400 + (l - 0xDC00) + 0x10000;
    }
}",1
"public class HIGHSURROGATE {
/**
     * Returns the high surrogate of a supplemental character
     *
     * @param c The supplemental character to ""split"".
     */
    public static char highsurrogate(int c) {
        return (char) (((c - 0x00010000) >> 10) + 0xD800);
    }
}",1
"public class LOWSURROGATE {
/**
     * Returns the low surrogate of a supplemental character
     *
     * @param c The supplemental character to ""split"".
     */
    public static char lowsurrogate(int c) {
        return (char) (((c - 0x00010000) & 0x3FF) + 0xDC00);
    }
}",1
"public class ISHIGHSURROGATE {
/**
     * Returns whether the given character is a high surrogate
     *
     * @param c The character to check.
     */
    public static boolean ishighsurrogate(int c) {
        return (0xD800 <= c && c <= 0xDBFF);
    }
}",2
"public class ISLOWSURROGATE {
/**
     * Returns whether the given character is a low surrogate
     *
     * @param c The character to check.
     */
    public static boolean islowsurrogate(int c) {
        return (0xDC00 <= c && c <= 0xDFFF);
    }
}",2
"public class ISMARKUP {
/**
     * Returns true if the specified character can be considered markup. Markup characters include
     * '&lt;', '&amp;', and '%'.
     *
     * @param c The character to check.
     */
    public static boolean ismarkup(int c) {
        return c == '<' || c == '&' || c == '%';
    }
}",3
"public class ISLASTITERATION {
/**
     * Return true if this is the last row.
     * 
     * @param idx
     * @param maxIdx
     * @return
     */
    public boolean islastiteration(int idx, int maxIdx)
    {
        return idx == maxIdx - 1;
    }
}",1
"public class ISANTEPENULTIEMITERATION {
/**
     * Verify if this is the antepenultiem iteration.
     * 
     * @param idx
     * @param maxIdx
     * @return
     */
    public boolean isantepenultiemiteration(int idx, int maxIdx)
    {
        return idx == maxIdx - 2;
    }
}",1
"public class MIN {
/**
     * helper method.
     *
     * @param a
     * @param b
     * @return
     */
    private static int min(int a, int b) {
        return (a > b) ? b : a;
    }
}",1
"public class CHECKBIT {
/**
	 * Checks if any of specified bits is set.
	 * 
	 * @param value
	 *            the number to look at
	 * @param mask
	 *            a bit mask
	 * @return <code>true</code> of <code>false</code>
	 */
	public static boolean checkbit(int value, int mask) {
		if ((value & mask) == 0) {
			return false;
		}
		return true;
	}
}",2
"public class SETBIT {
/**
	 * Sets or drops specific bit(s) of the given number.
	 * 
	 * @param value
	 *            target integer value
	 * @param mask
	 *            specifies bit(s) position(s)
	 * @param bit
	 *            set if <code>true</code>, drop if <code>false</code>
	 * @return updated <code>value</code>
	 */
	public static int setbit(int value, int mask, boolean bit) {
		if (bit) {
			value |= mask;
		} else {
			value &= ~mask;
		}
		return value;
	}
}",2
"public class CALCULATETHRESHOLD {
/**
	 * Calculates the new threshold of the map, where it will be resized. This
	 * implementation uses the load factor.
	 * 
	 * @param newCapacity
	 *            the new capacity
	 * @param factor
	 *            the load factor
	 * @return the new resize threshold
	 */
	protected int calculateThreshold(int newCapacity, float factor) {
		return (int) (newCapacity * factor);
	}
}",1
"public class HASHINDEX {
/**
	 * Gets the index into the data storage for the hashCode specified. This
	 * implementation uses the least significant bits of the hashCode.
	 * Subclasses can override this to return alternate bucketing.
	 * 
	 * @param hashCode
	 *            the hash code to use
	 * @param dataSize
	 *            the size of the data to pick a bucket from
	 * @return the bucket index
	 */
	protected int hashIndex(int hashCode, int dataSize) {
		return hashCode & (dataSize - 1);
	}
}",1
"public class HASH {
/**
     * Applies a supplemental hash function to a given hashCode, which
     * defends against poor quality hash functions.  This is critical
     * because ConcurrentWeakHashMap uses power-of-two length hash tables,
     * that otherwise encounter collisions for hashCodes that do not
     * differ in lower or upper bits.
     */
    private static int hash(int h) {
        // Spread bits to regularize both segment and index locations,
        // using variant of single-word Wang/Jenkins hash.
        h += (h <<  15) ^ 0xffffcd7d;
        h ^= (h >>> 10);
        h += (h <<   3);
        h ^= (h >>>  6);
        h += (h <<   2) + (h << 14);
        return h ^ (h >>> 16);
    }
}",1
"public class ISVOWEL {
/**
     * Test if a char is a french vowel, including accentuated ones
     * 
     * @param ch the char to test
     * @return boolean - true if the char is a vowel
     */
    private boolean isVowel(char ch)
    {
        switch (ch) {
            case 'a':
            case 'e':
            case 'i':
            case 'o':
            case 'u':
            case 'y':
            case '\u00E0': // A WITH GRAVE
            case '\u00E2': // A WITH CIRCUMFLEX
            case '\u00E8': // E WITH GRAVE
            case '\u00E9': // E WITH ACUTE
            case '\u00EA': // E WITH CIRCUMFLEX
            case '\u00EB': // E WITH DIAERESIS
            case '\u00EE': // I WITH CIRCUMFLEX
            case '\u00EF': // I WITH DIAERESIS
            case '\u00F4': // O WITH CIRCUMFLEX
            case '\u00F9': // U WITH GRAVE
            case '\u00FB': // U WITH CIRCUMFLEX
            case '\u00FC': // U WITH DIAERESIS
                return true;
            default:
                return false;
        }
    }
}",2
"public class UNSIGNEDMOD {
/**
     * Compute (unsignedLong % signedModulus) quickly.
     * signedModulus must be is a power of 2
     *
     * @param unsignedLong a long value which is treated as unsigned.
     * @param signedModulus a modulus which must be a positive number and is treated as signed.
     * @return value of (x - Long.MIN_VALUE) % signedModulus
     */
    protected int unsignedMod(long unsignedLong, int signedModulus)
    {
        return (int) (unsignedLong & (((long) signedModulus) - 1));
    }
}",1
"public class ROTL {
/**
     * Rotate left.
     * Copied from bouncycastle.crypto.engines.Salsa20Engine
     *
     * @param   x   value to rotate
     * @param   y   amount to rotate x
     *
     * @return  rotated x
     */
    protected int rotl(int x, int y)
    {
        return (x << y) | (x >>> -y);
    }
}",1
"public class CONVERTHEXDIGIT {
/**
     * Convert a byte character value to the corresponding hexidecimal digit value.
     * <p>
     * Code borrowed from Apache Tomcat 5.0
     * </p>
     * 
     * @param b the character value byte
     */
    private static byte convertHexDigit(byte b)
    {
        if ((b >= '0') && (b <= '9')) {
            return (byte) (b - '0');
        }
        if ((b >= 'a') && (b <= 'f')) {
            return (byte) (b - 'a' + 10);
        }
        if ((b >= 'A') && (b <= 'F')) {
            return (byte) (b - 'A' + 10);
        }

        return 0;
    }
}",7
"public class GETSUBVIEWNAMELENGTH {
/**
     * Calculates the length of a subview (for groupings) given the total document count.
     * 
     * @param totalDocumentCount Total document count.
     * @return The calculated view name length.
     */
    public static int getsubviewnamelength(int totalDocumentCount)
    {
        // We might want to change this logic later.
        if (totalDocumentCount < 200) {
            return 1;
        } else if (totalDocumentCount < 5000) {
            return 2;
        } else {
            return 3;
        }
    }
}",3
"public class ZETASTATIC {
/**
	 * Compute the zeta constant needed for the distribution. Do this incrementally for a distribution that
	 * has n items now but used to have st items. Use the zipfian constant theta. Remember the new value of 
	 * n so that if we change the itemcount, we'll know to recompute zeta. 
	 * @param st The number of items used to compute the last initialsum
	 * @param n The number of items to compute zeta over.
	 * @param theta The zipfian constant.
     * @param initialsum The value of zeta we are computing incrementally from.
	 */
	static double zetastatic(long st, long n, double theta, double initialsum)
	{
		double sum=initialsum;
		for (long i=st; i<n; i++)
		{

			sum+=1/(Math.pow(i+1,theta));
		}
		
		//System.out.println(""countforzeta=""+countforzeta);
		
		return sum;
	}
}",2
"public class ROUND {
/**
   * Ends up being a bit faster than {@link Math#round(float)}. This merely rounds its
   * argument to the nearest int, where x.5 rounds up to x+1.
   */
  public static int round(float d) {
    return (int) (d + 0.5f);
  }
}",1
"public class ADDORSUBTRACT {
/**
   * Implements both addition and subtraction -- they are the same in GF(size).
   *
   * @return sum/difference of a and b
   */
  static int addOrSubtract(int a, int b) {
    return a ^ b;
  }
}",1
"public class UNRANDOMIZE255STATE {
/**
   * See ISO 16022:2006, Annex B, B.2
   */
  private static int unrandomize255State(int randomizedBase256Codeword,
                                          int base256CodewordPosition) {
    int pseudoRandomNumber = ((149 * base256CodewordPosition) % 255) + 1;
    int tempVariable = randomizedBase256Codeword - pseudoRandomNumber;
    return tempVariable >= 0 ? tempVariable : tempVariable + 256;
  }
}",1
"public class CALCULATENUMBEROFROWS {
/**
   * Calculates the necessary number of rows as described in annex Q of ISO/IEC 15438:2001(E).
   *
   * @param m the number of source codewords prior to the additional of the Symbol Length
   *          Descriptor and any pad codewords
   * @param k the number of error correction codewords
   * @param c the number of columns in the symbol in the data region (excluding start, stop and
   *          row indicator codewords)
   * @return the number of rows in the symbol (r)
   */
  private static int calculateNumberOfRows(int m, int k, int c) {
    int r = ((m + 1 + k) / c) + 1;
    if (c * r >= (m + 1 + k + c)) {
      r--;
    }
    return r;
  }
}",2
"public class GETNUMBEROFPADCODEWORDS {
/**
   * Calculates the number of pad codewords as described in 4.9.2 of ISO/IEC 15438:2001(E).
   *
   * @param m the number of source codewords prior to the additional of the Symbol Length
   *          Descriptor and any pad codewords
   * @param k the number of error correction codewords
   * @param c the number of columns in the symbol in the data region (excluding start, stop and
   *          row indicator codewords)
   * @param r the number of rows in the symbol
   * @return the number of pad codewords
   */
  private static int getNumberOfPadCodewords(int m, int k, int c, int r) {
    int n = c * r - k;
    return n > m + 1 ? n - m - 1 : 0;
  }
}",1
"public class GETERRORCORRECTIONCODEWORDCOUNT {
/**
   * Determines the number of error correction codewords for a specified error correction
   * level.
   *
   * @param errorCorrectionLevel the error correction level (0-8)
   * @return the number of codewords generated for error correction
   */
  static int getErrorCorrectionCodewordCount(int errorCorrectionLevel) {
    if (errorCorrectionLevel < 0 || errorCorrectionLevel > 8) {
      throw new IllegalArgumentException(""Error correction level must be between 0 and 8!"");
    }
    return 1 << (errorCorrectionLevel + 1);
  }
}",3
"public class GETDATAMASKBIT {
/**
   * Return the mask bit for ""getMaskPattern"" at ""x"" and ""y"". See 8.8 of JISX0510:2004 for mask
   * pattern conditions.
   */
  static boolean getDataMaskBit(int maskPattern, int x, int y) {
    int intermediate;
    int temp;
    switch (maskPattern) {
      case 0:
        intermediate = (y + x) & 0x1;
        break;
      case 1:
        intermediate = y & 0x1;
        break;
      case 2:
        intermediate = x % 3;
        break;
      case 3:
        intermediate = (y + x) % 3;
        break;
      case 4:
        intermediate = ((y >>> 1) + (x / 3)) & 0x1;
        break;
      case 5:
        temp = y * x;
        intermediate = (temp & 0x1) + (temp % 3);
        break;
      case 6:
        temp = y * x;
        intermediate = ((temp & 0x1) + (temp % 3)) & 0x1;
        break;
      case 7:
        temp = y * x;
        intermediate = ((temp % 3) + ((y + x) & 0x1)) & 0x1;
        break;
      default:
        throw new IllegalArgumentException(""Invalid mask pattern: "" + maskPattern);
    }
    return intermediate == 0;
  }
}",2
