Unnamed: 0.1,Function,cyclomatic_complexity,javadoc_length,tokens,LOC,Unnamed: 0,doc_bin,loc_bin,group,class_name,SPF_Results,SPF_Time
164,"public class GETMASK {
/**
     * Calculate bit mask for a given number of bits. The mask should enable to
     * make a bitwise and to the given number of bits.
     * @param numOfBits number of bits to calculate mask for.
     * @return bit mask
     */
    public static int getMask(int numOfBits) {
        int mask = 0x00;

        switch (numOfBits) {
        case 1:
            mask = 0x01;
            break;
        case 2:
            mask = 0x03;
            break;
        case 3:
            mask = 0x07;
            break;
        case 4:
            mask = 0x0F;
            break;
        case 5:
            mask = 0x1F;
            break;
        case 6:
            mask = 0x3F;
            break;
        case 7:
            mask = 0x7F;
            break;
        case 8:
            mask = 0xFF;
            break;
        }
        return mask;
    }
}",2.0,2,24,27,28.0,Long (21-40),Long (21+),Long (21-40) | Long (21+),GETMASK,"Inputs: numOfBits_1_SYMINT

(1)  --> Return Value: 1
(2)  --> Return Value: 3
(3)  --> Return Value: 7
(4)  --> Return Value: 15
(5)  --> Return Value: 31
(6)  --> Return Value: 63
(7)  --> Return Value: 127
(8)  --> Return Value: 255
(0)  --> Return Value: 0
",1.394749879837036
26,"public class INTTOHEXDIGITMSB0 {
/**
     * Converts the 4 lsb of an int to a hexadecimal digit encoded using the Msb0 bit ordering.
     *
     * <p>
     * 0 returns '0'
     * </p>
     * <p>
     * 1 returns '8'
     * </p>
     * <p>
     * 10 returns '5' and so on...
     * </p>
     *
     * @param nibble the 4 bits to convert
     * @return a hexadecimal digit representing the 4 lsb of {@code nibble}
     * @throws IllegalArgumentException if {@code nibble < 0} or {@code nibble > 15}
     */
    public static char intToHexDigitMsb0(final int nibble) {
        switch (nibble) {
        case 0x0:
            return '0';
        case 0x1:
            return '8';
        case 0x2:
            return '4';
        case 0x3:
            return 'c';
        case 0x4:
            return '2';
        case 0x5:
            return 'a';
        case 0x6:
            return '6';
        case 0x7:
            return 'e';
        case 0x8:
            return '1';
        case 0x9:
            return '9';
        case 0xA:
            return '5';
        case 0xB:
            return 'd';
        case 0xC:
            return '3';
        case 0xD:
            return 'b';
        case 0xE:
            return '7';
        case 0xF:
            return 'f';
        default:
            throw new IllegalArgumentException(""nibble value not between 0 and 15: "" + nibble);
        }
    }
}",2.0,10,35,35,,Long (21-40),Long (21+),Long (21-40) | Long (21+),INTTOHEXDIGITMSB0,"Inputs: nibble_1_SYMINT

(0)  --> Return Value: 48
(1)  --> Return Value: 56
(2)  --> Return Value: 52
(3)  --> Return Value: 99
(4)  --> Return Value: 50
(5)  --> Return Value: 97
(6)  --> Return Value: 54
(7)  --> Return Value: 101
(8)  --> Return Value: 49
(9)  --> Return Value: 57
(10)  --> Return Value: 53
(11)  --> Return Value: 100
(12)  --> Return Value: 51
(13)  --> Return Value: 98
(14)  --> Return Value: 55
(15)  --> Return Value: 102
demo.Distance.distance(-1)  --> ""java.lang.IllegalArgumentException: nibble value not between 0 and 15: 0...""
",1.5493741035461426
591,"public class ISNUMERIC {
/**
     * Indicates whether the given SQL data type is a numberic type.
     *
     * @param type one of the constants from <code>java.sql.Types</code>
     * @return <code>true</code> if the given type is <code>NUMERIC</code>,'
     *         <code>DECIMAL</code>, <code>BIT</code>, <code>TINYINT</code>,
     *         <code>SMALLINT</code>, <code>INTEGER</code>, <code>BIGINT</code>,
     *         <code>REAL</code>, <code>DOUBLE</code>, or <code>FLOAT</code>;
     *         <code>false</code> otherwise
     */
    public boolean isNumeric(int type) {
        switch (type) {
            case java.sql.Types.NUMERIC:
            case java.sql.Types.DECIMAL:
            case java.sql.Types.BIT:
            case java.sql.Types.TINYINT:
            case java.sql.Types.SMALLINT:
            case java.sql.Types.INTEGER:
            case java.sql.Types.BIGINT:
            case java.sql.Types.REAL:
            case java.sql.Types.DOUBLE:
            case java.sql.Types.FLOAT:
                return true;
            default:
                return false;
        }
    }
}",2.0,5,23,14,455.0,Long (21-40),Medium (11-20),Long (21-40) | Medium (11-20),ISNUMERIC,"Inputs: type_1_SYMINT

(-7)  --> Return Value: 1
(-6)  --> Return Value: 1
(-5)  --> Return Value: 1
(-4)  --> Return Value: 0
(-3)  --> Return Value: 0
(-2)  --> Return Value: 0
(-1)  --> Return Value: 0
(0)  --> Return Value: 0
(1)  --> Return Value: 0
(2)  --> Return Value: 1
(3)  --> Return Value: 1
(4)  --> Return Value: 1
(5)  --> Return Value: 1
(6)  --> Return Value: 1
(7)  --> Return Value: 1
(8)  --> Return Value: 1
(-8)  --> Return Value: 0
",1.491591453552246
775,"public class GETEUROPEANDIGIT {
/**
     * Getting the digit values of characters like 'A' - 'Z', normal,
     * half-width and full-width. This method assumes that the other digit
     * characters are checked by the calling method.
     * @param ch character to test
     * @return -1 if ch is not a character of the form 'A' - 'Z', otherwise
     *         its corresponding digit will be returned.
     */
    public static int getEuropeanDigit(int ch) {
        if ((ch > 0x7a && ch < 0xff21)
            || ch < 0x41 || (ch > 0x5a && ch < 0x61)
            || ch > 0xff5a || (ch > 0xff3a && ch < 0xff41)) {
            return -1;
        }
        if (ch <= 0x7a) {
            // ch >= 0x41 or ch < 0x61
            return ch + 10 - ((ch <= 0x5a) ? 0x41 : 0x61);
        }
        // ch >= 0xff21
        if (ch <= 0xff3a) {
            return ch + 10 - 0xff21;
        }
        // ch >= 0xff41 && ch <= 0xff5a
        return ch + 10 - 0xff41;
    }
}",11.0,4,34,11,639.0,Long (21-40),Medium (11-20),Long (21-40) | Medium (11-20),GETEUROPEANDIGIT,"Inputs: ch_1_SYMINT

(123)  --> Return Value: -1
(0)  --> Return Value: -1
(65371)  --> Return Value: -1
(65)  --> Return Value: 10
(65313)  --> Return Value: 10
(97)  --> Return Value: 10
(91)  --> Return Value: -1
(65339)  --> Return Value: -1
(65345)  --> Return Value: 10
",1.5581200122833252
197,"public class USESAN {
/**
   * tests if this word should have an ""a"" or an ""an""
   * before it. char c is the first character of the word.
   */
  public static boolean usesAn(char c) {
    boolean result = false;
    switch(c) {
      case 'a':
      case 'A':
      case 'e':
      case 'E':
      case 'i':
      case 'I':
      case 'o':
      case 'O':
      case 'h':
      case 'H':
        result = true;
        break;
      default:
        result = false;
        break;
    }
    return result;
  }
}",2.0,2,22,18,61.0,Long (21-40),Medium (11-20),Long (21-40) | Medium (11-20),USESAN,"Inputs: c_1_SYMINT

(65)  --> Return Value: 1
(69)  --> Return Value: 1
(72)  --> Return Value: 1
(73)  --> Return Value: 1
(79)  --> Return Value: 1
(97)  --> Return Value: 1
(101)  --> Return Value: 1
(104)  --> Return Value: 1
(105)  --> Return Value: 1
(111)  --> Return Value: 1
(0)  --> Return Value: 0
",1.560373306274414
327,"public class COLORCOMPONENTABSOLUTE {
/**
     * Defines a simple function for a color.
     * 
     * @param value
     * @param bLeft under this value, the color is 0
     * @param bRight up to this value, the color is 0
     * @param tLeft from this value until @link tRight, the color is 1
     * @param tRight from @link tLeft until this value, the color is 1
     * 
     * Between bLeft and tLeft, as well as tRight and bRight, the output value is a linear
     * interpolation between 0 and 1.
     * 
     * <code>
     *                      tLeft       tRight
     *                        /-----------\
     *                       /             \ 
     *                      /               \
     *              -------|-----------------|--------
     *                    bLeft            bRight  
     * </code>
     * 
     * @return color influence.
     */
    public float colorComponentAbsolute( float value, float bLeft, float bRight, float tLeft, float tRight ){
        float output = 0;
        // a gauche ou a droite du creneau
        if( (value < bLeft) || (value >= bRight) ){
            output = 0;
        }
        // sur le plateau haut
        else if( (value >= tLeft) && (value < tRight) ){
            output = 1;
        }
        // sur la pente gauche du creneau
        else if( (value >= bLeft) && (value < tLeft) ){
            output = (value-bLeft)/(tLeft-bLeft);
        }
        // sur la pente droite du creneau
        else if( (value >= tRight) && (value < bRight) ){
            output = (value-bRight)/(tRight-bRight);
        }
        return output;
    }
}",9.0,11,40,11,191.0,Long (21-40),Medium (11-20),Long (21-40) | Medium (11-20),COLORCOMPONENTABSOLUTE,"Inputs: value_1_SYMREAL,bLeft_2_SYMREAL,bRight_3_SYMREAL,tLeft_4_SYMREAL,tRight_5_SYMREAL

(0.0f,1.0f,-9223372036854775808(don't care),-9223372036854775808(don't care),-9223372036854775808(don't care))  --> Return Value: 0.0
(0.0f,0.0f,0.0f,-9223372036854775808(don't care),-9223372036854775808(don't care))  --> Return Value: 0.0
(0.5f,0.5f,0.0f,-9223372036854775808(don't care),-9223372036854775808(don't care))  --> Return Value: 0.0
(0.5f,0.0f,0.5f,-9223372036854775808(don't care),-9223372036854775808(don't care))  --> Return Value: 0.0
(0.5f,0.0f,0.0f,-9223372036854775808(don't care),-9223372036854775808(don't care))  --> Return Value: 0.0
demo.Distance.distance(0.0f,0.0f,1.0f,1.0f,-9223372036854775808(don't care))  --> ""java.lang.ArithmeticException: div by 0...""
demo.Distance.distance(0.5f,0.0f,1.0f,1.0f,-9223372036854775808(don't care))  --> ""java.lang.ArithmeticException: div by 0...""
(0.0f,0.0f,1.0f,0.0f,1.0f)  --> Return Value: 1.0
demo.Distance.distance(0.0f,0.0f,1.0f,0.0f,0.0f)  --> ""java.lang.ArithmeticException: div by 0...""
demo.Distance.distance(0.5f,0.5f,1.0f,0.5f,0.0f)  --> ""java.lang.ArithmeticException: div by 0...""
(0.5f,0.5f,1.0f,0.0f,1.0f)  --> Return Value: 1.0
demo.Distance.distance(0.5f,0.5f,1.0f,0.0f,0.5f)  --> ""java.lang.ArithmeticException: div by 0...""
demo.Distance.distance(0.5f,0.5f,1.0f,0.0f,0.0f)  --> ""java.lang.ArithmeticException: div by 0...""
(0.5f,0.0f,1.0f,0.5f,1.0f)  --> Return Value: 1.0
demo.Distance.distance(0.5f,0.0f,1.0f,0.5f,0.5f)  --> ""java.lang.ArithmeticException: div by 0...""
demo.Distance.distance(0.5f,0.0f,1.0f,0.5f,0.0f)  --> ""java.lang.ArithmeticException: div by 0...""
(0.5f,0.0f,1.0f,0.0f,1.0f)  --> Return Value: 1.0
demo.Distance.distance(0.5f,0.0f,1.0f,0.0f,0.5f)  --> ""java.lang.ArithmeticException: div by 0...""
demo.Distance.distance(0.5f,0.0f,1.0f,0.0f,0.0f)  --> ""java.lang.ArithmeticException: div by 0...""
",1.7956786155700684
428,"public class TOJAVASECS {
/**
     * Converts the given postgresql seconds to java seconds.
     * Reverse engineered by inserting varying dates to postgresql
     * and tuning the formula until the java dates matched.
     * See {@link #toPgSecs} for the reverse operation.
     * 
     * @param secs Postgresql seconds.
     * @return Java seconds.
     */
    public static long toJavaSecs(long secs) {
        // postgres epoc to java epoc
        secs += 946684800L;

        // Julian/Gregorian calendar cutoff point
        if (secs < -12219292800L) { // October 4, 1582 -> October 15, 1582
            secs += 86400 * 10;
            if (secs < -14825808000L) { // 1500-02-28 -> 1500-03-01
                int extraLeaps = (int) ((secs + 14825808000L) / 3155760000L);
                extraLeaps--;
                extraLeaps -= extraLeaps / 4;
                secs += extraLeaps * 86400L;
            }
        }
        return secs;
    }
}",3.0,4,32,9,292.0,Long (21-40),Short (6-10),Long (21-40) | Short (6-10),TOJAVASECS,"Inputs: secs_1_SYMINT

(-13165977601l)  --> Return Value: -12219292801
(-13165977600l)  --> Return Value: -12219292800
(0l)  --> Return Value: 946684800
",1.477027177810669
429,"public class TOPGSECS {
/**
     * Converts the given java seconds to postgresql seconds.
     * See {@link #toJavaSecs} for the reverse operation.
     * The conversion is valid for any year 100 BC onwards.
     * 
     * @param secs Postgresql seconds.
     * @return Java seconds.
     */
     public static long toPgSecs(long secs) {
        // java epoc to postgres epoc
        secs -= 946684800L;

        // Julian/Greagorian calendar cutoff point
        if (secs < -13165977600L) { // October 15, 1582 -> October 4, 1582
            secs -= 86400 * 10;
            if (secs < -15773356800L) { // 1500-03-01 -> 1500-02-28
                int years = (int) ((secs + 15773356800L) / -3155823050L);
                years++;
                years -= years/4;
                secs += years * 86400;
            }
        }
        
        return secs;
    }
}",3.0,3,25,9,293.0,Long (21-40),Short (6-10),Long (21-40) | Short (6-10),TOPGSECS,"Inputs: secs_1_SYMINT

(-12219292801l)  --> Return Value: -13165977601
(-12219292800l)  --> Return Value: -13165977600
(665609089l)  --> Return Value: -281075711
",1.536367654800415
701,"public class REVERSE {
/**
     * Returns the value obtained by reversing the order of the bits in the
     * two's complement binary representation of the specified {@code long}
     * value.
     *
     * @param i the value to be reversed
     * @return the value obtained by reversing order of the bits in the
     *     specified {@code long} value.
     * @since 1.5
     */
    public static long reverse(long i) {
        // HD, Figure 7-1
        i = (i & 0x5555555555555555L) << 1 | (i >>> 1) & 0x5555555555555555L;
        i = (i & 0x3333333333333333L) << 2 | (i >>> 2) & 0x3333333333333333L;
        i = (i & 0x0f0f0f0f0f0f0f0fL) << 4 | (i >>> 4) & 0x0f0f0f0f0f0f0f0fL;
        i = (i & 0x00ff00ff00ff00ffL) << 8 | (i >>> 8) & 0x00ff00ff00ff00ffL;
        i = (i << 48) | ((i & 0xffff0000L) << 16) |
            ((i >>> 16) & 0xffff0000L) | (i >>> 48);
        return i;
    }
}",1.0,4,27,6,565.0,Long (21-40),Short (6-10),Long (21-40) | Short (6-10),REVERSE,No path condition,1.5951330661773682
340,"public class NEXTHIGHESTPOWEROFTWO {
/** returns the next highest power of two, or the current value if it's already a power of two or zero*/
  public static int nextHighestPowerOfTwo(int v) {
    v--;
    v |= v >> 1;
    v |= v >> 2;
    v |= v >> 4;
    v |= v >> 8;
    v |= v >> 16;
    v++;
    return v;
  }
}",1.0,1,21,8,204.0,Long (21-40),Short (6-10),Long (21-40) | Short (6-10),NEXTHIGHESTPOWEROFTWO,No path condition,1.5726799964904783
700,"public class BITCOUNT {
/**
     * Returns the number of one-bits in the two's complement binary
     * representation of the specified {@code long} value.  This function is
     * sometimes referred to as the <i>population count</i>.
     *
     * @param i the value whose bits are to be counted
     * @return the number of one-bits in the two's complement binary
     *     representation of the specified {@code long} value.
     * @since 1.5
     */
     public static int bitCount(long i) {
        // HD, Figure 5-14
        i = i - ((i >>> 1) & 0x5555555555555555L);
        i = (i & 0x3333333333333333L) + ((i >>> 2) & 0x3333333333333333L);
        i = (i + (i >>> 4)) & 0x0f0f0f0f0f0f0f0fL;
        i = i + (i >>> 8);
        i = i + (i >>> 16);
        i = i + (i >>> 32);
        return (int)i & 0x7f;
     }
}",1.0,4,34,7,564.0,Long (21-40),Short (6-10),Long (21-40) | Short (6-10),BITCOUNT,No path condition,1.4939210414886477
559,"public class CALCULATEUNPINNEDSTEPSIZE {
/**
     * If setting is less then 100kBytes take 1 kByte steps.
     * If setting is less then 500kBytes take 5 kByte steps.
     * if setting is larger take 10 kBytes steps.
     * @param currLimitMax - current limit setting.
     * @return - set size for next change.
     */
    public int calculateUnpinnedStepSize(int currLimitMax){
        if(currLimitMax<102400){
            return 1024;
        }else if(currLimitMax<409600){
            return 1024*5;
        }else if(currLimitMax>=409600){
            return 1024*10;
        }
        return 1024;
    }
}",4.0,3,28,7,423.0,Long (21-40),Short (6-10),Long (21-40) | Short (6-10),CALCULATEUNPINNEDSTEPSIZE,"Inputs: currLimitMax_1_SYMINT

(0)  --> Return Value: 1024
(102400)  --> Return Value: 5120
(409600)  --> Return Value: 10240
",1.5551095008850098
148,"public class DECODEHEXDIGIT {
/**
     * Convert a character that represents a hexidecimal digit into an integer.
     * If the character is not a hexidecimal digit, then -1 is returned.
     * Both upper case and lower case hex digits are allowed.
     * @param c the hexidecimal digit.
     * @return the integer value of the hexidecimal digit.
     */

    public int decodeHexDigit(char c) {
        if (c >= '0' && c <= '9') {
            return c - '0';
        }
        else if (c >= 'A' && c <= 'F') {
            return c - 'A' + 10;
        }
        else if (c >= 'a' && c <= 'f') {
            return c - 'a' + 10;
        }
        else {
            return -1;
        }
    }
}",7.0,3,33,8,12.0,Long (21-40),Short (6-10),Long (21-40) | Short (6-10),DECODEHEXDIGIT,"Inputs: c_1_SYMINT

(0)  --> Return Value: -1
(48)  --> Return Value: 0
(58)  --> Return Value: -1
(65)  --> Return Value: 10
(71)  --> Return Value: -1
(97)  --> Return Value: 10
(103)  --> Return Value: -1
",1.419900894165039
37,"public class COMPARE {
/**
     * Compares to {@code long} values numerically. This is the same functionality as provided in Java 7.
     *
     * @param x the first {@code long} to compare
     * @param y the second {@code long} to compare
     * @return the value {@code 0} if {@code x == y};
     *         a value less than {@code 0} if {@code x < y}; and
     *         a value greater than {@code 0} if {@code x > y}
     * @since 3.4
     */
    public static int compare(final long x, final long y) {
        if (x == y) {
            return 0;
        }
        return x < y ? -1 : 1;
    }
}",2.0,3,39,3,,Long (21-40),Very Short (2-5),Long (21-40) | Very Short (2-5),COMPARE,"Inputs: x_1_SYMINT,y_2_SYMINT

(-1l,0l)  --> Return Value: 0
(0l,0l)  --> Return Value: 0
(0l,-1l)  --> Return Value: 0
",1.5611417293548584
647,"public class TOCODEPOINT {
/**
     * Return the unicode code point represented by the char.
     * A bit of a dummy method, since all it does is return the char,
     * but as an int value.
     * <p>
     * This is not a public API.
     * @param ch the char.
     * @xsl.usage internal
     */
    static int toCodePoint(char ch) {
        int codePoint = ch;
        return codePoint;
    }
}",1.0,5,35,2,511.0,Long (21-40),Very Short (2-5),Long (21-40) | Very Short (2-5),TOCODEPOINT,No path condition,1.3937747478485107
95,"public class MURMUR3 {
/**
     * Perform the finalising 32-bit mix function of Austin Appleby's MurmurHash3.
     *
     * <p>This function can be used to mix the bits of a {@code int} value to
     * obtain a better distribution and avoid collisions between similar values.
     *
     * @param x the input value
     * @return the output value
     * @see <a href=""https://github.com/aappleby/smhasher"">SMHasher</a>
     */
    public static int murmur3(int x) {
        x = (x ^ (x >>> 16)) * 0x85ebca6b;
        x = (x ^ (x >>> 13)) * 0xc2b2ae35;
        return x ^ (x >>> 16);
    }
}",1.0,3,35,3,,Long (21-40),Very Short (2-5),Long (21-40) | Very Short (2-5),MURMUR3,No path condition,1.256955623626709
11,"public class ADD {
/**
     * Returns the int result of adding an int and a long, and throws an exception if the result overflows an int.
     *
     * @param x the first value, an int.
     * @param y the second value, a long,
     * @return the addition of both values.
     * @throws IllegalArgumentException when y or the result overflows an int
     */
    public static int add(final int x, final long y) {
        try {
            return Math.addExact(x, Math.toIntExact(y));
        } catch (final ArithmeticException exp) {
            throw new IllegalArgumentException(""Argument too large or result overflows"", exp);
        }
    }
}",2.0,1,21,4,,Long (21-40),Very Short (2-5),Long (21-40) | Very Short (2-5),ADD,No path condition,1.2697067260742188
312,"public class ISFILENAMECHARACTER {
/**
     * Returns whether we may want to use this character as part of a file name.
     *
     * This basically only accepts ascii letters and numbers, and rejects everything else.
     */
    public static boolean isFileNameCharacter(int codePoint) {
        if (codePoint >= 0x30 && codePoint <= 0x39) return true; // Digit
        if (codePoint >= 0x41 && codePoint <= 0x5A) return true; // Uppercase
        if (codePoint >= 0x61 && codePoint <= 0x7A) return true; // Lowercase
        return codePoint == '_'; // Underscore
    }
}",7.0,2,27,4,176.0,Long (21-40),Very Short (2-5),Long (21-40) | Very Short (2-5),ISFILENAMECHARACTER,"Inputs: codePoint_1_SYMINT

(0)  --> Return Value: 0
(48)  --> Return Value: 1
(58)  --> Return Value: 0
(65)  --> Return Value: 1
(97)  --> Return Value: 1
(123)  --> Return Value: 0
(95)  --> Return Value: 1
(91)  --> Return Value: 0
",1.4009459018707275
614,"public class YTOTILEY {
/**
  * Converts a pixel's Y coordinate into a vertical tile index
  * relative to a given tile grid layout specified by its Y offset
  * and tile height.
  */
 public static int YToTileY(int y, int tileGridYOffset, int tileHeight) {
     y -= tileGridYOffset;
     if (y < 0) {
         y += 1 - tileHeight; // Force round to -infinity
     }
     return y/tileHeight;
 }
}",2.0,3,25,4,478.0,Long (21-40),Very Short (2-5),Long (21-40) | Very Short (2-5),YTOTILEY,"Inputs: y_1_SYMINT,tileGridYOffset_2_SYMINT,tileHeight_3_SYMINT

(-1,0,-1)  --> Return Value: -1
demo.Distance.distance(0,1,0)  --> ""java.lang.ArithmeticException: div by 0...""
(0,0,-1)  --> Return Value: 0
demo.Distance.distance(0,0,0)  --> ""java.lang.ArithmeticException: div by 0...""
",1.5904545783996582
188,"public class ISORIGSIGNED {
/**
     * Returns true if the data read was originally signed in the specified
     * component, false if not. This method returns always false since PGM
     * data is always unsigned.
     *
     * @param c The index of the component, from 0 to N-1.
     *
     * @return always false, since PGM data is always unsigned.
     * */
    public boolean isOrigSigned(int c) {
        // Check component index
        if (c != 0)
            throw new IllegalArgumentException();
        return false;
    }
}",2.0,3,27,2,52.0,Long (21-40),Very Short (2-5),Long (21-40) | Very Short (2-5),ISORIGSIGNED,"Inputs: c_1_SYMINT

demo.Distance.distance(-1)  --> ""java.lang.IllegalArgumentException...""
(0)  --> Return Value: 0
",1.56510591506958
107,"public class MIXINT {
/**
     * Perform the 32-bit mixing step from the SplittableRandom algorithm. Note this is
     * the 32 high bits of Stafford variant 4 mix64 function as int.
     *
     * @param z the input value
     * @return the output value
     * @see <a
     * href=""http://zimbry.blogspot.com/2011/09/better-bit-mixing-improving-on.html"">Better
     * Bit Mixing</a>
     */
    public static int mixInt(long z) {
        z = (z ^ (z >>> 33)) * 0x62a9d9ed799705f5L;
        return (int) (((z ^ (z >>> 28)) * 0xcb24d0a5c88c35b3L) >>> 32);
    }
}",1.0,4,27,2,,Long (21-40),Very Short (2-5),Long (21-40) | Very Short (2-5),MIXINT,No path condition,1.2910988330841064
732,"public class CONVERTFROMDPHI {
/**
     * Convert a value from dphi to some other units. The result is rounded to
     * the nearest integer.
     *
     * @param  dphi
     *     Value (dphi) to convert.
     * @param  units
     *     Unit conversion factor, e.g. {@link #DPI <CODE>DPI</CODE>} or
     * {@link     #DPCM <CODE>DPCM</CODE>}.
     *
     * @return  The value of <CODE>dphi</CODE> converted to the desired units.
     *
     * @exception  IllegalArgumentException
     *     (unchecked exception) Thrown if <CODE>units</CODE> < 1.
     */
    public static int convertFromDphi(int dphi, int units) {
        if (units < 1) {
            throw new IllegalArgumentException("": units is < 1"");
        }
        int round = units / 2;
        return (dphi + round) / units;
    }
}",2.0,6,39,4,596.0,Long (21-40),Very Short (2-5),Long (21-40) | Very Short (2-5),CONVERTFROMDPHI,"Inputs: dphi_1_SYMINT,units_2_SYMINT

demo.Distance.distance(-9223372036854775808(don't care),0)  --> ""java.lang.IllegalArgumentException: : units is < 1...""
(-9223372036854775808(don't care),1)  --> Return Value: -9223372036854775808
",1.5664551258087158
685,"public class ISTILEWRITABLE {
/**
     * Returns whether or not a tile is currently checked out for writing.
     * @param tileX the x index of the tile.
     * @param tileY the y index of the tile.
     * @return <code>true</code> if the tile specified by the specified
     *          indices is checked out for writing; <code>false</code>
     *          otherwise.
     * @exception ArrayIndexOutOfBoundsException if both
     *          <code>tileX</code> and <code>tileY</code> are not equal
     *          to 0
     */
    public boolean isTileWritable (int tileX, int tileY) {
        if (tileX == 0 && tileY == 0) {
            return true;
        }
        throw new IllegalArgumentException(""Only 1 tile in image"");
    }
}",3.0,5,28,3,549.0,Long (21-40),Very Short (2-5),Long (21-40) | Very Short (2-5),ISTILEWRITABLE,"Inputs: tileX_1_SYMINT,tileY_2_SYMINT

demo.Distance.distance(-1,-9223372036854775808(don't care))  --> ""java.lang.IllegalArgumentException: Only 1 tile in image...""
(0,0)  --> Return Value: 1
demo.Distance.distance(0,-1)  --> ""java.lang.IllegalArgumentException: Only 1 tile in image...""
",1.3968472480773926
74,"public class GCDINTADAPTEDFORLONG {
/**
     * This is a copy of the GCD method for ints but adapted for longs.
     *
     * @param p a long.
     * @param q a long.
     * @return the GCD of p and q.
     */
    public static long gcdIntAdaptedForLong(long p, long q) {
        // Perform the gcd algorithm on negative numbers, so that -2^31 does not
        // need to be handled separately
        long a = p > 0 ? -p : p;
        long b = q > 0 ? -q : q;

        long negatedGcd;
        if (a == 0) {
            negatedGcd = b;
        } else if (b == 0) {
            negatedGcd = a;
        } else {
            // Make ""a"" and ""b"" odd, keeping track of common power of 2.
            final int aTwos = Long.numberOfTrailingZeros(a);
            final int bTwos = Long.numberOfTrailingZeros(b);
            a >>= aTwos;
            b >>= bTwos;
            final int shift = Math.min(aTwos, bTwos);

            // ""a"" and ""b"" are negative and odd.
            // If a < b then ""gdc(a, b)"" is equal to ""gcd(a - b, b)"".
            // If a > b then ""gcd(a, b)"" is equal to ""gcd(b - a, a)"".
            // Hence, in the successive iterations:
            //  ""a"" becomes the negative absolute difference of the current values,
            //  ""b"" becomes that value of the two that is closer to zero.
            while (a != b) {
                final long delta = a - b;
                b = Math.max(a, b);
                a = delta > 0 ? -delta : delta;

                // Remove any power of 2 in ""a"" (""b"" is guaranteed to be odd).
                a >>= Long.numberOfTrailingZeros(a);
            }

            // Recover the common power of 2.
            negatedGcd = a << shift;
        }
        if (negatedGcd == Long.MIN_VALUE) {
            throw new ArithmeticException();
        }

        return -negatedGcd;
    }
}",5.0,1,14,22,,Medium (11-20),Long (21+),Medium (11-20) | Long (21+),GCDINTADAPTEDFORLONG,"Inputs: p_1_SYMINT,q_2_SYMINT

(-1l,-9223372036854775808l)  --> Return Value: -9223372036854775808
(-1l,1l)  --> Return Value: -1
(0l,-9223372036854775808l)  --> Return Value: -9223372036854775808
(0l,1l)  --> Return Value: -1
(1l,-9223372036854775808l)  --> Return Value: -9223372036854775808
(1l,1l)  --> Return Value: -1
",1.6068460941314695
453,"public class PARSENIBBLE {
/**
     * Converts a hex character into the corresponding nibble value.
     * 
     * @return the nibble value.
     * @throws NumberFormatException
     *             if <code>c</code> is not a valid hex character.
     */
    public long parseNibble(char c)
    {
        switch (c)
        {
            case '0' :
                return 0;
            case '1' :
                return 1;
            case '2' :
                return 2;
            case '3' :
                return 3;
            case '4' :
                return 4;
            case '5' :
                return 5;
            case '6' :
                return 6;
            case '7' :
                return 7;
            case '8' :
                return 8;
            case '9' :
                return 9;
            case 'a' :
            case 'A' :
                return 10;
            case 'b' :
            case 'B' :
                return 11;
            case 'c' :
            case 'C' :
                return 12;
            case 'd' :
            case 'D' :
                return 13;
            case 'e' :
            case 'E' :
                return 14;
            case 'f' :
            case 'F' :
                return 15;
            default :
                throw new NumberFormatException();
        }
    }
}",2.0,2,17,41,317.0,Medium (11-20),Long (21+),Medium (11-20) | Long (21+),PARSENIBBLE,"Inputs: c_1_SYMINT

(48)  --> Return Value: 0
(49)  --> Return Value: 1
(50)  --> Return Value: 2
(51)  --> Return Value: 3
(52)  --> Return Value: 4
(53)  --> Return Value: 5
(54)  --> Return Value: 6
(55)  --> Return Value: 7
(56)  --> Return Value: 8
(57)  --> Return Value: 9
demo.Distance.distance(58)  --> ""java.lang.NumberFormatException...""
demo.Distance.distance(59)  --> ""java.lang.NumberFormatException...""
demo.Distance.distance(60)  --> ""java.lang.NumberFormatException...""
demo.Distance.distance(61)  --> ""java.lang.NumberFormatException...""
demo.Distance.distance(62)  --> ""java.lang.NumberFormatException...""
demo.Distance.distance(63)  --> ""java.lang.NumberFormatException...""
demo.Distance.distance(64)  --> ""java.lang.NumberFormatException...""
(65)  --> Return Value: 10
(66)  --> Return Value: 11
(67)  --> Return Value: 12
(68)  --> Return Value: 13
(69)  --> Return Value: 14
(70)  --> Return Value: 15
demo.Distance.distance(71)  --> ""java.lang.NumberFormatException...""
demo.Distance.distance(72)  --> ""java.lang.NumberFormatException...""
demo.Distance.distance(73)  --> ""java.lang.NumberFormatException...""
demo.Distance.distance(74)  --> ""java.lang.NumberFormatException...""
demo.Distance.distance(75)  --> ""java.lang.NumberFormatException...""
demo.Distance.distance(76)  --> ""java.lang.NumberFormatException...""
demo.Distance.distance(77)  --> ""java.lang.NumberFormatException...""
demo.Distance.distance(78)  --> ""java.lang.NumberFormatException...""
demo.Distance.distance(79)  --> ""java.lang.NumberFormatException...""
demo.Distance.distance(80)  --> ""java.lang.NumberFormatException...""
demo.Distance.distance(81)  --> ""java.lang.NumberFormatException...""
demo.Distance.distance(82)  --> ""java.lang.NumberFormatException...""
demo.Distance.distance(83)  --> ""java.lang.NumberFormatException...""
demo.Distance.distance(84)  --> ""java.lang.NumberFormatException...""
demo.Distance.distance(85)  --> ""java.lang.NumberFormatException...""
demo.Distance.distance(86)  --> ""java.lang.NumberFormatException...""
demo.Distance.distance(87)  --> ""java.lang.NumberFormatException...""
demo.Distance.distance(88)  --> ""java.lang.NumberFormatException...""
demo.Distance.distance(89)  --> ""java.lang.NumberFormatException...""
demo.Distance.distance(90)  --> ""java.lang.NumberFormatException...""
demo.Distance.distance(91)  --> ""java.lang.NumberFormatException...""
demo.Distance.distance(92)  --> ""java.lang.NumberFormatException...""
demo.Distance.distance(93)  --> ""java.lang.NumberFormatException...""
demo.Distance.distance(94)  --> ""java.lang.NumberFormatException...""
demo.Distance.distance(95)  --> ""java.lang.NumberFormatException...""
demo.Distance.distance(96)  --> ""java.lang.NumberFormatException...""
(97)  --> Return Value: 10
(98)  --> Return Value: 11
(99)  --> Return Value: 12
(100)  --> Return Value: 13
(101)  --> Return Value: 14
(102)  --> Return Value: 15
demo.Distance.distance(0)  --> ""java.lang.NumberFormatException...""
",1.8995113372802732
23,"public class HEXDIGITMSB0TOINT {
/**
     * Converts a hexadecimal digit into an int using the Msb0 bit ordering.
     *
     * <p>
     * '1' is converted to 8
     * </p>
     *
     * @param hexDigit the hexadecimal digit to convert
     * @return an int equals to {@code hexDigit}
     * @throws IllegalArgumentException if {@code hexDigit} is not a hexadecimal digit
     */
    public static int hexDigitMsb0ToInt(final char hexDigit) {
        switch (hexDigit) {
        case '0':
            return 0x0;
        case '1':
            return 0x8;
        case '2':
            return 0x4;
        case '3':
            return 0xC;
        case '4':
            return 0x2;
        case '5':
            return 0xA;
        case '6':
            return 0x6;
        case '7':
            return 0xE;
        case '8':
            return 0x1;
        case '9':
            return 0x9;
        case 'a':// fall through
        case 'A':
            return 0x5;
        case 'b':// fall through
        case 'B':
            return 0xD;
        case 'c':// fall through
        case 'C':
            return 0x3;
        case 'd':// fall through
        case 'D':
            return 0xB;
        case 'e':// fall through
        case 'E':
            return 0x7;
        case 'f':// fall through
        case 'F':
            return 0xF;
        default:
            throw new IllegalArgumentException(""Cannot interpret '"" + hexDigit + ""' as a hexadecimal digit"");
        }
    }
}",2.0,4,19,42,,Medium (11-20),Long (21+),Medium (11-20) | Long (21+),HEXDIGITMSB0TOINT,"Inputs: hexDigit_1_SYMINT

(48)  --> Return Value: 0
(49)  --> Return Value: 8
(50)  --> Return Value: 4
(51)  --> Return Value: 12
(52)  --> Return Value: 2
(53)  --> Return Value: 10
(54)  --> Return Value: 6
(55)  --> Return Value: 14
(56)  --> Return Value: 1
(57)  --> Return Value: 9
demo.Distance.distance(58)  --> ""java.lang.IllegalArgumentException: Cannot interpret '",1.9400010108947756
75,"public class OLDGCDLONG {
/**
     * This is a copy of the original method in {@code o.a.c.numbers.core.ArithmeticUtils} v1.0.
     *
     * @param p a long.
     * @param q a long.
     * @return the GCD of p and q.
     */
    public static long oldGcdLong(final long p, final long q) {
        long u = p;
        long v = q;
        if (u == 0 || v == 0) {
            if (u == Long.MIN_VALUE || v == Long.MIN_VALUE) {
                throw new ArithmeticException();
            }
            return Math.abs(u) + Math.abs(v);
        }
        // keep u and v negative, as negative integers range down to
        // -2^63, while positive numbers can only be as large as 2^63-1
        // (i.e. we can't necessarily negate a negative number without
        // overflow)
        /* assert u!=0 && v!=0; */
        if (u > 0) {
            u = -u;
        } // make u negative
        if (v > 0) {
            v = -v;
        } // make v negative
        // B1. [Find power of 2]
        int k = 0;
        while ((u & 1) == 0 && (v & 1) == 0 && k < 63) { // while u and v are
            // both even...
            u /= 2;
            v /= 2;
            k++; // cast out twos.
        }
        if (k == 63) {
            throw new ArithmeticException();
        }
        // B2. Initialize: u and v have been divided by 2^k and at least
        // one is odd.
        long t = ((u & 1) == 1) ? v : -(u / 2)/* B3 */;
        // t negative: u was odd, v may be even (t replaces v)
        // t positive: u was even, v is odd (t replaces u)
        do {
            /* assert u<0 && v<0; */
            // B4/B3: cast out twos from t.
            while ((t & 1) == 0) { // while t is even..
                t /= 2; // cast out twos
            }
            // B5 [reset max(u,v)]
            if (t > 0) {
                u = -t;
            } else {
                v = t;
            }
            // B6/B3. at this point both u and v should be odd.
            t = (v - u) / 2;
            // |u| larger: t positive (replace u)
            // |v| larger: t negative (replace v)
        } while (t != 0);
        return -u * (1L << k); // gcd is u*2^k
    }
}",14.0,1,12,32,,Medium (11-20),Long (21+),Medium (11-20) | Long (21+),OLDGCDLONG,"Inputs: p_1_SYMINT,q_2_SYMINT

(-9223372036854775808l,-9223372036854775808l)  --> Return Value: 0
(-9223372036854775808l,1l)  --> Return Value: -9223372036854775807
(1l,-9223372036854775808l)  --> Return Value: -9223372036854775807
(1l,1l)  --> Return Value: 2
",1.746466875076294
316,"public class ISCTRLWS {
/**
     * Return true is c is a C0 or C1 control character, Unicode
     * defined whitespace, or BOM.
     */
    public static boolean isCtrlWS( final char c )
    {
        switch( c ) {

            /* C0 control characters (not allowed in XML) */
        case 0x0000: // NUL
        case 0x0001:
        case 0x0002:
        case 0x0003:
        case 0x0004:
        case 0x0005:
        case 0x0006:
        case 0x0007: // BEL
        case 0x0008: // BS
        case 0x0009: // HT
        case 0x000A: // LF
        case 0x000B: // VT
        case 0x000C: // FF
        case 0x000D: // CR
        case 0x000E: // SO
        case 0x000F: // SI
        case 0x0010: // DLE
        case 0x0011: // DC1
        case 0x0012: // DC2
        case 0x0013: // DC3
        case 0x0014: // DC4
        case 0x0015: // NAK
        case 0x0016: // SYN
        case 0x0017: // ETB
        case 0x0018: // CAN
        case 0x0019: // EM
        case 0x001A: // SUB
        case 0x001B: // ESC
        case 0x001C: // FS
        case 0x001D: // GS
        case 0x001E: // RS
        case 0x001F: // US
        case 0x0020: // SPACE

        case 0x007F: // DEL

            /* C1 control characters (not allowed in XML 1.0) */
        case 0x0080:
        case 0x0081:
        case 0x0082:
        case 0x0083:
        case 0x0084:
        case 0x0085: // NEL ~CR+LF
        case 0x0086:
        case 0x0087:
        case 0x0088:
        case 0x0089:
        case 0x008A:
        case 0x008B:
        case 0x008C:
        case 0x008D:
        case 0x008E:
        case 0x008F:
        case 0x0090:
        case 0x0091:
        case 0x0092:
        case 0x0093:
        case 0x0094:
        case 0x0095:
        case 0x0096:
        case 0x0097:
        case 0x0098:
        case 0x0099:
        case 0x009A:
        case 0x009B:
        case 0x009C:
        case 0x009D:
        case 0x009E:
        case 0x009F:

        case 0x00A0: // NBSP

        case 0x1680: // OGHAM SPACE MARK
        case 0x180E: // MONGOLIAN VOWEL SEPARATOR

        case 0x2000: // EN QUAD
        case 0x2001: // EM QUAD
        case 0x2002: // EN SPACE
        case 0x2003: // EM SPACE
        case 0x2004: // THREE-PER-EM SPACE
        case 0x2005: // FOUR-PER-EM SPACE
        case 0x2006: // SIX-PER-EM SPACE
        case 0x2007: // FIGURE SPACE
        case 0x2008: // PUNCTUATION SPACE
        case 0x2009: // THIN SPACE
        case 0x200A: // HAIR SPACE
        case 0x200B: // ZERO WIDTH SPACE
            //FIXME: Zero widths, joiner, etc. should be removed instead of
            //replaced?

        case 0x2028: // LINE SEPARATOR
        case 0x2029: // PARAGRAPH SEPARATOR

        case 0x202F: // NARROW NO-BREAK SPACE

        case 0x205F: // MEDIUM MATHEMATICAL SPACE
        case 0x2060: // WORD JOINER

        case 0x3000: // IDEOGRAPHIC SPACE

        case 0xFEFF: // BOM
        case 0xFFFE: // Bad BOM: (not assigned)
        case 0xFFFF: // Not assigned (invalid Unicode)
            return true;
        }
        return false;
    }
}",2.0,2,16,95,180.0,Medium (11-20),Long (21+),Medium (11-20) | Long (21+),ISCTRLWS,"Inputs: c_1_SYMINT

(0)  --> Return Value: 1
(1)  --> Return Value: 1
(2)  --> Return Value: 1
(3)  --> Return Value: 1
(4)  --> Return Value: 1
(5)  --> Return Value: 1
(6)  --> Return Value: 1
(7)  --> Return Value: 1
(8)  --> Return Value: 1
(9)  --> Return Value: 1
(10)  --> Return Value: 1
(11)  --> Return Value: 1
(12)  --> Return Value: 1
(13)  --> Return Value: 1
(14)  --> Return Value: 1
(15)  --> Return Value: 1
(16)  --> Return Value: 1
(17)  --> Return Value: 1
(18)  --> Return Value: 1
(19)  --> Return Value: 1
(20)  --> Return Value: 1
(21)  --> Return Value: 1
(22)  --> Return Value: 1
(23)  --> Return Value: 1
(24)  --> Return Value: 1
(25)  --> Return Value: 1
(26)  --> Return Value: 1
(27)  --> Return Value: 1
(28)  --> Return Value: 1
(29)  --> Return Value: 1
(30)  --> Return Value: 1
(31)  --> Return Value: 1
(32)  --> Return Value: 1
(127)  --> Return Value: 1
(128)  --> Return Value: 1
(129)  --> Return Value: 1
(130)  --> Return Value: 1
(131)  --> Return Value: 1
(132)  --> Return Value: 1
(133)  --> Return Value: 1
(134)  --> Return Value: 1
(135)  --> Return Value: 1
(136)  --> Return Value: 1
(137)  --> Return Value: 1
(138)  --> Return Value: 1
(139)  --> Return Value: 1
(140)  --> Return Value: 1
(141)  --> Return Value: 1
(142)  --> Return Value: 1
(143)  --> Return Value: 1
(144)  --> Return Value: 1
(145)  --> Return Value: 1
(146)  --> Return Value: 1
(147)  --> Return Value: 1
(148)  --> Return Value: 1
(149)  --> Return Value: 1
(150)  --> Return Value: 1
(151)  --> Return Value: 1
(152)  --> Return Value: 1
(153)  --> Return Value: 1
(154)  --> Return Value: 1
(155)  --> Return Value: 1
(156)  --> Return Value: 1
(157)  --> Return Value: 1
(158)  --> Return Value: 1
(159)  --> Return Value: 1
(160)  --> Return Value: 1
(5760)  --> Return Value: 1
(6158)  --> Return Value: 1
(8192)  --> Return Value: 1
(8193)  --> Return Value: 1
(8194)  --> Return Value: 1
(8195)  --> Return Value: 1
(8196)  --> Return Value: 1
(8197)  --> Return Value: 1
(8198)  --> Return Value: 1
(8199)  --> Return Value: 1
(8200)  --> Return Value: 1
(8201)  --> Return Value: 1
(8202)  --> Return Value: 1
(8203)  --> Return Value: 1
(8232)  --> Return Value: 1
(8233)  --> Return Value: 1
(8239)  --> Return Value: 1
(8287)  --> Return Value: 1
(8288)  --> Return Value: 1
(12288)  --> Return Value: 1
(65279)  --> Return Value: 1
(65534)  --> Return Value: 1
(65535)  --> Return Value: 1
(33)  --> Return Value: 0
",1.6801798343658447
539,"public class ISVOWEL {
/**
     * Test if a char is a french vowel, including accentuated ones
     * 
     * @param ch the char to test
     * @return boolean - true if the char is a vowel
     */
    public boolean isVowel(char ch)
    {
        switch (ch) {
            case 'a':
            case 'e':
            case 'i':
            case 'o':
            case 'u':
            case 'y':
            case '\u00E0': // A WITH GRAVE
            case '\u00E2': // A WITH CIRCUMFLEX
            case '\u00E8': // E WITH GRAVE
            case '\u00E9': // E WITH ACUTE
            case '\u00EA': // E WITH CIRCUMFLEX
            case '\u00EB': // E WITH DIAERESIS
            case '\u00EE': // I WITH CIRCUMFLEX
            case '\u00EF': // I WITH DIAERESIS
            case '\u00F4': // O WITH CIRCUMFLEX
            case '\u00F9': // U WITH GRAVE
            case '\u00FB': // U WITH CIRCUMFLEX
            case '\u00FC': // U WITH DIAERESIS
                return true;
            default:
                return false;
        }
    }
}",2.0,1,11,22,403.0,Medium (11-20),Long (21+),Medium (11-20) | Long (21+),ISVOWEL,"Inputs: ch_1_SYMINT

(97)  --> Return Value: 1
(101)  --> Return Value: 1
(105)  --> Return Value: 1
(111)  --> Return Value: 1
(117)  --> Return Value: 1
(121)  --> Return Value: 1
(224)  --> Return Value: 1
(226)  --> Return Value: 1
(232)  --> Return Value: 1
(233)  --> Return Value: 1
(234)  --> Return Value: 1
(235)  --> Return Value: 1
(238)  --> Return Value: 1
(239)  --> Return Value: 1
(244)  --> Return Value: 1
(249)  --> Return Value: 1
(251)  --> Return Value: 1
(252)  --> Return Value: 1
(0)  --> Return Value: 0
",1.5967330932617188
87,"public class ULPS {
/**
     * Compute the units of least precision (ulps) between the two numbers.
     *
     * @param a first number
     * @param b second number
     * @return the ulps
     */
    public static long ulps(double a, double b) {
        long x = Double.doubleToLongBits(a);
        long y = Double.doubleToLongBits(b);
        if (x != y) {
            if ((x ^ y) < 0L) {
                // Opposite signs. Measure the combined distance to zero.
                if (x < 0) {
                    final long tmp = x;
                    x = y;
                    y = tmp;
                }
                return (x - Double.doubleToLongBits(0.0)) + (y - Double.doubleToLongBits(-0.0)) + 1;
            }
            return Math.abs(x - y);
        }
        return 0;
    }
}",4.0,1,11,11,,Medium (11-20),Medium (11-20),Medium (11-20) | Medium (11-20),ULPS,No path condition,1.39945387840271
619,"public class GETHEXVALUE {
/**
     * returns hex value of a hex character, or 16 if not a hex character
     */
    static int getHexValue(int c) {

        if (c >= '0' && c <= '9') {
            c -= '0';
        } else if (c > 'z') {
            c = 16;
        } else if (c >= 'a') {
            c -= ('a' - 10);
        } else if (c > 'Z') {
            c = 16;
        } else if (c >= 'A') {
            c -= ('A' - 10);
        } else {
            c = -1;
        }

        return c;
    }
}",7.0,1,14,13,483.0,Medium (11-20),Medium (11-20),Medium (11-20) | Medium (11-20),GETHEXVALUE,"Inputs: c_1_SYMINT

(0)  --> Return Value: -1
(48)  --> Return Value: 0
(123)  --> Return Value: 16
(97)  --> Return Value: 10
(91)  --> Return Value: 16
(65)  --> Return Value: 10
(58)  --> Return Value: -1
",1.6822612285614014
194,"public class ISINTERNALDATEFORMAT {
/**
     * Given a format ID this will check whether the format represents
     *  an internal excel date format or not.
     * @see #isADateFormat(int, java.lang.String)  
     */
    public static boolean isInternalDateFormat(int format) {
      boolean retval =false;

            switch(format) {
                // Internal Date Formats as described on page 427 in
                // Microsoft Excel Dev's Kit...
                case 0x0e:
                case 0x0f:
                case 0x10:
                case 0x11:
                case 0x12:
                case 0x13:
                case 0x14:
                case 0x15:
                case 0x16:
                case 0x2d:
                case 0x2e:
                case 0x2f:
                    retval = true;
                    break;
                    
                default:
                    retval = false;
                    break;
            }
       return retval;
    }
}",2.0,2,18,20,58.0,Medium (11-20),Medium (11-20),Medium (11-20) | Medium (11-20),ISINTERNALDATEFORMAT,"Inputs: format_1_SYMINT

(14)  --> Return Value: 1
(15)  --> Return Value: 1
(16)  --> Return Value: 1
(17)  --> Return Value: 1
(18)  --> Return Value: 1
(19)  --> Return Value: 1
(20)  --> Return Value: 1
(21)  --> Return Value: 1
(22)  --> Return Value: 1
(23)  --> Return Value: 0
(24)  --> Return Value: 0
(25)  --> Return Value: 0
(26)  --> Return Value: 0
(27)  --> Return Value: 0
(28)  --> Return Value: 0
(29)  --> Return Value: 0
(30)  --> Return Value: 0
(31)  --> Return Value: 0
(32)  --> Return Value: 0
(33)  --> Return Value: 0
(34)  --> Return Value: 0
(35)  --> Return Value: 0
(36)  --> Return Value: 0
(37)  --> Return Value: 0
(38)  --> Return Value: 0
(39)  --> Return Value: 0
(40)  --> Return Value: 0
(41)  --> Return Value: 0
(42)  --> Return Value: 0
(43)  --> Return Value: 0
(44)  --> Return Value: 0
(45)  --> Return Value: 1
(46)  --> Return Value: 1
(47)  --> Return Value: 1
(0)  --> Return Value: 0
",1.8545539379119875
418,"public class GETOPPOSITEDIRECTION {
/**
	 * Given the direction of the bond from ring1 to ring2, returns the opposite direction: from ring2 to ring1
	 * @param prevDir
	 * @return
	 */
	static int getOppositeDirection(int prevDir) {
		int dir;
		if (prevDir == 0) {
			dir = 4;
		}
		else if (Math.abs(prevDir) == 4){
			dir =0;
		}
		else if (Math.abs(prevDir) == 2){
			dir = 2 * -1 * Integer.signum(prevDir);
		}
		else if (Math.abs(prevDir) == 1){
			dir = 3 * -1 * Integer.signum(prevDir);
		}
		else {//prevDir will be +-3
			dir = 1 * -1 * Integer.signum(prevDir);
		}
		return dir;
	}
}",5.0,1,18,12,282.0,Medium (11-20),Medium (11-20),Medium (11-20) | Medium (11-20),GETOPPOSITEDIRECTION,"Inputs: prevDir_1_SYMINT

(0)  --> Return Value: 4
(-4)  --> Return Value: 0
(4)  --> Return Value: 0
(-2)  --> Return Value: 2
(2)  --> Return Value: -17179869182
(-1)  --> Return Value: 3
(-5)  --> Return Value: 1
(1)  --> Return Value: -25769803773
(3)  --> Return Value: -8589934591
",1.9618289470672607
338,"public class POP {
/** Returns the number of bits set in the long */
  public static int pop(long x) {
  /* Hacker's Delight 32 bit pop function:
   * http://www.hackersdelight.org/HDcode/newCode/pop_arrayHS.cc
   *
  int pop(unsigned x) {
     x = x - ((x >> 1) & 0x55555555);
     x = (x & 0x33333333) + ((x >> 2) & 0x33333333);
     x = (x + (x >> 4)) & 0x0F0F0F0F;
     x = x + (x >> 8);
     x = x + (x >> 16);
     return x & 0x0000003F;
    }
  ***/

    // 64 bit java version of the C function from above
    x = x - ((x >>> 1) & 0x5555555555555555L);
    x = (x & 0x3333333333333333L) + ((x >>>2 ) & 0x3333333333333333L);
    x = (x + (x >>> 4)) & 0x0F0F0F0F0F0F0F0FL;
    x = x + (x >>> 8);
    x = x + (x >>> 16);
    x = x + (x >>> 32);
    return ((int)x) & 0x7F;
  }
}",1.0,1,11,18,202.0,Medium (11-20),Medium (11-20),Medium (11-20) | Medium (11-20),POP,No path condition,1.3760418891906738
284,"public class GETNEIGHBOR {
/**
	 * Return the value of the circular neighbor in the corresponding position
	 * neigh to pixel
	 */
	public static int getNeighbor(int pixel, int neigh, int w)
		{
		switch (neigh)
			{
			case 0:
				return pixel-w;
			case 1:
				return pixel-w+1;
			case 2:
				return pixel+1;
			case 3:
				return pixel+w+1;
			case 4:
				return pixel+w;
			case 5:
				return pixel+w-1;
			case 6:
				return pixel-1;
			case 7:
				return pixel-w-1;
			default:
				return -1;
			}

		}
}",2.0,2,14,19,148.0,Medium (11-20),Medium (11-20),Medium (11-20) | Medium (11-20),GETNEIGHBOR,"Inputs: pixel_1_SYMINT,neigh_2_SYMINT,w_3_SYMINT

(-9223372036854775808(don't care),0,-9223372036854775808(don't care))  --> Return Value: 0
(-9223372036854775808(don't care),1,-9223372036854775808(don't care))  --> Return Value: 1
(-9223372036854775808(don't care),2,-9223372036854775808(don't care))  --> Return Value: -9223372036854775807
(-9223372036854775808(don't care),3,-9223372036854775808(don't care))  --> Return Value: 1
(-9223372036854775808(don't care),4,-9223372036854775808(don't care))  --> Return Value: 0
(-9223372036854775808(don't care),5,-9223372036854775808(don't care))  --> Return Value: -1
(-9223372036854775808(don't care),6,-9223372036854775808(don't care))  --> Return Value: 9223372036854775807
(-9223372036854775808(don't care),7,-9223372036854775808(don't care))  --> Return Value: -1
(-9223372036854775808(don't care),-1,-9223372036854775808(don't care))  --> Return Value: -1
",1.720182180404663
772,"public class GETLENFIELDSIZE {
/**
     * Used to determine the number of bytes that will be need to encode
     * the length field of the GSSHeader.
     */
    public int getLenFieldSize(int len) {
        int retVal = 1;
        if (len < 128) {
            retVal=1;
        } else if (len < (1 << 8)) {
            retVal=2;
        } else if (len < (1 << 16)) {
            retVal=3;
        } else if (len < (1 << 24)) {
            retVal=4;
        } else {
            retVal=5; // See getMaxMechTokenSize
        }
        return retVal;
    }
}",5.0,2,19,12,636.0,Medium (11-20),Medium (11-20),Medium (11-20) | Medium (11-20),GETLENFIELDSIZE,"Inputs: len_1_SYMINT

(0)  --> Return Value: 1
(128)  --> Return Value: 2
(256)  --> Return Value: 3
(65536)  --> Return Value: 4
(16777216)  --> Return Value: 5
",1.5491080284118652
598,"public class GETINPUTJDBCTYPE {
/**
     * Convert the input targetJdbcType to the correct JdbcType used by CrossConverters.
     */
    public static int getInputJdbcType(int jdbcType) {
        switch (jdbcType) {
        case java.sql.Types.BIT:
        case java.sql.Types.BOOLEAN:
        case java.sql.Types.TINYINT:
        case java.sql.Types.SMALLINT:
            return java.sql.Types.INTEGER;
        case java.sql.Types.NUMERIC:
            return java.sql.Types.DECIMAL;
        case java.sql.Types.FLOAT:
            return java.sql.Types.DOUBLE;
        default:
            return jdbcType;
        }

    }
}",2.0,1,11,12,462.0,Medium (11-20),Medium (11-20),Medium (11-20) | Medium (11-20),GETINPUTJDBCTYPE,"Inputs: jdbcType_1_SYMINT

(-7)  --> Return Value: 4
(-6)  --> Return Value: 4
(2)  --> Return Value: 3
(5)  --> Return Value: 4
(6)  --> Return Value: 8
(16)  --> Return Value: 4
(-8)  --> Return Value: -8
",1.4694302082061768
294,"public class NORMALISEINDEX {
/**
     * This converts a possibly negative index to a real index into the array.
     *
     * @param i    the unnormalised index
     * @param size the array size
     * @return the normalised index
     */
    public static int normaliseIndex(int i, int size) {
        int temp = i;
        if (i < 0) {
            i += size;
        }
        if (i < 0) {
            throw new ArrayIndexOutOfBoundsException(""Negative array index ["" + temp + ""] too large for array size "" + size);
        }
        return i;
    }
}",3.0,1,13,7,158.0,Medium (11-20),Short (6-10),Medium (11-20) | Short (6-10),NORMALISEINDEX,"Inputs: i_1_SYMINT,size_2_SYMINT

(0,-9223372036854775808(don't care))  --> Return Value: 0
demo.Distance.distance(-1,0)  --> ""java.lang.ArrayIndexOutOfBoundsException: Negative array index [0] too large for array size 0...""
(-1,1)  --> Return Value: 0
",1.4000191688537598
159,"public class ISFORMATCHAR {
/**
   * Determines whether the given character is the beginning or end of a
   * section with special formatting.
   */
  public static boolean isFormatChar(char ch) {
    switch (ch) {
      case '*': case '_': case '^':
        return true;

      default:
        return false;
    }
  }
}",2.0,2,16,7,23.0,Medium (11-20),Short (6-10),Medium (11-20) | Short (6-10),ISFORMATCHAR,"Inputs: ch_1_SYMINT

(42)  --> Return Value: 1
(94)  --> Return Value: 1
(95)  --> Return Value: 1
(0)  --> Return Value: 0
",1.496814250946045
177,"public class DEHEXCHAR {
/**
     * Get the hex value of a character (base16).
     * @param c A character between '0' and '9' or between 'A' and 'F' or
     * between 'a' and 'f'.
     * @return  An int between 0 and 15, or -1 if c was not a hex digit.
     */
    public static int dehexchar(char c) {
        if (c >= '0' && c <= '9') {
            return c - '0';
        }
        if (c >= 'A' && c <= 'F') {
            return c - ('A' - 10);
        }
        if (c >= 'a' && c <= 'f') {
            return c - ('a' - 10);
        }
        return -1;
    }
}",7.0,2,12,7,41.0,Medium (11-20),Short (6-10),Medium (11-20) | Short (6-10),DEHEXCHAR,"Inputs: c_1_SYMINT

(0)  --> Return Value: -1
(48)  --> Return Value: 0
(58)  --> Return Value: -1
(65)  --> Return Value: 10
(71)  --> Return Value: -1
(97)  --> Return Value: 10
(103)  --> Return Value: -1
",1.696908473968506
590,"public class BEFORESAVE {
/**
	 * 	Called before Save for Pre-Save Operation
	 * 	@param newRecord new record
	 *	@return true if record can be saved
	 */
	public boolean beforeSave(boolean newRecord)
	{
		/** Prevents saving
		log.saveError(""Error"", Msg.parseTranslation(getCtx(), ""@C_Currency_ID@ = @C_Currency_ID@""));
		log.saveError(""FillMandatory"", Msg.getElement(getCtx(), ""PriceEntered""));
		/** Issues message
		log.saveWarning(AD_Message, message);
		log.saveInfo (AD_Message, message);
		 **/
		return true;
	}
}",1.0,3,17,7,454.0,Medium (11-20),Short (6-10),Medium (11-20) | Short (6-10),BEFORESAVE,No path condition,1.2575156688690186
671,"public class ISBINARY {
/**
     * Indicates whether the given SQL data type is a binary type.
     *
     * @param type one of the constants from <code>java.sql.Types</code>
     * @return <code>true</code> if the given type is <code>BINARY</code>,'
     *         <code>VARBINARY</code>, or <code>LONGVARBINARY</code>;
     *         <code>false</code> otherwise
     */
    public boolean isBinary(int type) {
        switch (type) {
            case java.sql.Types.BINARY:
            case java.sql.Types.VARBINARY:
            case java.sql.Types.LONGVARBINARY:
                return true;
            default:
                return false;
        }
    }
}",2.0,3,16,7,535.0,Medium (11-20),Short (6-10),Medium (11-20) | Short (6-10),ISBINARY,"Inputs: type_1_SYMINT

(-4)  --> Return Value: 1
(-3)  --> Return Value: 1
(-2)  --> Return Value: 1
(-5)  --> Return Value: 0
",1.3991684913635254
217,"public class COMPARESTRING {
/**
	 * Compares the two times.
	 * 
	 * @param checktimes
	 *            the times that the string display.
	 * @param countstring
	 *            the golden times.
	 * @return true if two times are same.
	 * @throws Exception
	 *             if any exception
	 */
	public boolean compareString( int checktimes, int countstring )
	{
		boolean same = true;
		StringBuffer errorText = new StringBuffer( );
		try
		{
			if ( checktimes == countstring )
				same = true;
			else
				same = false;
		}
		catch ( Exception e )
		{
			errorText.append( e.toString( ) );
		}
		return same;

	}
}",3.0,4,16,8,81.0,Medium (11-20),Short (6-10),Medium (11-20) | Short (6-10),COMPARESTRING,"Inputs: checktimes_1_SYMINT,countstring_2_SYMINT

(0,0)  --> Return Value: 1
(-1,0)  --> Return Value: 0
",1.4436662197113037
655,"public class REQUIREESCAPING {
/**
     * Can be overrided. Return true if the character
     * needs to be escaped.
     */
    public boolean requireEscaping(int ch) {
        if(ch>=128)     return true;

        // control characters
        if( ch<0x20 && "" \t\r\n"".indexOf(ch)==-1 )  return true;

        return false;
    }
}",4.0,2,12,3,519.0,Medium (11-20),Very Short (2-5),Medium (11-20) | Very Short (2-5),REQUIREESCAPING,"Inputs: ch_1_SYMINT

(128)  --> Return Value: 1
(0)  --> Return Value: 1
(32)  --> Return Value: 0
",1.6681270599365234
269,"public class POVYAXIS {
/** Convert from JInput strange pov to a real axis: Y */
	public double povYaxis(double in)
		{
		if(in==0.125 || in==0.25 || in==0.375) return -1;
		else if(in==0.625 || in==0.75 || in==0.825) return 1;
		return 0;
		}
}",7.0,1,12,3,133.0,Medium (11-20),Very Short (2-5),Medium (11-20) | Very Short (2-5),POVYAXIS,"Inputs: in_1_SYMREAL

(0.0)  --> Return Value: 0.0
(0.125)  --> Return Value: -1.0
(0.1875)  --> Return Value: 0.0
(0.25)  --> Return Value: -1.0
(0.3125)  --> Return Value: 0.0
(0.375)  --> Return Value: -1.0
(0.5)  --> Return Value: 0.0
(0.625)  --> Return Value: 1.0
(0.6875)  --> Return Value: 0.0
(0.75)  --> Return Value: 1.0
(0.7875)  --> Return Value: 0.0
(0.825)  --> Return Value: 1.0
(1.825)  --> Return Value: 0.0
",1.6662325859069824
199,"public class NUMINSERIES {
/** returns the number of of elements in a series given from, to, and by values */
  public int numInSeries(int from, int to, int by)
  {
    if (by < 1)
      throw new IllegalArgumentException(""numInSeries passed a stepBy value < 1"");

    // could calc this but simple loop suffices for our purposes
    int count = 0;
    for (int i = from; i <= to; i += by)
        count++;
    return count;
  }
}",3.0,1,17,4,63.0,Medium (11-20),Very Short (2-5),Medium (11-20) | Very Short (2-5),NUMINSERIES,"Inputs: from_1_SYMINT,to_2_SYMINT,by_3_SYMINT

demo.Distance.distance(-9223372036854775808(don't care),-9223372036854775808(don't care),0)  --> ""java.lang.IllegalArgumentException: numInSeries passed a stepBy value < 1...""
(1,0,1)  --> Return Value: 0
(0,0,1)  --> Return Value: 1
(-1,0,1)  --> Return Value: 2
(0,2,1)  --> Return Value: 3
(-3,0,1)  --> Return Value: 4
(-4,0,1)  --> Return Value: 5
(0,5,1)  --> Return Value: 6
(0,6,1)  --> Return Value: 7
(0,7,1)  --> Return Value: 8
(0,8,1)  --> Return Value: 9
(0,9,1)  --> Return Value: 10
(0,10,1)  --> Return Value: 11
(0,11,1)  --> Return Value: 12
(-12,0,1)  --> Return Value: 13
(0,13,1)  --> Return Value: 14
(0,14,1)  --> Return Value: 15
(-15,0,1)  --> Return Value: 16
(0,16,1)  --> Return Value: 17
(0,17,1)  --> Return Value: 18
(-18,0,1)  --> Return Value: 19
(-19,0,1)  --> Return Value: 20
(-20,0,1)  --> Return Value: 21
(-21,0,1)  --> Return Value: 22
(0,22,1)  --> Return Value: 23
(-23,0,1)  --> Return Value: 24
(-24,0,1)  --> Return Value: 25
(0,25,1)  --> Return Value: 26
(0,26,1)  --> Return Value: 27
(-27,0,1)  --> Return Value: 28
(-28,0,1)  --> Return Value: 29
(-29,0,1)  --> Return Value: 30
(0,30,1)  --> Return Value: 31
(0,31,1)  --> Return Value: 32
(-32,0,1)  --> Return Value: 33
(-33,0,1)  --> Return Value: 34
(0,34,1)  --> Return Value: 35
(-35,0,1)  --> Return Value: 36
(-36,0,1)  --> Return Value: 37
(0,37,1)  --> Return Value: 38
(-38,0,1)  --> Return Value: 39
(-39,0,1)  --> Return Value: 40
(-40,0,1)  --> Return Value: 41
(0,41,1)  --> Return Value: 42
(-42,0,1)  --> Return Value: 43
(0,43,1)  --> Return Value: 44
(0,44,1)  --> Return Value: 45
(0,45,1)  --> Return Value: 46
(-46,0,1)  --> Return Value: 47
(0,47,1)  --> Return Value: 48
(0,48,1)  --> Return Value: 49
(0,49,1)  --> Return Value: 50
(-50,0,1)  --> Return Value: 51
(0,51,1)  --> Return Value: 52
(-52,0,1)  --> Return Value: 53
(-53,0,1)  --> Return Value: 54
(-54,0,1)  --> Return Value: 55
(-55,0,1)  --> Return Value: 56
(0,56,1)  --> Return Value: 57
(-57,0,1)  --> Return Value: 58
(-58,0,1)  --> Return Value: 59
(0,59,1)  --> Return Value: 60
(-60,0,1)  --> Return Value: 61
(-61,0,1)  --> Return Value: 62
(-62,0,1)  --> Return Value: 63
(0,63,1)  --> Return Value: 64
(0,64,1)  --> Return Value: 65
(0,65,1)  --> Return Value: 66
(-66,0,1)  --> Return Value: 67
(-67,0,1)  --> Return Value: 68
(-68,0,1)  --> Return Value: 69
(0,69,1)  --> Return Value: 70
(0,70,1)  --> Return Value: 71
(0,71,1)  --> Return Value: 72
(-72,0,1)  --> Return Value: 73
(-73,0,1)  --> Return Value: 74
(0,74,1)  --> Return Value: 75
(-75,0,1)  --> Return Value: 76
(0,76,1)  --> Return Value: 77
(-77,0,1)  --> Return Value: 78
(0,78,1)  --> Return Value: 79
(0,79,1)  --> Return Value: 80
(-80,0,1)  --> Return Value: 81
(0,81,1)  --> Return Value: 82
(-82,0,1)  --> Return Value: 83
(-83,0,1)  --> Return Value: 84
(0,84,1)  --> Return Value: 85
(0,85,1)  --> Return Value: 86
(-86,0,1)  --> Return Value: 87
(0,87,1)  --> Return Value: 88
(0,88,1)  --> Return Value: 89
(-89,0,1)  --> Return Value: 90
(-90,0,1)  --> Return Value: 91
(-91,0,1)  --> Return Value: 92
(-92,0,1)  --> Return Value: 93
(-93,0,1)  --> Return Value: 94
(-94,0,1)  --> Return Value: 95
(0,95,1)  --> Return Value: 96
(-96,0,1)  --> Return Value: 97
(0,97,1)  --> Return Value: 98
(-98,0,1)  --> Return Value: 99
(0,99,1)  --> Return Value: 100
(-100,0,1)  --> Return Value: 101
(-101,0,1)  --> Return Value: 102
(0,102,1)  --> Return Value: 103
(0,103,1)  --> Return Value: 104
(-104,0,1)  --> Return Value: 105
(0,105,1)  --> Return Value: 106
(0,106,1)  --> Return Value: 107
(-107,0,1)  --> Return Value: 108
(-108,0,1)  --> Return Value: 109
(0,109,1)  --> Return Value: 110
(-110,0,1)  --> Return Value: 111
(0,111,1)  --> Return Value: 112
(0,112,1)  --> Return Value: 113
(-113,0,1)  --> Return Value: 114
(-114,0,1)  --> Return Value: 115
(0,115,1)  --> Return Value: 116
(0,116,1)  --> Return Value: 117
(-117,0,1)  --> Return Value: 118
(0,118,1)  --> Return Value: 119
(-119,0,1)  --> Return Value: 120
(-120,0,1)  --> Return Value: 121
(0,121,1)  --> Return Value: 122
(-122,0,1)  --> Return Value: 123
(0,123,1)  --> Return Value: 124
(0,124,1)  --> Return Value: 125
(0,125,1)  --> Return Value: 126
(0,126,1)  --> Return Value: 127
(0,127,1)  --> Return Value: 128
(-128,0,1)  --> Return Value: 129
(0,129,1)  --> Return Value: 130
(-130,0,1)  --> Return Value: 131
(0,131,1)  --> Return Value: 132
(-132,0,1)  --> Return Value: 133
(0,133,1)  --> Return Value: 134
(-134,0,1)  --> Return Value: 135
(-135,0,1)  --> Return Value: 136
(0,136,1)  --> Return Value: 137
(0,137,1)  --> Return Value: 138
(0,138,1)  --> Return Value: 139
(0,139,1)  --> Return Value: 140
(0,140,1)  --> Return Value: 141
(-141,0,1)  --> Return Value: 142
(0,142,1)  --> Return Value: 143
(0,143,1)  --> Return Value: 144
(-144,0,1)  --> Return Value: 145
(-145,0,1)  --> Return Value: 146
(0,146,1)  --> Return Value: 147
(-147,0,1)  --> Return Value: 148
(-148,0,1)  --> Return Value: 149
(-149,0,1)  --> Return Value: 150
(-150,0,1)  --> Return Value: 151
(-151,0,1)  --> Return Value: 152
(-152,0,1)  --> Return Value: 153
(-153,0,1)  --> Return Value: 154
(0,154,1)  --> Return Value: 155
(0,155,1)  --> Return Value: 156
(0,156,1)  --> Return Value: 157
(0,157,1)  --> Return Value: 158
(0,158,1)  --> Return Value: 159
(0,159,1)  --> Return Value: 160
(0,160,1)  --> Return Value: 161
(-161,0,1)  --> Return Value: 162
(0,162,1)  --> Return Value: 163
(-163,0,1)  --> Return Value: 164
(0,164,1)  --> Return Value: 165
(0,165,1)  --> Return Value: 166
(-166,0,1)  --> Return Value: 167
(0,167,1)  --> Return Value: 168
(0,168,1)  --> Return Value: 169
(-169,0,1)  --> Return Value: 170
(0,170,1)  --> Return Value: 171
(-171,0,1)  --> Return Value: 172
(0,172,1)  --> Return Value: 173
(0,173,1)  --> Return Value: 174
(0,174,1)  --> Return Value: 175
(0,175,1)  --> Return Value: 176
(0,176,1)  --> Return Value: 177
(-177,0,1)  --> Return Value: 178
(-178,0,1)  --> Return Value: 179
(-179,0,1)  --> Return Value: 180
(0,180,1)  --> Return Value: 181
(0,181,1)  --> Return Value: 182
(-182,0,1)  --> Return Value: 183
(0,183,1)  --> Return Value: 184
(-184,0,1)  --> Return Value: 185
(0,185,1)  --> Return Value: 186
(0,186,1)  --> Return Value: 187
(-187,0,1)  --> Return Value: 188
(0,188,1)  --> Return Value: 189
(0,189,1)  --> Return Value: 190
(0,190,1)  --> Return Value: 191
(0,191,1)  --> Return Value: 192
(-192,0,1)  --> Return Value: 193
(-193,0,1)  --> Return Value: 194
(0,194,1)  --> Return Value: 195
(0,195,1)  --> Return Value: 196
(-196,0,1)  --> Return Value: 197
(0,197,1)  --> Return Value: 198
(0,198,1)  --> Return Value: 199
(-199,0,1)  --> Return Value: 200
(-200,0,1)  --> Return Value: 201
(0,201,1)  --> Return Value: 202
(0,202,1)  --> Return Value: 203
(-203,0,1)  --> Return Value: 204
(-204,0,1)  --> Return Value: 205
(0,205,1)  --> Return Value: 206
(-206,0,1)  --> Return Value: 207
(-207,0,1)  --> Return Value: 208
(0,208,1)  --> Return Value: 209
(0,209,1)  --> Return Value: 210
(-210,0,1)  --> Return Value: 211
(0,211,1)  --> Return Value: 212
(0,212,1)  --> Return Value: 213
(-213,0,1)  --> Return Value: 214
(0,214,1)  --> Return Value: 215
(0,215,1)  --> Return Value: 216
(0,216,1)  --> Return Value: 217
",26.088719606399536
481,"public class CIRCLEUP {
/**
	 * A ""circle up"" function. Returns y on a unit circle given 1-x. Useful for forming bevels.
	 * @param x the input parameter in the range 0..1
	 * @return the output value
	 */
	public static float circleUp(float x) {
		x = 1-x;
		return (float)Math.sqrt(1-x*x);
	}
}",1.0,1,16,2,345.0,Medium (11-20),Very Short (2-5),Medium (11-20) | Very Short (2-5),CIRCLEUP,No path condition,1.3086678981781006
483,"public class MOD {
/**
	 * Return a mod b. This differs from the % operator with respect to negative numbers.
	 * @param a the dividend
	 * @param b the divisor
	 * @return a mod b
	 */
	public static float mod(float a, float b) {
		int n = (int)(a/b);
		
		a -= n*b;
		if (a < 0)
			return a + b;
		return a;
	}
}",2.0,1,15,4,347.0,Medium (11-20),Very Short (2-5),Medium (11-20) | Very Short (2-5),MOD,No path condition,1.3940353393554688
480,"public class SMOOTHSTEP {
/**
	 * A smoothed step function. A cubic function is used to smooth the step between two thresholds.
	 * @param a the lower threshold position
	 * @param b the upper threshold position
	 * @param x the input parameter
	 * @return the output value
	 */
	public static float smoothStep(float a, float b, float x) {
		if (x < a)
			return 0;
		if (x >= b)
			return 1;
		x = (x - a) / (b - a);
		return x*x * (3 - 2*x);
	}
}",3.0,1,16,4,344.0,Medium (11-20),Very Short (2-5),Medium (11-20) | Very Short (2-5),SMOOTHSTEP,"Inputs: a_1_SYMREAL,b_2_SYMREAL,x_3_SYMREAL

(1.0f,-9223372036854775808(don't care),0.0f)  --> Return Value: 0.0
demo.Distance.distance(0.0f,1.0f,0.0f)  --> ""java.lang.ArithmeticException: div by 0...""
(0.0f,0.0f,0.0f)  --> Return Value: 1.0
(0.5f,0.0f,0.5f)  --> Return Value: 1.0
demo.Distance.distance(0.0f,1.0f,0.5f)  --> ""java.lang.ArithmeticException: div by 0...""
(0.0f,0.5f,0.5f)  --> Return Value: 1.0
(0.0f,0.0f,0.5f)  --> Return Value: 1.0
",1.4646904468536377
707,"public class MULTIPLYEXACT {
/**
     * Returns the product of the arguments,
     * throwing an exception if the result overflows an {@code int}.
     *
     * @param x the first value
     * @param y the second value
     * @return the result
     * @throws ArithmeticException if the result overflows an int
     * @since 1.8
     */
    public static int multiplyExact(int x, int y) {
        long r = (long)x * (long)y;
        if ((int)r != r) {
            throw new ArithmeticException(""integer overflow"");
        }
        return (int)r;
    }
}",2.0,2,16,4,571.0,Medium (11-20),Very Short (2-5),Medium (11-20) | Very Short (2-5),MULTIPLYEXACT,"Inputs: x_1_SYMINT,y_2_SYMINT

(0,0)  --> Return Value: 0
",1.4241480827331543
315,"public class GETCORRESPONDINGSYMBOL {
/**
     * Looks for the corresponding symbol in the font Symbol.
     *
     * @param	c	the original ASCII-char
     * @return	the corresponding symbol in font Symbol
     */
    public static char getCorrespondingSymbol(char c) {
        switch(c) {
            case 913:
                return 'A'; // ALFA
            case 914:
                return 'B'; // BETA
            case 915:
                return 'G'; // GAMMA
            case 916:
                return 'D'; // DELTA
            case 917:
                return 'E'; // EPSILON
            case 918:
                return 'Z'; // ZETA
            case 919:
                return 'H'; // ETA
            case 920:
                return 'Q'; // THETA
            case 921:
                return 'I'; // IOTA
            case 922:
                return 'K'; // KAPPA
            case 923:
                return 'L'; // LAMBDA
            case 924:
                return 'M'; // MU
            case 925:
                return 'N'; // NU
            case 926:
                return 'X'; // XI
            case 927:
                return 'O'; // OMICRON
            case 928:
                return 'P'; // PI
            case 929:
                return 'R'; // RHO
            case 931:
                return 'S'; // SIGMA
            case 932:
                return 'T'; // TAU
            case 933:
                return 'U'; // UPSILON
            case 934:
                return 'F'; // PHI
            case 935:
                return 'C'; // CHI
            case 936:
                return 'Y'; // PSI
            case 937:
                return 'W'; // OMEGA
            case 945:
                return 'a'; // alfa
            case 946:
                return 'b'; // beta
            case 947:
                return 'g'; // gamma
            case 948:
                return 'd'; // delta
            case 949:
                return 'e'; // epsilon
            case 950:
                return 'z'; // zeta
            case 951:
                return 'h'; // eta
            case 952:
                return 'q'; // theta
            case 953:
                return 'i'; // iota
            case 954:
                return 'k'; // kappa
            case 955:
                return 'l'; // lambda
            case 956:
                return 'm'; // mu
            case 957:
                return 'n'; // nu
            case 958:
                return 'x'; // xi
            case 959:
                return 'o'; // omicron
            case 960:
                return 'p'; // pi
            case 961:
                return 'r'; // rho
            case 962:
                return 'V'; // sigma
            case 963:
                return 's'; // sigma
            case 964:
                return 't'; // tau
            case 965:
                return 'u'; // upsilon
            case 966:
                return 'f'; // phi
            case 967:
                return 'c'; // chi
            case 968:
                return 'y'; // psi
            case 969:
                return 'w'; // omega
                default:
                    return ' ';
        }
    }
}",2.0,1,9,101,179.0,Short (4-10),Long (21+),Short (4-10) | Long (21+),GETCORRESPONDINGSYMBOL,"Inputs: c_1_SYMINT

(913)  --> Return Value: 65
(914)  --> Return Value: 66
(915)  --> Return Value: 71
(916)  --> Return Value: 68
(917)  --> Return Value: 69
(918)  --> Return Value: 90
(919)  --> Return Value: 72
(920)  --> Return Value: 81
(921)  --> Return Value: 73
(922)  --> Return Value: 75
(923)  --> Return Value: 76
(924)  --> Return Value: 77
(925)  --> Return Value: 78
(926)  --> Return Value: 88
(927)  --> Return Value: 79
(928)  --> Return Value: 80
(929)  --> Return Value: 82
(930)  --> Return Value: 32
(931)  --> Return Value: 83
(932)  --> Return Value: 84
(933)  --> Return Value: 85
(934)  --> Return Value: 70
(935)  --> Return Value: 67
(936)  --> Return Value: 89
(937)  --> Return Value: 87
(938)  --> Return Value: 32
(939)  --> Return Value: 32
(940)  --> Return Value: 32
(941)  --> Return Value: 32
(942)  --> Return Value: 32
(943)  --> Return Value: 32
(944)  --> Return Value: 32
(945)  --> Return Value: 97
(946)  --> Return Value: 98
(947)  --> Return Value: 103
(948)  --> Return Value: 100
(949)  --> Return Value: 101
(950)  --> Return Value: 122
(951)  --> Return Value: 104
(952)  --> Return Value: 113
(953)  --> Return Value: 105
(954)  --> Return Value: 107
(955)  --> Return Value: 108
(956)  --> Return Value: 109
(957)  --> Return Value: 110
(958)  --> Return Value: 120
(959)  --> Return Value: 111
(960)  --> Return Value: 112
(961)  --> Return Value: 114
(962)  --> Return Value: 86
(963)  --> Return Value: 115
(964)  --> Return Value: 116
(965)  --> Return Value: 117
(966)  --> Return Value: 102
(967)  --> Return Value: 99
(968)  --> Return Value: 121
(969)  --> Return Value: 119
(0)  --> Return Value: 32
",1.5574951171875
44,"public class SCALB {
/**
     * Multiply a double number by a power of 2.
     * @param d number to multiply
     * @param n power of 2
     * @return d &times; 2<sup>n</sup>
     */
    public static double scalb(final double d, final int n) {

        // first simple and fast handling when 2^n can be represented using normal numbers
        if ((n > -1023) && (n < 1024)) {
            return d * Double.longBitsToDouble(((long) (n + 1023)) << 52);
        }

        // handle special cases
        if (Double.isNaN(d) || Double.isInfinite(d) || (d == 0)) {
            return d;
        }
        if (n < -2098) {
            return (d > 0) ? 0.0 : -0.0;
        }
        if (n > 2097) {
            return (d > 0) ? Double.POSITIVE_INFINITY : Double.NEGATIVE_INFINITY;
        }

        // decompose d
        final long bits = Double.doubleToRawLongBits(d);
        final long sign = bits & 0x8000000000000000L;
        int  exponent   = ((int) (bits >>> 52)) & 0x7ff;
        long mantissa   = bits & 0x000fffffffffffffL;

        // compute scaled exponent
        int scaledExponent = exponent + n;

        if (n < 0) {
            // we are really in the case n <= -1023
            if (scaledExponent > 0) {
                // both the input and the result are normal numbers, we only adjust the exponent
                return Double.longBitsToDouble(sign | (((long) scaledExponent) << 52) | mantissa);
            } else if (scaledExponent > -53) {
                // the input is a normal number and the result is a subnormal number

                // recover the hidden mantissa bit
                mantissa |= 1L << 52;

                // scales down complete mantissa, hence losing least significant bits
                final long mostSignificantLostBit = mantissa & (1L << (-scaledExponent));
                mantissa >>>= 1 - scaledExponent;
                if (mostSignificantLostBit != 0) {
                    // we need to add 1 bit to round up the result
                    mantissa++;
                }
                return Double.longBitsToDouble(sign | mantissa);
            } else {
                // no need to compute the mantissa, the number scales down to 0
                return (sign == 0L) ? 0.0 : -0.0;
            }
        } else {
            // we are really in the case n >= 1024
            if (exponent == 0) {

                // the input number is subnormal, normalize it
                while ((mantissa >>> 52) != 1) {
                    mantissa <<= 1;
                    --scaledExponent;
                }
                ++scaledExponent;
                mantissa &= 0x000fffffffffffffL;

                if (scaledExponent < 2047) {
                    return Double.longBitsToDouble(sign | (((long) scaledExponent) << 52) | mantissa);
                } else {
                    return (sign == 0L) ? Double.POSITIVE_INFINITY : Double.NEGATIVE_INFINITY;
                }
            } else if (scaledExponent < 2047) {
                return Double.longBitsToDouble(sign | (((long) scaledExponent) << 52) | mantissa);
            } else {
                return (sign == 0L) ? Double.POSITIVE_INFINITY : Double.NEGATIVE_INFINITY;
            }
        }
    }
}",16.0,1,9,40,,Short (4-10),Long (21+),Short (4-10) | Long (21+),SCALB,"Inputs: d_1_SYMREAL,n_2_SYMINT

(-9223372036854775808(don't care),0)  --> Return Value: 4.9E-324
(-9223372036854775808(don't care),-2099)  --> Return Value: 0.0
(-9223372036854775808(don't care),-1023)  --> Return Value: 0.0
(-9223372036854775808(don't care),2098)  --> Return Value: Infinity
",2.949916124343872
506,"public class MIRRORVERTICALLY {
/**
     * mirror each row separately
     *
     * @param position as long
     * @return position mirrored vertically
     */
    public static long mirrorVertically(long position) {
        long verticallyMirroredPosition;
        verticallyMirroredPosition = ((position & (1L << 2)) << 42) | ((position & (1L << 3)) << 42) | ((position & (1L << 4)) << 42);
        verticallyMirroredPosition |= ((position & (1L << 9)) << 28) | ((position & (1L << 10)) << 28) | ((position & (1L << 11)) << 28);
        verticallyMirroredPosition |= ((position & (1L << 14)) << 14) | ((position & (1L << 15)) << 14) | ((position & (1L << 16)) << 14)
                | ((position & (1L << 17)) << 14) | ((position & (1L << 18)) << 14) | ((position & (1L << 19)) << 14)
                | ((position & (1L << 20)) << 14);
        verticallyMirroredPosition |= ((position & (1L << 21))) | ((position & (1L << 22))) | ((position & (1L << 23)))
                | ((position & (1L << 24)))
                | ((position & (1L << 25))) | ((position & (1L << 26))) | ((position & (1L << 27)));
        verticallyMirroredPosition |= ((position & (1L << 28)) >> 14) | ((position & (1L << 29)) >> 14) | ((position & (1L << 30)) >> 14)
                | ((position & (1L << 31)) >> 14) | ((position & (1L << 32)) >> 14) | ((position & (1L << 33)) >> 14)
                | ((position & (1L << 34)) >> 14);
        verticallyMirroredPosition |= ((position & (1L << 37)) >> 28) | ((position & (1L << 38)) >> 28) | ((position & (1L << 39)) >> 28);
        verticallyMirroredPosition |= ((position & (1L << 44)) >> 42) | ((position & (1L << 45)) >> 42) | ((position & (1L << 46)) >> 42);
        return verticallyMirroredPosition;
    }
}",1.0,1,4,42,370.0,Short (4-10),Long (21+),Short (4-10) | Long (21+),MIRRORVERTICALLY,No path condition,1.276078701019287
622,"public class ISVALIDCODE {
/**
     * Checks that the type code letter is valid
     * @param aCode Lower-cased type code to validate.
     * @return true if the type code is valid, otherwise false.
     */
    public static boolean isValidCode(char aCode) {

        /* Allowed values for test codes are:
         * (note that UPPERCASE codes, while valid are only processed if the
         * system property IgnoreCodeCase has been set to true)
         *
         * 'u' - update
         * 'c' - count
         * 'e' - exception
         * 'r' - results
         * 'w' - wait
         * 'p' - proceed
         * 's' - silent
         * 'd' - display   (No reason to use upper-case).
         * ' ' - not a test
         */
        switch (aCode) {

            case ' ' :
            case 'r' :
            case 'o' :
            case 'e' :
            case 'c' :
            case 'u' :
            case 's' :
            case 'd' :
            case 'w' :
            case 'p' :
                return true;
        }

        return false;
    }
}",2.0,1,8,27,486.0,Short (4-10),Long (21+),Short (4-10) | Long (21+),ISVALIDCODE,"Inputs: aCode_1_SYMINT

(32)  --> Return Value: 1
(99)  --> Return Value: 1
(100)  --> Return Value: 1
(101)  --> Return Value: 1
(111)  --> Return Value: 1
(112)  --> Return Value: 1
(114)  --> Return Value: 1
(115)  --> Return Value: 1
(117)  --> Return Value: 1
(119)  --> Return Value: 1
(0)  --> Return Value: 0
",1.7620184421539309
560,"public class CALCULATEDOWNTICKMULTIPLE {
/**
     * Want to drop rate faster then increase.
     * @param c -
     * @return -
     */
    public float calculateDownTickMultiple(int c) {

        float multiple=0.0f;
        if(c<0){
            return multiple;
        }

        switch(c){
            case 0:
            case 1:
                multiple=0.25f;
                break;
            case 2:
                multiple=0.5f;
                break;
            case 3:
                multiple=1.0f;
                break;
            case 4:
                multiple=2.0f;
                break;
            case 5:
                multiple=3.0f;
                break;
            case 6:
                multiple=4.0f;
                break;
            case 7:
                multiple=6.0f;
                break;
            case 8:
                multiple=9.0f;
                break;
            case 9:
                multiple=15.0f;
                break;
            default:
                multiple=20.0f;
        }//switch
        return multiple;
    }
}",3.0,1,7,36,424.0,Short (4-10),Long (21+),Short (4-10) | Long (21+),CALCULATEDOWNTICKMULTIPLE,"Inputs: c_1_SYMINT

(-1)  --> Return Value: 0.0
(0)  --> Return Value: 0.25
(1)  --> Return Value: 0.25
(2)  --> Return Value: 0.5
(3)  --> Return Value: 1.0
(4)  --> Return Value: 2.0
(5)  --> Return Value: 3.0
(6)  --> Return Value: 4.0
(7)  --> Return Value: 6.0
(8)  --> Return Value: 9.0
(9)  --> Return Value: 15.0
(10)  --> Return Value: 20.0
",1.449932336807251
762,"public class ISTABLE {
/**
     * Returns true if ""arc"" identifies a table object.
     */
    public boolean isTable(long arc) {

        switch((int)arc) {
            case 23:
                return true;
            case 22:
                return true;
            case 21:
                return true;
            case 20:
                return true;
            default:
                break;
        }
        return false;
    }
}",2.0,1,8,12,626.0,Short (4-10),Medium (11-20),Short (4-10) | Medium (11-20),ISTABLE,"Inputs: arc_1_SYMINT

(20l)  --> Return Value: 1
(21l)  --> Return Value: 1
(22l)  --> Return Value: 1
(23l)  --> Return Value: 1
(0l)  --> Return Value: 0
",1.6276309490203855
766,"public class ISVARIABLE {
/**
     * Returns true if ""arc"" identifies a scalar object.
     */
    public boolean isVariable(long arc) {

        switch((int)arc) {
            case 9:
            case 8:
            case 7:
            case 6:
            case 5:
            case 4:
            case 3:
            case 11:
            case 2:
            case 10:
            case 1:
                return true;
            default:
                break;
        }
        return false;
    }
}",2.0,1,8,16,630.0,Short (4-10),Medium (11-20),Short (4-10) | Medium (11-20),ISVARIABLE,"Inputs: arc_1_SYMINT

(1l)  --> Return Value: 1
(2l)  --> Return Value: 1
(3l)  --> Return Value: 1
(4l)  --> Return Value: 1
(5l)  --> Return Value: 1
(6l)  --> Return Value: 1
(7l)  --> Return Value: 1
(8l)  --> Return Value: 1
(9l)  --> Return Value: 1
(10l)  --> Return Value: 1
(11l)  --> Return Value: 1
(0l)  --> Return Value: 0
",1.5531330108642578
253,"public class SAFEMULTIPLY {
/**
     * Multiply two values throwing an exception if overflow occurs.
     * 
     * @param val1  the first value
     * @param scalar  the second value
     * @return the new total
     * @throws ArithmeticException if the value is too big or too small
     * @since 1.2
     */
    public static long safeMultiply(long val1, int scalar) {
        switch (scalar) {
        case -1:
            return -val1;
        case 0:
            return 0L;
        case 1:
            return val1;
        }
        long total = val1 * scalar;
        if (total / scalar != val1) {
            throw new ArithmeticException
                (""The calculation caused an overflow: "" + val1 + "" * "" + scalar);
        }
        return total;
    }
}",3.0,1,9,11,117.0,Short (4-10),Medium (11-20),Short (4-10) | Medium (11-20),SAFEMULTIPLY,"Inputs: val1_1_SYMINT,scalar_2_SYMINT

(-9223372036854775808(don't care),-1)  --> Return Value: -9223372036854775808
(-9223372036854775808(don't care),0)  --> Return Value: 0
(-9223372036854775808(don't care),1)  --> Return Value: -9223372036854775808
demo.Distance.distance(-9223372036854775808(don't care),-9223372036854775808(don't care))  --> ""java.lang.ArithmeticException: long division by zero...""
",1.702228307723999
736,"public class GETHUE {
/**
     * Calculates the hue component for HSL and HSV color spaces.
     *
     * @param red    the red component of the color
     * @param green  the green component of the color
     * @param blue   the blue component of the color
     * @param max    the larger of {@code red}, {@code green} and {@code blue}
     * @param min    the smaller of {@code red}, {@code green} and {@code blue}
     * @return the hue component
     */
    static float getHue(float red, float green, float blue, float max, float min) {
        float hue = max - min;
        if (hue > 0.0f) {
            if (max == red) {
                hue = (green - blue) / hue;
                if (hue < 0.0f) {
                    hue += 6.0f;
                }
            }
            else if (max == green) {
                hue = 2.0f + (blue - red) / hue;
            }
            else /*max == blue*/ {
                hue = 4.0f + (red - green) / hue;
            }
            hue /= 6.0f;
        }
        return hue;
    }
}",5.0,1,10,12,600.0,Short (4-10),Medium (11-20),Short (4-10) | Medium (11-20),GETHUE,"Inputs: red_1_SYMREAL,green_2_SYMREAL,blue_3_SYMREAL,max_4_SYMREAL,min_5_SYMREAL

(-9223372036854775808(don't care),-9223372036854775808(don't care),-9223372036854775808(don't care),0.0f,1.0f)  --> Return Value: -1.0
(-9223372036854775808(don't care),-9223372036854775808(don't care),-9223372036854775808(don't care),0.0f,0.0f)  --> Return Value: 0.0
demo.Distance.distance(0.5f,-9223372036854775808(don't care),-9223372036854775808(don't care),0.5f,0.0f)  --> ""java.lang.ArithmeticException: div by 0...""
demo.Distance.distance(1.0f,1.0f,-9223372036854775808(don't care),0.5f,0.0f)  --> ""java.lang.ArithmeticException: div by 0...""
demo.Distance.distance(1.0f,0.5f,-9223372036854775808(don't care),0.5f,0.0f)  --> ""java.lang.ArithmeticException: div by 0...""
demo.Distance.distance(1.0f,0.0f,-9223372036854775808(don't care),0.5f,0.0f)  --> ""java.lang.ArithmeticException: div by 0...""
demo.Distance.distance(0.0f,1.0f,-9223372036854775808(don't care),0.5f,0.0f)  --> ""java.lang.ArithmeticException: div by 0...""
demo.Distance.distance(0.0f,0.5f,-9223372036854775808(don't care),0.5f,0.0f)  --> ""java.lang.ArithmeticException: div by 0...""
demo.Distance.distance(0.0f,0.0f,-9223372036854775808(don't care),0.5f,0.0f)  --> ""java.lang.ArithmeticException: div by 0...""
",1.690506935119629
568,"public class ARABICCHARSHAPESDUEL {
/**
     * Returns true if character has duel shaping.
     *
     * @param c The character to test.
     * @return True if the character is duel shaping, false otherwise.
     */
    public static boolean arabicCharShapesDuel(char c) {
        int charVal = c;

        if ((charVal == 0x0626)
         || (charVal == 0x0628)
         || (charVal >= 0x062A && charVal <= 0x062E)
         || (charVal >= 0x0633 && charVal <= 0x063A)
         || (charVal >= 0x0641 && charVal <= 0x0647)
         || (charVal >= 0x0649 && charVal <= 0x064A)
         || (charVal >= 0x0678 && charVal <= 0x0687)
         || (charVal >= 0x069A && charVal <= 0x06BF)
         || (charVal == 0x6C1)
         || (charVal == 0x6CC)
         || (charVal == 0x6CE)
         || (charVal >= 0x06D0 && charVal <= 0x06D1)
         || (charVal >= 0x06FA && charVal <= 0x06FC)) {
            return true;
        }
        return false;
    }
}",22.0,1,7,16,432.0,Short (4-10),Medium (11-20),Short (4-10) | Medium (11-20),ARABICCHARSHAPESDUEL,"Inputs: c_1_SYMINT

(1574)  --> Return Value: 1
(1576)  --> Return Value: 1
(0)  --> Return Value: 0
(1578)  --> Return Value: 1
(1583)  --> Return Value: 0
(1587)  --> Return Value: 1
(1595)  --> Return Value: 0
(1601)  --> Return Value: 1
(1608)  --> Return Value: 0
(1609)  --> Return Value: 1
(1611)  --> Return Value: 0
(1656)  --> Return Value: 1
(1672)  --> Return Value: 0
(1690)  --> Return Value: 1
(1729)  --> Return Value: 1
(1740)  --> Return Value: 1
(1742)  --> Return Value: 1
(1728)  --> Return Value: 0
(1744)  --> Return Value: 1
(1746)  --> Return Value: 0
(1786)  --> Return Value: 1
(1789)  --> Return Value: 0
",1.7486519813537598
393,"public class ISPOINTONLINE {
/**
	 * Checks if a point is on a line.
	 * 
	 * @param x0 x value of first point in line
	 * @param y0 y value of first point in line
	 * @param x1 x value of second point in line
	 * @param y1 y value of second point in line
	 * @param xt x value of target point
	 * @param yt y value of target point
	 * @return return true if point is on the line, false if the point isn't on the line
	 */
	public static boolean isPointOnLine(int x0, int y0, int x1, int y1, int xt, int yt) {
		// this implementation avoids using doubles
		// apply transformation points to change target point to (0,0)
		x0 -= xt;
		y0 -= yt;
		x1 -= xt;
		y1 -= yt;

		// ensure that x0 is smaller than x1 so that we can just check to see if the line intersects the y axis easily
		if (x0 > x1) {
			int xtemp = x0;
			int ytemp = y0;
			x0 = x1;
			y0 = y1;
			x1 = xtemp;
			y1 = ytemp;
		}

		// if a point is on the edge of shape (on a line), it's considered outside the shape
		// special case if line is on y-axis
		if (x0 == 0 && x1 == 0) {
			// ensure that y0 is smaller than y1 so that we can just check if the line intersects the x axis
			if (y0 > y1) {
				int ytemp = y0;
				y0 = y1;
				y1 = ytemp;
			}
			// test to see if we have a vertical line touches x-axis
			if (y0 <= 0 && y1 >= 0)
				return true;
			// checks if point is on the line, see comments in contain() for derivation of similar 
			// formula - left as an exercise to the reader ;)
		} else if ((x0 <= 0 && x1 >= 0) && (y0 * (x1 - x0)) == ((y1 - y0) * x0)) {
			return true;
		}
		return false;
	}
}",10.0,1,8,20,257.0,Short (4-10),Medium (11-20),Short (4-10) | Medium (11-20),ISPOINTONLINE,"Inputs: x0_1_SYMINT,y0_2_SYMINT,x1_3_SYMINT,y1_4_SYMINT,xt_5_SYMINT,yt_6_SYMINT

(1,0,0,0,0,0)  --> Return Value: 1
(4,0,2,-2147483647,2,-2147483648)  --> Return Value: 0
(1,-9223372036854775808(don't care),0,-9223372036854775808(don't care),-1,-9223372036854775808(don't care))  --> Return Value: 0
(0,-9223372036854775808(don't care),0,-9223372036854775808(don't care),-1,-9223372036854775808(don't care))  --> Return Value: 0
(0,-9223372036854775808(don't care),-1,-9223372036854775808(don't care),1,-9223372036854775808(don't care))  --> Return Value: 0
(0,0,1,0,0,0)  --> Return Value: 1
(0,1,2,0,0,0)  --> Return Value: 0
(0,-9223372036854775808(don't care),0,-9223372036854775808(don't care),1,-9223372036854775808(don't care))  --> Return Value: 0
(0,0,-1,0,0,0)  --> Return Value: 1
(3,1,0,0,2,0)  --> Return Value: 0
(0,1,0,0,0,-1)  --> Return Value: 0
(0,0,0,0,0,-1)  --> Return Value: 0
(-1,0,0,0,0,0)  --> Return Value: 1
(0,0,3,0,2,-2147483647)  --> Return Value: 0
(0,0,0,-1,0,0)  --> Return Value: 1
(0,-1,0,-2,0,0)  --> Return Value: 0
(0,0,0,0,0,0)  --> Return Value: 1
(0,0,0,0,0,1)  --> Return Value: 0
",1.8130216598510744
467,"public class IMAGEFONTHEIGHT {
/**
    * Get font height.
    *
    * @param font a font previously loaded with {@link #imageloadfont},
    *             or 1 -5 for built-in fonts
    */
   public static int imagefontheight(int font) {
      if (font < 1) {
         return 8;
      } else if (font == 1) {
         return 8;
      } else if (font == 2) {
         return 13;
      } else if (font == 3) {
         return 13;
      } else if (font == 4) {
         return 16;
      } else if (font == 5) {
         return 15;
      } else {
         return 15;
      }
   }
}",7.0,2,9,14,331.0,Short (4-10),Medium (11-20),Short (4-10) | Medium (11-20),IMAGEFONTHEIGHT,"Inputs: font_1_SYMINT

(0)  --> Return Value: 8
(1)  --> Return Value: 8
(2)  --> Return Value: 13
(3)  --> Return Value: 13
(4)  --> Return Value: 16
(5)  --> Return Value: 15
(6)  --> Return Value: 15
",1.4423987865447998
758,"public class ISVARIABLE {
/**
     * Returns true if ""arc"" identifies a scalar object.
     */
    public boolean isVariable(long arc) {

        switch((int)arc) {
            case 2:
            case 1:
                return true;
            default:
                break;
        }
        return false;
    }
}",2.0,1,8,7,622.0,Short (4-10),Short (6-10),Short (4-10) | Short (6-10),ISVARIABLE,"Inputs: arc_1_SYMINT

(1l)  --> Return Value: 1
(2l)  --> Return Value: 1
(0l)  --> Return Value: 0
",1.5499224662780762
65,"public class MED3 {
/**
     * Find the median index of 3 values.
     *
     * @param a Value.
     * @param b Value.
     * @param c Value.
     * @param ia Index of a.
     * @param ib Index of b.
     * @param ic Index of c.
     * @return the median index
     */
    public static int med3(double a, double b, double c, int ia, int ib, int ic) {
        if (a < b) {
            if (b < c) {
                return ib;
            }
            return a < c ? ic : ia;
        }
        if (b > c) {
            return ib;
        }
        return a > c ? ic : ia;
    }
}",4.0,1,7,7,,Short (4-10),Short (6-10),Short (4-10) | Short (6-10),MED3,"Inputs: a_1_SYMREAL,b_2_SYMREAL,c_3_SYMREAL,ia_4_SYMINT,ib_5_SYMINT,ic_6_SYMINT

(0.0,1.0,2.0,-9223372036854775808(don't care),-9223372036854775808(don't care),-9223372036854775808(don't care))  --> Return Value: -9223372036854775808
(0.0,1.0,1.0,-9223372036854775808(don't care),-9223372036854775808(don't care),-9223372036854775808(don't care))  --> Return Value: -9223372036854775808
(0.0,0.0,1.0,-9223372036854775808(don't care),-9223372036854775808(don't care),-9223372036854775808(don't care))  --> Return Value: -9223372036854775808
(0.0,0.0,0.0,-9223372036854775808(don't care),-9223372036854775808(don't care),-9223372036854775808(don't care))  --> Return Value: -9223372036854775808
(0.5,0.5,0.0,-9223372036854775808(don't care),-9223372036854775808(don't care),-9223372036854775808(don't care))  --> Return Value: -9223372036854775808
(0.5,0.0,0.0,-9223372036854775808(don't care),-9223372036854775808(don't care),-9223372036854775808(don't care))  --> Return Value: -9223372036854775808
(1.0,0.5,0.0,-9223372036854775808(don't care),-9223372036854775808(don't care),-9223372036854775808(don't care))  --> Return Value: -9223372036854775808
(0.0,1.0,0.5,-9223372036854775808(don't care),-9223372036854775808(don't care),-9223372036854775808(don't care))  --> Return Value: -9223372036854775808
(0.0,1.0,0.0,-9223372036854775808(don't care),-9223372036854775808(don't care),-9223372036854775808(don't care))  --> Return Value: -9223372036854775808
(0.25,0.5,0.0,-9223372036854775808(don't care),-9223372036854775808(don't care),-9223372036854775808(don't care))  --> Return Value: -9223372036854775808
(0.5,0.0,1.0,-9223372036854775808(don't care),-9223372036854775808(don't care),-9223372036854775808(don't care))  --> Return Value: -9223372036854775808
(0.5,0.0,0.5,-9223372036854775808(don't care),-9223372036854775808(don't care),-9223372036854775808(don't care))  --> Return Value: -9223372036854775808
(0.5,0.0,0.25,-9223372036854775808(don't care),-9223372036854775808(don't care),-9223372036854775808(don't care))  --> Return Value: -9223372036854775808
",1.4801924228668213
147,"public class ISWHITESPACE {
/**
         * Check if c is whitespace.
         * @param c character to test
         * @return true if c is a whitespace character
         */
        public boolean isWhitespace(char c) {
            switch(c) {
            case ' ':
            case '\t':
            case '\f':
            case '\n':
            case '\r':
            case 11: /* VT */
                return true;
            default:
                return false;
            }
        }
}",2.0,1,5,10,11.0,Short (4-10),Short (6-10),Short (4-10) | Short (6-10),ISWHITESPACE,"Inputs: c_1_SYMINT

(9)  --> Return Value: 1
(10)  --> Return Value: 1
(11)  --> Return Value: 1
(12)  --> Return Value: 1
(13)  --> Return Value: 1
(32)  --> Return Value: 1
(0)  --> Return Value: 0
",1.5740470886230469
759,"public class ISREADABLE {
/**
     * Returns true if ""arc"" identifies a readable scalar object.
     */
    public boolean isReadable(long arc) {

        switch((int)arc) {
            case 2:
                return true;
            default:
                break;
        }
        return false;
    }
}",2.0,1,9,6,623.0,Short (4-10),Short (6-10),Short (4-10) | Short (6-10),ISREADABLE,"Inputs: arc_1_SYMINT

(2l)  --> Return Value: 1
(0l)  --> Return Value: 0
",1.544848918914795
270,"public class SUITABLEPOWER2 {
/**
	 * Round to best 2^
	 */
	public static int suitablePower2(int s)
		{
//		return 128;
		if(s>380) return 512;
		else if(s>192) return 256;
		else if(s>96) return 128;
		else if(s>48) return 64;
		else if(s>24) return 32;
		else if(s>12) return 16;
		else if(s>6) return 8;
		else return 4;
		}
}",8.0,1,4,8,134.0,Short (4-10),Short (6-10),Short (4-10) | Short (6-10),SUITABLEPOWER2,"Inputs: s_1_SYMINT

(381)  --> Return Value: 512
(193)  --> Return Value: 256
(97)  --> Return Value: 128
(49)  --> Return Value: 64
(25)  --> Return Value: 32
(13)  --> Return Value: 16
(7)  --> Return Value: 8
(0)  --> Return Value: 4
",1.5596859455108645
254,"public class SAFEMULTIPLY {
/**
     * Multiply two values throwing an exception if overflow occurs.
     * 
     * @param val1  the first value
     * @param val2  the second value
     * @return the new total
     * @throws ArithmeticException if the value is too big or too small
     */
    public static long safeMultiply(long val1, long val2) {
        if (val2 == 1) {
            return val1;
        }
        if (val2 == 0) {
            return 0;
        }
        long total = val1 * val2;
        if (total / val2 != val1) {
            throw new ArithmeticException
                (""The calculation caused an overflow: "" + val1 + "" * "" + val2);
        }
        return total;
    }
}",4.0,1,9,8,118.0,Short (4-10),Short (6-10),Short (4-10) | Short (6-10),SAFEMULTIPLY,"Inputs: val1_1_SYMINT,val2_2_SYMINT

(-9223372036854775808(don't care),-1l)  --> Return Value: 0
(-9223372036854775808(don't care),0l)  --> Return Value: 0
(-9223372036854775808(don't care),1l)  --> Return Value: 0
(-9223372036854775808(don't care),2l)  --> Return Value: 0
",1.3890862464904783
787,"public class DIGIT {
/**
     * Digit representation for a character
     *
     * @param ch             a character
     * @param radix          radix
     * @param onlyIsoLatin1  iso latin conversion only
     *
     * @return the digit for this character
     */
    public static int digit(final char ch, final int radix, final boolean onlyIsoLatin1) {
        final char maxInRadix = (char)('a' + (radix - 1) - 10);
        final char c          = Character.toLowerCase(ch);

        if (c >= 'a' && c <= maxInRadix) {
            return Character.digit(ch, radix);
        }

        if (Character.isDigit(ch)) {
            if (!onlyIsoLatin1 || ch >= '0' && ch <= '9') {
                return Character.digit(ch, radix);
            }
        }

        return -1;
    }
}",7.0,1,5,8,651.0,Short (4-10),Short (6-10),Short (4-10) | Short (6-10),DIGIT,No path condition,1.387016534805298
420,"public class COUNTDY {
/**
	 * Counts delta y distance (height) between previous and next rings
	 * @param val
	 * @return
	 */

	public static int countDY (int val) {
		int dY = 0;
		if (Math.abs(val) != 4) {
			if (val > 0) {
				dY = 1;
			}
			if (val < 0) {
				dY = -1;
			}
		}
		return dY;
	}
}",4.0,1,10,7,284.0,Short (4-10),Short (6-10),Short (4-10) | Short (6-10),COUNTDY,"Inputs: val_1_SYMINT

(-5)  --> Return Value: -1
(-4)  --> Return Value: 0
(4)  --> Return Value: 0
(1)  --> Return Value: 1
(0)  --> Return Value: 0
",1.5466041564941406
400,"public class ADDEDGE {
/**
     * Unsupported operation. Spanning trees should not be edited.
     * @see prefuse.data.Graph#addEdge(int, int)
     */
    public int addEdge(int s, int t) {
        throw new UnsupportedOperationException(
            ""Changes to graph structure not allowed for spanning trees."");
    }
}",1.0,1,8,2,264.0,Short (4-10),Very Short (2-5),Short (4-10) | Very Short (2-5),ADDEDGE,No path condition,1.306443691253662
684,"public class DISTANCE {
/**
     * Returns the distance between two points.
     *
     * @param x1 the X coordinate of the first specified point
     * @param y1 the Y coordinate of the first specified point
     * @param x2 the X coordinate of the second specified point
     * @param y2 the Y coordinate of the second specified point
     * @return the distance between the two sets of specified
     * coordinates.
     * @since 1.2
     */
    public static double distance(double x1, double y1,
                                  double x2, double y2)
    {
        x1 -= x2;
        y1 -= y2;
        return Math.sqrt(x1 * x1 + y1 * y1);
    }
}",1.0,2,7,3,548.0,Short (4-10),Very Short (2-5),Short (4-10) | Very Short (2-5),DISTANCE,No path condition,1.338076114654541
152,"public class GETTOPSELECTIONPIXEL {
/**
     * Calculate the top-most pixel we can draw the selection into
     *
     * @param childrenTop Top pixel were children can be drawn
     * @param fadingEdgeLength Length of the fading edge in pixels, if present
     * @param rowStart The start of the row that will contain the selection
     * @return The top-most pixel we can draw the selection into
     */
    public int getTopSelectionPixel(int childrenTop, int fadingEdgeLength, int rowStart) {
        // first pixel we can draw the selection into
        int topSelectionPixel = childrenTop;
        if (rowStart > 0) {
            topSelectionPixel += fadingEdgeLength;
        }
        return topSelectionPixel;
    }
}",2.0,1,10,4,16.0,Short (4-10),Very Short (2-5),Short (4-10) | Very Short (2-5),GETTOPSELECTIONPIXEL,"Inputs: childrenTop_1_SYMINT,fadingEdgeLength_2_SYMINT,rowStart_3_SYMINT

(-9223372036854775808(don't care),-9223372036854775808(don't care),1)  --> Return Value: 0
(-9223372036854775808(don't care),-9223372036854775808(don't care),0)  --> Return Value: -9223372036854775808
",1.5969932079315186
748,"public class ISTABLE {
/**
     * Returns true if ""arc"" identifies a table object.
     */
    public boolean isTable(long arc) {

        switch((int)arc) {
            default:
                break;
        }
        return false;
    }
}",2.0,1,8,4,612.0,Short (4-10),Very Short (2-5),Short (4-10) | Very Short (2-5),ISTABLE,No path condition,1.490710735321045
347,"public class SORTABLEINTTOFLOAT {
/**
   * Converts a sortable <code>int</code> back to a <code>float</code>.
   * @see #floatToSortableInt
   */
  public static float sortableIntToFloat(int val) {
    if (val<0) val ^= 0x7fffffff;
    return Float.intBitsToFloat(val);
  }
}",2.0,1,8,2,211.0,Short (4-10),Very Short (2-5),Short (4-10) | Very Short (2-5),SORTABLEINTTOFLOAT,"Inputs: val_1_SYMINT

(-1)  --> Return Value: NaN
(0)  --> Return Value: 0.0
",2.036459445953369
699,"public class NUMBEROFTRAILINGZEROS {
/**
     * Returns the number of zero bits following the lowest-order (""rightmost"")
     * one-bit in the two's complement binary representation of the specified
     * {@code long} value.  Returns 64 if the specified value has no
     * one-bits in its two's complement representation, in other words if it is
     * equal to zero.
     *
     * @param i the value whose number of trailing zeros is to be computed
     * @return the number of zero bits following the lowest-order (""rightmost"")
     *     one-bit in the two's complement binary representation of the
     *     specified {@code long} value, or 64 if the value is equal
     *     to zero.
     * @since 1.5
     */
    public static int numberOfTrailingZeros(long i) {
        // HD, Figure 5-14
        int x, y;
        if (i == 0) return 64;
        int n = 63;
        y = (int)i; if (y != 0) { n = n -32; x = y; } else x = (int)(i>>>32);
        y = x <<16; if (y != 0) { n = n -16; x = y; }
        y = x << 8; if (y != 0) { n = n - 8; x = y; }
        y = x << 4; if (y != 0) { n = n - 4; x = y; }
        y = x << 2; if (y != 0) { n = n - 2; x = y; }
        return n - ((x << 1) >>> 31);
    }
}",7.0,8,68,25,563.0,Very Long (41+),Long (21+),Very Long (41+) | Long (21+),NUMBEROFTRAILINGZEROS,"Inputs: i_1_SYMINT

(-1l)  --> Return Value: 64
(0l)  --> Return Value: 64
(1l)  --> Return Value: 64
",1.613410234451294
247,"public class COMPILE {
/**
     * Return true or false whether this encoding/format can encode the specified character or not.
     * <p>
     * This method will return true for the following character range: <br />
     * <code>
     *   <nobr>\b | \f | \t | \r | \n | "" | \ | / | [#x20-#xD7FF] | [#xE000-#xFFFD]</nobr>
     * </code>
     * </p>
     *
     * @see <a href=""http://www.w3.org/TR/REC-xml#charsets"">W3C XML 1.0 </a>
     * @see <a href=""http://json.org/"">JSON.org</a>
     */
    public boolean compile(char c) {
        if ((c == '\b') || (c == '\f') | (c == '\t') || (c == '\n') || (c == '\r') || (c == '""') || (c == '\\') || (c == '/')
            || (c == ']') || // ] - to avoid conflicts in CDATA
            (c == '<') || // - escape HTML markup characters
            (c == '>') || // - HTML
            (c == '&') || // - HTML
            (c == '-') || // - HTML comments
            (c < 0x20) || // See <http://www.w3.org/TR/REC-xml#charsets>
            ((c > 0xd7ff) && (c < 0xe000)) || (c > 0xfffd) || (c > 0xff)) {
            return false;
        }

        return true;
    }
}",18.0,7,49,24,111.0,Very Long (41+),Long (21+),Very Long (41+) | Long (21+),COMPILE,"Inputs: c_1_SYMINT

(8)  --> Return Value: 0
(12)  --> Return Value: 0
(9)  --> Return Value: 0
(10)  --> Return Value: 0
(13)  --> Return Value: 0
(34)  --> Return Value: 0
(92)  --> Return Value: 0
(47)  --> Return Value: 0
(93)  --> Return Value: 0
(60)  --> Return Value: 0
(62)  --> Return Value: 0
(38)  --> Return Value: 0
(45)  --> Return Value: 0
(0)  --> Return Value: 0
(55296)  --> Return Value: 0
(256)  --> Return Value: 0
(32)  --> Return Value: 1
(57344)  --> Return Value: 0
(65534)  --> Return Value: 0
",1.951094627380371
719,"public class RINT {
/**
     * Returns the {@code double} value that is closest in value
     * to the argument and is equal to a mathematical integer. If two
     * {@code double} values that are mathematical integers are
     * equally close to the value of the argument, the result is the
     * integer value that is even. Special cases:
     * <ul><li>If the argument value is already equal to a mathematical
     * integer, then the result is the same as the argument.
     * <li>If the argument is NaN or an infinity or positive zero or negative
     * zero, then the result is the same as the argument.</ul>
     *
     * @param   a   a value.
     * @return  the closest floating-point value to {@code a} that is
     *          equal to a mathematical integer.
     * @author Joseph D. Darcy
     */
    public static double rint(double a) {
        /*
         * If the absolute value of a is not less than 2^52, it
         * is either a finite integer (the double format does not have
         * enough significand bits for a number that large to have any
         * fractional portion), an infinity, or a NaN.  In any of
         * these cases, rint of the argument is the argument.
         *
         * Otherwise, the sum (twoToThe52 + a ) will properly round
         * away any fractional portion of a since ulp(twoToThe52) ==
         * 1.0; subtracting out twoToThe52 from this sum will then be
         * exact and leave the rounded integer portion of a.
         *
         * This method does *not* need to be declared strictfp to get
         * fully reproducible results.  Whether or not a method is
         * declared strictfp can only make a difference in the
         * returned result if some operation would overflow or
         * underflow with strictfp semantics.  The operation
         * (twoToThe52 + a ) cannot overflow since large values of a
         * are screened out; the add cannot underflow since twoToThe52
         * is too large.  The subtraction ((twoToThe52 + a ) -
         * twoToThe52) will be exact as discussed above and thus
         * cannot overflow or meaningfully underflow.  Finally, the
         * last multiply in the return statement is by plus or minus
         * 1.0, which is exact too.
         */
        double twoToThe52 = (double)(1L << 52); // 2^52
        double sign = Math.copySign(1.0, a); // preserve sign info
        a = Math.abs(a);

        if (a < twoToThe52) { // E_min <= ilogb(a) <= 51
            a = ((twoToThe52 + a ) - twoToThe52);
        }

        return sign * a; // restore original sign
    }
}",2.0,10,97,31,583.0,Very Long (41+),Long (21+),Very Long (41+) | Long (21+),RINT,No path condition,1.3963921070098877
681,"public class PTSEGDISTSQ {
/**
     * Returns the square of the distance from a point to a line segment.
     * The distance measured is the distance between the specified
     * point and the closest point between the specified end points.
     * If the specified point intersects the line segment in between the
     * end points, this method returns 0.0.
     *
     * @param x1 the X coordinate of the start point of the
     *           specified line segment
     * @param y1 the Y coordinate of the start point of the
     *           specified line segment
     * @param x2 the X coordinate of the end point of the
     *           specified line segment
     * @param y2 the Y coordinate of the end point of the
     *           specified line segment
     * @param px the X coordinate of the specified point being
     *           measured against the specified line segment
     * @param py the Y coordinate of the specified point being
     *           measured against the specified line segment
     * @return a double value that is the square of the distance from the
     *                  specified point to the specified line segment.
     * @see #ptLineDistSq(double, double, double, double, double, double)
     * @since 1.2
     */
    public static double ptSegDistSq(double x1, double y1,
                                     double x2, double y2,
                                     double px, double py)
    {
        // Adjust vectors relative to x1,y1
        // x2,y2 becomes relative vector from x1,y1 to end of segment
        x2 -= x1;
        y2 -= y1;
        // px,py becomes relative vector from x1,y1 to test point
        px -= x1;
        py -= y1;
        double dotprod = px * x2 + py * y2;
        double projlenSq;
        if (dotprod <= 0.0) {
            // px,py is on the side of x1,y1 away from x2,y2
            // distance to segment is length of px,py vector
            // ""length of its (clipped) projection"" is now 0.0
            projlenSq = 0.0;
        } else {
            // switch to backwards vectors relative to x2,y2
            // x2,y2 are already the negative of x1,y1=>x2,y2
            // to get px,py to be the negative of px,py=>x2,y2
            // the dot product of two negated vectors is the same
            // as the dot product of the two normal vectors
            px = x2 - px;
            py = y2 - py;
            dotprod = px * x2 + py * y2;
            if (dotprod <= 0.0) {
                // px,py is on the side of x2,y2 away from x1,y1
                // distance to segment is length of (backwards) px,py vector
                // ""length of its (clipped) projection"" is now 0.0
                projlenSq = 0.0;
            } else {
                // px,py is between x1,y1 and x2,y2
                // dotprod is the length of the px,py vector
                // projected on the x2,y2=>x1,y1 vector times the
                // length of the x2,y2=>x1,y1 vector
                projlenSq = dotprod * dotprod / (x2 * x2 + y2 * y2);
            }
        }
        // Distance to line is now the length of the relative point
        // vector minus the length of its projection onto the line
        // (which is zero if the projection falls outside the range
        //  of the line segment).
        double lenSq = px * px + py * py - projlenSq;
        if (lenSq < 0) {
            lenSq = 0;
        }
        return lenSq;
    }
}",4.0,12,80,21,545.0,Very Long (41+),Long (21+),Very Long (41+) | Long (21+),PTSEGDISTSQ,"Inputs: x1_1_SYMREAL,y1_2_SYMREAL,x2_3_SYMREAL,y2_4_SYMREAL,px_5_SYMREAL,py_6_SYMREAL

(1.0,1.0,1.0,2.0,1.0,0.5)  --> Return Value: 0.25
(1.0,1.0,2.0,2.0,1.0,1.0)  --> Return Value: 0.0
(1.0,1.0,1.0,2.0,2.0,1.0)  --> Return Value: 1.0
(1.0,2.0,1.0,1.0,2.0,0.5)  --> Return Value: 1.25
(2.0,1.0,1.0,1.0,1.0,1.0)  --> Return Value: 0.0
(0.5,1.0,1.0,1.0,1.0,0.5)  --> Return Value: 0.25
(2.0,1.0,0.25,1.0,1.0,1.0)  --> Return Value: 0.0
(1.0,0.25,1.0,1.0,2.0,0.5)  --> Return Value: 1.0
",5.075989246368408
698,"public class NUMBEROFLEADINGZEROS {
/**
     * Returns the number of zero bits preceding the highest-order
     * (""leftmost"") one-bit in the two's complement binary representation
     * of the specified {@code long} value.  Returns 64 if the
     * specified value has no one-bits in its two's complement representation,
     * in other words if it is equal to zero.
     *
     * <p>Note that this method is closely related to the logarithm base 2.
     * For all positive {@code long} values x:
     * <ul>
     * <li>floor(log<sub>2</sub>(x)) = {@code 63 - numberOfLeadingZeros(x)}
     * <li>ceil(log<sub>2</sub>(x)) = {@code 64 - numberOfLeadingZeros(x - 1)}
     * </ul>
     *
     * @param i the value whose number of leading zeros is to be computed
     * @return the number of zero bits preceding the highest-order
     *     (""leftmost"") one-bit in the two's complement binary representation
     *     of the specified {@code long} value, or 64 if the value
     *     is equal to zero.
     * @since 1.5
     */
    public static int numberOfLeadingZeros(long i) {
        // HD, Figure 5-6
         if (i == 0)
            return 64;
        int n = 1;
        int x = (int)(i >>> 32);
        if (x == 0) { n += 32; x = (int)i; }
        if (x >>> 16 == 0) { n += 16; x <<= 16; }
        if (x >>> 24 == 0) { n +=  8; x <<=  8; }
        if (x >>> 28 == 0) { n +=  4; x <<=  4; }
        if (x >>> 30 == 0) { n +=  2; x <<=  2; }
        n -= x >>> 31;
        return n;
    }
}",7.0,14,104,20,562.0,Very Long (41+),Medium (11-20),Very Long (41+) | Medium (11-20),NUMBEROFLEADINGZEROS,"Inputs: i_1_SYMINT

(-1l)  --> Return Value: 64
(0l)  --> Return Value: 64
(1l)  --> Return Value: 64
",1.791208028793335
46,"public class NEXTAFTER {
/**
     * Get the next machine representable number after a number, moving
     * in the direction of another number.
     * <p>
     * The ordering is as follows (increasing):
     * <ul>
     * <li>-INFINITY</li>
     * <li>-MAX_VALUE</li>
     * <li>-MIN_VALUE</li>
     * <li>-0.0</li>
     * <li>+0.0</li>
     * <li>+MIN_VALUE</li>
     * <li>+MAX_VALUE</li>
     * <li>+INFINITY</li>
     * <li></li>
     * </ul>
     * <p>
     * If arguments compare equal, then the second argument is returned.
     * <p>
     * If {@code direction} is greater than {@code d},
     * the smallest machine representable number strictly greater than
     * {@code d} is returned; if less, then the largest representable number
     * strictly less than {@code d} is returned.</p>
     * <p>
     * If {@code d} is infinite and direction does not
     * bring it back to finite numbers, it is returned unchanged.</p>
     *
     * @param d base number
     * @param direction (the only important thing is whether
     * {@code direction} is greater or smaller than {@code d})
     * @return the next machine representable number in the specified direction
     */
    public static double nextAfter(double d, double direction) {
        // handling of some important special cases
        if (Double.isNaN(d) || Double.isNaN(direction)) {
            return Double.NaN;
        } else if (d == direction) {
            return direction;
        } else if (Double.isInfinite(d)) {
            return (d < 0) ? -Double.MAX_VALUE : Double.MAX_VALUE;
        } else if (d == 0) {
            return (direction < 0) ? -Double.MIN_VALUE : Double.MIN_VALUE;
        }
        // special cases MAX_VALUE to infinity and  MIN_VALUE to 0
        // are handled just as normal numbers
        // can use raw bits since already dealt with infinity and NaN
        final long bits = Double.doubleToRawLongBits(d);
        final long sign = bits & 0x8000000000000000L;
        if ((direction < d) ^ (sign == 0L)) {
            return Double.longBitsToDouble(sign | ((bits & 0x7fffffffffffffffL) + 1));
        } else {
            return Double.longBitsToDouble(sign | ((bits & 0x7fffffffffffffffL) - 1));
        }
    }
}",7.0,26,109,14,,Very Long (41+),Medium (11-20),Very Long (41+) | Medium (11-20),NEXTAFTER,"Inputs: d_1_SYMREAL,direction_2_SYMREAL

(0.0,1.0)  --> Return Value: 4.9E-324
(0.0,0.0)  --> Return Value: 0.0
(0.5,0.0)  --> Return Value: NaN
",1.7866849899291992
83,"public class FASTSUMWITHSTICKYBITBRANCHLESS {
/**
     * Compute the sum of two numbers {@code a} and {@code b} using
     * Dekker's two-sum algorithm. The values are required to be ordered by magnitude
     * {@code |a| >= |b|}. The result is adjusted to set the lowest bit as a sticky
     * bit that summarises the magnitude of the round-off that were lost. The
     * result is not the correctly rounded result; it is intended the result is to
     * be used in an addition with a value with a greater magnitude exponent. This
     * addition will have exact round-to-nearest, ties-to-even rounding taking account
     * of bits lots in the previous sum.
     *
     * @param a First part of sum.
     * @param b Second part of sum.
     * @return <code>b - (sum - a)</code>
     * @see <a href=""http://www-2.cs.cmu.edu/afs/cs/project/quake/public/papers/robust-arithmetic.ps"">
     * Shewchuk (1997) Theorum 6</a>
     */
    public static double fastSumWithStickyBitBranchless(double a, double b) {
        final double sum = a + b;
        // bVirtual = sum - a
        // b - bVirtual == b round-off
        final double r = b - (sum - a);

        // In floating-point arithmetic the sticky bit is the bit-wise OR
        // of the rest of the binary bits that cannot be stored in the
        // preliminary representation of the result:
        //
        // sgn | exp | V | N | .............. | L | G | R | S
        //
        // sgn : sign bit
        // exp : exponent
        // V : overflow for significand field
        // N and L : most and least significant bits of the result
        // G and R : the two bits beyond
        // S : sticky bit, bitwise OR of all bits thereafter
        //
        // The sticky bit is a flag indicating if there is more magnitude beyond
        // the last bits.
        //
        // Here the round-off is signed so we have to consider the
        // sign of the sum and round-off together and either add the sticky or
        // remove it. The final bit is thus used to push up the next addition using
        // the sum to a higher value, or down to a lower value, when tie breaking for
        // the correct round-to-nearest, ties-to-even result.
        //
        // One extra consideration: sum is already rounded. Since we are using the
        // last bit to store a sticky bit then if the final bit is 1 then this was
        // not created by a ties-to-even rounding and is already a sticky bit.

        // Compute the sticky bit addition:
        // sign sum   last bit sum    sign r    magnitude r      sticky
        // x          1               x         x                +0
        //
        // 1          0               1         1                +1
        // 1          0               1         0                +0
        // 1          0               0         1                -1
        // 1          0               0         0                +0
        // 0          0               1         1                -1
        // 0          0               1         0                +0
        // 0          0               0         1                +1
        // 0          0               0         0                +0
        //
        // Magnitude of r is computed by bitwise OR of the 63-bits from exponent+mantissa
        // Sign of sum and r is the sign-bit of sum or r

        final long hi = Double.doubleToRawLongBits(sum);

        // Note: >50% of the time all code below here is redundant
        //if ((hi & 0x1) == 0x1) {
        //    // Already sticky
        //    return sum;
        //}

        final long lo = Double.doubleToRawLongBits(r);

        // OR compress least significant 63-bits into lowest bit
        long sticky = lo;
        sticky |= sticky >>> 31; // Discard sign bit
        sticky |= sticky >>> 16;
        sticky |= sticky >>> 8;
        sticky |= sticky >>> 4;
        sticky |= sticky >>> 2;
        sticky |= sticky >>> 1; // final sticky bit is in position 0

        // AND with the inverse of the trailing bit from hi to set it to zero
        // if the last bit in hi is 1 (already sticky).
        sticky = sticky & ~hi;

        // Clear the rest. Sticky is now 0 if r was 0.0; or 1 if r was non-zero.
        sticky = sticky & 0x1;

        // The sign bit is created as + or - using the XOR of hi and lo.
        // Signed shift will create a flag: -1 to negate, else 0.
        final long fNegate = (hi ^ lo) >> 63;

        // Conditionally negate a value without branching:
        // http://graphics.stanford.edu/~seander/bithacks.html#ConditionalNegate
        // (Logic updated since fNegate is already negative.)
        // (1 ^  0) -  0 =  1 -  0 =  1
        // (0 ^  0) -  0 =  0 -  0 =  0
        // (1 ^ -1) - -1 = -2 - -1 = -1
        // (0 ^ -1) - -1 = -1 - -1 =  0
        sticky = (sticky ^ fNegate) - fNegate;

        return Double.longBitsToDouble(hi + sticky);
    }
}",1.0,9,100,16,,Very Long (41+),Medium (11-20),Very Long (41+) | Medium (11-20),FASTSUMWITHSTICKYBITBRANCHLESS,No path condition,1.6768195629119873
680,"public class RELATIVECCW {
/**
     * Returns an indicator of where the specified point
     * {@code (px,py)} lies with respect to the line segment from
     * {@code (x1,y1)} to {@code (x2,y2)}.
     * The return value can be either 1, -1, or 0 and indicates
     * in which direction the specified line must pivot around its
     * first end point, {@code (x1,y1)}, in order to point at the
     * specified point {@code (px,py)}.
     * <p>A return value of 1 indicates that the line segment must
     * turn in the direction that takes the positive X axis towards
     * the negative Y axis.  In the default coordinate system used by
     * Java 2D, this direction is counterclockwise.
     * <p>A return value of -1 indicates that the line segment must
     * turn in the direction that takes the positive X axis towards
     * the positive Y axis.  In the default coordinate system, this
     * direction is clockwise.
     * <p>A return value of 0 indicates that the point lies
     * exactly on the line segment.  Note that an indicator value
     * of 0 is rare and not useful for determining collinearity
     * because of floating point rounding issues.
     * <p>If the point is colinear with the line segment, but
     * not between the end points, then the value will be -1 if the point
     * lies ""beyond {@code (x1,y1)}"" or 1 if the point lies
     * ""beyond {@code (x2,y2)}"".
     *
     * @param x1 the X coordinate of the start point of the
     *           specified line segment
     * @param y1 the Y coordinate of the start point of the
     *           specified line segment
     * @param x2 the X coordinate of the end point of the
     *           specified line segment
     * @param y2 the Y coordinate of the end point of the
     *           specified line segment
     * @param px the X coordinate of the specified point to be
     *           compared with the specified line segment
     * @param py the Y coordinate of the specified point to be
     *           compared with the specified line segment
     * @return an integer that indicates the position of the third specified
     *                  coordinates with respect to the line segment formed
     *                  by the first two specified coordinates.
     * @since 1.2
     */
    public static int relativeCCW(double x1, double y1,
                                  double x2, double y2,
                                  double px, double py)
    {
        x2 -= x1;
        y2 -= y1;
        px -= x1;
        py -= y1;
        double ccw = px * y2 - py * x2;
        if (ccw == 0.0) {
            // The point is colinear, classify based on which side of
            // the segment the point falls on.  We can calculate a
            // relative value using the projection of px,py onto the
            // segment - a negative value indicates the point projects
            // outside of the segment in the direction of the particular
            // endpoint used as the origin for the projection.
            ccw = px * x2 + py * y2;
            if (ccw > 0.0) {
                // Reverse the projection to be relative to the original x2,y2
                // x2 and y2 are simply negated.
                // px and py need to have (x2 - x1) or (y2 - y1) subtracted
                //    from them (based on the original values)
                // Since we really want to get a positive answer when the
                //    point is ""beyond (x2,y2)"", then we want to calculate
                //    the inverse anyway - thus we leave x2 & y2 negated.
                px -= x2;
                py -= y2;
                ccw = px * x2 + py * y2;
                if (ccw < 0.0) {
                    ccw = 0.0;
                }
            }
        }
        return (ccw < 0.0) ? -1 : ((ccw > 0.0) ? 1 : 0);
    }
}",4.0,31,245,14,544.0,Very Long (41+),Medium (11-20),Very Long (41+) | Medium (11-20),RELATIVECCW,"Inputs: x1_1_SYMREAL,y1_2_SYMREAL,x2_3_SYMREAL,y2_4_SYMREAL,px_5_SYMREAL,py_6_SYMREAL

(1.0,2.0,1.0,1.0,2.0,1.0)  --> Return Value: -1
(2.0,1.0,1.0,1.0,1.0,2.0)  --> Return Value: 1
(1.0,1.0,0.5,1.0,2.0,1.0)  --> Return Value: -1
(1.0,1.0,1.0,1.0,1.0,1.0)  --> Return Value: 0
(1.0,1.0,2.0,1.0,1.5,1.0)  --> Return Value: 0
(2.0,1.0,1.0,1.0,1.0,1.0)  --> Return Value: 0
(2.0,1.0,1.0,1.0,0.5,1.0)  --> Return Value: 1
",2.9787840843200684
79,"public class FASTSUMWITHSTICKYBIT {
/**
             * Compute the sum of two numbers {@code a} and {@code b} using
             * Dekker's two-sum algorithm. The values are required to be ordered by magnitude
             * {@code |a| >= |b|}. The result is adjusted to set the lowest bit as a sticky
             * bit that summarises the magnitude of the round-off that were lost. The
             * result is not the correctly rounded result; it is intended the result is to
             * be used in an addition with a value with a greater magnitude exponent. This
             * addition will have exact round-to-nearest, ties-to-even rounding taking account
             * of bits lots in the previous sum.
             *
             * <p>Details of the sticky bit can be found in:
             * <blockquote>
             * Coonen, J.T., ""An Implementation Guide to a Proposed Standard for Floating Point
             * Arithmetic"", Computer, Vol. 13, No. 1, Jan. 1980, pp 68-79.
             * </blockquote>
             *
             * @param a First part of sum.
             * @param b Second part of sum.
             * @return <code>b - (sum - a)</code>
             * @see <a href=""http://www-2.cs.cmu.edu/afs/cs/project/quake/public/papers/robust-arithmetic.ps"">
             * Shewchuk (1997) Theorum 6</a>
             */
            static double fastSumWithStickyBit(double a, double b) {
                double sum = a + b;
                // bVirtual = sum - a
                // b - bVirtual == b round-off
                final double r = b - (sum - a);

                if (r != 0) {
                    // Bits will be lost.
                    // In floating-point arithmetic the sticky bit is the bit-wise OR
                    // of the rest of the binary bits that cannot be stored in the
                    // preliminary representation of the result:
                    //
                    // sgn | exp | V | N | .............. | L | G | R | S
                    //
                    // sgn : sign bit
                    // exp : exponent
                    // V : overflow for significand field
                    // N and L : most and least significant bits of the result
                    // G and R : the two bits beyond
                    // S : sticky bit, bitwise OR of all bits thereafter
                    //
                    // The sticky bit is a flag indicating if there is more magnitude beyond
                    // the last bits. Here the round-off is signed so we have to consider the
                    // sign of the sum and round-off together and either add the sticky or
                    // remove it. The final bit is thus used to push up the next addition using
                    // the sum to a higher value, or down to a lower value, when tie breaking for
                    // the correct round-to-nearest, ties-to-even result.
                    long hi = Double.doubleToRawLongBits(sum);
                    // Can only set a sticky bit if the bit is not set.
                    if ((hi & 0x1) == 0) {
                        // In a standard extended precision result for (a+b) the bits are extra
                        // magnitude lost and the sticky bit is positive.
                        // Here the round-off magnitude (r) can be negative so the sticky
                        // bit should be added (same sign) or subtracted (different sign).
                        if (sum > 0) {
                            hi += (r > 0) ? 1 : -1;
                        } else {
                            hi += (r < 0) ? 1 : -1;
                        }
                        sum = Double.longBitsToDouble(hi);
                    }
                }
                return sum;
            }
}",4.0,14,133,11,,Very Long (41+),Medium (11-20),Very Long (41+) | Medium (11-20),FASTSUMWITHSTICKYBIT,No path condition,1.4084396362304688
773,"public class ISPRINTABLESTRINGCHAR {
/**
     * Determine if a character is one of the permissible characters for
     * PrintableString:
     * A-Z, a-z, 0-9, space, apostrophe (39), left and right parentheses,
     * plus sign, comma, hyphen, period, slash, colon, equals sign,
     * and question mark.
     *
     * Characters that are *not* allowed in PrintableString include
     * exclamation point, quotation mark, number sign, dollar sign,
     * percent sign, ampersand, asterisk, semicolon, less than sign,
     * greater than sign, at sign, left and right square brackets,
     * backslash, circumflex (94), underscore, back quote (96),
     * left and right curly brackets, vertical line, tilde,
     * and the control codes (0-31 and 127).
     *
     * This list is based on X.680 (the ASN.1 spec).
     */
    public static boolean isPrintableStringChar(char ch) {
        if ((ch >= 'a' && ch <= 'z') || (ch >= 'A' && ch <= 'Z') ||
            (ch >= '0' && ch <= '9')) {
            return true;
        } else {
            switch (ch) {
                case ' ':       /* space */
                case '\'':      /* apostrophe */
                case '(':       /* left paren */
                case ')':       /* right paren */
                case '+':       /* plus */
                case ',':       /* comma */
                case '-':       /* hyphen */
                case '.':       /* period */
                case '/':       /* slash */
                case ':':       /* colon */
                case '=':       /* equals */
                case '?':       /* question mark */
                    return true;
                default:
                    return false;
            }
        }
    }
}",8.0,13,99,19,637.0,Very Long (41+),Medium (11-20),Very Long (41+) | Medium (11-20),ISPRINTABLESTRINGCHAR,"Inputs: ch_1_SYMINT

(97)  --> Return Value: 1
(123)  --> Return Value: 0
(65)  --> Return Value: 1
(91)  --> Return Value: 0
(48)  --> Return Value: 1
(32)  --> Return Value: 1
(33)  --> Return Value: 0
(34)  --> Return Value: 0
(35)  --> Return Value: 0
(36)  --> Return Value: 0
(37)  --> Return Value: 0
(38)  --> Return Value: 0
(39)  --> Return Value: 1
(40)  --> Return Value: 1
(41)  --> Return Value: 1
(42)  --> Return Value: 0
(43)  --> Return Value: 1
(44)  --> Return Value: 1
(45)  --> Return Value: 1
(46)  --> Return Value: 1
(47)  --> Return Value: 1
(0)  --> Return Value: 0
(58)  --> Return Value: 1
(59)  --> Return Value: 0
(60)  --> Return Value: 0
(61)  --> Return Value: 1
(62)  --> Return Value: 0
(63)  --> Return Value: 1
(64)  --> Return Value: 0
",1.8345866203308103
690,"public class COMPARE {
/**
     * Compares the two specified {@code double} values. The sign
     * of the integer value returned is the same as that of the
     * integer that would be returned by the call:
     * <pre>
     *    new Double(d1).compareTo(new Double(d2))
     * </pre>
     *
     * @param   d1        the first {@code double} to compare
     * @param   d2        the second {@code double} to compare
     * @return  the value {@code 0} if {@code d1} is
     *          numerically equal to {@code d2}; a value less than
     *          {@code 0} if {@code d1} is numerically less than
     *          {@code d2}; and a value greater than {@code 0}
     *          if {@code d1} is numerically greater than
     *          {@code d2}.
     * @since 1.4
     */
    public static int compare(double d1, double d2) {
        if (d1 < d2)
            return -1;           // Neither val is NaN, thisVal is smaller
        if (d1 > d2)
            return 1;            // Neither val is NaN, thisVal is larger

        // Cannot use doubleToRawLongBits because of possibility of NaNs.
        long thisBits    = Double.doubleToLongBits(d1);
        long anotherBits = Double.doubleToLongBits(d2);

        return (thisBits == anotherBits ?  0 : // Values are equal
                (thisBits < anotherBits ? -1 : // (-0.0, 0.0) or (!NaN, NaN)
                 1));                          // (0.0, -0.0) or (NaN, !NaN)
    }
}",3.0,11,70,11,554.0,Very Long (41+),Medium (11-20),Very Long (41+) | Medium (11-20),COMPARE,"Inputs: d1_1_SYMREAL,d2_2_SYMREAL

(0.0,1.0)  --> Return Value: -1
(0.0,0.0)  --> Return Value: 0
(0.5,0.0)  --> Return Value: 1
",1.712129831314087
620,"public class CANDISPLAYTYPE {
/**
     * This method is used to tell SqlFile whether this Sql Type must
     * ALWAYS be loaded to the binary buffer without displaying.
     * <P>
     * N.b.:  If this returns ""true"" for a type, then the user can never
     * ""see"" values for these columns.
     * Therefore, if a type may-or-may-not-be displayable, better to return
     * false here and let the user choose.
     * In general, if there is a toString() operator for this Sql Type
     * then return false, since the JDBC driver should know how to make the
     * value displayable.
     * </P>
     *
     * @see <A href=""http://java.sun.com/docs/books/tutorial/jdbc/basics/retrieving.html"">http://java.sun.com/docs/books/tutorial/jdbc/basics/retrieving.html</A>
     *      The table on this page lists the most common SqlTypes, all of which
     *      must implement toString()
     * @see java.sql.Types
     */
    public static boolean canDisplayType(int i) {
        /* I don't now about some of the more obscure types, like REF and
         * DATALINK */
        switch (i) {
            //case java.sql.Types.BINARY :
            case java.sql.Types.BLOB :
            case java.sql.Types.JAVA_OBJECT :

            //case java.sql.Types.LONGVARBINARY :
            //case java.sql.Types.LONGVARCHAR :
            case java.sql.Types.OTHER :
            case java.sql.Types.STRUCT :

                //case java.sql.Types.VARBINARY :
                return false;
        }

        return true;
    }
}",2.0,13,100,9,484.0,Very Long (41+),Short (6-10),Very Long (41+) | Short (6-10),CANDISPLAYTYPE,"Inputs: i_1_SYMINT

(1111)  --> Return Value: 0
(2000)  --> Return Value: 0
(2002)  --> Return Value: 0
(2004)  --> Return Value: 0
(0)  --> Return Value: 1
",1.955483675003052
192,"public class ISSAMEASFULLWT {
/**
     * Returns true if the wavelet filter computes or uses the
     * same ""inner"" subband coefficient as the full frame wavelet transform,
     * and false otherwise. In particular, for block based transforms with 
     * reduced overlap, this method should return false. The term ""inner""
     * indicates that this applies only with respect to the coefficient that 
     * are not affected by image boundaries processings such as symmetric
     * extension, since there is not reference method for this.
     *
     * <P>The result depends on the length of the allowed overlap when
     * compared to the overlap required by the wavelet filter. It also
     * depends on how overlap processing is implemented in the wavelet
     * filter.
     *
     * @param tailOvrlp This is the number of samples in the input
     * signal before the first sample to filter that can be used for
     * overlap.
     *
     * @param headOvrlp This is the number of samples in the input
     * signal after the last sample to filter that can be used for
     * overlap.
     *
     * @param inLen This is the lenght of the input signal to filter.The
     * required number of samples in the input signal after the last sample
     * depends on the length of the input signal.
     *
     * @return true if both overlaps are greater than 2, and correct 
     * processing is applied in the analyze() method.
     *
     *
     *
     */
    public boolean isSameAsFullWT(int tailOvrlp, int headOvrlp, int inLen) {
        
        //If the input signal has even length.
        if(inLen % 2 == 0) {
            if(tailOvrlp >= 2 && headOvrlp >= 1) return true;
            else return false;
        }
        //Else if the input signal has odd length.
        else {
            if(tailOvrlp >= 2 && headOvrlp >= 2) return true;
            else return false;
        }
    }
}",6.0,18,156,6,56.0,Very Long (41+),Short (6-10),Very Long (41+) | Short (6-10),ISSAMEASFULLWT,"Inputs: tailOvrlp_1_SYMINT,headOvrlp_2_SYMINT,inLen_3_SYMINT

(0,-9223372036854775808(don't care),0)  --> Return Value: 0
(0,-9223372036854775808(don't care),1)  --> Return Value: 0
(2,1,0)  --> Return Value: 1
(2,0,0)  --> Return Value: 0
(2,2,1)  --> Return Value: 1
(2,0,1)  --> Return Value: 0
",1.6202819347381592
538,"public class HASH {
/**
     * Applies a supplemental hash function to a given hashCode, which
     * defends against poor quality hash functions.  This is critical
     * because ConcurrentWeakHashMap uses power-of-two length hash tables,
     * that otherwise encounter collisions for hashCodes that do not
     * differ in lower or upper bits.
     */
    public static int hash(int h) {
        // Spread bits to regularize both segment and index locations,
        // using variant of single-word Wang/Jenkins hash.
        h += (h <<  15) ^ 0xffffcd7d;
        h ^= (h >>> 10);
        h += (h <<   3);
        h ^= (h >>>  6);
        h += (h <<   2) + (h << 14);
        return h ^ (h >>> 16);
    }
}",1.0,5,41,6,402.0,Very Long (41+),Short (6-10),Very Long (41+) | Short (6-10),HASH,No path condition,1.5660345554351809
452,"public class INTERPOLATEROTATION {
/**
     * Returns a rotation angle that is inbetween two other rotation angles. par1 and par2 are the angles between which
     * to interpolate, par3 is probably a float between 0.0 and 1.0 that tells us where ""between"" the two angles we are.
     * Example: par1 = 30, par2 = 50, par3 = 0.5, then return = 40
     */
    public float interpolateRotation(float par1, float par2, float par3)
    {
        float var4;

        for (var4 = par2 - par1; var4 < -180.0F; var4 += 360.0F)
        {
            ;
        }

        while (var4 >= 180.0F)
        {
            var4 -= 360.0F;
        }

        return par1 + par3 * var4;
    }
}",3.0,3,54,6,316.0,Very Long (41+),Short (6-10),Very Long (41+) | Short (6-10),INTERPOLATEROTATION,"Inputs: par1_1_SYMREAL,par2_2_SYMREAL,par3_3_SYMREAL

(180.0f,0.0f,-9223372036854775808(don't care))  --> Return Value: 180.0
(540.0f,0.0f,-9223372036854775808(don't care))  --> Return Value: 540.0
(181.0f,0.0f,-9223372036854775808(don't care))  --> Return Value: 181.0
(0.0f,0.0f,-9223372036854775808(don't care))  --> Return Value: 0.0
(0.0f,180.0f,-9223372036854775808(don't care))  --> Return Value: -8.9E-322
(900.0f,0.0f,-9223372036854775808(don't care))  --> Return Value: 900.0
(541.0f,0.0f,-9223372036854775808(don't care))  --> Return Value: 541.0
(0.0f,181.0f,-9223372036854775808(don't care))  --> Return Value: -8.84E-322
(0.0f,540.0f,-9223372036854775808(don't care))  --> Return Value: -8.9E-322
(1260.0f,0.0f,-9223372036854775808(don't care))  --> Return Value: 1260.0
(901.0f,0.0f,-9223372036854775808(don't care))  --> Return Value: 901.0
(0.0f,541.0f,-9223372036854775808(don't care))  --> Return Value: -8.84E-322
(0.0f,900.0f,-9223372036854775808(don't care))  --> Return Value: -8.9E-322
(1620.0f,0.0f,-9223372036854775808(don't care))  --> Return Value: 1620.0
(1261.0f,0.0f,-9223372036854775808(don't care))  --> Return Value: 1261.0
(0.0f,901.0f,-9223372036854775808(don't care))  --> Return Value: -8.84E-322
(0.0f,1260.0f,-9223372036854775808(don't care))  --> Return Value: -8.9E-322
(1980.0f,0.0f,-9223372036854775808(don't care))  --> Return Value: 1980.0
(1621.0f,0.0f,-9223372036854775808(don't care))  --> Return Value: 1621.0
(0.0f,1261.0f,-9223372036854775808(don't care))  --> Return Value: -8.84E-322
(0.0f,1620.0f,-9223372036854775808(don't care))  --> Return Value: -8.9E-322
(2340.0f,0.0f,-9223372036854775808(don't care))  --> Return Value: 2340.0
(1981.0f,0.0f,-9223372036854775808(don't care))  --> Return Value: 1981.0
(0.0f,1621.0f,-9223372036854775808(don't care))  --> Return Value: -8.84E-322
(0.0f,1980.0f,-9223372036854775808(don't care))  --> Return Value: -8.9E-322
(2700.0f,0.0f,-9223372036854775808(don't care))  --> Return Value: 2700.0
(2341.0f,0.0f,-9223372036854775808(don't care))  --> Return Value: 2341.0
(0.0f,1981.0f,-9223372036854775808(don't care))  --> Return Value: -8.84E-322
(0.0f,2340.0f,-9223372036854775808(don't care))  --> Return Value: -8.9E-322
(3060.0f,0.0f,-9223372036854775808(don't care))  --> Return Value: 3060.0
(2701.0f,0.0f,-9223372036854775808(don't care))  --> Return Value: 2701.0
(0.0f,2341.0f,-9223372036854775808(don't care))  --> Return Value: -8.84E-322
(0.0f,2700.0f,-9223372036854775808(don't care))  --> Return Value: -8.9E-322
(3420.0f,0.0f,-9223372036854775808(don't care))  --> Return Value: 3420.0
(3061.0f,0.0f,-9223372036854775808(don't care))  --> Return Value: 3061.0
(0.0f,2701.0f,-9223372036854775808(don't care))  --> Return Value: -8.84E-322
(0.0f,3060.0f,-9223372036854775808(don't care))  --> Return Value: -8.9E-322
(3780.0f,0.0f,-9223372036854775808(don't care))  --> Return Value: 3780.0
(3421.0f,0.0f,-9223372036854775808(don't care))  --> Return Value: 3421.0
(0.0f,3061.0f,-9223372036854775808(don't care))  --> Return Value: -8.84E-322
(0.0f,3420.0f,-9223372036854775808(don't care))  --> Return Value: -8.9E-322
(4140.0f,0.0f,-9223372036854775808(don't care))  --> Return Value: 4140.0
(3781.0f,0.0f,-9223372036854775808(don't care))  --> Return Value: 3781.0
(0.0f,3421.0f,-9223372036854775808(don't care))  --> Return Value: -8.84E-322
(0.0f,3780.0f,-9223372036854775808(don't care))  --> Return Value: -8.9E-322
(4500.0f,0.0f,-9223372036854775808(don't care))  --> Return Value: 4500.0
(4141.0f,0.0f,-9223372036854775808(don't care))  --> Return Value: 4141.0
(0.0f,3781.0f,-9223372036854775808(don't care))  --> Return Value: -8.84E-322
(0.0f,4140.0f,-9223372036854775808(don't care))  --> Return Value: -8.9E-322
(4860.0f,0.0f,-9223372036854775808(don't care))  --> Return Value: 4860.0
(4501.0f,0.0f,-9223372036854775808(don't care))  --> Return Value: 4501.0
(0.0f,4141.0f,-9223372036854775808(don't care))  --> Return Value: -8.84E-322
(0.0f,4500.0f,-9223372036854775808(don't care))  --> Return Value: -8.9E-322
(5220.0f,0.0f,-9223372036854775808(don't care))  --> Return Value: 5220.0
(4861.0f,0.0f,-9223372036854775808(don't care))  --> Return Value: 4861.0
(0.0f,4501.0f,-9223372036854775808(don't care))  --> Return Value: -8.84E-322
(0.0f,4860.0f,-9223372036854775808(don't care))  --> Return Value: -8.9E-322
(5580.0f,0.0f,-9223372036854775808(don't care))  --> Return Value: 5580.0
(5221.0f,0.0f,-9223372036854775808(don't care))  --> Return Value: 5221.0
(0.0f,4861.0f,-9223372036854775808(don't care))  --> Return Value: -8.84E-322
(0.0f,5220.0f,-9223372036854775808(don't care))  --> Return Value: -8.9E-322
(5940.0f,0.0f,-9223372036854775808(don't care))  --> Return Value: 5940.0
(5581.0f,0.0f,-9223372036854775808(don't care))  --> Return Value: 5581.0
(0.0f,5221.0f,-9223372036854775808(don't care))  --> Return Value: -8.84E-322
(0.0f,5580.0f,-9223372036854775808(don't care))  --> Return Value: -8.9E-322
(6300.0f,0.0f,-9223372036854775808(don't care))  --> Return Value: 6300.0
(5941.0f,0.0f,-9223372036854775808(don't care))  --> Return Value: 5941.0
(0.0f,5581.0f,-9223372036854775808(don't care))  --> Return Value: -8.84E-322
(0.0f,5940.0f,-9223372036854775808(don't care))  --> Return Value: -8.9E-322
(6660.0f,0.0f,-9223372036854775808(don't care))  --> Return Value: 6660.0
(6301.0f,0.0f,-9223372036854775808(don't care))  --> Return Value: 6301.0
(0.0f,5941.0f,-9223372036854775808(don't care))  --> Return Value: -8.84E-322
(0.0f,6300.0f,-9223372036854775808(don't care))  --> Return Value: -8.9E-322
(7020.0f,0.0f,-9223372036854775808(don't care))  --> Return Value: 7020.0
(6661.0f,0.0f,-9223372036854775808(don't care))  --> Return Value: 6661.0
(0.0f,6301.0f,-9223372036854775808(don't care))  --> Return Value: -8.84E-322
(0.0f,6660.0f,-9223372036854775808(don't care))  --> Return Value: -8.9E-322
(7380.0f,0.0f,-9223372036854775808(don't care))  --> Return Value: 7380.0
(7021.0f,0.0f,-9223372036854775808(don't care))  --> Return Value: 7021.0
(0.0f,6661.0f,-9223372036854775808(don't care))  --> Return Value: -8.84E-322
(0.0f,7020.0f,-9223372036854775808(don't care))  --> Return Value: -8.9E-322
(7740.0f,0.0f,-9223372036854775808(don't care))  --> Return Value: 7740.0
(7381.0f,0.0f,-9223372036854775808(don't care))  --> Return Value: 7381.0
(0.0f,7021.0f,-9223372036854775808(don't care))  --> Return Value: -8.84E-322
(0.0f,7380.0f,-9223372036854775808(don't care))  --> Return Value: -8.9E-322
(8100.0f,0.0f,-9223372036854775808(don't care))  --> Return Value: 8100.0
(7741.0f,0.0f,-9223372036854775808(don't care))  --> Return Value: 7741.0
(0.0f,7381.0f,-9223372036854775808(don't care))  --> Return Value: -8.84E-322
(0.0f,7740.0f,-9223372036854775808(don't care))  --> Return Value: -8.9E-322
(8460.0f,0.0f,-9223372036854775808(don't care))  --> Return Value: 8460.0
(8101.0f,0.0f,-9223372036854775808(don't care))  --> Return Value: 8101.0
(0.0f,7741.0f,-9223372036854775808(don't care))  --> Return Value: -8.84E-322
(0.0f,8100.0f,-9223372036854775808(don't care))  --> Return Value: -8.9E-322
(8820.0f,0.0f,-9223372036854775808(don't care))  --> Return Value: 8820.0
(8461.0f,0.0f,-9223372036854775808(don't care))  --> Return Value: 8461.0
(0.0f,8101.0f,-9223372036854775808(don't care))  --> Return Value: -8.84E-322
(0.0f,8460.0f,-9223372036854775808(don't care))  --> Return Value: -8.9E-322
(9180.0f,0.0f,-9223372036854775808(don't care))  --> Return Value: 9180.0
(8821.0f,0.0f,-9223372036854775808(don't care))  --> Return Value: 8821.0
(0.0f,8461.0f,-9223372036854775808(don't care))  --> Return Value: -8.84E-322
(0.0f,8820.0f,-9223372036854775808(don't care))  --> Return Value: -8.9E-322
(9540.0f,0.0f,-9223372036854775808(don't care))  --> Return Value: 9540.0
(9181.0f,0.0f,-9223372036854775808(don't care))  --> Return Value: 9181.0
(0.0f,8821.0f,-9223372036854775808(don't care))  --> Return Value: -8.84E-322
(0.0f,9180.0f,-9223372036854775808(don't care))  --> Return Value: -8.9E-322
(9900.0f,0.0f,-9223372036854775808(don't care))  --> Return Value: 9900.0
(9541.0f,0.0f,-9223372036854775808(don't care))  --> Return Value: 9541.0
(0.0f,9181.0f,-9223372036854775808(don't care))  --> Return Value: -8.84E-322
(0.0f,9540.0f,-9223372036854775808(don't care))  --> Return Value: -8.9E-322
(10260.0f,0.0f,-9223372036854775808(don't care))  --> Return Value: 10260.0
(9901.0f,0.0f,-9223372036854775808(don't care))  --> Return Value: 9901.0
(0.0f,9541.0f,-9223372036854775808(don't care))  --> Return Value: -8.84E-322
(0.0f,9900.0f,-9223372036854775808(don't care))  --> Return Value: -8.9E-322
(10620.0f,0.0f,-9223372036854775808(don't care))  --> Return Value: 10620.0
(10261.0f,0.0f,-9223372036854775808(don't care))  --> Return Value: 10261.0
(0.0f,9901.0f,-9223372036854775808(don't care))  --> Return Value: -8.84E-322
(0.0f,10260.0f,-9223372036854775808(don't care))  --> Return Value: -8.9E-322
(10980.0f,0.0f,-9223372036854775808(don't care))  --> Return Value: 10980.0
(10621.0f,0.0f,-9223372036854775808(don't care))  --> Return Value: 10621.0
(0.0f,10261.0f,-9223372036854775808(don't care))  --> Return Value: -8.84E-322
(0.0f,10620.0f,-9223372036854775808(don't care))  --> Return Value: -8.9E-322
(11340.0f,0.0f,-9223372036854775808(don't care))  --> Return Value: 11340.0
(10981.0f,0.0f,-9223372036854775808(don't care))  --> Return Value: 10981.0
(0.0f,10621.0f,-9223372036854775808(don't care))  --> Return Value: -8.84E-322
(0.0f,10980.0f,-9223372036854775808(don't care))  --> Return Value: -8.9E-322
(11700.0f,0.0f,-9223372036854775808(don't care))  --> Return Value: 11700.0
(11341.0f,0.0f,-9223372036854775808(don't care))  --> Return Value: 11341.0
(0.0f,10981.0f,-9223372036854775808(don't care))  --> Return Value: -8.84E-322
(0.0f,11340.0f,-9223372036854775808(don't care))  --> Return Value: -8.9E-322
(12060.0f,0.0f,-9223372036854775808(don't care))  --> Return Value: 12060.0
(11701.0f,0.0f,-9223372036854775808(don't care))  --> Return Value: 11701.0
(0.0f,11341.0f,-9223372036854775808(don't care))  --> Return Value: -8.84E-322
(0.0f,11700.0f,-9223372036854775808(don't care))  --> Return Value: -8.9E-322
(12420.0f,0.0f,-9223372036854775808(don't care))  --> Return Value: 12420.0
(12061.0f,0.0f,-9223372036854775808(don't care))  --> Return Value: 12061.0
(0.0f,11701.0f,-9223372036854775808(don't care))  --> Return Value: -8.84E-322
(0.0f,12060.0f,-9223372036854775808(don't care))  --> Return Value: -8.9E-322
(12780.0f,0.0f,-9223372036854775808(don't care))  --> Return Value: 12780.0
(12421.0f,0.0f,-9223372036854775808(don't care))  --> Return Value: 12421.0
(0.0f,12061.0f,-9223372036854775808(don't care))  --> Return Value: -8.84E-322
(0.0f,12420.0f,-9223372036854775808(don't care))  --> Return Value: -8.9E-322
(13140.0f,0.0f,-9223372036854775808(don't care))  --> Return Value: 13140.0
(12781.0f,0.0f,-9223372036854775808(don't care))  --> Return Value: 12781.0
(0.0f,12421.0f,-9223372036854775808(don't care))  --> Return Value: -8.84E-322
(0.0f,12780.0f,-9223372036854775808(don't care))  --> Return Value: -8.9E-322
(13500.0f,0.0f,-9223372036854775808(don't care))  --> Return Value: 13500.0
(13141.0f,0.0f,-9223372036854775808(don't care))  --> Return Value: 13141.0
(0.0f,12781.0f,-9223372036854775808(don't care))  --> Return Value: -8.84E-322
(0.0f,13140.0f,-9223372036854775808(don't care))  --> Return Value: -8.9E-322
(13860.0f,0.0f,-9223372036854775808(don't care))  --> Return Value: 13860.0
(13501.0f,0.0f,-9223372036854775808(don't care))  --> Return Value: 13501.0
(0.0f,13141.0f,-9223372036854775808(don't care))  --> Return Value: -8.84E-322
(0.0f,13500.0f,-9223372036854775808(don't care))  --> Return Value: -8.9E-322
(14220.0f,0.0f,-9223372036854775808(don't care))  --> Return Value: 14220.0
(13861.0f,0.0f,-9223372036854775808(don't care))  --> Return Value: 13861.0
(0.0f,13501.0f,-9223372036854775808(don't care))  --> Return Value: -8.84E-322
(0.0f,13860.0f,-9223372036854775808(don't care))  --> Return Value: -8.9E-322
(14580.0f,0.0f,-9223372036854775808(don't care))  --> Return Value: 14580.0
(14221.0f,0.0f,-9223372036854775808(don't care))  --> Return Value: 14221.0
(0.0f,13861.0f,-9223372036854775808(don't care))  --> Return Value: -8.84E-322
(0.0f,14220.0f,-9223372036854775808(don't care))  --> Return Value: -8.9E-322
(14940.0f,0.0f,-9223372036854775808(don't care))  --> Return Value: 14940.0
(14581.0f,0.0f,-9223372036854775808(don't care))  --> Return Value: 14581.0
(0.0f,14221.0f,-9223372036854775808(don't care))  --> Return Value: -8.84E-322
(0.0f,14580.0f,-9223372036854775808(don't care))  --> Return Value: -8.9E-322
(15300.0f,0.0f,-9223372036854775808(don't care))  --> Return Value: 15300.0
(14941.0f,0.0f,-9223372036854775808(don't care))  --> Return Value: 14941.0
(0.0f,14581.0f,-9223372036854775808(don't care))  --> Return Value: -8.84E-322
(0.0f,14940.0f,-9223372036854775808(don't care))  --> Return Value: -8.9E-322
(15660.0f,0.0f,-9223372036854775808(don't care))  --> Return Value: 15660.0
(15301.0f,0.0f,-9223372036854775808(don't care))  --> Return Value: 15301.0
(0.0f,14941.0f,-9223372036854775808(don't care))  --> Return Value: -8.84E-322
(0.0f,15300.0f,-9223372036854775808(don't care))  --> Return Value: -8.9E-322
(16020.0f,0.0f,-9223372036854775808(don't care))  --> Return Value: 16020.0
(15661.0f,0.0f,-9223372036854775808(don't care))  --> Return Value: 15661.0
(0.0f,15301.0f,-9223372036854775808(don't care))  --> Return Value: -8.84E-322
(0.0f,15660.0f,-9223372036854775808(don't care))  --> Return Value: -8.9E-322
(16380.0f,0.0f,-9223372036854775808(don't care))  --> Return Value: 16380.0
(16021.0f,0.0f,-9223372036854775808(don't care))  --> Return Value: 16021.0
(0.0f,15661.0f,-9223372036854775808(don't care))  --> Return Value: -8.84E-322
(0.0f,16020.0f,-9223372036854775808(don't care))  --> Return Value: -8.9E-322
(16740.0f,0.0f,-9223372036854775808(don't care))  --> Return Value: 16740.0
(16381.0f,0.0f,-9223372036854775808(don't care))  --> Return Value: 16381.0
(0.0f,16021.0f,-9223372036854775808(don't care))  --> Return Value: -8.84E-322
(0.0f,16380.0f,-9223372036854775808(don't care))  --> Return Value: -8.9E-322
(17100.0f,0.0f,-9223372036854775808(don't care))  --> Return Value: 17100.0
(16741.0f,0.0f,-9223372036854775808(don't care))  --> Return Value: 16741.0
(0.0f,16381.0f,-9223372036854775808(don't care))  --> Return Value: -8.84E-322
(0.0f,16740.0f,-9223372036854775808(don't care))  --> Return Value: -8.9E-322
(17460.0f,0.0f,-9223372036854775808(don't care))  --> Return Value: 17460.0
(17101.0f,0.0f,-9223372036854775808(don't care))  --> Return Value: 17101.0
(0.0f,16741.0f,-9223372036854775808(don't care))  --> Return Value: -8.84E-322
(0.0f,17100.0f,-9223372036854775808(don't care))  --> Return Value: -8.9E-322
(17820.0f,0.0f,-9223372036854775808(don't care))  --> Return Value: 17820.0
(17461.0f,0.0f,-9223372036854775808(don't care))  --> Return Value: 17461.0
(0.0f,17101.0f,-9223372036854775808(don't care))  --> Return Value: -8.84E-322
(0.0f,17460.0f,-9223372036854775808(don't care))  --> Return Value: -8.9E-322
(18180.0f,0.0f,-9223372036854775808(don't care))  --> Return Value: 18180.0
(17821.0f,0.0f,-9223372036854775808(don't care))  --> Return Value: 17821.0
(0.0f,17461.0f,-9223372036854775808(don't care))  --> Return Value: -8.84E-322
(0.0f,17820.0f,-9223372036854775808(don't care))  --> Return Value: -8.9E-322
(18540.0f,0.0f,-9223372036854775808(don't care))  --> Return Value: 18540.0
(18181.0f,0.0f,-9223372036854775808(don't care))  --> Return Value: 18181.0
(0.0f,17821.0f,-9223372036854775808(don't care))  --> Return Value: -8.84E-322
(0.0f,18180.0f,-9223372036854775808(don't care))  --> Return Value: -8.9E-322
(18900.0f,0.0f,-9223372036854775808(don't care))  --> Return Value: 18900.0
(18541.0f,0.0f,-9223372036854775808(don't care))  --> Return Value: 18541.0
(0.0f,18181.0f,-9223372036854775808(don't care))  --> Return Value: -8.84E-322
(0.0f,18540.0f,-9223372036854775808(don't care))  --> Return Value: -8.9E-322
(19260.0f,0.0f,-9223372036854775808(don't care))  --> Return Value: 19260.0
(18901.0f,0.0f,-9223372036854775808(don't care))  --> Return Value: 18901.0
(0.0f,18541.0f,-9223372036854775808(don't care))  --> Return Value: -8.84E-322
(0.0f,18900.0f,-9223372036854775808(don't care))  --> Return Value: -8.9E-322
(19620.0f,0.0f,-9223372036854775808(don't care))  --> Return Value: 19620.0
(19261.0f,0.0f,-9223372036854775808(don't care))  --> Return Value: 19261.0
(0.0f,18901.0f,-9223372036854775808(don't care))  --> Return Value: -8.84E-322
(0.0f,19260.0f,-9223372036854775808(don't care))  --> Return Value: -8.9E-322
(19980.0f,0.0f,-9223372036854775808(don't care))  --> Return Value: 19980.0
(19621.0f,0.0f,-9223372036854775808(don't care))  --> Return Value: 19621.0
(0.0f,19261.0f,-9223372036854775808(don't care))  --> Return Value: -8.84E-322
(0.0f,19620.0f,-9223372036854775808(don't care))  --> Return Value: -8.9E-322
(20340.0f,0.0f,-9223372036854775808(don't care))  --> Return Value: 20340.0
(19981.0f,0.0f,-9223372036854775808(don't care))  --> Return Value: 19981.0
(0.0f,19621.0f,-9223372036854775808(don't care))  --> Return Value: -8.84E-322
(0.0f,19980.0f,-9223372036854775808(don't care))  --> Return Value: -8.9E-322
(20700.0f,0.0f,-9223372036854775808(don't care))  --> Return Value: 20700.0
(20341.0f,0.0f,-9223372036854775808(don't care))  --> Return Value: 20341.0
(0.0f,19981.0f,-9223372036854775808(don't care))  --> Return Value: -8.84E-322
(0.0f,20340.0f,-9223372036854775808(don't care))  --> Return Value: -8.9E-322
(21060.0f,0.0f,-9223372036854775808(don't care))  --> Return Value: 21060.0
(20701.0f,0.0f,-9223372036854775808(don't care))  --> Return Value: 20701.0
(0.0f,20341.0f,-9223372036854775808(don't care))  --> Return Value: -8.84E-322
(0.0f,20700.0f,-9223372036854775808(don't care))  --> Return Value: -8.9E-322
(21420.0f,0.0f,-9223372036854775808(don't care))  --> Return Value: 21420.0
(21061.0f,0.0f,-9223372036854775808(don't care))  --> Return Value: 21061.0
(0.0f,20701.0f,-9223372036854775808(don't care))  --> Return Value: -8.84E-322
(0.0f,21060.0f,-9223372036854775808(don't care))  --> Return Value: -8.9E-322
(21780.0f,0.0f,-9223372036854775808(don't care))  --> Return Value: 21780.0
(21421.0f,0.0f,-9223372036854775808(don't care))  --> Return Value: 21421.0
(0.0f,21061.0f,-9223372036854775808(don't care))  --> Return Value: -8.84E-322
(0.0f,21420.0f,-9223372036854775808(don't care))  --> Return Value: -8.9E-322
(22140.0f,0.0f,-9223372036854775808(don't care))  --> Return Value: 22140.0
(21781.0f,0.0f,-9223372036854775808(don't care))  --> Return Value: 21781.0
(0.0f,21421.0f,-9223372036854775808(don't care))  --> Return Value: -8.84E-322
(0.0f,21780.0f,-9223372036854775808(don't care))  --> Return Value: -8.9E-322
(22500.0f,0.0f,-9223372036854775808(don't care))  --> Return Value: 22500.0
(22141.0f,0.0f,-9223372036854775808(don't care))  --> Return Value: 22141.0
(0.0f,21781.0f,-9223372036854775808(don't care))  --> Return Value: -8.84E-322
(0.0f,22140.0f,-9223372036854775808(don't care))  --> Return Value: -8.9E-322
(22860.0f,0.0f,-9223372036854775808(don't care))  --> Return Value: 22860.0
(22501.0f,0.0f,-9223372036854775808(don't care))  --> Return Value: 22501.0
(0.0f,22141.0f,-9223372036854775808(don't care))  --> Return Value: -8.84E-322
(0.0f,22500.0f,-9223372036854775808(don't care))  --> Return Value: -8.9E-322
(23220.0f,0.0f,-9223372036854775808(don't care))  --> Return Value: 23220.0
(22861.0f,0.0f,-9223372036854775808(don't care))  --> Return Value: 22861.0
(0.0f,22501.0f,-9223372036854775808(don't care))  --> Return Value: -8.84E-322
(0.0f,22860.0f,-9223372036854775808(don't care))  --> Return Value: -8.9E-322
(23580.0f,0.0f,-9223372036854775808(don't care))  --> Return Value: 23580.0
(23221.0f,0.0f,-9223372036854775808(don't care))  --> Return Value: 23221.0
(0.0f,22861.0f,-9223372036854775808(don't care))  --> Return Value: -8.84E-322
(0.0f,23220.0f,-9223372036854775808(don't care))  --> Return Value: -8.9E-322
(23940.0f,0.0f,-9223372036854775808(don't care))  --> Return Value: 23940.0
(23581.0f,0.0f,-9223372036854775808(don't care))  --> Return Value: 23581.0
(0.0f,23221.0f,-9223372036854775808(don't care))  --> Return Value: -8.84E-322
(0.0f,23580.0f,-9223372036854775808(don't care))  --> Return Value: -8.9E-322
(24300.0f,0.0f,-9223372036854775808(don't care))  --> Return Value: 24300.0
(23941.0f,0.0f,-9223372036854775808(don't care))  --> Return Value: 23941.0
(0.0f,23581.0f,-9223372036854775808(don't care))  --> Return Value: -8.84E-322
(0.0f,23940.0f,-9223372036854775808(don't care))  --> Return Value: -8.9E-322
(24660.0f,0.0f,-9223372036854775808(don't care))  --> Return Value: 24660.0
(24301.0f,0.0f,-9223372036854775808(don't care))  --> Return Value: 24301.0
(0.0f,23941.0f,-9223372036854775808(don't care))  --> Return Value: -8.84E-322
(0.0f,24300.0f,-9223372036854775808(don't care))  --> Return Value: -8.9E-322
(25020.0f,0.0f,-9223372036854775808(don't care))  --> Return Value: 25020.0
(24661.0f,0.0f,-9223372036854775808(don't care))  --> Return Value: 24661.0
(0.0f,24301.0f,-9223372036854775808(don't care))  --> Return Value: -8.84E-322
(0.0f,24660.0f,-9223372036854775808(don't care))  --> Return Value: -8.9E-322
(25380.0f,0.0f,-9223372036854775808(don't care))  --> Return Value: 25380.0
(25021.0f,0.0f,-9223372036854775808(don't care))  --> Return Value: 25021.0
(0.0f,24661.0f,-9223372036854775808(don't care))  --> Return Value: -8.84E-322
(0.0f,25020.0f,-9223372036854775808(don't care))  --> Return Value: -8.9E-322
(25740.0f,0.0f,-9223372036854775808(don't care))  --> Return Value: 25740.0
(25381.0f,0.0f,-9223372036854775808(don't care))  --> Return Value: 25381.0
(0.0f,25021.0f,-9223372036854775808(don't care))  --> Return Value: -8.84E-322
(0.0f,25380.0f,-9223372036854775808(don't care))  --> Return Value: -8.9E-322
(26100.0f,0.0f,-9223372036854775808(don't care))  --> Return Value: 26100.0
(25741.0f,0.0f,-9223372036854775808(don't care))  --> Return Value: 25741.0
(0.0f,25381.0f,-9223372036854775808(don't care))  --> Return Value: -8.84E-322
(0.0f,25740.0f,-9223372036854775808(don't care))  --> Return Value: -8.9E-322
(26460.0f,0.0f,-9223372036854775808(don't care))  --> Return Value: 26460.0
(26101.0f,0.0f,-9223372036854775808(don't care))  --> Return Value: 26101.0
(0.0f,25741.0f,-9223372036854775808(don't care))  --> Return Value: -8.84E-322
(0.0f,26100.0f,-9223372036854775808(don't care))  --> Return Value: -8.9E-322
(26820.0f,0.0f,-9223372036854775808(don't care))  --> Return Value: 26820.0
(26461.0f,0.0f,-9223372036854775808(don't care))  --> Return Value: 26461.0
(0.0f,26101.0f,-9223372036854775808(don't care))  --> Return Value: -8.84E-322
(0.0f,26460.0f,-9223372036854775808(don't care))  --> Return Value: -8.9E-322
(27180.0f,0.0f,-9223372036854775808(don't care))  --> Return Value: 27180.0
(26821.0f,0.0f,-9223372036854775808(don't care))  --> Return Value: 26821.0
(0.0f,26461.0f,-9223372036854775808(don't care))  --> Return Value: -8.84E-322
(0.0f,26820.0f,-9223372036854775808(don't care))  --> Return Value: -8.9E-322
(27540.0f,0.0f,-9223372036854775808(don't care))  --> Return Value: 27540.0
(27181.0f,0.0f,-9223372036854775808(don't care))  --> Return Value: 27181.0
(0.0f,26821.0f,-9223372036854775808(don't care))  --> Return Value: -8.84E-322
(0.0f,27180.0f,-9223372036854775808(don't care))  --> Return Value: -8.9E-322
(27900.0f,0.0f,-9223372036854775808(don't care))  --> Return Value: 27900.0
(27541.0f,0.0f,-9223372036854775808(don't care))  --> Return Value: 27541.0
(0.0f,27181.0f,-9223372036854775808(don't care))  --> Return Value: -8.84E-322
(0.0f,27540.0f,-9223372036854775808(don't care))  --> Return Value: -8.9E-322
(28260.0f,0.0f,-9223372036854775808(don't care))  --> Return Value: 28260.0
(27901.0f,0.0f,-9223372036854775808(don't care))  --> Return Value: 27901.0
(0.0f,27541.0f,-9223372036854775808(don't care))  --> Return Value: -8.84E-322
(0.0f,27900.0f,-9223372036854775808(don't care))  --> Return Value: -8.9E-322
(28620.0f,0.0f,-9223372036854775808(don't care))  --> Return Value: 28620.0
(28261.0f,0.0f,-9223372036854775808(don't care))  --> Return Value: 28261.0
(0.0f,27901.0f,-9223372036854775808(don't care))  --> Return Value: -8.84E-322
(0.0f,28260.0f,-9223372036854775808(don't care))  --> Return Value: -8.9E-322
(28980.0f,0.0f,-9223372036854775808(don't care))  --> Return Value: 28980.0
(28621.0f,0.0f,-9223372036854775808(don't care))  --> Return Value: 28621.0
(0.0f,28261.0f,-9223372036854775808(don't care))  --> Return Value: -8.84E-322
(0.0f,28620.0f,-9223372036854775808(don't care))  --> Return Value: -8.9E-322
(29340.0f,0.0f,-9223372036854775808(don't care))  --> Return Value: 29340.0
(28981.0f,0.0f,-9223372036854775808(don't care))  --> Return Value: 28981.0
(0.0f,28621.0f,-9223372036854775808(don't care))  --> Return Value: -8.84E-322
(0.0f,28980.0f,-9223372036854775808(don't care))  --> Return Value: -8.9E-322
(29700.0f,0.0f,-9223372036854775808(don't care))  --> Return Value: 29700.0
(29341.0f,0.0f,-9223372036854775808(don't care))  --> Return Value: 29341.0
(0.0f,28981.0f,-9223372036854775808(don't care))  --> Return Value: -8.84E-322
(0.0f,29340.0f,-9223372036854775808(don't care))  --> Return Value: -8.9E-322
(30060.0f,0.0f,-9223372036854775808(don't care))  --> Return Value: 30060.0
(29701.0f,0.0f,-9223372036854775808(don't care))  --> Return Value: 29701.0
(0.0f,29341.0f,-9223372036854775808(don't care))  --> Return Value: -8.84E-322
(0.0f,29700.0f,-9223372036854775808(don't care))  --> Return Value: -8.9E-322
(30420.0f,0.0f,-9223372036854775808(don't care))  --> Return Value: 30420.0
(30061.0f,0.0f,-9223372036854775808(don't care))  --> Return Value: 30061.0
(0.0f,29701.0f,-9223372036854775808(don't care))  --> Return Value: -8.84E-322
(0.0f,30060.0f,-9223372036854775808(don't care))  --> Return Value: -8.9E-322
(30780.0f,0.0f,-9223372036854775808(don't care))  --> Return Value: 30780.0
(30421.0f,0.0f,-9223372036854775808(don't care))  --> Return Value: 30421.0
(0.0f,30061.0f,-9223372036854775808(don't care))  --> Return Value: -8.84E-322
(0.0f,30420.0f,-9223372036854775808(don't care))  --> Return Value: -8.9E-322
(31140.0f,0.0f,-9223372036854775808(don't care))  --> Return Value: 31140.0
(30781.0f,0.0f,-9223372036854775808(don't care))  --> Return Value: 30781.0
(0.0f,30421.0f,-9223372036854775808(don't care))  --> Return Value: -8.84E-322
(0.0f,30780.0f,-9223372036854775808(don't care))  --> Return Value: -8.9E-322
(31500.0f,0.0f,-9223372036854775808(don't care))  --> Return Value: 31500.0
(31141.0f,0.0f,-9223372036854775808(don't care))  --> Return Value: 31141.0
(0.0f,30781.0f,-9223372036854775808(don't care))  --> Return Value: -8.84E-322
(0.0f,31140.0f,-9223372036854775808(don't care))  --> Return Value: -8.9E-322
(31860.0f,0.0f,-9223372036854775808(don't care))  --> Return Value: 31860.0
(31501.0f,0.0f,-9223372036854775808(don't care))  --> Return Value: 31501.0
(0.0f,31141.0f,-9223372036854775808(don't care))  --> Return Value: -8.84E-322
(0.0f,31500.0f,-9223372036854775808(don't care))  --> Return Value: -8.9E-322
(32220.0f,0.0f,-9223372036854775808(don't care))  --> Return Value: 32220.0
(31861.0f,0.0f,-9223372036854775808(don't care))  --> Return Value: 31861.0
(0.0f,31501.0f,-9223372036854775808(don't care))  --> Return Value: -8.84E-322
(0.0f,31860.0f,-9223372036854775808(don't care))  --> Return Value: -8.9E-322
(32580.0f,0.0f,-9223372036854775808(don't care))  --> Return Value: 32580.0
(32221.0f,0.0f,-9223372036854775808(don't care))  --> Return Value: 32221.0
(0.0f,31861.0f,-9223372036854775808(don't care))  --> Return Value: -8.84E-322
(0.0f,32220.0f,-9223372036854775808(don't care))  --> Return Value: -8.9E-322
(32940.0f,0.0f,-9223372036854775808(don't care))  --> Return Value: 32940.0
(32581.0f,0.0f,-9223372036854775808(don't care))  --> Return Value: 32581.0
(0.0f,32221.0f,-9223372036854775808(don't care))  --> Return Value: -8.84E-322
(0.0f,32580.0f,-9223372036854775808(don't care))  --> Return Value: -8.9E-322
(33300.0f,0.0f,-9223372036854775808(don't care))  --> Return Value: 33300.0
(32941.0f,0.0f,-9223372036854775808(don't care))  --> Return Value: 32941.0
(0.0f,32581.0f,-9223372036854775808(don't care))  --> Return Value: -8.84E-322
(0.0f,32940.0f,-9223372036854775808(don't care))  --> Return Value: -8.9E-322
(33660.0f,0.0f,-9223372036854775808(don't care))  --> Return Value: 33660.0
(33301.0f,0.0f,-9223372036854775808(don't care))  --> Return Value: 33301.0
(0.0f,32941.0f,-9223372036854775808(don't care))  --> Return Value: -8.84E-322
(0.0f,33300.0f,-9223372036854775808(don't care))  --> Return Value: -8.9E-322
(34020.0f,0.0f,-9223372036854775808(don't care))  --> Return Value: 34020.0
(33661.0f,0.0f,-9223372036854775808(don't care))  --> Return Value: 33661.0
(0.0f,33301.0f,-9223372036854775808(don't care))  --> Return Value: -8.84E-322
(0.0f,33660.0f,-9223372036854775808(don't care))  --> Return Value: -8.9E-322
(34380.0f,0.0f,-9223372036854775808(don't care))  --> Return Value: 34380.0
(34021.0f,0.0f,-9223372036854775808(don't care))  --> Return Value: 34021.0
(0.0f,33661.0f,-9223372036854775808(don't care))  --> Return Value: -8.84E-322
(0.0f,34020.0f,-9223372036854775808(don't care))  --> Return Value: -8.9E-322
(34740.0f,0.0f,-9223372036854775808(don't care))  --> Return Value: 34740.0
(34381.0f,0.0f,-9223372036854775808(don't care))  --> Return Value: 34381.0
(0.0f,34021.0f,-9223372036854775808(don't care))  --> Return Value: -8.84E-322
(0.0f,34380.0f,-9223372036854775808(don't care))  --> Return Value: -8.9E-322
(35100.0f,0.0f,-9223372036854775808(don't care))  --> Return Value: 35100.0
(34741.0f,0.0f,-9223372036854775808(don't care))  --> Return Value: 34741.0
(0.0f,34381.0f,-9223372036854775808(don't care))  --> Return Value: -8.84E-322
(0.0f,34740.0f,-9223372036854775808(don't care))  --> Return Value: -8.9E-322
(35460.0f,0.0f,-9223372036854775808(don't care))  --> Return Value: 35460.0
(35101.0f,0.0f,-9223372036854775808(don't care))  --> Return Value: 35101.0
(0.0f,34741.0f,-9223372036854775808(don't care))  --> Return Value: -8.84E-322
(0.0f,35100.0f,-9223372036854775808(don't care))  --> Return Value: -8.9E-322
(35820.0f,0.0f,-9223372036854775808(don't care))  --> Return Value: 35820.0
(35461.0f,0.0f,-9223372036854775808(don't care))  --> Return Value: 35461.0
(0.0f,35101.0f,-9223372036854775808(don't care))  --> Return Value: -8.84E-322
(0.0f,35460.0f,-9223372036854775808(don't care))  --> Return Value: -8.9E-322
(36180.0f,0.0f,-9223372036854775808(don't care))  --> Return Value: 36180.0
(35821.0f,0.0f,-9223372036854775808(don't care))  --> Return Value: 35821.0
(0.0f,35461.0f,-9223372036854775808(don't care))  --> Return Value: -8.84E-322
(0.0f,35820.0f,-9223372036854775808(don't care))  --> Return Value: -8.9E-322
(36540.0f,0.0f,-9223372036854775808(don't care))  --> Return Value: 36540.0
(36181.0f,0.0f,-9223372036854775808(don't care))  --> Return Value: 36181.0
(0.0f,35821.0f,-9223372036854775808(don't care))  --> Return Value: -8.84E-322
(0.0f,36180.0f,-9223372036854775808(don't care))  --> Return Value: -8.9E-322
(36900.0f,0.0f,-9223372036854775808(don't care))  --> Return Value: 36900.0
(36541.0f,0.0f,-9223372036854775808(don't care))  --> Return Value: 36541.0
(0.0f,36181.0f,-9223372036854775808(don't care))  --> Return Value: -8.84E-322
(0.0f,36540.0f,-9223372036854775808(don't care))  --> Return Value: -8.9E-322
(37260.0f,0.0f,-9223372036854775808(don't care))  --> Return Value: 37260.0
(36901.0f,0.0f,-9223372036854775808(don't care))  --> Return Value: 36901.0
(0.0f,36541.0f,-9223372036854775808(don't care))  --> Return Value: -8.84E-322
(0.0f,36900.0f,-9223372036854775808(don't care))  --> Return Value: -8.9E-322
(37620.0f,0.0f,-9223372036854775808(don't care))  --> Return Value: 37620.0
(37261.0f,0.0f,-9223372036854775808(don't care))  --> Return Value: 37261.0
(0.0f,36901.0f,-9223372036854775808(don't care))  --> Return Value: -8.84E-322
(0.0f,37260.0f,-9223372036854775808(don't care))  --> Return Value: -8.9E-322
(37980.0f,0.0f,-9223372036854775808(don't care))  --> Return Value: 37980.0
(37621.0f,0.0f,-9223372036854775808(don't care))  --> Return Value: 37621.0
(0.0f,37261.0f,-9223372036854775808(don't care))  --> Return Value: -8.84E-322
(0.0f,37620.0f,-9223372036854775808(don't care))  --> Return Value: -8.9E-322
(38340.0f,0.0f,-9223372036854775808(don't care))  --> Return Value: 38340.0
(37981.0f,0.0f,-9223372036854775808(don't care))  --> Return Value: 37981.0
(0.0f,37621.0f,-9223372036854775808(don't care))  --> Return Value: -8.84E-322
(0.0f,37980.0f,-9223372036854775808(don't care))  --> Return Value: -8.9E-322
(38700.0f,0.0f,-9223372036854775808(don't care))  --> Return Value: 38700.0
(38341.0f,0.0f,-9223372036854775808(don't care))  --> Return Value: 38341.0
(0.0f,37981.0f,-9223372036854775808(don't care))  --> Return Value: -8.84E-322
(0.0f,38340.0f,-9223372036854775808(don't care))  --> Return Value: -8.9E-322
(39060.0f,0.0f,-9223372036854775808(don't care))  --> Return Value: 39060.0
(38701.0f,0.0f,-9223372036854775808(don't care))  --> Return Value: 38701.0
(0.0f,38341.0f,-9223372036854775808(don't care))  --> Return Value: -8.84E-322
(0.0f,38700.0f,-9223372036854775808(don't care))  --> Return Value: -8.9E-322
(39420.0f,0.0f,-9223372036854775808(don't care))  --> Return Value: 39420.0
(39061.0f,0.0f,-9223372036854775808(don't care))  --> Return Value: 39061.0
(0.0f,38701.0f,-9223372036854775808(don't care))  --> Return Value: -8.84E-322
(0.0f,39060.0f,-9223372036854775808(don't care))  --> Return Value: -8.9E-322
(39780.0f,0.0f,-9223372036854775808(don't care))  --> Return Value: 39780.0
(39421.0f,0.0f,-9223372036854775808(don't care))  --> Return Value: 39421.0
(0.0f,39061.0f,-9223372036854775808(don't care))  --> Return Value: -8.84E-322
(0.0f,39420.0f,-9223372036854775808(don't care))  --> Return Value: -8.9E-322
(40140.0f,0.0f,-9223372036854775808(don't care))  --> Return Value: 40140.0
(39781.0f,0.0f,-9223372036854775808(don't care))  --> Return Value: 39781.0
(0.0f,39421.0f,-9223372036854775808(don't care))  --> Return Value: -8.84E-322
(0.0f,39780.0f,-9223372036854775808(don't care))  --> Return Value: -8.9E-322
(40500.0f,0.0f,-9223372036854775808(don't care))  --> Return Value: 40500.0
(40141.0f,0.0f,-9223372036854775808(don't care))  --> Return Value: 40141.0
(0.0f,39781.0f,-9223372036854775808(don't care))  --> Return Value: -8.84E-322
(0.0f,40140.0f,-9223372036854775808(don't care))  --> Return Value: -8.9E-322
(40860.0f,0.0f,-9223372036854775808(don't care))  --> Return Value: 40860.0
(40501.0f,0.0f,-9223372036854775808(don't care))  --> Return Value: 40501.0
(0.0f,40141.0f,-9223372036854775808(don't care))  --> Return Value: -8.84E-322
(0.0f,40500.0f,-9223372036854775808(don't care))  --> Return Value: -8.9E-322
(41220.0f,0.0f,-9223372036854775808(don't care))  --> Return Value: 41220.0
(40861.0f,0.0f,-9223372036854775808(don't care))  --> Return Value: 40861.0
(0.0f,40501.0f,-9223372036854775808(don't care))  --> Return Value: -8.84E-322
(0.0f,40860.0f,-9223372036854775808(don't care))  --> Return Value: -8.9E-322
(41580.0f,0.0f,-9223372036854775808(don't care))  --> Return Value: 41580.0
(41221.0f,0.0f,-9223372036854775808(don't care))  --> Return Value: 41221.0
(0.0f,40861.0f,-9223372036854775808(don't care))  --> Return Value: -8.84E-322
(0.0f,41220.0f,-9223372036854775808(don't care))  --> Return Value: -8.9E-322
(41940.0f,0.0f,-9223372036854775808(don't care))  --> Return Value: 41940.0
(41581.0f,0.0f,-9223372036854775808(don't care))  --> Return Value: 41581.0
(0.0f,41221.0f,-9223372036854775808(don't care))  --> Return Value: -8.84E-322
(0.0f,41580.0f,-9223372036854775808(don't care))  --> Return Value: -8.9E-322
(42300.0f,0.0f,-9223372036854775808(don't care))  --> Return Value: 42300.0
(41941.0f,0.0f,-9223372036854775808(don't care))  --> Return Value: 41941.0
(0.0f,41581.0f,-9223372036854775808(don't care))  --> Return Value: -8.84E-322
(0.0f,41940.0f,-9223372036854775808(don't care))  --> Return Value: -8.9E-322
(42660.0f,0.0f,-9223372036854775808(don't care))  --> Return Value: 42660.0
(42301.0f,0.0f,-9223372036854775808(don't care))  --> Return Value: 42301.0
(0.0f,41941.0f,-9223372036854775808(don't care))  --> Return Value: -8.84E-322
(0.0f,42300.0f,-9223372036854775808(don't care))  --> Return Value: -8.9E-322
(43020.0f,0.0f,-9223372036854775808(don't care))  --> Return Value: 43020.0
(42661.0f,0.0f,-9223372036854775808(don't care))  --> Return Value: 42661.0
(0.0f,42301.0f,-9223372036854775808(don't care))  --> Return Value: -8.84E-322
(0.0f,42660.0f,-9223372036854775808(don't care))  --> Return Value: -8.9E-322
(43380.0f,0.0f,-9223372036854775808(don't care))  --> Return Value: 43380.0
(43021.0f,0.0f,-9223372036854775808(don't care))  --> Return Value: 43021.0
(0.0f,42661.0f,-9223372036854775808(don't care))  --> Return Value: -8.84E-322
(0.0f,43020.0f,-9223372036854775808(don't care))  --> Return Value: -8.9E-322
(43740.0f,0.0f,-9223372036854775808(don't care))  --> Return Value: 43740.0
(43381.0f,0.0f,-9223372036854775808(don't care))  --> Return Value: 43381.0
(0.0f,43021.0f,-9223372036854775808(don't care))  --> Return Value: -8.84E-322
(0.0f,43380.0f,-9223372036854775808(don't care))  --> Return Value: -8.9E-322
(44100.0f,0.0f,-9223372036854775808(don't care))  --> Return Value: 44100.0
(43741.0f,0.0f,-9223372036854775808(don't care))  --> Return Value: 43741.0
(0.0f,43381.0f,-9223372036854775808(don't care))  --> Return Value: -8.84E-322
(0.0f,43740.0f,-9223372036854775808(don't care))  --> Return Value: -8.9E-322
(44460.0f,0.0f,-9223372036854775808(don't care))  --> Return Value: 44460.0
(44101.0f,0.0f,-9223372036854775808(don't care))  --> Return Value: 44101.0
(0.0f,43741.0f,-9223372036854775808(don't care))  --> Return Value: -8.84E-322
(0.0f,44100.0f,-9223372036854775808(don't care))  --> Return Value: -8.9E-322
(44820.0f,0.0f,-9223372036854775808(don't care))  --> Return Value: 44820.0
(44461.0f,0.0f,-9223372036854775808(don't care))  --> Return Value: 44461.0
(0.0f,44101.0f,-9223372036854775808(don't care))  --> Return Value: -8.84E-322
(0.0f,44460.0f,-9223372036854775808(don't care))  --> Return Value: -8.9E-322
(45180.0f,0.0f,-9223372036854775808(don't care))  --> Return Value: 45180.0
(44821.0f,0.0f,-9223372036854775808(don't care))  --> Return Value: 44821.0
(0.0f,44461.0f,-9223372036854775808(don't care))  --> Return Value: -8.84E-322
(0.0f,44820.0f,-9223372036854775808(don't care))  --> Return Value: -8.9E-322
(45540.0f,0.0f,-9223372036854775808(don't care))  --> Return Value: 45540.0
(45181.0f,0.0f,-9223372036854775808(don't care))  --> Return Value: 45181.0
(0.0f,44821.0f,-9223372036854775808(don't care))  --> Return Value: -8.84E-322
(0.0f,45180.0f,-9223372036854775808(don't care))  --> Return Value: -8.9E-322
(45900.0f,0.0f,-9223372036854775808(don't care))  --> Return Value: 45900.0
(45541.0f,0.0f,-9223372036854775808(don't care))  --> Return Value: 45541.0
(0.0f,45181.0f,-9223372036854775808(don't care))  --> Return Value: -8.84E-322
(0.0f,45540.0f,-9223372036854775808(don't care))  --> Return Value: -8.9E-322
(46260.0f,0.0f,-9223372036854775808(don't care))  --> Return Value: 46260.0
(45901.0f,0.0f,-9223372036854775808(don't care))  --> Return Value: 45901.0
(0.0f,45541.0f,-9223372036854775808(don't care))  --> Return Value: -8.84E-322
(0.0f,45900.0f,-9223372036854775808(don't care))  --> Return Value: -8.9E-322
(46620.0f,0.0f,-9223372036854775808(don't care))  --> Return Value: 46620.0
(46261.0f,0.0f,-9223372036854775808(don't care))  --> Return Value: 46261.0
(0.0f,45901.0f,-9223372036854775808(don't care))  --> Return Value: -8.84E-322
(0.0f,46260.0f,-9223372036854775808(don't care))  --> Return Value: -8.9E-322
(46980.0f,0.0f,-9223372036854775808(don't care))  --> Return Value: 46980.0
(46621.0f,0.0f,-9223372036854775808(don't care))  --> Return Value: 46621.0
(0.0f,46261.0f,-9223372036854775808(don't care))  --> Return Value: -8.84E-322
(0.0f,46620.0f,-9223372036854775808(don't care))  --> Return Value: -8.9E-322
(47340.0f,0.0f,-9223372036854775808(don't care))  --> Return Value: 47340.0
(46981.0f,0.0f,-9223372036854775808(don't care))  --> Return Value: 46981.0
(0.0f,46621.0f,-9223372036854775808(don't care))  --> Return Value: -8.84E-322
(0.0f,46980.0f,-9223372036854775808(don't care))  --> Return Value: -8.9E-322
(47700.0f,0.0f,-9223372036854775808(don't care))  --> Return Value: 47700.0
(47341.0f,0.0f,-9223372036854775808(don't care))  --> Return Value: 47341.0
(0.0f,46981.0f,-9223372036854775808(don't care))  --> Return Value: -8.84E-322
(0.0f,47340.0f,-9223372036854775808(don't care))  --> Return Value: -8.9E-322
(48060.0f,0.0f,-9223372036854775808(don't care))  --> Return Value: 48060.0
(47701.0f,0.0f,-9223372036854775808(don't care))  --> Return Value: 47701.0
(0.0f,47341.0f,-9223372036854775808(don't care))  --> Return Value: -8.84E-322
(0.0f,47700.0f,-9223372036854775808(don't care))  --> Return Value: -8.9E-322
(48420.0f,0.0f,-9223372036854775808(don't care))  --> Return Value: 48420.0
(48061.0f,0.0f,-9223372036854775808(don't care))  --> Return Value: 48061.0
(0.0f,47701.0f,-9223372036854775808(don't care))  --> Return Value: -8.84E-322
(0.0f,48060.0f,-9223372036854775808(don't care))  --> Return Value: -8.9E-322
(48780.0f,0.0f,-9223372036854775808(don't care))  --> Return Value: 48780.0
(48421.0f,0.0f,-9223372036854775808(don't care))  --> Return Value: 48421.0
(0.0f,48061.0f,-9223372036854775808(don't care))  --> Return Value: -8.84E-322
(0.0f,48420.0f,-9223372036854775808(don't care))  --> Return Value: -8.9E-322
(49140.0f,0.0f,-9223372036854775808(don't care))  --> Return Value: 49140.0
(48781.0f,0.0f,-9223372036854775808(don't care))  --> Return Value: 48781.0
(0.0f,48421.0f,-9223372036854775808(don't care))  --> Return Value: -8.84E-322
(0.0f,48780.0f,-9223372036854775808(don't care))  --> Return Value: -8.9E-322
(49500.0f,0.0f,-9223372036854775808(don't care))  --> Return Value: 49500.0
(49141.0f,0.0f,-9223372036854775808(don't care))  --> Return Value: 49141.0
(0.0f,48781.0f,-9223372036854775808(don't care))  --> Return Value: -8.84E-322
(0.0f,49140.0f,-9223372036854775808(don't care))  --> Return Value: -8.9E-322
(49860.0f,0.0f,-9223372036854775808(don't care))  --> Return Value: 49860.0
(49501.0f,0.0f,-9223372036854775808(don't care))  --> Return Value: 49501.0
(0.0f,49141.0f,-9223372036854775808(don't care))  --> Return Value: -8.84E-322
(0.0f,49500.0f,-9223372036854775808(don't care))  --> Return Value: -8.9E-322
(50220.0f,0.0f,-9223372036854775808(don't care))  --> Return Value: 50220.0
(49861.0f,0.0f,-9223372036854775808(don't care))  --> Return Value: 49861.0
(0.0f,49501.0f,-9223372036854775808(don't care))  --> Return Value: -8.84E-322
(0.0f,49860.0f,-9223372036854775808(don't care))  --> Return Value: -8.9E-322
(50580.0f,0.0f,-9223372036854775808(don't care))  --> Return Value: 50580.0
(50221.0f,0.0f,-9223372036854775808(don't care))  --> Return Value: 50221.0
(0.0f,49861.0f,-9223372036854775808(don't care))  --> Return Value: -8.84E-322
(0.0f,50220.0f,-9223372036854775808(don't care))  --> Return Value: -8.9E-322
(50940.0f,0.0f,-9223372036854775808(don't care))  --> Return Value: 50940.0
(50581.0f,0.0f,-9223372036854775808(don't care))  --> Return Value: 50581.0
(0.0f,50221.0f,-9223372036854775808(don't care))  --> Return Value: -8.84E-322
(0.0f,50580.0f,-9223372036854775808(don't care))  --> Return Value: -8.9E-322
(51300.0f,0.0f,-9223372036854775808(don't care))  --> Return Value: 51300.0
(50941.0f,0.0f,-9223372036854775808(don't care))  --> Return Value: 50941.0
(0.0f,50581.0f,-9223372036854775808(don't care))  --> Return Value: -8.84E-322
(0.0f,50940.0f,-9223372036854775808(don't care))  --> Return Value: -8.9E-322
(51660.0f,0.0f,-9223372036854775808(don't care))  --> Return Value: 51660.0
(51301.0f,0.0f,-9223372036854775808(don't care))  --> Return Value: 51301.0
(0.0f,50941.0f,-9223372036854775808(don't care))  --> Return Value: -8.84E-322
(0.0f,51300.0f,-9223372036854775808(don't care))  --> Return Value: -8.9E-322
(52020.0f,0.0f,-9223372036854775808(don't care))  --> Return Value: 52020.0
(51661.0f,0.0f,-9223372036854775808(don't care))  --> Return Value: 51661.0
(0.0f,51301.0f,-9223372036854775808(don't care))  --> Return Value: -8.84E-322
(0.0f,51660.0f,-9223372036854775808(don't care))  --> Return Value: -8.9E-322
(52380.0f,0.0f,-9223372036854775808(don't care))  --> Return Value: 52380.0
(52021.0f,0.0f,-9223372036854775808(don't care))  --> Return Value: 52021.0
(0.0f,51661.0f,-9223372036854775808(don't care))  --> Return Value: -8.84E-322
(0.0f,52020.0f,-9223372036854775808(don't care))  --> Return Value: -8.9E-322
(52740.0f,0.0f,-9223372036854775808(don't care))  --> Return Value: 52740.0
(52381.0f,0.0f,-9223372036854775808(don't care))  --> Return Value: 52381.0
(0.0f,52021.0f,-9223372036854775808(don't care))  --> Return Value: -8.84E-322
(0.0f,52380.0f,-9223372036854775808(don't care))  --> Return Value: -8.9E-322
(53100.0f,0.0f,-9223372036854775808(don't care))  --> Return Value: 53100.0
(52741.0f,0.0f,-9223372036854775808(don't care))  --> Return Value: 52741.0
(0.0f,52381.0f,-9223372036854775808(don't care))  --> Return Value: -8.84E-322
(0.0f,52740.0f,-9223372036854775808(don't care))  --> Return Value: -8.9E-322
(53460.0f,0.0f,-9223372036854775808(don't care))  --> Return Value: 53460.0
(53101.0f,0.0f,-9223372036854775808(don't care))  --> Return Value: 53101.0
(0.0f,52741.0f,-9223372036854775808(don't care))  --> Return Value: -8.84E-322
(0.0f,53100.0f,-9223372036854775808(don't care))  --> Return Value: -8.9E-322
(53820.0f,0.0f,-9223372036854775808(don't care))  --> Return Value: 53820.0
(53461.0f,0.0f,-9223372036854775808(don't care))  --> Return Value: 53461.0
(0.0f,53101.0f,-9223372036854775808(don't care))  --> Return Value: -8.84E-322
(0.0f,53460.0f,-9223372036854775808(don't care))  --> Return Value: -8.9E-322
(54180.0f,0.0f,-9223372036854775808(don't care))  --> Return Value: 54180.0
(53821.0f,0.0f,-9223372036854775808(don't care))  --> Return Value: 53821.0
(0.0f,53461.0f,-9223372036854775808(don't care))  --> Return Value: -8.84E-322
(0.0f,53820.0f,-9223372036854775808(don't care))  --> Return Value: -8.9E-322
(54540.0f,0.0f,-9223372036854775808(don't care))  --> Return Value: 54540.0
(54181.0f,0.0f,-9223372036854775808(don't care))  --> Return Value: 54181.0
(0.0f,53821.0f,-9223372036854775808(don't care))  --> Return Value: -8.84E-322
(0.0f,54180.0f,-9223372036854775808(don't care))  --> Return Value: -8.9E-322
(54900.0f,0.0f,-9223372036854775808(don't care))  --> Return Value: 54900.0
(54541.0f,0.0f,-9223372036854775808(don't care))  --> Return Value: 54541.0
(0.0f,54181.0f,-9223372036854775808(don't care))  --> Return Value: -8.84E-322
(0.0f,54540.0f,-9223372036854775808(don't care))  --> Return Value: -8.9E-322
(55260.0f,0.0f,-9223372036854775808(don't care))  --> Return Value: 55260.0
(54901.0f,0.0f,-9223372036854775808(don't care))  --> Return Value: 54901.0
(0.0f,54541.0f,-9223372036854775808(don't care))  --> Return Value: -8.84E-322
(0.0f,54900.0f,-9223372036854775808(don't care))  --> Return Value: -8.9E-322
(55620.0f,0.0f,-9223372036854775808(don't care))  --> Return Value: 55620.0
(55261.0f,0.0f,-9223372036854775808(don't care))  --> Return Value: 55261.0
(0.0f,54901.0f,-9223372036854775808(don't care))  --> Return Value: -8.84E-322
(0.0f,55260.0f,-9223372036854775808(don't care))  --> Return Value: -8.9E-322
(55980.0f,0.0f,-9223372036854775808(don't care))  --> Return Value: 55980.0
(55621.0f,0.0f,-9223372036854775808(don't care))  --> Return Value: 55621.0
(0.0f,55261.0f,-9223372036854775808(don't care))  --> Return Value: -8.84E-322
(0.0f,55620.0f,-9223372036854775808(don't care))  --> Return Value: -8.9E-322
(56340.0f,0.0f,-9223372036854775808(don't care))  --> Return Value: 56340.0
(55981.0f,0.0f,-9223372036854775808(don't care))  --> Return Value: 55981.0
(0.0f,55621.0f,-9223372036854775808(don't care))  --> Return Value: -8.84E-322
(0.0f,55980.0f,-9223372036854775808(don't care))  --> Return Value: -8.9E-322
(56700.0f,0.0f,-9223372036854775808(don't care))  --> Return Value: 56700.0
(56341.0f,0.0f,-9223372036854775808(don't care))  --> Return Value: 56341.0
(0.0f,55981.0f,-9223372036854775808(don't care))  --> Return Value: -8.84E-322
(0.0f,56340.0f,-9223372036854775808(don't care))  --> Return Value: -8.9E-322
(57060.0f,0.0f,-9223372036854775808(don't care))  --> Return Value: 57060.0
(56701.0f,0.0f,-9223372036854775808(don't care))  --> Return Value: 56701.0
(0.0f,56341.0f,-9223372036854775808(don't care))  --> Return Value: -8.84E-322
(0.0f,56700.0f,-9223372036854775808(don't care))  --> Return Value: -8.9E-322
(57420.0f,0.0f,-9223372036854775808(don't care))  --> Return Value: 57420.0
(57061.0f,0.0f,-9223372036854775808(don't care))  --> Return Value: 57061.0
(0.0f,56701.0f,-9223372036854775808(don't care))  --> Return Value: -8.84E-322
(0.0f,57060.0f,-9223372036854775808(don't care))  --> Return Value: -8.9E-322
(57780.0f,0.0f,-9223372036854775808(don't care))  --> Return Value: 57780.0
(57421.0f,0.0f,-9223372036854775808(don't care))  --> Return Value: 57421.0
(0.0f,57061.0f,-9223372036854775808(don't care))  --> Return Value: -8.84E-322
(0.0f,57420.0f,-9223372036854775808(don't care))  --> Return Value: -8.9E-322
(58140.0f,0.0f,-9223372036854775808(don't care))  --> Return Value: 58140.0
(57781.0f,0.0f,-9223372036854775808(don't care))  --> Return Value: 57781.0
(0.0f,57421.0f,-9223372036854775808(don't care))  --> Return Value: -8.84E-322
(0.0f,57780.0f,-9223372036854775808(don't care))  --> Return Value: -8.9E-322
(58500.0f,0.0f,-9223372036854775808(don't care))  --> Return Value: 58500.0
(58141.0f,0.0f,-9223372036854775808(don't care))  --> Return Value: 58141.0
(0.0f,57781.0f,-9223372036854775808(don't care))  --> Return Value: -8.84E-322
(0.0f,58140.0f,-9223372036854775808(don't care))  --> Return Value: -8.9E-322
(58860.0f,0.0f,-9223372036854775808(don't care))  --> Return Value: 58860.0
(58501.0f,0.0f,-9223372036854775808(don't care))  --> Return Value: 58501.0
(0.0f,58141.0f,-9223372036854775808(don't care))  --> Return Value: -8.84E-322
(0.0f,58500.0f,-9223372036854775808(don't care))  --> Return Value: -8.9E-322
(59220.0f,0.0f,-9223372036854775808(don't care))  --> Return Value: 59220.0
(58861.0f,0.0f,-9223372036854775808(don't care))  --> Return Value: 58861.0
(0.0f,58501.0f,-9223372036854775808(don't care))  --> Return Value: -8.84E-322
(0.0f,58860.0f,-9223372036854775808(don't care))  --> Return Value: -8.9E-322
(59580.0f,0.0f,-9223372036854775808(don't care))  --> Return Value: 59580.0
(59221.0f,0.0f,-9223372036854775808(don't care))  --> Return Value: 59221.0
(0.0f,58861.0f,-9223372036854775808(don't care))  --> Return Value: -8.84E-322
(0.0f,59220.0f,-9223372036854775808(don't care))  --> Return Value: -8.9E-322
(59940.0f,0.0f,-9223372036854775808(don't care))  --> Return Value: 59940.0
(59581.0f,0.0f,-9223372036854775808(don't care))  --> Return Value: 59581.0
(0.0f,59221.0f,-9223372036854775808(don't care))  --> Return Value: -8.84E-322
(0.0f,59580.0f,-9223372036854775808(don't care))  --> Return Value: -8.9E-322
(60300.0f,0.0f,-9223372036854775808(don't care))  --> Return Value: 60300.0
(59941.0f,0.0f,-9223372036854775808(don't care))  --> Return Value: 59941.0
(0.0f,59581.0f,-9223372036854775808(don't care))  --> Return Value: -8.84E-322
(0.0f,59940.0f,-9223372036854775808(don't care))  --> Return Value: -8.9E-322
(60660.0f,0.0f,-9223372036854775808(don't care))  --> Return Value: 60660.0
(60301.0f,0.0f,-9223372036854775808(don't care))  --> Return Value: 60301.0
(0.0f,59941.0f,-9223372036854775808(don't care))  --> Return Value: -8.84E-322
(0.0f,60300.0f,-9223372036854775808(don't care))  --> Return Value: -8.9E-322
(61020.0f,0.0f,-9223372036854775808(don't care))  --> Return Value: 61020.0
(60661.0f,0.0f,-9223372036854775808(don't care))  --> Return Value: 60661.0
(0.0f,60301.0f,-9223372036854775808(don't care))  --> Return Value: -8.84E-322
(0.0f,60660.0f,-9223372036854775808(don't care))  --> Return Value: -8.9E-322
(61380.0f,0.0f,-9223372036854775808(don't care))  --> Return Value: 61380.0
(61021.0f,0.0f,-9223372036854775808(don't care))  --> Return Value: 61021.0
(0.0f,60661.0f,-9223372036854775808(don't care))  --> Return Value: -8.84E-322
(0.0f,61020.0f,-9223372036854775808(don't care))  --> Return Value: -8.9E-322
(61740.0f,0.0f,-9223372036854775808(don't care))  --> Return Value: 61740.0
(61381.0f,0.0f,-9223372036854775808(don't care))  --> Return Value: 61381.0
(0.0f,61021.0f,-9223372036854775808(don't care))  --> Return Value: -8.84E-322
(0.0f,61380.0f,-9223372036854775808(don't care))  --> Return Value: -8.9E-322
(62100.0f,0.0f,-9223372036854775808(don't care))  --> Return Value: 62100.0
(61741.0f,0.0f,-9223372036854775808(don't care))  --> Return Value: 61741.0
(0.0f,61381.0f,-9223372036854775808(don't care))  --> Return Value: -8.84E-322
(0.0f,61740.0f,-9223372036854775808(don't care))  --> Return Value: -8.9E-322
(62460.0f,0.0f,-9223372036854775808(don't care))  --> Return Value: 62460.0
(62101.0f,0.0f,-9223372036854775808(don't care))  --> Return Value: 62101.0
(0.0f,61741.0f,-9223372036854775808(don't care))  --> Return Value: -8.84E-322
(0.0f,62100.0f,-9223372036854775808(don't care))  --> Return Value: -8.9E-322
(62820.0f,0.0f,-9223372036854775808(don't care))  --> Return Value: 62820.0
(62461.0f,0.0f,-9223372036854775808(don't care))  --> Return Value: 62461.0
(0.0f,62101.0f,-9223372036854775808(don't care))  --> Return Value: -8.84E-322
(0.0f,62460.0f,-9223372036854775808(don't care))  --> Return Value: -8.9E-322
(63180.0f,0.0f,-9223372036854775808(don't care))  --> Return Value: 63180.0
(62821.0f,0.0f,-9223372036854775808(don't care))  --> Return Value: 62821.0
(0.0f,62461.0f,-9223372036854775808(don't care))  --> Return Value: -8.84E-322
(0.0f,62820.0f,-9223372036854775808(don't care))  --> Return Value: -8.9E-322
(63540.0f,0.0f,-9223372036854775808(don't care))  --> Return Value: 63540.0
(63181.0f,0.0f,-9223372036854775808(don't care))  --> Return Value: 63181.0
(0.0f,62821.0f,-9223372036854775808(don't care))  --> Return Value: -8.84E-322
(0.0f,63180.0f,-9223372036854775808(don't care))  --> Return Value: -8.9E-322
(63900.0f,0.0f,-9223372036854775808(don't care))  --> Return Value: 63900.0
(63541.0f,0.0f,-9223372036854775808(don't care))  --> Return Value: 63541.0
(0.0f,63181.0f,-9223372036854775808(don't care))  --> Return Value: -8.84E-322
(0.0f,63540.0f,-9223372036854775808(don't care))  --> Return Value: -8.9E-322
(64260.0f,0.0f,-9223372036854775808(don't care))  --> Return Value: 64260.0
(63901.0f,0.0f,-9223372036854775808(don't care))  --> Return Value: 63901.0
(0.0f,63541.0f,-9223372036854775808(don't care))  --> Return Value: -8.84E-322
(0.0f,63900.0f,-9223372036854775808(don't care))  --> Return Value: -8.9E-322
(64620.0f,0.0f,-9223372036854775808(don't care))  --> Return Value: 64620.0
(64261.0f,0.0f,-9223372036854775808(don't care))  --> Return Value: 64261.0
(0.0f,63901.0f,-9223372036854775808(don't care))  --> Return Value: -8.84E-322
(0.0f,64260.0f,-9223372036854775808(don't care))  --> Return Value: -8.9E-322
(64980.0f,0.0f,-9223372036854775808(don't care))  --> Return Value: 64980.0
(64621.0f,0.0f,-9223372036854775808(don't care))  --> Return Value: 64621.0
(0.0f,64261.0f,-9223372036854775808(don't care))  --> Return Value: -8.84E-322
(0.0f,64620.0f,-9223372036854775808(don't care))  --> Return Value: -8.9E-322
(65340.0f,0.0f,-9223372036854775808(don't care))  --> Return Value: 65340.0
(64981.0f,0.0f,-9223372036854775808(don't care))  --> Return Value: 64981.0
(0.0f,64621.0f,-9223372036854775808(don't care))  --> Return Value: -8.84E-322
(0.0f,64980.0f,-9223372036854775808(don't care))  --> Return Value: -8.9E-322
(65700.0f,0.0f,-9223372036854775808(don't care))  --> Return Value: 65700.0
(65341.0f,0.0f,-9223372036854775808(don't care))  --> Return Value: 65341.0
(0.0f,64981.0f,-9223372036854775808(don't care))  --> Return Value: -8.84E-322
(0.0f,65340.0f,-9223372036854775808(don't care))  --> Return Value: -8.9E-322
(66060.0f,0.0f,-9223372036854775808(don't care))  --> Return Value: 66060.0
(65701.0f,0.0f,-9223372036854775808(don't care))  --> Return Value: 65701.0
(0.0f,65341.0f,-9223372036854775808(don't care))  --> Return Value: -8.84E-322
(0.0f,65700.0f,-9223372036854775808(don't care))  --> Return Value: -8.9E-322
(66420.0f,0.0f,-9223372036854775808(don't care))  --> Return Value: 66420.0
(66061.0f,0.0f,-9223372036854775808(don't care))  --> Return Value: 66061.0
(0.0f,65701.0f,-9223372036854775808(don't care))  --> Return Value: -8.84E-322
(0.0f,66060.0f,-9223372036854775808(don't care))  --> Return Value: -8.9E-322
(66780.0f,0.0f,-9223372036854775808(don't care))  --> Return Value: 66780.0
(66421.0f,0.0f,-9223372036854775808(don't care))  --> Return Value: 66421.0
(0.0f,66061.0f,-9223372036854775808(don't care))  --> Return Value: -8.84E-322
(0.0f,66420.0f,-9223372036854775808(don't care))  --> Return Value: -8.9E-322
(67140.0f,0.0f,-9223372036854775808(don't care))  --> Return Value: 67140.0
(66781.0f,0.0f,-9223372036854775808(don't care))  --> Return Value: 66781.0
(0.0f,66421.0f,-9223372036854775808(don't care))  --> Return Value: -8.84E-322
(0.0f,66780.0f,-9223372036854775808(don't care))  --> Return Value: -8.9E-322
(67500.0f,0.0f,-9223372036854775808(don't care))  --> Return Value: 67500.0
(67141.0f,0.0f,-9223372036854775808(don't care))  --> Return Value: 67141.0
(0.0f,66781.0f,-9223372036854775808(don't care))  --> Return Value: -8.84E-322
(0.0f,67140.0f,-9223372036854775808(don't care))  --> Return Value: -8.9E-322
(67860.0f,0.0f,-9223372036854775808(don't care))  --> Return Value: 67860.0
(67501.0f,0.0f,-9223372036854775808(don't care))  --> Return Value: 67501.0
(0.0f,67141.0f,-9223372036854775808(don't care))  --> Return Value: -8.84E-322
(0.0f,67500.0f,-9223372036854775808(don't care))  --> Return Value: -8.9E-322
(68220.0f,0.0f,-9223372036854775808(don't care))  --> Return Value: 68220.0
(67861.0f,0.0f,-9223372036854775808(don't care))  --> Return Value: 67861.0
(0.0f,67501.0f,-9223372036854775808(don't care))  --> Return Value: -8.84E-322
(0.0f,67860.0f,-9223372036854775808(don't care))  --> Return Value: -8.9E-322
(68580.0f,0.0f,-9223372036854775808(don't care))  --> Return Value: 68580.0
(68221.0f,0.0f,-9223372036854775808(don't care))  --> Return Value: 68221.0
(0.0f,67861.0f,-9223372036854775808(don't care))  --> Return Value: -8.84E-322
(0.0f,68220.0f,-9223372036854775808(don't care))  --> Return Value: -8.9E-322
(68940.0f,0.0f,-9223372036854775808(don't care))  --> Return Value: 68940.0
(68581.0f,0.0f,-9223372036854775808(don't care))  --> Return Value: 68581.0
(0.0f,68221.0f,-9223372036854775808(don't care))  --> Return Value: -8.84E-322
(0.0f,68580.0f,-9223372036854775808(don't care))  --> Return Value: -8.9E-322
(69300.0f,0.0f,-9223372036854775808(don't care))  --> Return Value: 69300.0
(68941.0f,0.0f,-9223372036854775808(don't care))  --> Return Value: 68941.0
(0.0f,68581.0f,-9223372036854775808(don't care))  --> Return Value: -8.84E-322
(0.0f,68940.0f,-9223372036854775808(don't care))  --> Return Value: -8.9E-322
(69660.0f,0.0f,-9223372036854775808(don't care))  --> Return Value: 69660.0
(69301.0f,0.0f,-9223372036854775808(don't care))  --> Return Value: 69301.0
(0.0f,68941.0f,-9223372036854775808(don't care))  --> Return Value: -8.84E-322
(0.0f,69300.0f,-9223372036854775808(don't care))  --> Return Value: -8.9E-322
(70020.0f,0.0f,-9223372036854775808(don't care))  --> Return Value: 70020.0
(69661.0f,0.0f,-9223372036854775808(don't care))  --> Return Value: 69661.0
(0.0f,69301.0f,-9223372036854775808(don't care))  --> Return Value: -8.84E-322
(0.0f,69660.0f,-9223372036854775808(don't care))  --> Return Value: -8.9E-322
(70380.0f,0.0f,-9223372036854775808(don't care))  --> Return Value: 70380.0
(70021.0f,0.0f,-9223372036854775808(don't care))  --> Return Value: 70021.0
(0.0f,69661.0f,-9223372036854775808(don't care))  --> Return Value: -8.84E-322
(0.0f,70020.0f,-9223372036854775808(don't care))  --> Return Value: -8.9E-322
(70740.0f,0.0f,-9223372036854775808(don't care))  --> Return Value: 70740.0
(70381.0f,0.0f,-9223372036854775808(don't care))  --> Return Value: 70381.0
(0.0f,70021.0f,-9223372036854775808(don't care))  --> Return Value: -8.84E-322
(0.0f,70380.0f,-9223372036854775808(don't care))  --> Return Value: -8.9E-322
(71100.0f,0.0f,-9223372036854775808(don't care))  --> Return Value: 71100.0
(70741.0f,0.0f,-9223372036854775808(don't care))  --> Return Value: 70741.0
(0.0f,70381.0f,-9223372036854775808(don't care))  --> Return Value: -8.84E-322
(0.0f,70740.0f,-9223372036854775808(don't care))  --> Return Value: -8.9E-322
(71460.0f,0.0f,-9223372036854775808(don't care))  --> Return Value: 71460.0
(71101.0f,0.0f,-9223372036854775808(don't care))  --> Return Value: 71101.0
(0.0f,70741.0f,-9223372036854775808(don't care))  --> Return Value: -8.84E-322
(0.0f,71100.0f,-9223372036854775808(don't care))  --> Return Value: -8.9E-322
(71820.0f,0.0f,-9223372036854775808(don't care))  --> Return Value: 71820.0
(71461.0f,0.0f,-9223372036854775808(don't care))  --> Return Value: 71461.0
(0.0f,71101.0f,-9223372036854775808(don't care))  --> Return Value: -8.84E-322
(0.0f,71460.0f,-9223372036854775808(don't care))  --> Return Value: -8.9E-322
(72180.0f,0.0f,-9223372036854775808(don't care))  --> Return Value: 72180.0
(71821.0f,0.0f,-9223372036854775808(don't care))  --> Return Value: 71821.0
(0.0f,71461.0f,-9223372036854775808(don't care))  --> Return Value: -8.84E-322
(0.0f,71820.0f,-9223372036854775808(don't care))  --> Return Value: -8.9E-322
(72540.0f,0.0f,-9223372036854775808(don't care))  --> Return Value: 72540.0
(72181.0f,0.0f,-9223372036854775808(don't care))  --> Return Value: 72181.0
(0.0f,71821.0f,-9223372036854775808(don't care))  --> Return Value: -8.84E-322
(0.0f,72180.0f,-9223372036854775808(don't care))  --> Return Value: -8.9E-322
(72900.0f,0.0f,-9223372036854775808(don't care))  --> Return Value: 72900.0
(72541.0f,0.0f,-9223372036854775808(don't care))  --> Return Value: 72541.0
(0.0f,72181.0f,-9223372036854775808(don't care))  --> Return Value: -8.84E-322
(0.0f,72540.0f,-9223372036854775808(don't care))  --> Return Value: -8.9E-322
(73260.0f,0.0f,-9223372036854775808(don't care))  --> Return Value: 73260.0
(72901.0f,0.0f,-9223372036854775808(don't care))  --> Return Value: 72901.0
(0.0f,72541.0f,-9223372036854775808(don't care))  --> Return Value: -8.84E-322
(0.0f,72900.0f,-9223372036854775808(don't care))  --> Return Value: -8.9E-322
(73620.0f,0.0f,-9223372036854775808(don't care))  --> Return Value: 73620.0
(73261.0f,0.0f,-9223372036854775808(don't care))  --> Return Value: 73261.0
(0.0f,72901.0f,-9223372036854775808(don't care))  --> Return Value: -8.84E-322
(0.0f,73260.0f,-9223372036854775808(don't care))  --> Return Value: -8.9E-322
(73980.0f,0.0f,-9223372036854775808(don't care))  --> Return Value: 73980.0
(73621.0f,0.0f,-9223372036854775808(don't care))  --> Return Value: 73621.0
(0.0f,73261.0f,-9223372036854775808(don't care))  --> Return Value: -8.84E-322
(0.0f,73620.0f,-9223372036854775808(don't care))  --> Return Value: -8.9E-322
(74340.0f,0.0f,-9223372036854775808(don't care))  --> Return Value: 74340.0
(73981.0f,0.0f,-9223372036854775808(don't care))  --> Return Value: 73981.0
(0.0f,73621.0f,-9223372036854775808(don't care))  --> Return Value: -8.84E-322
(0.0f,73980.0f,-9223372036854775808(don't care))  --> Return Value: -8.9E-322
(74700.0f,0.0f,-9223372036854775808(don't care))  --> Return Value: 74700.0
(74341.0f,0.0f,-9223372036854775808(don't care))  --> Return Value: 74341.0
(0.0f,73981.0f,-9223372036854775808(don't care))  --> Return Value: -8.84E-322
(0.0f,74340.0f,-9223372036854775808(don't care))  --> Return Value: -8.9E-322
(75060.0f,0.0f,-9223372036854775808(don't care))  --> Return Value: 75060.0
(74701.0f,0.0f,-9223372036854775808(don't care))  --> Return Value: 74701.0
(0.0f,74341.0f,-9223372036854775808(don't care))  --> Return Value: -8.84E-322
(0.0f,74700.0f,-9223372036854775808(don't care))  --> Return Value: -8.9E-322
(75420.0f,0.0f,-9223372036854775808(don't care))  --> Return Value: 75420.0
(75061.0f,0.0f,-9223372036854775808(don't care))  --> Return Value: 75061.0
(0.0f,74701.0f,-9223372036854775808(don't care))  --> Return Value: -8.84E-322
(0.0f,75060.0f,-9223372036854775808(don't care))  --> Return Value: -8.9E-322
(75780.0f,0.0f,-9223372036854775808(don't care))  --> Return Value: 75780.0
(75421.0f,0.0f,-9223372036854775808(don't care))  --> Return Value: 75421.0
(0.0f,75061.0f,-9223372036854775808(don't care))  --> Return Value: -8.84E-322
(0.0f,75420.0f,-9223372036854775808(don't care))  --> Return Value: -8.9E-322
(76140.0f,0.0f,-9223372036854775808(don't care))  --> Return Value: 76140.0
(75781.0f,0.0f,-9223372036854775808(don't care))  --> Return Value: 75781.0
(0.0f,75421.0f,-9223372036854775808(don't care))  --> Return Value: -8.84E-322
(0.0f,75780.0f,-9223372036854775808(don't care))  --> Return Value: -8.9E-322
(76500.0f,0.0f,-9223372036854775808(don't care))  --> Return Value: 76500.0
(76141.0f,0.0f,-9223372036854775808(don't care))  --> Return Value: 76141.0
(0.0f,75781.0f,-9223372036854775808(don't care))  --> Return Value: -8.84E-322
(0.0f,76140.0f,-9223372036854775808(don't care))  --> Return Value: -8.9E-322
(76860.0f,0.0f,-9223372036854775808(don't care))  --> Return Value: 76860.0
(76501.0f,0.0f,-9223372036854775808(don't care))  --> Return Value: 76501.0
(0.0f,76141.0f,-9223372036854775808(don't care))  --> Return Value: -8.84E-322
(0.0f,76500.0f,-9223372036854775808(don't care))  --> Return Value: -8.9E-322
(77220.0f,0.0f,-9223372036854775808(don't care))  --> Return Value: 77220.0
(76861.0f,0.0f,-9223372036854775808(don't care))  --> Return Value: 76861.0
(0.0f,76501.0f,-9223372036854775808(don't care))  --> Return Value: -8.84E-322
(0.0f,76860.0f,-9223372036854775808(don't care))  --> Return Value: -8.9E-322
(77580.0f,0.0f,-9223372036854775808(don't care))  --> Return Value: 77580.0
(77221.0f,0.0f,-9223372036854775808(don't care))  --> Return Value: 77221.0
(0.0f,76861.0f,-9223372036854775808(don't care))  --> Return Value: -8.84E-322
(0.0f,77220.0f,-9223372036854775808(don't care))  --> Return Value: -8.9E-322
(77940.0f,0.0f,-9223372036854775808(don't care))  --> Return Value: 77940.0
(77581.0f,0.0f,-9223372036854775808(don't care))  --> Return Value: 77581.0
(0.0f,77221.0f,-9223372036854775808(don't care))  --> Return Value: -8.84E-322
(0.0f,77580.0f,-9223372036854775808(don't care))  --> Return Value: -8.9E-322
(78300.0f,0.0f,-9223372036854775808(don't care))  --> Return Value: 78300.0
(77941.0f,0.0f,-9223372036854775808(don't care))  --> Return Value: 77941.0
(0.0f,77581.0f,-9223372036854775808(don't care))  --> Return Value: -8.84E-322
(0.0f,77940.0f,-9223372036854775808(don't care))  --> Return Value: -8.9E-322
(78660.0f,0.0f,-9223372036854775808(don't care))  --> Return Value: 78660.0
(78301.0f,0.0f,-9223372036854775808(don't care))  --> Return Value: 78301.0
(0.0f,77941.0f,-9223372036854775808(don't care))  --> Return Value: -8.84E-322
(0.0f,78300.0f,-9223372036854775808(don't care))  --> Return Value: -8.9E-322
",216.50652194023127
212,"public class ISVALIDCODEPOINT {
/**
	 * In <a href=""http://www.w3.org/TR/REC-xml/"">XML specification 1.0 </a>
	 * section 2.2 Character, the valid characters in XML should be limited to:
	 * 
	 * Any Unicode character, excluding the surrogate blocks, FFFE, and FFFF.
	 * 
	 * Char ::= #x9 | #xA | #xD | [#x20-#xD7FF] | [#xE000-#xFFFD] |
	 * [#x10000-#x10FFFF]
	 * 
	 */
	public static boolean isValidCodePoint( int ch )
	{
		if ( ch == 0x09 || ch == 0x0A || ch == 0x0D
				|| ( ch >= 0x20 && ch <= 0xD7FF )
				|| ( ch >= 0xE000 && ch <= 0xFFFD )
				|| ( ch >= 0x10000 && ch <= 0x10FFFF ) )
		{
			return true;
		}
		return false;
	}
}",10.0,5,41,8,76.0,Very Long (41+),Short (6-10),Very Long (41+) | Short (6-10),ISVALIDCODEPOINT,"Inputs: ch_1_SYMINT

(9)  --> Return Value: 1
(10)  --> Return Value: 1
(13)  --> Return Value: 1
(0)  --> Return Value: 0
(32)  --> Return Value: 1
(55296)  --> Return Value: 0
(57344)  --> Return Value: 1
(65534)  --> Return Value: 0
(65536)  --> Return Value: 1
(1114112)  --> Return Value: 0
",1.542506456375122
686,"public class ISVALIDCHARCODE {
/**
     * Returns <code>true</code> if the argument,
     * a Unicode code point, is valid in XML documents.
     * Unicode characters fit into the low sixteen bits of a Unicode code point,
     * and pairs of Unicode <em>surrogate characters</em> can be combined
     * to encode Unicode code point in documents containing only Unicode.
     * (The <code>char</code> datatype in the Java Programming Language
     * represents Unicode characters, including unpaired surrogates.)
     * <par>
     * [2] Char ::= #x0009 | #x000A | #x000D
     *            | [#x0020-#xD7FF]
     *            | [#xE000-#xFFFD]
     *            | [#x10000-#x10ffff]
     * </par>
     *
     * @param code  the 32-bit Unicode code point being tested
     * @return  <code>true</code> if the Unicode code point is valid,
     *          <code>false</code> otherwise
     */
    public static boolean isValidCharCode(int code) {
        return (0x0020 <= code && code <= 0xD7FF)
            || (0x000A == code)
            || (0x0009 == code)
            || (0x000D == code)
            || (0xE000 <= code && code <= 0xFFFD)
            || (0x10000 <= code && code <= 0x10ffff);
    }
}",9.0,14,78,6,550.0,Very Long (41+),Short (6-10),Very Long (41+) | Short (6-10),ISVALIDCHARCODE,"Inputs: code_1_SYMINT

(32)  --> Return Value: 1
(10)  --> Return Value: 1
(55296)  --> Return Value: 0
(9)  --> Return Value: 1
(57344)  --> Return Value: 1
(0)  --> Return Value: 0
(13)  --> Return Value: 1
(65534)  --> Return Value: 0
(65536)  --> Return Value: 1
(1114112)  --> Return Value: 0
",1.657644748687744
85,"public class FASTSUMWITHSTICKYBITBRANCHEDONLOW {
/**
     * Compute the sum of two numbers {@code a} and {@code b} using
     * Dekker's two-sum algorithm. The values are required to be ordered by magnitude
     * {@code |a| >= |b|}. The result is adjusted to set the lowest bit as a sticky
     * bit that summarises the magnitude of the round-off that were lost. The
     * result is not the correctly rounded result; it is intended the result is to
     * be used in an addition with a value with a greater magnitude exponent. This
     * addition will have exact round-to-nearest, ties-to-even rounding taking account
     * of bits lots in the previous sum.
     *
     * @param a First part of sum.
     * @param b Second part of sum.
     * @return <code>b - (sum - a)</code>
     * @see <a href=""http://www-2.cs.cmu.edu/afs/cs/project/quake/public/papers/robust-arithmetic.ps"">
     * Shewchuk (1997) Theorum 6</a>
     */
    public static double fastSumWithStickyBitBranchedOnLow(double a, double b) {
        final double sum = a + b;
        // bVirtual = sum - a
        // b - bVirtual == b round-off
        final double r = b - (sum - a);

        // In floating-point arithmetic the sticky bit is the bit-wise OR
        // of the rest of the binary bits that cannot be stored in the
        // preliminary representation of the result:
        //
        // sgn | exp | V | N | .............. | L | G | R | S
        //
        // sgn : sign bit
        // exp : exponent
        // V : overflow for significand field
        // N and L : most and least significant bits of the result
        // G and R : the two bits beyond
        // S : sticky bit, bitwise OR of all bits thereafter
        //
        // The sticky bit is a flag indicating if there is more magnitude beyond
        // the last bits.
        //
        // Here the round-off is signed so we have to consider the
        // sign of the sum and round-off together and either add the sticky or
        // remove it. The final bit is thus used to push up the next addition using
        // the sum to a higher value, or down to a lower value, when tie breaking for
        // the correct round-to-nearest, ties-to-even result.
        //
        // One extra consideration: sum is already rounded. Since we are using the
        // last bit to store a sticky bit then if the final bit is 1 then this was
        // not created by a ties-to-even rounding and is already a sticky bit.

        // Compute the sticky bit addition.
        // This is only done when r is non-zero:
        // sign sum   last bit sum    sign r    sticky
        // x          1               x         +0
        //
        // 1          0               1         +1
        // 1          0               0         -1
        // 0          0               1         -1
        // 0          0               0         +1
        //
        // Sign of sum and r is the sign-bit of sum or r

        // In the majority of cases there is some round-off.
        // Testing for non-zero allows the branch to assume the sticky bit magnitude
        // is 1 (unless the final bit of hi is already set).
        if (r != 0) {
            // Bits will be lost.
            final long hi = Double.doubleToRawLongBits(sum);
            final long lo = Double.doubleToRawLongBits(r);

            // Can only set a sticky bit if the bit is not already set.
            // Flip the bits and extract the lowest bit. This is 1 if
            // the sticky bit is not currently set. If already set then
            // 'sticky' is zero and the rest of this execution path has
            // no effect but we have eliminated the requirement to check the
            // 50/50 branch:
            // if ((hi & 0x1) == 0) {
            //    // set sticky ...
            // }
            int sticky = ~((int) hi) & 0x1;

            // The sign bit is created as + or - using the XOR of hi and lo.
            // Signed shift will create a flag: -1 to negate, else 0.
            final int fNegate = (int) ((hi ^ lo) >> 63);

            // Conditionally negate a value without branching:
            // http://graphics.stanford.edu/~seander/bithacks.html#ConditionalNegate
            // (Logic updated since fNegate is already negative.)
            // (1 ^  0) -  0 =  1 -  0 =  1
            // (0 ^  0) -  0 =  0 -  0 =  0
            // (1 ^ -1) - -1 = -2 - -1 = -1
            // (0 ^ -1) - -1 = -1 - -1 =  0
            sticky = (sticky ^ fNegate) - fNegate;

            return Double.longBitsToDouble(hi + sticky);
        }

        return sum;
    }
}",2.0,9,100,10,,Very Long (41+),Short (6-10),Very Long (41+) | Short (6-10),FASTSUMWITHSTICKYBITBRANCHEDONLOW,No path condition,1.4164328575134275
112,"public class D2 {
/**
     * Evaluate {@code (exp(x) - 1) / x} using {@link Math#expm1(double)}.
     * For {@code x} in the range {@code [-inf, inf]} returns
     * a result in {@code [0, inf]}.
     *
     * <ul>
     * <li>For {@code x=-inf} this returns {@code 0}.
     * <li>For {@code x=0} this returns {@code 1}.
     * <li>For {@code x=inf} this returns {@code inf}.
     * </ul>
     *
     * <p> This corrects {@code 0 / 0} and {@code inf / inf} division from
     * {@code NaN} to either {@code 1} or the upper bound respectively.
     *
     * @param x value to evaluate
     * @return {@code (exp(x) - 1) / x}.
     */
    public static double d2(double x) {
        // Here we use a conditional to detect both edge cases, which are then corrected.
        final double d2 = Math.expm1(x) / x;
        if (Double.isNaN(d2)) {
            // Correct edge cases.
            if (x == 0) {
                return 1.0;
            }
            // x must have been +infinite or NaN
            return x;
        }
        return d2;
    }
}",3.0,10,74,6,,Very Long (41+),Short (6-10),Very Long (41+) | Short (6-10),D2,No path condition,1.236684799194336
4,"public class MOD {
/**
     * Performs a modulus calculation on an unsigned long and a positive integer divisor.
     *
     * <p>This method computes the same result as {@link Long#remainderUnsigned(long, long)}
     * but assumes that the divisor is an integer in the range 1 to 2<sup>31</sup> - 1 inclusive,
     * that is a strictly positive integer size.
     *
     * <p><em>If the divisor is negative the behavior is not defined.</em></p>
     *
     * @param dividend an unsigned long value to calculate the modulus of.
     * @param divisor the divisor for the modulus calculation, must be strictly positive.
     * @return the remainder or modulus value.
     * @throws ArithmeticException if the divisor is zero
     * @see Long#remainderUnsigned(long, long)
     */
    public static int mod(final long dividend, final int divisor) {
        // See Hacker's Delight (2nd ed), section 9.3.
        // Assume divisor is positive.
        // Divide half the unsigned number and then double the quotient result.
        final long quotient = (dividend >>> 1) / divisor << 1;
        final long remainder = dividend - quotient * divisor;
        // remainder in [0, 2 * divisor)
        return (int) (remainder >= divisor ? remainder - divisor : remainder);
    }
}",1.0,5,57,3,,Very Long (41+),Very Short (2-5),Very Long (41+) | Very Short (2-5),MOD,"Inputs: dividend_1_SYMINT,divisor_2_SYMINT

demo.Distance.distance(-9223372036854775808(don't care),-9223372036854775808(don't care))  --> ""java.lang.ArithmeticException: long division by zero...""
",1.3250384330749512
121,"public class ZEROVARIANCE {
/**
     * Returns {@code true} if the second central moment {@code m2} is effectively
     * zero given the magnitude of the first raw moment {@code m1}.
     *
     * <p>This method shares the logic for detecting a zero variance among implementations
     * that divide by the variance (e.g. skewness, kurtosis).
     *
     * @param m1 First raw moment (mean).
     * @param m2 Second central moment (biased variance).
     * @return true if the variance is zero
     */
    static boolean zeroVariance(double m1, double m2) {
        // Note: Commons Math checks the variance is < 1e-19.
        // The absolute threshold does not account for the magnitude of the sample.
        // This checks the average squared deviation from the mean (m2)
        // is smaller than the squared precision of the mean (m1).
        // Precision is set to 15 decimal digits
        // (1e-15 ~ 4.5 eps where eps = 2^-52).
        final double meanPrecision = 1e-15 * m1;
        return m2 <= meanPrecision * meanPrecision;
    }
}",1.0,4,43,2,,Very Long (41+),Very Short (2-5),Very Long (41+) | Very Short (2-5),ZEROVARIANCE,"Inputs: m1_1_SYMREAL,m2_2_SYMREAL

(1.0,0.0)  --> Return Value: 1
(0.0,0.0)  --> Return Value: 0
",1.7242639064788818
344,"public class DOUBLETOSORTABLELONG {
/**
   * Converts a <code>double</code> value to a sortable signed <code>long</code>.
   * The value is converted by getting their IEEE 754 floating-point &quot;double format&quot;
   * bit layout and then some bits are swapped, to be able to compare the result as long.
   * By this the precision is not reduced, but the value can easily used as a long.
   * The sort order (including {@link Double#NaN}) is defined by
   * {@link Double#compareTo}; {@code NaN} is greater than positive infinity.
   * @see #sortableLongToDouble
   */
  public static long doubleToSortableLong(double val) {
    long f = Double.doubleToLongBits(val);
    if (f<0) f ^= 0x7fffffffffffffffL;
    return f;
  }
}",2.0,6,72,3,208.0,Very Long (41+),Very Short (2-5),Very Long (41+) | Very Short (2-5),DOUBLETOSORTABLELONG,No path condition,1.6235980987548828
186,"public class YTOTILEY {
/**
     * Converts a pixel's Y coordinate into a vertical tile index
     * relative to a given tile grid layout specified by its Y offset
     * and tile height.
     *
     * <p> If <code>tileHeight < 0</code>, the results of this method
     * are undefined.  If <code>tileHeight == 0</code>, an
     * <code>ArithmeticException</code> will be thrown.
     *
     * @throws ArithmeticException  If <code>tileHeight == 0</code>.
     */
    public static int YToTileY(int y, int tileGridYOffset, int tileHeight) {
        y -= tileGridYOffset;
        if (y < 0) {
            y += 1 - tileHeight;	 // force round to -infinity (ceiling)
        }
        return y/tileHeight;
    }
}",2.0,6,46,4,50.0,Very Long (41+),Very Short (2-5),Very Long (41+) | Very Short (2-5),YTOTILEY,"Inputs: y_1_SYMINT,tileGridYOffset_2_SYMINT,tileHeight_3_SYMINT

(-1,0,-1)  --> Return Value: -1
demo.Distance.distance(0,1,0)  --> ""java.lang.ArithmeticException: div by 0...""
(0,0,-1)  --> Return Value: 0
demo.Distance.distance(0,0,0)  --> ""java.lang.ArithmeticException: div by 0...""
",1.6460883617401123
541,"public class ZETASTATIC {
/**
	 * Compute the zeta constant needed for the distribution. Do this incrementally for a distribution that
	 * has n items now but used to have st items. Use the zipfian constant theta. Remember the new value of 
	 * n so that if we change the itemcount, we'll know to recompute zeta. 
	 * @param st The number of items used to compute the last initialsum
	 * @param n The number of items to compute zeta over.
	 * @param theta The zipfian constant.
     * @param initialsum The value of zeta we are computing incrementally from.
	 */
	static double zetastatic(long st, long n, double theta, double initialsum)
	{
		double sum=initialsum;
		for (long i=st; i<n; i++)
		{

			sum+=1/(Math.pow(i+1,theta));
		}
		
		//System.out.println(""countforzeta=""+countforzeta);
		
		return sum;
	}
}",2.0,3,48,4,405.0,Very Long (41+),Very Short (2-5),Very Long (41+) | Very Short (2-5),ZETASTATIC,"Inputs: st_1_SYMINT,n_2_SYMINT,theta_3_SYMREAL,initialsum_4_SYMREAL

(-1l,0l,-9223372036854775808(don't care),-9223372036854775808(don't care))  --> Return Value: 4.9E-324
(0l,0l,-9223372036854775808(don't care),-9223372036854775808(don't care))  --> Return Value: 4.9E-324
(0l,-1l,-9223372036854775808(don't care),-9223372036854775808(don't care))  --> Return Value: 4.9E-324
",1.76816987991333
94,"public class STAFFORD13 {
/**
     * Perform variant 13 of David Stafford's 64-bit mix function.
     * This is the mix function used in the
     * {@link org.apache.commons.rng.core.source64.SplitMix64 SplitMix64} RNG.
     *
     * <p>This is ranked first of the top 14 Stafford mixers.
     *
     * <p>This function can be used to mix the bits of a {@code long} value to
     * obtain a better distribution and avoid collisions between similar values.
     *
     * @param x the input value
     * @return the output value
     * @see <a href=""https://zimbry.blogspot.com/2011/09/better-bit-mixing-improving-on.html"">Better
     *      Bit Mixing - Improving on MurmurHash3&#39;s 64-bit Finalizer.</a>
     */
    public static long stafford13(long x) {
        x = (x ^ (x >>> 30)) * 0xbf58476d1ce4e5b9L;
        x = (x ^ (x >>> 27)) * 0x94d049bb133111ebL;
        return x ^ (x >>> 31);
    }
}",1.0,7,64,3,,Very Long (41+),Very Short (2-5),Very Long (41+) | Very Short (2-5),STAFFORD13,No path condition,1.6183037757873535
